Date	species	surfaceom_cover	surfaceom_wt	cover_green	cover_tot	residue_cover	phenology	gai	dai	lai	rtdep	stress_index	npp	growth	incorp_rate[1][1]	incorp_rate[1][2]	incorp_rate[1][3]	incorp_rate[1][4]	incorp_rate[1][5]	incorp_rate[1][6]	incorp_rate[1][7]	incorp_rate[1][8]	incorp_rate[1][9]	incorp_rate[1][10]	incorp_rate[1][11]	incorp_rate[1][12]	incorp_rate[2][1]	incorp_rate[2][2]	incorp_rate[2][3]	incorp_rate[2][4]	incorp_rate[2][5]	incorp_rate[2][6]	incorp_rate[2][7]	incorp_rate[2][8]	incorp_rate[2][9]	incorp_rate[2][10]	incorp_rate[2][11]	incorp_rate[2][12]	sw_dep[1]	sw_dep[2]	sw_dep[3]	sw_dep[4]	sw_dep[5]	sw_dep[6]	total_soil_water	sw_uptake[1]	sw_uptake[2]	sw_uptake[3]	sw_uptake[4]	sw_uptake[5]	sw_uptake[6]	glf_gai	glf_vpd	glf_sm	glf_tmp	glf_wl	glf_nitr	total_nh4	total_no3	total_n	nh4[1]	nh4[2]	nh4[3]	nh4[4]	nh4[5]	nh4[6]	no3[1]	no3[2]	no3[3]	no3[4]	no3[5]	no3[6]	uptake_nh4[1]	uptake_nh4[2]	uptake_nh4[3]	uptake_nh4[4]	uptake_nh4[5]	uptake_nh4[6]	uptake_no3[1]	uptake_no3[2]	uptake_no3[3]	uptake_no3[4]	uptake_no3[5]	uptake_no3[6]	height	farm.pasture01.ryegrass.green_n
		m^2/m^2	kg/ha	m^2/m^2	m^2/m^2	m^2/m^2	-	m^2/m^2	m^2/m^2	m^2/m^2	mm	-	kg/ha/d	kg/ha/d	kg/ha/d	kg/ha/d	kg/ha/d	kg/ha/d	kg/ha/d	kg/ha/d	kg/ha/d	kg/ha/d	kg/ha/d	kg/ha/d	kg/ha/d	kg/ha/d	kg/ha/d	kg/ha/d	kg/ha/d	kg/ha/d	kg/ha/d	kg/ha/d	kg/ha/d	kg/ha/d	kg/ha/d	kg/ha/d	kg/ha/d	kg/ha/d	mm	mm	mm	mm	mm	mm	mm	mm	mm	mm	mm	mm	mm	-	-	-	-	-	-	kg/ha	kg/ha	kg/ha	kg/ha	kg/ha	kg/ha	kg/ha	kg/ha	kg/ha	kg/ha	kg/ha	kg/ha	kg/ha	kg/ha	kg/ha	kg/ha/d	kg/ha/d	kg/ha/d	kg/ha/d	kg/ha/d	kg/ha/d	kg/ha/d	kg/ha/d	kg/ha/d	kg/ha/d	kg/ha/d	kg/ha/d	mm	g/g
1990-08-01	Perennial Ryegrass	0.00	0.00	0.00	0.00	0.00	0.00	0	0	0.00	0.00	0.00	0.00	0.00	0.00	0.00	0.00	0.00	0.00	0.00	0.00	0.00	0.00	0.00	0.00	0.00	0.00	0.00	0.00	0.00	0.00	0.00	0.00	0.00	0.00	0.00	0.00	0.00	20.8	20.8	20.7	34.8	54.1	58.0	209.27	0.000	0.000	0.000	0.000	0.000	0.000	0.0000	0.0000	0.0000	0.0000	0.0000	0.0000	0.00	70.04	70.04	0.00	0.00	0.00	0.00	0.00	0.00	32.12	17.91	6.67	4.48	4.37	4.50	0.0000	0.0000	0.0000	0.0000	0.0000	0.0000	0.0000	0.0000	0.0000	0.0000	0.0000	0.0000	0.00	0.00
1990-08-02	Perennial Ryegrass	0.00	0.00	0.00	0.00	0.00	0.00	0	0	0.00	0.00	0.00	0.00	0.00	0.00	0.00	0.00	0.00	0.00	0.00	0.00	0.00	0.00	0.00	0.00	0.00	0.00	0.00	0.00	0.00	0.00	0.00	0.00	0.00	0.00	0.00	0.00	0.00	24.8	23.7	22.3	35.6	54.5	58.2	219.18	0.000	0.000	0.000	0.000	0.000	0.000	0.0000	0.0000	0.0000	0.0000	0.0000	0.0000	0.00	69.90	69.90	0.00	0.00	0.00	0.00	0.00	0.00	25.98	21.13	8.85	4.98	4.44	4.52	0.0000	0.0000	0.0000	0.0000	0.0000	0.0000	0.0000	0.0000	0.0000	0.0000	0.0000	0.0000	0.00	0.00
1990-08-03	Perennial Ryegrass	0.00	0.00	0.00	0.00	0.00	0.00	0	0	0.00	0.00	0.00	0.00	0.00	0.00	0.00	0.00	0.00	0.00	0.00	0.00	0.00	0.00	0.00	0.00	0.00	0.00	0.00	0.00	0.00	0.00	0.00	0.00	0.00	0.00	0.00	0.00	0.00	20.3	23.8	23.3	36.5	55.1	58.6	217.45	0.000	0.000	0.000	0.000	0.000	0.000	0.0000	0.0000	0.0000	0.0000	0.0000	0.0000	0.00	69.72	69.72	0.00	0.00	0.00	0.00	0.00	0.00	22.60	21.53	10.69	5.77	4.58	4.55	0.0000	0.0000	0.0000	0.0000	0.0000	0.0000	0.0000	0.0000	0.0000	0.0000	0.0000	0.0000	0.00	0.00
1990-08-04	Perennial Ryegrass	0.00	0.00	0.00	0.00	0.00	0.00	0	0	0.00	0.00	0.00	0.00	0.00	0.00	0.00	0.00	0.00	0.00	0.00	0.00	0.00	0.00	0.00	0.00	0.00	0.00	0.00	0.00	0.00	0.00	0.00	0.00	0.00	0.00	0.00	0.00	0.00	20.8	24.0	24.0	37.3	55.8	59.1	220.90	0.000	0.000	0.000	0.000	0.000	0.000	0.0000	0.0000	0.0000	0.0000	0.0000	0.0000	0.00	69.45	69.45	0.00	0.00	0.00	0.00	0.00	0.00	19.41	21.57	12.30	6.78	4.81	4.59	0.0000	0.0000	0.0000	0.0000	0.0000	0.0000	0.0000	0.0000	0.0000	0.0000	0.0000	0.0000	0.00	0.00
1990-08-05	Perennial Ryegrass	0.00	0.00	0.00	0.00	0.00	0.00	0	0	0.00	0.00	0.00	0.00	0.00	0.00	0.00	0.00	0.00	0.00	0.00	0.00	0.00	0.00	0.00	0.00	0.00	0.00	0.00	0.00	0.00	0.00	0.00	0.00	0.00	0.00	0.00	0.00	0.00	21.2	24.2	24.5	38.0	56.4	59.6	223.89	0.000	0.000	0.000	0.000	0.000	0.000	0.0000	0.0000	0.0000	0.0000	0.0000	0.0000	0.00	69.09	69.09	0.00	0.00	0.00	0.00	0.00	0.00	16.58	21.16	13.63	7.93	5.13	4.65	0.0000	0.0000	0.0000	0.0000	0.0000	0.0000	0.0000	0.0000	0.0000	0.0000	0.0000	0.0000	0.00	0.00
1990-08-06	Perennial Ryegrass	0.00	0.00	0.00	0.00	0.00	0.00	0	0	0.00	0.00	0.00	0.00	0.00	0.00	0.00	0.00	0.00	0.00	0.00	0.00	0.00	0.00	0.00	0.00	0.00	0.00	0.00	0.00	0.00	0.00	0.00	0.00	0.00	0.00	0.00	0.00	0.00	18.3	23.2	24.4	38.3	57.0	60.2	221.36	0.000	0.000	0.000	0.000	0.000	0.000	0.0000	0.0000	0.0000	0.0000	0.0000	0.0000	0.00	68.72	68.72	0.00	0.00	0.00	0.00	0.00	0.00	15.16	20.01	14.28	9.02	5.53	4.72	0.0000	0.0000	0.0000	0.0000	0.0000	0.0000	0.0000	0.0000	0.0000	0.0000	0.0000	0.0000	0.00	0.00
1990-08-07	Perennial Ryegrass	0.00	0.00	0.00	0.00	0.00	0.00	0	0	0.00	0.00	0.00	0.00	0.00	0.00	0.00	0.00	0.00	0.00	0.00	0.00	0.00	0.00	0.00	0.00	0.00	0.00	0.00	0.00	0.00	0.00	0.00	0.00	0.00	0.00	0.00	0.00	0.00	16.9	21.1	23.8	38.3	57.3	60.6	218.07	0.000	0.000	0.000	0.000	0.000	0.000	0.0000	0.0000	0.0000	0.0000	0.0000	0.0000	0.00	68.35	68.35	0.00	0.00	0.00	0.00	0.00	0.00	15.25	18.17	14.34	9.85	5.94	4.80	0.0000	0.0000	0.0000	0.0000	0.0000	0.0000	0.0000	0.0000	0.0000	0.0000	0.0000	0.0000	0.00	0.00
1990-08-08	Perennial Ryegrass	0.00	0.00	0.00	0.00	0.00	0.00	0	0	0.00	0.00	0.00	0.00	0.00	0.00	0.00	0.00	0.00	0.00	0.00	0.00	0.00	0.00	0.00	0.00	0.00	0.00	0.00	0.00	0.00	0.00	0.00	0.00	0.00	0.00	0.00	0.00	0.00	16.5	19.9	22.8	37.9	57.3	60.9	215.32	0.000	0.000	0.000	0.000	0.000	0.000	0.0000	0.0000	0.0000	0.0000	0.0000	0.0000	0.00	68.02	68.02	0.00	0.00	0.00	0.00	0.00	0.00	15.53	17.06	13.91	10.34	6.30	4.89	0.0000	0.0000	0.0000	0.0000	0.0000	0.0000	0.0000	0.0000	0.0000	0.0000	0.0000	0.0000	0.00	0.00
1990-08-09	Perennial Ryegrass	0.00	0.00	0.00	0.00	0.00	0.00	0	0	0.00	0.00	0.00	0.00	0.00	0.00	0.00	0.00	0.00	0.00	0.00	0.00	0.00	0.00	0.00	0.00	0.00	0.00	0.00	0.00	0.00	0.00	0.00	0.00	0.00	0.00	0.00	0.00	0.00	16.3	19.6	22.0	37.3	57.1	61.0	213.39	0.000	0.000	0.000	0.000	0.000	0.000	0.0000	0.0000	0.0000	0.0000	0.0000	0.0000	0.00	67.70	67.70	0.00	0.00	0.00	0.00	0.00	0.00	15.26	16.73	13.56	10.61	6.58	4.96	0.0000	0.0000	0.0000	0.0000	0.0000	0.0000	0.0000	0.0000	0.0000	0.0000	0.0000	0.0000	0.00	0.00
1990-08-10	Perennial Ryegrass	0.00	0.00	0.00	0.00	0.00	0.00	0	0	0.00	0.00	0.00	0.00	0.00	0.00	0.00	0.00	0.00	0.00	0.00	0.00	0.00	0.00	0.00	0.00	0.00	0.00	0.00	0.00	0.00	0.00	0.00	0.00	0.00	0.00	0.00	0.00	0.00	15.9	19.1	21.4	36.7	56.8	60.9	210.75	0.000	0.000	0.000	0.000	0.000	0.000	0.0000	0.0000	0.0000	0.0000	0.0000	0.0000	0.00	67.40	67.40	0.00	0.00	0.00	0.00	0.00	0.00	15.44	16.27	13.17	10.71	6.79	5.01	0.0000	0.0000	0.0000	0.0000	0.0000	0.0000	0.0000	0.0000	0.0000	0.0000	0.0000	0.0000	0.00	0.00
1990-08-11	Perennial Ryegrass	0.00	0.00	0.00	0.00	0.00	0.00	0	0	0.00	0.00	0.00	0.00	0.00	0.00	0.00	0.00	0.00	0.00	0.00	0.00	0.00	0.00	0.00	0.00	0.00	0.00	0.00	0.00	0.00	0.00	0.00	0.00	0.00	0.00	0.00	0.00	0.00	15.6	18.8	20.8	36.2	56.3	60.7	208.42	0.000	0.000	0.000	0.000	0.000	0.000	0.0000	0.0000	0.0000	0.0000	0.0000	0.0000	0.00	67.12	67.12	0.00	0.00	0.00	0.00	0.00	0.00	15.60	16.01	12.83	10.70	6.92	5.05	0.0000	0.0000	0.0000	0.0000	0.0000	0.0000	0.0000	0.0000	0.0000	0.0000	0.0000	0.0000	0.00	0.00
1990-08-12	Perennial Ryegrass	0.00	0.00	0.00	0.00	0.00	0.00	0	0	0.00	0.00	0.00	0.00	0.00	0.00	0.00	0.00	0.00	0.00	0.00	0.00	0.00	0.00	0.00	0.00	0.00	0.00	0.00	0.00	0.00	0.00	0.00	0.00	0.00	0.00	0.00	0.00	0.00	15.8	18.9	20.6	35.7	55.9	60.4	207.29	0.000	0.000	0.000	0.000	0.000	0.000	0.0000	0.0000	0.0000	0.0000	0.0000	0.0000	0.00	66.86	66.86	0.00	0.00	0.00	0.00	0.00	0.00	15.44	16.04	12.65	10.67	7.00	5.07	0.0000	0.0000	0.0000	0.0000	0.0000	0.0000	0.0000	0.0000	0.0000	0.0000	0.0000	0.0000	0.00	0.00
1990-08-13	Perennial Ryegrass	0.00	0.00	0.00	0.00	0.00	0.00	0	0	0.00	0.00	0.00	0.00	0.00	0.00	0.00	0.00	0.00	0.00	0.00	0.00	0.00	0.00	0.00	0.00	0.00	0.00	0.00	0.00	0.00	0.00	0.00	0.00	0.00	0.00	0.00	0.00	0.00	15.5	18.8	20.2	35.4	55.5	60.0	205.39	0.000	0.000	0.000	0.000	0.000	0.000	0.0000	0.0000	0.0000	0.0000	0.0000	0.0000	0.00	66.63	66.63	0.00	0.00	0.00	0.00	0.00	0.00	15.59	15.89	12.43	10.61	7.04	5.08	0.0000	0.0000	0.0000	0.0000	0.0000	0.0000	0.0000	0.0000	0.0000	0.0000	0.0000	0.0000	0.00	0.00
1990-08-14	Perennial Ryegrass	0.00	0.00	0.00	0.00	0.00	0.00	0	0	0.00	0.00	0.00	0.00	0.00	0.00	0.00	0.00	0.00	0.00	0.00	0.00	0.00	0.00	0.00	0.00	0.00	0.00	0.00	0.00	0.00	0.00	0.00	0.00	0.00	0.00	0.00	0.00	0.00	15.3	18.7	20.0	35.1	55.1	59.7	203.82	0.000	0.000	0.000	0.000	0.000	0.000	0.0000	0.0000	0.0000	0.0000	0.0000	0.0000	0.00	66.41	66.41	0.00	0.00	0.00	0.00	0.00	0.00	15.73	15.74	12.29	10.53	7.05	5.07	0.0000	0.0000	0.0000	0.0000	0.0000	0.0000	0.0000	0.0000	0.0000	0.0000	0.0000	0.0000	0.00	0.00
1990-08-15	Perennial Ryegrass	0.00	0.00	0.00	0.00	0.00	0.00	0	0	0.00	0.00	0.00	0.00	0.00	0.00	0.00	0.00	0.00	0.00	0.00	0.00	0.00	0.00	0.00	0.00	0.00	0.00	0.00	0.00	0.00	0.00	0.00	0.00	0.00	0.00	0.00	0.00	0.00	15.7	18.6	19.9	34.9	54.8	59.3	203.22	0.000	0.000	0.000	0.000	0.000	0.000	0.0000	0.0000	0.0000	0.0000	0.0000	0.0000	0.00	66.22	66.22	0.00	0.00	0.00	0.00	0.00	0.00	15.85	15.60	12.20	10.46	7.04	5.06	0.0000	0.0000	0.0000	0.0000	0.0000	0.0000	0.0000	0.0000	0.0000	0.0000	0.0000	0.0000	0.00	0.00
1990-08-16	Perennial Ryegrass	0.00	0.00	0.00	0.00	0.00	0.00	0	0	0.00	0.00	0.00	0.00	0.00	0.00	0.00	0.00	0.00	0.00	0.00	0.00	0.00	0.00	0.00	0.00	0.00	0.00	0.00	0.00	0.00	0.00	0.00	0.00	0.00	0.00	0.00	0.00	0.00	15.2	18.5	20.0	34.6	54.6	59.0	201.84	0.000	0.000	0.000	0.000	0.000	0.000	0.0000	0.0000	0.0000	0.0000	0.0000	0.0000	0.00	66.03	66.03	0.00	0.00	0.00	0.00	0.00	0.00	15.97	15.46	12.17	10.35	7.03	5.05	0.0000	0.0000	0.0000	0.0000	0.0000	0.0000	0.0000	0.0000	0.0000	0.0000	0.0000	0.0000	0.00	0.00
1990-08-17	Perennial Ryegrass	0.00	0.00	0.00	0.00	0.00	0.00	0	0	0.00	0.00	0.00	0.00	0.00	0.00	0.00	0.00	0.00	0.00	0.00	0.00	0.00	0.00	0.00	0.00	0.00	0.00	0.00	0.00	0.00	0.00	0.00	0.00	0.00	0.00	0.00	0.00	0.00	15.0	18.4	19.9	34.5	54.4	58.8	200.96	0.000	0.000	0.000	0.000	0.000	0.000	0.0000	0.0000	0.0000	0.0000	0.0000	0.0000	0.00	65.87	65.87	0.00	0.00	0.00	0.00	0.00	0.00	16.09	15.33	12.08	10.33	7.00	5.04	0.0000	0.0000	0.0000	0.0000	0.0000	0.0000	0.0000	0.0000	0.0000	0.0000	0.0000	0.0000	0.00	0.00
1990-08-18	Perennial Ryegrass	0.00	0.00	0.00	0.00	0.00	0.00	0	0	0.00	0.00	0.00	0.00	0.00	0.00	0.00	0.00	0.00	0.00	0.00	0.00	0.00	0.00	0.00	0.00	0.00	0.00	0.00	0.00	0.00	0.00	0.00	0.00	0.00	0.00	0.00	0.00	0.00	14.9	18.3	20.0	34.3	54.2	58.5	200.24	0.000	0.000	0.000	0.000	0.000	0.000	0.0000	0.0000	0.0000	0.0000	0.0000	0.0000	0.00	65.71	65.71	0.00	0.00	0.00	0.00	0.00	0.00	16.21	15.20	12.06	10.25	6.98	5.02	0.0000	0.0000	0.0000	0.0000	0.0000	0.0000	0.0000	0.0000	0.0000	0.0000	0.0000	0.0000	0.00	0.00
1990-08-19	Perennial Ryegrass	0.00	0.00	0.00	0.00	0.00	0.00	0	0	0.00	0.00	0.00	0.00	0.00	0.00	0.00	0.00	0.00	0.00	0.00	0.00	0.00	0.00	0.00	0.00	0.00	0.00	0.00	0.00	0.00	0.00	0.00	0.00	0.00	0.00	0.00	0.00	0.00	15.0	18.3	20.0	34.5	53.9	58.4	199.97	0.000	0.000	0.000	0.000	0.000	0.000	0.0000	0.0000	0.0000	0.0000	0.0000	0.0000	0.00	65.57	65.57	0.00	0.00	0.00	0.00	0.00	0.00	16.26	15.13	12.00	10.24	6.92	5.01	0.0000	0.0000	0.0000	0.0000	0.0000	0.0000	0.0000	0.0000	0.0000	0.0000	0.0000	0.0000	0.00	0.00
1990-08-20	Perennial Ryegrass	0.00	0.00	0.00	0.00	0.00	0.00	0	0	0.00	0.00	0.00	0.00	0.00	0.00	0.00	0.00	0.00	0.00	0.00	0.00	0.00	0.00	0.00	0.00	0.00	0.00	0.00	0.00	0.00	0.00	0.00	0.00	0.00	0.00	0.00	0.00	0.00	15.8	18.2	19.9	34.5	54.0	58.1	200.51	0.000	0.000	0.000	0.000	0.000	0.000	0.0000	0.0000	0.0000	0.0000	0.0000	0.0000	0.00	65.44	65.44	0.00	0.00	0.00	0.00	0.00	0.00	16.35	15.04	11.91	10.23	6.93	4.98	0.0000	0.0000	0.0000	0.0000	0.0000	0.0000	0.0000	0.0000	0.0000	0.0000	0.0000	0.0000	0.00	0.00
1990-08-21	Perennial Ryegrass	0.00	0.00	0.00	0.00	0.00	0.00	0	0	0.00	0.00	0.00	0.00	0.00	0.00	0.00	0.00	0.00	0.00	0.00	0.00	0.00	0.00	0.00	0.00	0.00	0.00	0.00	0.00	0.00	0.00	0.00	0.00	0.00	0.00	0.00	0.00	0.00	14.9	18.2	20.0	34.5	53.9	58.0	199.44	0.000	0.000	0.000	0.000	0.000	0.000	0.0000	0.0000	0.0000	0.0000	0.0000	0.0000	0.00	65.32	65.32	0.00	0.00	0.00	0.00	0.00	0.00	16.45	14.93	11.89	10.18	6.91	4.97	0.0000	0.0000	0.0000	0.0000	0.0000	0.0000	0.0000	0.0000	0.0000	0.0000	0.0000	0.0000	0.00	0.00
1990-08-22	Perennial Ryegrass	0.00	0.00	0.00	0.00	0.00	0.00	0	0	0.00	0.00	0.00	0.00	0.00	0.00	0.00	0.00	0.00	0.00	0.00	0.00	0.00	0.00	0.00	0.00	0.00	0.00	0.00	0.00	0.00	0.00	0.00	0.00	0.00	0.00	0.00	0.00	0.00	14.8	18.1	19.9	34.5	54.0	57.9	199.12	0.000	0.000	0.000	0.000	0.000	0.000	0.0000	0.0000	0.0000	0.0000	0.0000	0.0000	0.00	65.21	65.21	0.00	0.00	0.00	0.00	0.00	0.00	16.55	14.82	11.80	10.16	6.91	4.96	0.0000	0.0000	0.0000	0.0000	0.0000	0.0000	0.0000	0.0000	0.0000	0.0000	0.0000	0.0000	0.00	0.00
1990-08-23	Perennial Ryegrass	0.00	0.00	0.00	0.00	0.00	0.00	0	0	0.00	0.00	0.00	0.00	0.00	0.00	0.00	0.00	0.00	0.00	0.00	0.00	0.00	0.00	0.00	0.00	0.00	0.00	0.00	0.00	0.00	0.00	0.00	0.00	0.00	0.00	0.00	0.00	0.00	14.6	18.0	20.0	34.5	53.9	57.8	198.81	0.000	0.000	0.000	0.000	0.000	0.000	0.0000	0.0000	0.0000	0.0000	0.0000	0.0000	0.00	65.10	65.10	0.00	0.00	0.00	0.00	0.00	0.00	16.65	14.72	11.78	10.12	6.89	4.95	0.0000	0.0000	0.0000	0.0000	0.0000	0.0000	0.0000	0.0000	0.0000	0.0000	0.0000	0.0000	0.00	0.00
1990-08-24	Perennial Ryegrass	0.00	0.00	0.00	0.00	0.00	0.00	0	0	0.00	0.00	0.00	0.00	0.00	0.00	0.00	0.00	0.00	0.00	0.00	0.00	0.00	0.00	0.00	0.00	0.00	0.00	0.00	0.00	0.00	0.00	0.00	0.00	0.00	0.00	0.00	0.00	0.00	14.5	18.0	19.9	34.5	54.0	57.7	198.52	0.000	0.000	0.000	0.000	0.000	0.000	0.0000	0.0000	0.0000	0.0000	0.0000	0.0000	0.00	64.99	64.99	0.00	0.00	0.00	0.00	0.00	0.00	16.75	14.62	11.69	10.10	6.89	4.94	0.0000	0.0000	0.0000	0.0000	0.0000	0.0000	0.0000	0.0000	0.0000	0.0000	0.0000	0.0000	0.00	0.00
1990-08-25	Perennial Ryegrass	0.00	0.00	0.00	0.00	0.00	0.00	0	0	0.00	0.00	0.00	0.00	0.00	0.00	0.00	0.00	0.00	0.00	0.00	0.00	0.00	0.00	0.00	0.00	0.00	0.00	0.00	0.00	0.00	0.00	0.00	0.00	0.00	0.00	0.00	0.00	0.00	14.4	17.9	20.0	34.5	53.8	57.6	198.24	0.000	0.000	0.000	0.000	0.000	0.000	0.0000	0.0000	0.0000	0.0000	0.0000	0.0000	0.00	64.88	64.88	0.00	0.00	0.00	0.00	0.00	0.00	16.85	14.52	11.67	10.05	6.86	4.93	0.0000	0.0000	0.0000	0.0000	0.0000	0.0000	0.0000	0.0000	0.0000	0.0000	0.0000	0.0000	0.00	0.00
1990-08-26	Perennial Ryegrass	0.00	0.00	0.00	0.00	0.00	0.00	0	0	0.00	0.00	0.00	0.00	0.00	0.00	0.00	0.00	0.00	0.00	0.00	0.00	0.00	0.00	0.00	0.00	0.00	0.00	0.00	0.00	0.00	0.00	0.00	0.00	0.00	0.00	0.00	0.00	0.00	14.3	17.9	19.9	34.5	53.9	57.5	197.97	0.000	0.000	0.000	0.000	0.000	0.000	0.0000	0.0000	0.0000	0.0000	0.0000	0.0000	0.00	64.79	64.79	0.00	0.00	0.00	0.00	0.00	0.00	16.95	14.44	11.58	10.04	6.87	4.92	0.0000	0.0000	0.0000	0.0000	0.0000	0.0000	0.0000	0.0000	0.0000	0.0000	0.0000	0.0000	0.00	0.00
1990-08-27	Perennial Ryegrass	0.00	0.00	0.00	0.00	0.00	0.00	0	0	0.00	0.00	0.00	0.00	0.00	0.00	0.00	0.00	0.00	0.00	0.00	0.00	0.00	0.00	0.00	0.00	0.00	0.00	0.00	0.00	0.00	0.00	0.00	0.00	0.00	0.00	0.00	0.00	0.00	14.2	17.9	20.0	34.5	53.8	57.4	197.72	0.000	0.000	0.000	0.000	0.000	0.000	0.0000	0.0000	0.0000	0.0000	0.0000	0.0000	0.00	64.68	64.68	0.00	0.00	0.00	0.00	0.00	0.00	17.04	14.34	11.56	9.99	6.84	4.91	0.0000	0.0000	0.0000	0.0000	0.0000	0.0000	0.0000	0.0000	0.0000	0.0000	0.0000	0.0000	0.00	0.00
1990-08-28	Perennial Ryegrass	0.00	0.00	0.00	0.00	0.00	0.00	0	0	0.00	0.00	0.00	0.00	0.00	0.00	0.00	0.00	0.00	0.00	0.00	0.00	0.00	0.00	0.00	0.00	0.00	0.00	0.00	0.00	0.00	0.00	0.00	0.00	0.00	0.00	0.00	0.00	0.00	14.1	17.8	19.9	34.5	53.8	57.3	197.46	0.000	0.000	0.000	0.000	0.000	0.000	0.0000	0.0000	0.0000	0.0000	0.0000	0.0000	0.00	64.57	64.57	0.00	0.00	0.00	0.00	0.00	0.00	17.13	14.26	11.46	9.97	6.84	4.90	0.0000	0.0000	0.0000	0.0000	0.0000	0.0000	0.0000	0.0000	0.0000	0.0000	0.0000	0.0000	0.00	0.00
1990-08-29	Perennial Ryegrass	0.00	0.00	0.00	0.00	0.00	0.00	0	0	0.00	0.00	0.00	0.00	0.00	0.00	0.00	0.00	0.00	0.00	0.00	0.00	0.00	0.00	0.00	0.00	0.00	0.00	0.00	0.00	0.00	0.00	0.00	0.00	0.00	0.00	0.00	0.00	0.00	14.0	17.8	20.0	34.5	53.7	57.2	197.22	0.000	0.000	0.000	0.000	0.000	0.000	0.0000	0.0000	0.0000	0.0000	0.0000	0.0000	0.00	64.46	64.46	0.00	0.00	0.00	0.00	0.00	0.00	17.22	14.17	11.44	9.92	6.81	4.89	0.0000	0.0000	0.0000	0.0000	0.0000	0.0000	0.0000	0.0000	0.0000	0.0000	0.0000	0.0000	0.00	0.00
1990-08-30	Perennial Ryegrass	0.00	0.00	0.00	0.00	0.00	0.00	0	0	0.00	0.00	0.00	0.00	0.00	0.00	0.00	0.00	0.00	0.00	0.00	0.00	0.00	0.00	0.00	0.00	0.00	0.00	0.00	0.00	0.00	0.00	0.00	0.00	0.00	0.00	0.00	0.00	0.00	13.9	17.8	19.9	34.5	53.8	57.2	196.98	0.000	0.000	0.000	0.000	0.000	0.000	0.0000	0.0000	0.0000	0.0000	0.0000	0.0000	0.00	64.33	64.33	0.00	0.00	0.00	0.00	0.00	0.00	17.30	14.08	11.34	9.91	6.82	4.89	0.0000	0.0000	0.0000	0.0000	0.0000	0.0000	0.0000	0.0000	0.0000	0.0000	0.0000	0.0000	0.00	0.00
1990-08-31	Perennial Ryegrass	0.00	0.00	0.00	0.00	0.00	0.00	0	0	0.00	0.00	0.00	0.00	0.00	0.00	0.00	0.00	0.00	0.00	0.00	0.00	0.00	0.00	0.00	0.00	0.00	0.00	0.00	0.00	0.00	0.00	0.00	0.00	0.00	0.00	0.00	0.00	0.00	17.2	18.9	20.0	34.5	53.7	57.1	201.30	0.000	0.000	0.000	0.000	0.000	0.000	0.0000	0.0000	0.0000	0.0000	0.0000	0.0000	0.00	64.19	64.19	0.00	0.00	0.00	0.00	0.00	0.00	16.34	14.99	11.33	9.86	6.79	4.88	0.0000	0.0000	0.0000	0.0000	0.0000	0.0000	0.0000	0.0000	0.0000	0.0000	0.0000	0.0000	0.00	0.00
1990-09-01	Perennial Ryegrass	0.00	0.00	0.00	0.00	0.00	0.00	0	0	0.00	0.00	0.00	0.00	0.00	0.00	0.00	0.00	0.00	0.00	0.00	0.00	0.00	0.00	0.00	0.00	0.00	0.00	0.00	0.00	0.00	0.00	0.00	0.00	0.00	0.00	0.00	0.00	0.00	16.3	18.8	19.9	34.5	53.7	57.0	200.29	0.000	0.000	0.000	0.000	0.000	0.000	0.0000	0.0000	0.0000	0.0000	0.0000	0.0000	0.00	64.04	64.04	0.00	0.00	0.00	0.00	0.00	0.00	16.37	14.91	11.26	9.84	6.79	4.87	0.0000	0.0000	0.0000	0.0000	0.0000	0.0000	0.0000	0.0000	0.0000	0.0000	0.0000	0.0000	0.00	0.00
1990-09-02	Perennial Ryegrass	0.00	0.00	0.00	0.00	0.00	0.00	0	0	0.00	0.00	0.00	0.00	0.00	0.00	0.00	0.00	0.00	0.00	0.00	0.00	0.00	0.00	0.00	0.00	0.00	0.00	0.00	0.00	0.00	0.00	0.00	0.00	0.00	0.00	0.00	0.00	0.00	15.8	18.9	20.0	34.5	53.8	56.9	199.92	0.000	0.000	0.000	0.000	0.000	0.000	0.0000	0.0000	0.0000	0.0000	0.0000	0.0000	0.00	63.90	63.90	0.00	0.00	0.00	0.00	0.00	0.00	16.15	14.97	11.30	9.83	6.79	4.86	0.0000	0.0000	0.0000	0.0000	0.0000	0.0000	0.0000	0.0000	0.0000	0.0000	0.0000	0.0000	0.00	0.00
1990-09-03	Perennial Ryegrass	0.00	0.00	0.00	0.00	0.00	0.00	0	0	0.00	0.00	0.00	0.00	0.00	0.00	0.00	0.00	0.00	0.00	0.00	0.00	0.00	0.00	0.00	0.00	0.00	0.00	0.00	0.00	0.00	0.00	0.00	0.00	0.00	0.00	0.00	0.00	0.00	15.6	18.9	20.1	34.5	53.9	56.9	199.88	0.000	0.000	0.000	0.000	0.000	0.000	0.0000	0.0000	0.0000	0.0000	0.0000	0.0000	0.00	63.76	63.76	0.00	0.00	0.00	0.00	0.00	0.00	15.96	14.99	11.33	9.83	6.80	4.85	0.0000	0.0000	0.0000	0.0000	0.0000	0.0000	0.0000	0.0000	0.0000	0.0000	0.0000	0.0000	0.00	0.00
1990-09-04	Perennial Ryegrass	0.00	0.00	0.00	0.00	0.00	0.00	0	0	0.00	0.00	0.00	0.00	0.00	0.00	0.00	0.00	0.00	0.00	0.00	0.00	0.00	0.00	0.00	0.00	0.00	0.00	0.00	0.00	0.00	0.00	0.00	0.00	0.00	0.00	0.00	0.00	0.00	15.5	18.8	20.0	34.5	54.0	56.8	199.54	0.000	0.000	0.000	0.000	0.000	0.000	0.0000	0.0000	0.0000	0.0000	0.0000	0.0000	0.00	63.64	63.64	0.00	0.00	0.00	0.00	0.00	0.00	16.09	14.82	11.24	9.83	6.81	4.85	0.0000	0.0000	0.0000	0.0000	0.0000	0.0000	0.0000	0.0000	0.0000	0.0000	0.0000	0.0000	0.00	0.00
1990-09-05	Perennial Ryegrass	0.00	0.00	0.00	0.00	0.00	0.00	0	0	0.00	0.00	0.00	0.00	0.00	0.00	0.00	0.00	0.00	0.00	0.00	0.00	0.00	0.00	0.00	0.00	0.00	0.00	0.00	0.00	0.00	0.00	0.00	0.00	0.00	0.00	0.00	0.00	0.00	15.4	18.7	20.0	34.5	54.0	56.8	199.22	0.000	0.000	0.000	0.000	0.000	0.000	0.0000	0.0000	0.0000	0.0000	0.0000	0.0000	0.00	63.52	63.52	0.00	0.00	0.00	0.00	0.00	0.00	16.22	14.66	11.21	9.78	6.80	4.84	0.0000	0.0000	0.0000	0.0000	0.0000	0.0000	0.0000	0.0000	0.0000	0.0000	0.0000	0.0000	0.00	0.00
1990-09-06	Perennial Ryegrass	0.00	0.00	0.00	0.00	0.00	0.00	0	0	0.00	0.00	0.00	0.00	0.00	0.00	0.00	0.00	0.00	0.00	0.00	0.00	0.00	0.00	0.00	0.00	0.00	0.00	0.00	0.00	0.00	0.00	0.00	0.00	0.00	0.00	0.00	0.00	0.00	15.2	18.5	19.9	34.5	54.0	56.7	198.91	0.000	0.000	0.000	0.000	0.000	0.000	0.0000	0.0000	0.0000	0.0000	0.0000	0.0000	0.00	63.40	63.40	0.00	0.00	0.00	0.00	0.00	0.00	16.34	14.52	11.13	9.77	6.80	4.84	0.0000	0.0000	0.0000	0.0000	0.0000	0.0000	0.0000	0.0000	0.0000	0.0000	0.0000	0.0000	0.00	0.00
1990-09-07	Perennial Ryegrass	0.00	0.00	0.00	0.00	0.00	0.00	0	0	0.00	0.00	0.00	0.00	0.00	0.00	0.00	0.00	0.00	0.00	0.00	0.00	0.00	0.00	0.00	0.00	0.00	0.00	0.00	0.00	0.00	0.00	0.00	0.00	0.00	0.00	0.00	0.00	0.00	15.1	18.4	20.0	34.3	54.0	56.7	198.61	0.000	0.000	0.000	0.000	0.000	0.000	0.0000	0.0000	0.0000	0.0000	0.0000	0.0000	0.00	63.28	63.28	0.00	0.00	0.00	0.00	0.00	0.00	16.46	14.38	11.11	9.70	6.79	4.84	0.0000	0.0000	0.0000	0.0000	0.0000	0.0000	0.0000	0.0000	0.0000	0.0000	0.0000	0.0000	0.00	0.00
1990-09-08	Perennial Ryegrass	0.00	0.00	0.00	0.00	0.00	0.00	0	0	0.00	0.00	0.00	0.00	0.00	0.00	0.00	0.00	0.00	0.00	0.00	0.00	0.00	0.00	0.00	0.00	0.00	0.00	0.00	0.00	0.00	0.00	0.00	0.00	0.00	0.00	0.00	0.00	0.00	15.0	18.4	20.0	34.5	53.8	56.7	198.33	0.000	0.000	0.000	0.000	0.000	0.000	0.0000	0.0000	0.0000	0.0000	0.0000	0.0000	0.00	63.16	63.16	0.00	0.00	0.00	0.00	0.00	0.00	16.56	14.26	11.05	9.70	6.76	4.83	0.0000	0.0000	0.0000	0.0000	0.0000	0.0000	0.0000	0.0000	0.0000	0.0000	0.0000	0.0000	0.00	0.00
1990-09-09	Perennial Ryegrass	0.00	0.00	0.00	0.00	0.00	0.00	0	0	0.00	0.00	0.00	0.00	0.00	0.00	0.00	0.00	0.00	0.00	0.00	0.00	0.00	0.00	0.00	0.00	0.00	0.00	0.00	0.00	0.00	0.00	0.00	0.00	0.00	0.00	0.00	0.00	0.00	14.9	18.3	19.9	34.5	53.8	56.6	198.06	0.000	0.000	0.000	0.000	0.000	0.000	0.0000	0.0000	0.0000	0.0000	0.0000	0.0000	0.00	63.03	63.03	0.00	0.00	0.00	0.00	0.00	0.00	16.66	14.14	10.97	9.68	6.76	4.82	0.0000	0.0000	0.0000	0.0000	0.0000	0.0000	0.0000	0.0000	0.0000	0.0000	0.0000	0.0000	0.00	0.00
1990-09-10	Perennial Ryegrass	0.00	0.00	0.00	0.00	0.00	0.00	0	0	0.00	0.00	0.00	0.00	0.00	0.00	0.00	0.00	0.00	0.00	0.00	0.00	0.00	0.00	0.00	0.00	0.00	0.00	0.00	0.00	0.00	0.00	0.00	0.00	0.00	0.00	0.00	0.00	0.00	14.9	18.2	20.0	34.5	53.7	56.5	197.80	0.000	0.000	0.000	0.000	0.000	0.000	0.0000	0.0000	0.0000	0.0000	0.0000	0.0000	0.00	62.90	62.90	0.00	0.00	0.00	0.00	0.00	0.00	16.76	14.01	10.94	9.63	6.73	4.82	0.0000	0.0000	0.0000	0.0000	0.0000	0.0000	0.0000	0.0000	0.0000	0.0000	0.0000	0.0000	0.00	0.00
1990-09-11	Perennial Ryegrass	0.00	0.00	0.00	0.00	0.00	0.00	0	0	0.00	0.00	0.00	0.00	0.00	0.00	0.00	0.00	0.00	0.00	0.00	0.00	0.00	0.00	0.00	0.00	0.00	0.00	0.00	0.00	0.00	0.00	0.00	0.00	0.00	0.00	0.00	0.00	0.00	14.8	18.1	19.9	34.5	53.7	56.5	197.54	0.000	0.000	0.000	0.000	0.000	0.000	0.0000	0.0000	0.0000	0.0000	0.0000	0.0000	0.00	62.76	62.76	0.00	0.00	0.00	0.00	0.00	0.00	16.85	13.90	10.85	9.62	6.73	4.81	0.0000	0.0000	0.0000	0.0000	0.0000	0.0000	0.0000	0.0000	0.0000	0.0000	0.0000	0.0000	0.00	0.00
1990-09-12	Perennial Ryegrass	0.00	0.00	0.00	0.00	0.00	0.00	0	0	0.00	0.00	0.00	0.00	0.00	0.00	0.00	0.00	0.00	0.00	0.00	0.00	0.00	0.00	0.00	0.00	0.00	0.00	0.00	0.00	0.00	0.00	0.00	0.00	0.00	0.00	0.00	0.00	0.00	21.7	21.1	20.8	34.8	54.0	56.4	208.80	0.000	0.000	0.000	0.000	0.000	0.000	0.0000	0.0000	0.0000	0.0000	0.0000	0.0000	0.00	62.57	62.57	0.00	0.00	0.00	0.00	0.00	0.00	14.15	15.44	11.56	9.83	6.79	4.81	0.0000	0.0000	0.0000	0.0000	0.0000	0.0000	0.0000	0.0000	0.0000	0.0000	0.0000	0.0000	0.00	0.00
1990-09-13	Perennial Ryegrass	0.00	0.00	0.00	0.00	0.00	0.00	0	0	0.00	0.00	0.00	0.00	0.00	0.00	0.00	0.00	0.00	0.00	0.00	0.00	0.00	0.00	0.00	0.00	0.00	0.00	0.00	0.00	0.00	0.00	0.00	0.00	0.00	0.00	0.00	0.00	0.00	21.8	22.5	21.9	35.4	54.4	56.7	212.67	0.000	0.000	0.000	0.000	0.000	0.000	0.0000	0.0000	0.0000	0.0000	0.0000	0.0000	0.00	62.38	62.38	0.00	0.00	0.00	0.00	0.00	0.00	12.06	15.75	12.46	10.34	6.94	4.84	0.0000	0.0000	0.0000	0.0000	0.0000	0.0000	0.0000	0.0000	0.0000	0.0000	0.0000	0.0000	0.00	0.00
1990-09-14	Perennial Ryegrass	0.00	0.00	0.00	0.00	0.00	0.00	0	0	0.00	0.00	0.00	0.00	0.00	0.00	0.00	0.00	0.00	0.00	0.00	0.00	0.00	0.00	0.00	0.00	0.00	0.00	0.00	0.00	0.00	0.00	0.00	0.00	0.00	0.00	0.00	0.00	0.00	18.3	22.3	22.4	36.0	54.8	57.2	211.16	0.000	0.000	0.000	0.000	0.000	0.000	0.0000	0.0000	0.0000	0.0000	0.0000	0.0000	0.00	62.22	62.22	0.00	0.00	0.00	0.00	0.00	0.00	10.96	15.25	12.98	10.95	7.17	4.91	0.0000	0.0000	0.0000	0.0000	0.0000	0.0000	0.0000	0.0000	0.0000	0.0000	0.0000	0.0000	0.00	0.00
1990-09-15	Perennial Ryegrass	0.00	0.00	0.00	0.00	0.00	0.00	0	0	0.00	0.00	0.00	0.00	0.00	0.00	0.00	0.00	0.00	0.00	0.00	0.00	0.00	0.00	0.00	0.00	0.00	0.00	0.00	0.00	0.00	0.00	0.00	0.00	0.00	0.00	0.00	0.00	0.00	16.8	20.7	22.4	36.4	55.3	58.0	209.52	0.000	0.000	0.000	0.000	0.000	0.000	0.0000	0.0000	0.0000	0.0000	0.0000	0.0000	0.00	62.08	62.08	0.00	0.00	0.00	0.00	0.00	0.00	10.99	14.11	13.06	11.46	7.44	5.02	0.0000	0.0000	0.0000	0.0000	0.0000	0.0000	0.0000	0.0000	0.0000	0.0000	0.0000	0.0000	0.00	0.00
1990-09-16	Perennial Ryegrass	0.00	0.00	0.00	0.00	0.00	0.00	0	0	0.00	0.00	0.00	0.00	0.00	0.00	0.00	0.00	0.00	0.00	0.00	0.00	0.00	0.00	0.00	0.00	0.00	0.00	0.00	0.00	0.00	0.00	0.00	0.00	0.00	0.00	0.00	0.00	0.00	16.2	19.7	21.9	36.4	55.5	58.6	208.29	0.000	0.000	0.000	0.000	0.000	0.000	0.0000	0.0000	0.0000	0.0000	0.0000	0.0000	0.00	61.93	61.93	0.00	0.00	0.00	0.00	0.00	0.00	11.16	13.40	12.79	11.77	7.70	5.12	0.0000	0.0000	0.0000	0.0000	0.0000	0.0000	0.0000	0.0000	0.0000	0.0000	0.0000	0.0000	0.00	0.00
1990-09-17	Perennial Ryegrass	0.00	0.00	0.00	0.00	0.00	0.00	0	0	0.00	0.00	0.00	0.00	0.00	0.00	0.00	0.00	0.00	0.00	0.00	0.00	0.00	0.00	0.00	0.00	0.00	0.00	0.00	0.00	0.00	0.00	0.00	0.00	0.00	0.00	0.00	0.00	0.00	15.9	19.2	21.3	36.1	55.5	59.0	206.99	0.000	0.000	0.000	0.000	0.000	0.000	0.0000	0.0000	0.0000	0.0000	0.0000	0.0000	0.00	61.76	61.76	0.00	0.00	0.00	0.00	0.00	0.00	11.31	12.99	12.46	11.89	7.91	5.20	0.0000	0.0000	0.0000	0.0000	0.0000	0.0000	0.0000	0.0000	0.0000	0.0000	0.0000	0.0000	0.00	0.00
1990-09-18	Perennial Ryegrass	0.00	0.00	0.00	0.00	0.00	0.00	0	0	0.00	0.00	0.00	0.00	0.00	0.00	0.00	0.00	0.00	0.00	0.00	0.00	0.00	0.00	0.00	0.00	0.00	0.00	0.00	0.00	0.00	0.00	0.00	0.00	0.00	0.00	0.00	0.00	0.00	15.6	18.9	20.8	35.8	55.5	59.2	205.68	0.000	0.000	0.000	0.000	0.000	0.000	0.0000	0.0000	0.0000	0.0000	0.0000	0.0000	0.00	61.58	61.58	0.00	0.00	0.00	0.00	0.00	0.00	11.44	12.75	12.16	11.90	8.05	5.27	0.0000	0.0000	0.0000	0.0000	0.0000	0.0000	0.0000	0.0000	0.0000	0.0000	0.0000	0.0000	0.00	0.00
1990-09-19	Perennial Ryegrass	0.00	0.00	0.00	0.00	0.00	0.00	0	0	0.00	0.00	0.00	0.00	0.00	0.00	0.00	0.00	0.00	0.00	0.00	0.00	0.00	0.00	0.00	0.00	0.00	0.00	0.00	0.00	0.00	0.00	0.00	0.00	0.00	0.00	0.00	0.00	0.00	15.3	18.8	20.4	35.5	55.3	59.2	204.40	0.000	0.000	0.000	0.000	0.000	0.000	0.0000	0.0000	0.0000	0.0000	0.0000	0.0000	0.00	61.38	61.38	0.00	0.00	0.00	0.00	0.00	0.00	11.56	12.64	11.87	11.86	8.13	5.32	0.0000	0.0000	0.0000	0.0000	0.0000	0.0000	0.0000	0.0000	0.0000	0.0000	0.0000	0.0000	0.00	0.00
1990-09-20	Perennial Ryegrass	0.00	0.00	0.00	0.00	0.00	0.00	0	0	0.00	0.00	0.00	0.00	0.00	0.00	0.00	0.00	0.00	0.00	0.00	0.00	0.00	0.00	0.00	0.00	0.00	0.00	0.00	0.00	0.00	0.00	0.00	0.00	0.00	0.00	0.00	0.00	0.00	16.2	19.1	20.3	35.2	55.0	59.1	204.99	0.000	0.000	0.000	0.000	0.000	0.000	0.0000	0.0000	0.0000	0.0000	0.0000	0.0000	0.00	61.18	61.18	0.00	0.00	0.00	0.00	0.00	0.00	11.22	12.76	11.85	11.81	8.19	5.35	0.0000	0.0000	0.0000	0.0000	0.0000	0.0000	0.0000	0.0000	0.0000	0.0000	0.0000	0.0000	0.00	0.00
1990-09-21	Perennial Ryegrass	0.00	0.00	0.00	0.00	0.00	0.00	0	0	0.00	0.00	0.00	0.00	0.00	0.00	0.00	0.00	0.00	0.00	0.00	0.00	0.00	0.00	0.00	0.00	0.00	0.00	0.00	0.00	0.00	0.00	0.00	0.00	0.00	0.00	0.00	0.00	0.00	15.8	18.8	20.2	35.0	54.8	59.0	203.73	0.000	0.000	0.000	0.000	0.000	0.000	0.0000	0.0000	0.0000	0.0000	0.0000	0.0000	0.00	60.98	60.98	0.00	0.00	0.00	0.00	0.00	0.00	11.33	12.54	11.75	11.76	8.21	5.37	0.0000	0.0000	0.0000	0.0000	0.0000	0.0000	0.0000	0.0000	0.0000	0.0000	0.0000	0.0000	0.00	0.00
1990-09-22	Perennial Ryegrass	0.00	0.00	0.00	0.00	0.00	0.00	0	0	0.00	0.00	0.00	0.00	0.00	0.00	0.00	0.00	0.00	0.00	0.00	0.00	0.00	0.00	0.00	0.00	0.00	0.00	0.00	0.00	0.00	0.00	0.00	0.00	0.00	0.00	0.00	0.00	0.00	15.5	18.7	20.0	34.9	54.7	58.9	202.64	0.000	0.000	0.000	0.000	0.000	0.000	0.0000	0.0000	0.0000	0.0000	0.0000	0.0000	0.00	60.79	60.79	0.00	0.00	0.00	0.00	0.00	0.00	11.44	12.41	11.62	11.71	8.23	5.38	0.0000	0.0000	0.0000	0.0000	0.0000	0.0000	0.0000	0.0000	0.0000	0.0000	0.0000	0.0000	0.00	0.00
1990-09-23	Perennial Ryegrass	0.00	0.00	0.00	0.00	0.00	0.00	0	0	0.00	0.00	0.00	0.00	0.00	0.00	0.00	0.00	0.00	0.00	0.00	0.00	0.00	0.00	0.00	0.00	0.00	0.00	0.00	0.00	0.00	0.00	0.00	0.00	0.00	0.00	0.00	0.00	0.00	15.3	18.6	19.9	34.7	54.5	58.7	201.71	0.000	0.000	0.000	0.000	0.000	0.000	0.0000	0.0000	0.0000	0.0000	0.0000	0.0000	0.00	60.61	60.61	0.00	0.00	0.00	0.00	0.00	0.00	11.54	12.29	11.53	11.65	8.22	5.38	0.0000	0.0000	0.0000	0.0000	0.0000	0.0000	0.0000	0.0000	0.0000	0.0000	0.0000	0.0000	0.00	0.00
1990-09-24	Perennial Ryegrass	0.00	0.00	0.00	0.00	0.00	0.00	0	0	0.00	0.00	0.00	0.00	0.00	0.00	0.00	0.00	0.00	0.00	0.00	0.00	0.00	0.00	0.00	0.00	0.00	0.00	0.00	0.00	0.00	0.00	0.00	0.00	0.00	0.00	0.00	0.00	0.00	15.0	18.5	20.0	34.5	54.3	58.6	200.92	0.000	0.000	0.000	0.000	0.000	0.000	0.0000	0.0000	0.0000	0.0000	0.0000	0.0000	0.00	60.44	60.44	0.00	0.00	0.00	0.00	0.00	0.00	11.63	12.16	11.50	11.55	8.21	5.38	0.0000	0.0000	0.0000	0.0000	0.0000	0.0000	0.0000	0.0000	0.0000	0.0000	0.0000	0.0000	0.00	0.00
1990-09-25	Perennial Ryegrass	0.00	0.00	0.00	0.00	0.00	0.00	0	0	0.00	0.00	0.00	0.00	0.00	0.00	0.00	0.00	0.00	0.00	0.00	0.00	0.00	0.00	0.00	0.00	0.00	0.00	0.00	0.00	0.00	0.00	0.00	0.00	0.00	0.00	0.00	0.00	0.00	14.9	18.4	20.0	34.5	54.1	58.4	200.26	0.000	0.000	0.000	0.000	0.000	0.000	0.0000	0.0000	0.0000	0.0000	0.0000	0.0000	0.00	60.26	60.26	0.00	0.00	0.00	0.00	0.00	0.00	11.72	12.04	11.44	11.52	8.17	5.38	0.0000	0.0000	0.0000	0.0000	0.0000	0.0000	0.0000	0.0000	0.0000	0.0000	0.0000	0.0000	0.00	0.00
1990-09-26	Perennial Ryegrass	0.00	0.00	0.00	0.00	0.00	0.00	0	0	0.00	0.00	0.00	0.00	0.00	0.00	0.00	0.00	0.00	0.00	0.00	0.00	0.00	0.00	0.00	0.00	0.00	0.00	0.00	0.00	0.00	0.00	0.00	0.00	0.00	0.00	0.00	0.00	0.00	14.7	18.3	19.9	34.5	54.1	58.3	199.72	0.000	0.000	0.000	0.000	0.000	0.000	0.0000	0.0000	0.0000	0.0000	0.0000	0.0000	0.00	60.09	60.09	0.00	0.00	0.00	0.00	0.00	0.00	11.80	11.93	11.34	11.50	8.16	5.36	0.0000	0.0000	0.0000	0.0000	0.0000	0.0000	0.0000	0.0000	0.0000	0.0000	0.0000	0.0000	0.00	0.00
1990-09-27	Perennial Ryegrass	0.00	0.00	0.00	0.00	0.00	0.00	0	0	0.00	0.00	0.00	0.00	0.00	0.00	0.00	0.00	0.00	0.00	0.00	0.00	0.00	0.00	0.00	0.00	0.00	0.00	0.00	0.00	0.00	0.00	0.00	0.00	0.00	0.00	0.00	0.00	0.00	14.5	18.2	20.0	34.3	54.0	58.2	199.27	0.000	0.000	0.000	0.000	0.000	0.000	0.0000	0.0000	0.0000	0.0000	0.0000	0.0000	0.00	59.93	59.93	0.00	0.00	0.00	0.00	0.00	0.00	11.88	11.81	11.32	11.41	8.15	5.36	0.0000	0.0000	0.0000	0.0000	0.0000	0.0000	0.0000	0.0000	0.0000	0.0000	0.0000	0.0000	0.00	0.00
1990-09-28	Perennial Ryegrass	0.00	0.00	0.00	0.00	0.00	0.00	0	0	0.00	0.00	0.00	0.00	0.00	0.00	0.00	0.00	0.00	0.00	0.00	0.00	0.00	0.00	0.00	0.00	0.00	0.00	0.00	0.00	0.00	0.00	0.00	0.00	0.00	0.00	0.00	0.00	0.00	14.4	18.1	20.0	34.5	53.7	58.1	198.87	0.000	0.000	0.000	0.000	0.000	0.000	0.0000	0.0000	0.0000	0.0000	0.0000	0.0000	0.00	59.78	59.78	0.00	0.00	0.00	0.00	0.00	0.00	11.96	11.71	11.26	11.40	8.10	5.35	0.0000	0.0000	0.0000	0.0000	0.0000	0.0000	0.0000	0.0000	0.0000	0.0000	0.0000	0.0000	0.00	0.00
1990-09-29	Perennial Ryegrass	0.00	0.00	0.00	0.00	0.00	0.00	0	0	0.00	0.00	0.00	0.00	0.00	0.00	0.00	0.00	0.00	0.00	0.00	0.00	0.00	0.00	0.00	0.00	0.00	0.00	0.00	0.00	0.00	0.00	0.00	0.00	0.00	0.00	0.00	0.00	0.00	14.3	18.1	19.9	34.5	53.8	58.0	198.53	0.000	0.000	0.000	0.000	0.000	0.000	0.0000	0.0000	0.0000	0.0000	0.0000	0.0000	0.00	59.66	59.66	0.00	0.00	0.00	0.00	0.00	0.00	12.05	11.62	11.17	11.39	8.11	5.34	0.0000	0.0000	0.0000	0.0000	0.0000	0.0000	0.0000	0.0000	0.0000	0.0000	0.0000	0.0000	0.00	0.00
1990-09-30	Perennial Ryegrass	0.00	0.00	0.00	0.00	0.00	0.00	0	0	0.00	0.00	0.00	0.00	0.00	0.00	0.00	0.00	0.00	0.00	0.00	0.00	0.00	0.00	0.00	0.00	0.00	0.00	0.00	0.00	0.00	0.00	0.00	0.00	0.00	0.00	0.00	0.00	0.00	14.2	18.0	20.0	34.5	53.7	57.9	198.24	0.000	0.000	0.000	0.000	0.000	0.000	0.0000	0.0000	0.0000	0.0000	0.0000	0.0000	0.00	59.57	59.57	0.00	0.00	0.00	0.00	0.00	0.00	12.14	11.54	11.16	11.33	8.08	5.33	0.0000	0.0000	0.0000	0.0000	0.0000	0.0000	0.0000	0.0000	0.0000	0.0000	0.0000	0.0000	0.00	0.00
1990-10-01	Perennial Ryegrass	0.00	0.00	0.08	0.08	0.00	0.01	0	0	0.13	46.10	0.00	2.91	2.08	0.00	0.00	0.00	0.00	0.00	0.00	0.00	0.00	0.00	0.00	0.00	0.00	0.00	0.00	0.00	0.00	0.00	0.00	0.00	0.00	0.00	0.00	0.00	0.00	14.0	18.0	19.9	34.5	53.8	57.8	197.89	0.064	0.000	0.000	0.000	0.000	0.000	0.0793	0.6432	0.4646	0.9701	1.0000	1.0000	0.00	59.37	59.37	0.00	0.00	0.00	0.00	0.00	0.00	12.11	11.46	11.07	11.32	8.09	5.32	0.0000	0.0000	0.0000	0.0000	0.0000	0.0000	0.1136	0.0000	0.0000	0.0000	0.0000	0.0000	2.16	0.03
1990-10-02	Perennial Ryegrass	0.00	0.00	0.08	0.08	0.00	0.04	0	0	0.14	65.80	0.00	5.38	3.84	0.00	0.00	0.00	0.00	0.00	0.00	0.00	0.00	0.00	0.00	0.00	0.00	0.00	0.00	0.00	0.00	0.00	0.00	0.00	0.00	0.00	0.00	0.00	0.00	13.7	17.9	20.0	34.5	53.7	57.7	197.50	0.128	0.000	0.000	0.000	0.000	0.000	0.0808	0.5466	1.0000	0.9698	1.0000	1.0000	0.00	59.13	59.13	0.00	0.00	0.00	0.00	0.00	0.00	12.04	11.39	11.06	11.27	8.06	5.31	0.0000	0.0000	0.0000	0.0000	0.0000	0.0000	0.1669	0.0000	0.0000	0.0000	0.0000	0.0000	2.23	0.03
1990-10-03	Perennial Ryegrass	0.00	0.00	0.09	0.09	0.00	0.09	0	0	0.14	82.20	0.00	5.84	4.16	0.00	0.00	0.00	0.00	0.00	0.00	0.00	0.00	0.00	0.00	0.00	0.00	0.00	0.00	0.00	0.00	0.00	0.00	0.00	0.00	0.00	0.00	0.00	0.00	13.5	17.9	19.9	34.5	53.8	57.6	197.07	0.173	0.000	0.000	0.000	0.000	0.000	0.0842	0.4218	1.0000	0.9668	1.0000	1.0000	0.00	58.84	58.84	0.00	0.00	0.00	0.00	0.00	0.00	11.92	11.32	10.98	11.26	8.07	5.30	0.0000	0.0000	0.0000	0.0000	0.0000	0.0000	0.2159	0.0000	0.0000	0.0000	0.0000	0.0000	2.36	0.03
1990-10-04	Perennial Ryegrass	0.00	0.00	0.09	0.09	0.00	0.12	0	0	0.15	104.40	0.00	6.29	4.54	0.00	0.00	0.00	0.00	0.00	0.00	0.00	0.00	0.00	0.00	0.00	0.00	0.00	0.00	0.00	0.00	0.00	0.00	0.00	0.00	0.00	0.00	0.00	0.00	13.2	17.8	20.0	34.5	53.6	57.5	196.62	0.200	0.000	0.000	0.000	0.000	0.000	0.0863	0.4421	0.9870	0.9725	1.0000	1.0000	0.00	58.51	58.51	0.00	0.00	0.00	0.00	0.00	0.00	11.76	11.25	10.97	11.20	8.04	5.29	0.0000	0.0000	0.0000	0.0000	0.0000	0.0000	0.2540	0.0000	0.0000	0.0000	0.0000	0.0000	2.49	0.03
1990-10-05	Perennial Ryegrass	0.00	0.03	0.10	0.10	0.00	0.14	0	0	0.16	123.74	0.00	7.14	5.10	0.00	0.00	0.00	0.00	0.00	0.00	0.00	0.00	0.00	0.00	0.00	0.00	0.00	0.00	0.00	0.00	0.00	0.00	0.00	0.00	0.00	0.00	0.00	0.00	15.7	18.5	19.9	34.5	53.7	57.4	199.65	0.224	0.015	0.000	0.000	0.000	0.000	0.0896	0.8137	1.0000	0.9798	1.0000	1.0000	0.00	58.22	58.22	0.00	0.00	0.00	0.00	0.00	0.00	11.18	11.63	10.89	11.19	8.04	5.28	0.0000	0.0000	0.0000	0.0000	0.0000	0.0000	0.2072	0.0000	0.0000	0.0000	0.0000	0.0000	2.58	0.03
1990-10-06	Perennial Ryegrass	0.00	0.03	0.10	0.10	0.00	0.15	0	0	0.17	140.78	0.00	10.10	7.21	0.00	0.00	0.00	0.00	0.00	0.00	0.00	0.00	0.00	0.00	0.00	0.00	0.00	0.00	0.00	0.00	0.00	0.00	0.00	0.00	0.00	0.00	0.00	0.00	15.2	18.3	20.0	34.5	53.6	57.3	199.01	0.198	0.046	0.000	0.000	0.000	0.000	0.0950	0.7925	1.0000	0.9792	1.0000	1.0000	0.00	57.91	57.91	0.00	0.00	0.00	0.00	0.00	0.00	11.05	11.53	10.88	11.14	8.02	5.28	0.0000	0.0000	0.0000	0.0000	0.0000	0.0000	0.2303	0.0043	0.0000	0.0000	0.0000	0.0000	2.77	0.03
1990-10-07	Perennial Ryegrass	0.00	0.03	0.11	0.11	0.00	0.17	0	0	0.18	156.41	0.00	13.72	9.79	0.00	0.00	0.00	0.00	0.00	0.00	0.00	0.00	0.00	0.00	0.00	0.00	0.00	0.00	0.00	0.00	0.00	0.00	0.00	0.00	0.00	0.00	0.00	0.00	14.8	18.2	19.9	34.5	53.7	57.2	198.29	0.246	0.102	0.000	0.000	0.000	0.000	0.1012	0.8114	1.0000	0.9788	1.0000	1.0000	0.00	57.55	57.56	0.00	0.00	0.00	0.00	0.00	0.00	10.89	11.43	10.80	11.13	8.03	5.27	0.0000	0.0000	0.0000	0.0000	0.0000	0.0000	0.2691	0.0098	0.0000	0.0000	0.0000	0.0000	3.03	0.03
1990-10-08	Perennial Ryegrass	0.00	0.06	0.12	0.12	0.00	0.20	0	0	0.19	170.32	0.00	10.86	7.74	0.00	0.00	0.00	0.00	0.00	0.00	0.00	0.00	0.00	0.00	0.00	0.00	0.00	0.00	0.00	0.00	0.00	0.00	0.00	0.00	0.00	0.00	0.00	0.00	19.2	20.2	20.5	34.7	53.9	57.1	205.60	0.183	0.111	0.000	0.000	0.000	0.000	0.1084	1.0000	1.0000	0.9775	1.0000	1.0000	0.00	57.25	57.25	0.00	0.00	0.00	0.00	0.00	0.00	9.34	12.19	11.14	11.24	8.07	5.26	0.0000	0.0000	0.0000	0.0000	0.0000	0.0000	0.1941	0.0179	0.0000	0.0000	0.0000	0.0000	3.26	0.03
1990-10-09	Perennial Ryegrass	0.00	0.07	0.12	0.12	0.00	0.21	0	0	0.21	188.92	0.00	11.24	8.01	0.00	0.00	0.00	0.00	0.00	0.00	0.00	0.00	0.00	0.00	0.00	0.00	0.00	0.00	0.00	0.00	0.00	0.00	0.00	0.00	0.00	0.00	0.00	0.00	16.6	19.8	20.8	34.9	54.1	57.2	203.44	0.161	0.088	0.000	0.000	0.000	0.000	0.1155	1.0000	1.0000	0.9781	1.0000	1.0000	0.00	56.87	56.88	0.00	0.00	0.00	0.00	0.00	0.00	8.82	11.85	11.34	11.43	8.15	5.27	0.0000	0.0000	0.0000	0.0000	0.0000	0.0000	0.2694	0.0355	0.0000	0.0000	0.0000	0.0000	3.47	0.03
1990-10-10	Perennial Ryegrass	0.00	0.10	0.13	0.13	0.00	0.24	0	0	0.22	203.87	0.00	12.08	8.61	0.00	0.00	0.00	0.00	0.00	0.00	0.00	0.00	0.00	0.00	0.00	0.00	0.00	0.00	0.00	0.00	0.00	0.00	0.00	0.00	0.00	0.00	0.00	0.00	17.9	20.9	21.3	35.3	54.4	57.5	207.32	0.190	0.176	0.000	0.000	0.000	0.000	0.1237	0.5850	1.0000	0.9786	1.0000	1.0000	0.00	56.55	56.55	0.00	0.00	0.00	0.00	0.00	0.00	7.62	11.97	11.64	11.72	8.29	5.31	0.0000	0.0000	0.0000	0.0000	0.0000	0.0000	0.1950	0.0452	0.0000	0.0000	0.0000	0.0000	3.79	0.03
1990-10-11	Perennial Ryegrass	0.00	0.10	0.14	0.14	0.00	0.26	0	0	0.23	223.18	0.00	16.15	11.51	0.00	0.00	0.00	0.00	0.00	0.00	0.00	0.00	0.00	0.00	0.00	0.00	0.00	0.00	0.00	0.00	0.00	0.00	0.00	0.00	0.00	0.00	0.00	0.00	15.8	20.2	21.6	35.6	54.7	57.9	205.79	0.234	0.235	0.008	0.000	0.000	0.000	0.1297	0.8397	1.0000	0.9854	1.0000	1.0000	0.00	56.17	56.17	0.00	0.00	0.00	0.00	0.00	0.00	7.17	11.35	11.77	12.04	8.46	5.38	0.0000	0.0000	0.0000	0.0000	0.0000	0.0000	0.2337	0.0674	0.0000	0.0000	0.0000	0.0000	4.02	0.03
1990-10-12	Perennial Ryegrass	0.00	0.10	0.15	0.15	0.00	0.27	0	0	0.25	239.23	0.00	13.14	9.36	0.00	0.00	0.00	0.00	0.00	0.00	0.00	0.00	0.00	0.00	0.00	0.00	0.00	0.00	0.00	0.00	0.00	0.00	0.00	0.00	0.00	0.00	0.00	0.00	15.1	19.2	21.2	35.7	54.9	58.3	204.32	0.175	0.218	0.053	0.000	0.000	0.000	0.1394	1.0000	1.0000	0.9844	1.0000	1.0000	0.00	55.82	55.82	0.00	0.00	0.00	0.00	0.00	0.00	7.16	10.79	11.57	12.21	8.63	5.45	0.0000	0.0000	0.0000	0.0000	0.0000	0.0000	0.1832	0.0758	0.0010	0.0000	0.0000	0.0000	4.31	0.03
1990-10-13	Perennial Ryegrass	0.00	0.10	0.16	0.16	0.00	0.29	0	0	0.27	252.42	0.00	15.92	11.34	0.00	0.00	0.00	0.00	0.00	0.00	0.00	0.00	0.00	0.00	0.00	0.00	0.00	0.00	0.00	0.00	0.00	0.00	0.00	0.00	0.00	0.00	0.00	0.00	14.6	18.7	20.7	35.5	54.9	58.5	202.85	0.172	0.209	0.095	0.000	0.000	0.000	0.1486	0.5962	1.0000	0.9822	1.0000	0.9223	0.01	55.47	55.48	0.00	0.00	0.00	0.00	0.00	0.01	7.13	10.51	11.32	12.24	8.76	5.52	0.0000	0.0000	0.0000	0.0000	0.0000	0.0000	0.1770	0.0722	0.0019	0.0000	0.0000	0.0000	4.71	0.03
1990-10-14	Perennial Ryegrass	0.00	0.10	0.16	0.16	0.00	0.33	0	0	0.28	264.19	0.00	15.63	11.13	0.00	0.00	0.00	0.00	0.00	0.00	0.00	0.00	0.00	0.00	0.00	0.00	0.00	0.00	0.00	0.00	0.00	0.00	0.00	0.00	0.00	0.00	0.00	0.00	14.1	18.4	20.2	35.3	54.9	58.7	201.39	0.158	0.195	0.121	0.000	0.000	0.000	0.1559	0.5344	1.0000	0.9800	1.0000	0.9113	0.01	55.12	55.13	0.00	0.00	0.00	0.00	0.00	0.01	7.08	10.35	11.08	12.20	8.84	5.57	0.0000	0.0000	0.0000	0.0000	0.0000	0.0000	0.1690	0.0759	0.0030	0.0000	0.0000	0.0000	5.06	0.03
1990-10-15	Perennial Ryegrass	0.00	0.11	0.17	0.17	0.00	0.35	0	0	0.29	281.80	0.00	8.28	5.90	0.00	0.00	0.00	0.00	0.00	0.00	0.00	0.00	0.00	0.00	0.00	0.00	0.00	0.00	0.00	0.00	0.00	0.00	0.00	0.00	0.00	0.00	0.00	0.00	13.7	18.2	19.9	35.0	54.7	58.7	200.15	0.095	0.125	0.092	0.000	0.000	0.000	0.1623	0.3735	1.0000	0.9848	1.0000	1.0000	0.01	54.79	54.80	0.00	0.00	0.00	0.00	0.00	0.01	7.05	10.20	10.96	12.10	8.88	5.60	0.0001	0.0000	0.0000	0.0000	0.0000	0.0000	0.1418	0.0815	0.0041	0.0000	0.0000	0.0000	5.30	0.03
1990-10-16	Perennial Ryegrass	0.00	0.11	0.18	0.18	0.00	0.37	0	0	0.30	299.55	0.00	18.44	13.13	0.00	0.00	0.00	0.00	0.00	0.00	0.00	0.00	0.00	0.00	0.00	0.00	0.00	0.00	0.00	0.00	0.00	0.00	0.00	0.00	0.00	0.00	0.00	0.00	13.3	17.9	19.8	34.6	54.5	58.6	198.78	0.141	0.196	0.183	0.000	0.000	0.000	0.1669	0.6991	1.0000	0.9879	1.0000	0.7627	0.01	54.45	54.46	0.01	0.00	0.00	0.00	0.00	0.01	7.00	10.04	10.96	11.95	8.88	5.62	0.0001	0.0000	0.0000	0.0000	0.0000	0.0000	0.1566	0.0835	0.0049	0.0000	0.0000	0.0000	5.53	0.03
1990-10-17	Perennial Ryegrass	0.00	0.11	0.18	0.18	0.00	0.38	0	0	0.32	318.25	0.00	12.98	9.23	0.00	0.00	0.00	0.00	0.00	0.00	0.00	0.00	0.00	0.00	0.00	0.00	0.00	0.00	0.00	0.00	0.00	0.00	0.00	0.00	0.00	0.00	0.00	0.00	13.0	17.6	19.7	34.3	54.3	58.5	197.53	0.124	0.182	0.216	0.000	0.000	0.000	0.1763	0.4079	1.0000	0.9902	1.0000	1.0000	0.02	54.12	54.13	0.01	0.00	0.00	0.00	0.00	0.01	6.95	9.89	10.96	11.84	8.86	5.62	0.0002	0.0000	0.0000	0.0000	0.0000	0.0000	0.1483	0.0922	0.0077	0.0000	0.0000	0.0000	5.91	0.03
1990-10-18	Perennial Ryegrass	0.00	0.12	0.19	0.19	0.00	0.41	0	0	0.33	334.77	0.00	19.23	13.68	0.00	0.00	0.00	0.00	0.00	0.00	0.00	0.00	0.00	0.00	0.00	0.00	0.00	0.00	0.00	0.00	0.00	0.00	0.00	0.00	0.00	0.00	0.00	0.00	12.6	17.4	19.6	34.3	53.9	58.4	196.16	0.152	0.237	0.293	0.063	0.000	0.000	0.1825	0.5867	1.0000	0.9919	1.0000	0.7723	0.02	53.77	53.79	0.01	0.00	0.00	0.00	0.00	0.01	6.88	9.74	10.95	11.81	8.78	5.62	0.0003	0.0000	0.0000	0.0000	0.0000	0.0000	0.1586	0.0963	0.0100	0.0000	0.0000	0.0000	6.23	0.03
1990-10-19	Perennial Ryegrass	0.00	0.18	0.20	0.20	0.00	0.42	0	0	0.35	350.41	0.00	7.98	5.67	0.00	0.00	0.00	0.00	0.00	0.00	0.00	0.00	0.00	0.00	0.00	0.00	0.00	0.00	0.00	0.00	0.00	0.00	0.00	0.00	0.00	0.00	0.00	0.00	24.6	21.3	20.5	34.6	54.0	58.2	213.14	0.118	0.197	0.251	0.106	0.000	0.000	0.1912	1.0000	1.0000	0.9910	1.0000	1.0000	0.02	53.42	53.45	0.02	0.00	0.00	0.00	0.00	0.01	5.48	10.08	11.42	12.01	8.82	5.60	0.0003	0.0000	0.0000	0.0000	0.0000	0.0000	0.1136	0.1079	0.0137	0.0009	0.0000	0.0000	6.46	0.03
1990-10-20	Perennial Ryegrass	0.00	0.18	0.21	0.21	0.00	0.44	0	0	0.37	361.97	0.00	27.93	19.86	0.00	0.00	0.00	0.00	0.00	0.00	0.00	0.00	0.00	0.00	0.00	0.00	0.00	0.00	0.00	0.00	0.00	0.00	0.00	0.00	0.00	0.00	0.00	0.00	19.7	22.3	21.5	35.1	54.3	58.3	211.22	0.303	0.172	0.134	0.072	0.000	0.000	0.1982	0.9805	1.0000	0.9870	1.0000	1.0000	0.03	52.73	52.75	0.02	0.00	0.00	0.00	0.00	0.01	4.26	9.67	11.78	12.44	8.96	5.62	0.0021	0.0000	0.0000	0.0000	0.0000	0.0000	0.4714	0.1084	0.0193	0.0016	0.0000	0.0000	6.84	0.03
1990-10-21	Perennial Ryegrass	0.00	0.22	0.22	0.22	0.00	0.46	0	0	0.40	374.21	0.00	20.89	14.85	0.00	0.00	0.00	0.00	0.00	0.00	0.00	0.00	0.00	0.00	0.00	0.00	0.00	0.00	0.00	0.00	0.00	0.00	0.00	0.00	0.00	0.00	0.00	0.00	22.3	23.7	22.7	36.0	54.8	58.5	218.00	0.154	0.147	0.119	0.071	0.000	0.000	0.2116	1.0000	1.0000	0.9833	1.0000	0.9056	0.03	52.26	52.30	0.02	0.00	0.00	0.00	0.00	0.01	3.34	9.00	11.96	13.05	9.24	5.68	0.0014	0.0000	0.0000	0.0000	0.0000	0.0000	0.2067	0.0983	0.0339	0.0049	0.0000	0.0000	7.32	0.03
1990-10-22	Perennial Ryegrass	0.00	0.22	0.24	0.24	0.00	0.49	0	0	0.42	386.18	0.00	29.43	20.93	0.00	0.00	0.00	0.00	0.00	0.00	0.00	0.00	0.00	0.00	0.00	0.00	0.00	0.00	0.00	0.00	0.00	0.00	0.00	0.00	0.00	0.00	0.00	0.00	17.9	22.8	23.1	36.6	55.3	58.8	214.56	0.294	0.256	0.209	0.136	0.000	0.000	0.2237	0.8056	1.0000	0.9803	1.0000	0.7127	0.04	51.67	51.70	0.03	0.00	0.00	0.00	0.00	0.01	2.75	8.16	11.75	13.60	9.62	5.78	0.0027	0.0000	0.0000	0.0000	0.0000	0.0000	0.2689	0.1392	0.0516	0.0088	0.0000	0.0000	7.96	0.03
1990-10-23	Perennial Ryegrass	0.00	0.22	0.25	0.25	0.00	0.50	0	0	0.45	404.00	0.00	23.14	16.46	0.00	0.00	0.00	0.00	0.00	0.00	0.00	0.00	0.00	0.00	0.00	0.00	0.00	0.00	0.00	0.00	0.00	0.00	0.00	0.00	0.00	0.00	0.00	0.00	16.9	21.0	22.7	36.7	55.8	59.2	212.20	0.150	0.187	0.172	0.131	0.000	0.000	0.2352	0.8944	1.0000	0.9827	1.0000	0.7510	0.04	51.19	51.23	0.03	0.00	0.00	0.00	0.00	0.01	2.69	7.36	11.31	13.92	10.01	5.91	0.0018	0.0000	0.0000	0.0000	0.0000	0.0000	0.1470	0.1083	0.0676	0.0156	0.0000	0.0000	8.39	0.02
1990-10-24	Perennial Ryegrass	0.00	0.21	0.26	0.26	0.00	0.52	0	0	0.46	420.59	0.00	22.39	15.92	0.00	0.00	0.00	0.00	0.00	0.00	0.00	0.00	0.00	0.00	0.00	0.00	0.00	0.00	0.00	0.00	0.00	0.00	0.00	0.00	0.00	0.00	0.00	0.00	16.4	19.6	21.9	36.5	55.9	59.5	209.76	0.166	0.193	0.211	0.205	0.000	0.000	0.2483	0.4629	1.0000	0.9849	1.0000	0.8157	0.05	50.71	50.76	0.04	0.00	0.00	0.00	0.00	0.01	2.68	6.84	10.81	14.01	10.32	6.04	0.0020	0.0000	0.0000	0.0000	0.0000	0.0000	0.1343	0.0978	0.0718	0.0222	0.0000	0.0000	9.01	0.02
1990-10-25	Perennial Ryegrass	0.00	0.21	0.27	0.27	0.00	0.55	1	0	0.48	436.02	0.00	24.58	17.48	0.00	0.00	0.00	0.00	0.00	0.00	0.00	0.00	0.00	0.00	0.00	0.00	0.00	0.00	0.00	0.00	0.00	0.00	0.00	0.00	0.00	0.00	0.00	0.00	15.8	18.8	20.9	35.8	55.8	59.6	206.80	0.275	0.286	0.340	0.416	0.000	0.000	0.2572	0.5523	1.0000	0.9869	1.0000	0.7172	0.06	50.17	50.23	0.05	0.00	0.00	0.00	0.00	0.01	2.63	6.52	10.39	13.95	10.52	6.16	0.0025	0.0000	0.0000	0.0000	0.0000	0.0000	0.1426	0.1346	0.0690	0.0285	0.0000	0.0000	9.51	0.02
1990-10-26	Perennial Ryegrass	0.00	0.21	0.28	0.28	0.00	0.58	1	0	0.50	453.23	0.00	21.14	15.03	0.00	0.00	0.00	0.00	0.00	0.00	0.00	0.00	0.00	0.00	0.00	0.00	0.00	0.00	0.00	0.00	0.00	0.00	0.00	0.00	0.00	0.00	0.00	0.00	15.3	18.6	20.2	35.1	55.5	59.6	204.30	0.192	0.194	0.231	0.343	0.000	0.000	0.2667	0.4153	1.0000	0.9905	1.0000	0.8457	0.07	49.69	49.76	0.05	0.00	0.00	0.00	0.00	0.01	2.59	6.40	10.06	13.83	10.58	6.24	0.0027	0.0000	0.0000	0.0000	0.0000	0.0000	0.1251	0.0944	0.0647	0.0349	0.0000	0.0000	10.00	0.02
1990-10-27	Perennial Ryegrass	0.00	0.21	0.28	0.29	0.00	0.60	1	0	0.52	474.78	0.00	22.65	16.10	0.00	0.00	0.00	0.00	0.00	0.00	0.00	0.00	0.00	0.00	0.00	0.00	0.00	0.00	0.00	0.00	0.00	0.00	0.00	0.00	0.00	0.00	0.00	0.00	14.9	18.3	19.8	34.5	55.1	59.4	201.87	0.204	0.214	0.238	0.416	0.006	0.000	0.2751	0.4422	1.0000	0.9945	1.0000	0.8154	0.08	49.23	49.31	0.06	0.00	0.00	0.00	0.00	0.01	2.55	6.26	9.89	13.70	10.56	6.28	0.0031	0.0000	0.0000	0.0000	0.0000	0.0000	0.1209	0.1025	0.0618	0.0404	0.0000	0.0000	10.43	0.02
1990-10-28	Perennial Ryegrass	0.00	0.22	0.29	0.30	0.00	0.61	1	0	0.54	498.72	0.00	24.26	17.24	0.00	0.00	0.00	0.00	0.00	0.00	0.00	0.00	0.00	0.00	0.00	0.00	0.00	0.00	0.00	0.00	0.00	0.00	0.00	0.00	0.00	0.00	0.00	0.00	14.4	17.9	19.6	33.7	54.6	59.1	199.34	0.251	0.271	0.297	0.530	0.062	0.000	0.2846	0.4469	1.0000	0.9971	1.0000	0.8461	0.09	48.75	48.84	0.07	0.00	0.00	0.00	0.00	0.01	2.51	6.09	9.86	13.54	10.48	6.28	0.0037	0.0000	0.0000	0.0000	0.0000	0.0000	0.1221	0.1295	0.0641	0.0463	0.0005	0.0000	10.93	0.02
1990-10-29	Perennial Ryegrass	0.00	0.22	0.31	0.31	0.00	0.62	1	0	0.57	523.81	0.00	27.66	19.65	0.00	0.00	0.00	0.00	0.00	0.00	0.00	0.00	0.00	0.00	0.00	0.00	0.00	0.00	0.00	0.00	0.00	0.00	0.00	0.00	0.00	0.00	0.00	0.00	13.9	17.5	19.4	33.3	53.8	58.8	196.65	0.293	0.327	0.375	0.642	0.154	0.000	0.2945	0.5331	1.0000	0.9985	1.0000	0.8018	0.10	48.25	48.35	0.08	0.00	0.00	0.00	0.00	0.02	2.46	5.89	9.80	13.47	10.36	6.27	0.0043	0.0000	0.0000	0.0000	0.0000	0.0000	0.1231	0.1618	0.0704	0.0524	0.0014	0.0000	11.45	0.02
1990-10-30	Perennial Ryegrass	0.00	0.22	0.32	0.32	0.00	0.62	1	0	0.59	551.42	0.00	25.43	18.06	0.00	0.00	0.00	0.00	0.00	0.00	0.00	0.00	0.00	0.00	0.00	0.00	0.00	0.00	0.00	0.00	0.00	0.00	0.00	0.00	0.00	0.00	0.00	0.00	13.4	17.1	19.1	32.8	53.4	58.3	194.14	0.272	0.316	0.375	0.645	0.234	0.000	0.3060	0.4539	1.0000	0.9993	1.0000	0.9041	0.12	47.78	47.90	0.09	0.00	0.00	0.00	0.01	0.02	2.43	5.70	9.72	13.38	10.31	6.22	0.0046	0.0000	0.0000	0.0000	0.0000	0.0000	0.1151	0.1547	0.0756	0.0615	0.0029	0.0000	12.04	0.02
1990-10-31	Perennial Ryegrass	0.00	0.22	0.33	0.33	0.00	0.63	1	0	0.62	577.26	0.00	21.18	15.04	0.00	0.00	0.00	0.00	0.00	0.00	0.00	0.00	0.00	0.00	0.00	0.00	0.00	0.00	0.00	0.00	0.00	0.00	0.00	0.00	0.00	0.00	0.00	0.00	13.0	16.9	18.9	32.5	53.0	58.1	192.39	0.170	0.207	0.252	0.439	0.223	0.000	0.3162	0.5235	1.0000	0.9996	1.0000	0.9538	0.12	47.41	47.53	0.10	0.00	0.00	0.00	0.01	0.02	2.42	5.58	9.64	13.30	10.27	6.20	0.0040	0.0000	0.0000	0.0000	0.0000	0.0000	0.0950	0.0971	0.0793	0.0697	0.0049	0.0000	12.49	0.02
1990-11-01	Perennial Ryegrass	0.00	0.22	0.34	0.34	0.00	0.63	1	0	0.64	603.92	0.00	26.50	18.81	0.00	0.00	0.00	0.00	0.00	0.00	0.00	0.00	0.00	0.00	0.00	0.00	0.00	0.00	0.00	0.00	0.00	0.00	0.00	0.00	0.00	0.00	0.00	0.00	12.6	16.6	18.6	32.1	52.5	57.9	190.47	0.184	0.237	0.296	0.519	0.332	0.000	0.3265	0.5459	1.0000	0.9997	1.0000	0.6586	0.13	47.03	47.16	0.10	0.00	0.00	0.00	0.01	0.02	2.41	5.45	9.56	13.21	10.22	6.19	0.0041	0.0000	0.0000	0.0000	0.0000	0.0000	0.0937	0.1103	0.0828	0.0775	0.0069	0.0000	13.05	0.02
1990-11-02	Perennial Ryegrass	0.00	0.22	0.35	0.35	0.00	0.64	1	0	0.66	626.15	0.00	25.43	18.05	0.00	0.00	0.00	0.00	0.00	0.00	0.00	0.00	0.00	0.00	0.00	0.00	0.00	0.00	0.00	0.00	0.00	0.00	0.00	0.00	0.00	0.00	0.00	0.00	9.3	16.4	18.4	31.8	52.1	57.8	185.74	0.148	0.203	0.260	0.460	0.357	0.000	0.3366	0.5198	1.0000	0.9998	1.0000	0.6475	0.13	46.63	46.75	0.10	0.00	0.00	0.00	0.01	0.02	2.36	5.33	9.47	13.11	10.18	6.18	0.0036	0.0000	0.0000	0.0000	0.0000	0.0000	0.0838	0.0944	0.0870	0.0873	0.0100	0.0000	13.61	0.02
1990-11-03	Perennial Ryegrass	0.00	0.23	0.36	0.36	0.00	0.65	1	0	0.69	647.30	0.00	23.60	16.75	0.00	0.00	0.00	0.00	0.00	0.00	0.00	0.00	0.00	0.00	0.00	0.00	0.00	0.00	0.00	0.00	0.00	0.00	0.00	0.00	0.00	0.00	0.00	0.00	7.9	16.1	18.2	31.3	51.5	57.7	182.57	0.000	0.236	0.311	0.556	0.495	0.000	0.3463	0.8852	1.0000	0.9998	1.0000	0.4682	0.13	46.26	46.39	0.10	0.00	0.00	0.00	0.01	0.02	2.38	5.20	9.38	13.00	10.13	6.17	0.0012	0.0000	0.0000	0.0000	0.0000	0.0000	0.0273	0.1093	0.0906	0.0967	0.0133	0.0000	14.07	0.02
1990-11-04	Perennial Ryegrass	0.00	0.27	0.37	0.37	0.00	0.66	1	0	0.71	650.00	0.00	24.54	17.40	0.00	0.00	0.00	0.00	0.00	0.00	0.00	0.00	0.00	0.00	0.00	0.00	0.00	0.00	0.00	0.00	0.00	0.00	0.00	0.00	0.00	0.00	0.00	0.00	18.0	18.5	18.0	31.0	50.9	57.5	193.89	0.000	0.196	0.266	0.483	0.484	0.000	0.3571	0.5905	1.0000	0.9998	1.0000	0.5604	0.15	45.91	46.06	0.11	0.00	0.00	0.00	0.01	0.02	2.13	5.35	9.32	12.87	10.09	6.16	0.0008	0.0000	0.0000	0.0000	0.0000	0.0000	0.0151	0.0956	0.1040	0.1228	0.0223	0.0000	14.64	0.02
1990-11-05	Perennial Ryegrass	0.00	0.26	0.38	0.38	0.00	0.67	1	0	0.75	650.00	0.00	37.45	26.55	0.00	0.00	0.00	0.00	0.00	0.00	0.00	0.00	0.00	0.00	0.00	0.00	0.00	0.00	0.00	0.00	0.00	0.00	0.00	0.00	0.00	0.00	0.00	0.00	14.4	18.4	18.0	30.7	50.5	57.4	189.40	0.350	0.240	0.177	0.318	0.323	0.000	0.3666	0.5464	1.0000	0.9998	1.0000	0.7956	0.15	45.32	45.48	0.12	0.00	0.00	0.00	0.01	0.02	2.00	5.19	9.24	12.71	10.03	6.15	0.0116	0.0000	0.0000	0.0000	0.0000	0.0000	0.1873	0.1179	0.1195	0.1485	0.0319	0.0000	15.26	0.02
1990-11-06	Perennial Ryegrass	0.00	0.24	0.39	0.39	0.00	0.68	1	0	0.78	650.00	0.00	37.16	26.35	0.00	0.00	0.00	0.00	0.00	0.00	0.00	0.00	0.00	0.00	0.00	0.00	0.00	0.00	0.00	0.00	0.00	0.00	0.00	0.00	0.00	0.00	0.00	0.00	11.5	17.8	17.8	30.3	50.0	57.3	184.66	0.307	0.375	0.280	0.494	0.501	0.000	0.3802	0.6027	1.0000	0.9998	1.0000	0.7770	0.15	44.74	44.89	0.11	0.00	0.00	0.00	0.02	0.02	1.97	4.97	9.14	12.55	9.98	6.14	0.0066	0.0000	0.0000	0.0000	0.0001	0.0000	0.1159	0.1564	0.1285	0.1620	0.0371	0.0000	16.02	0.02
1990-11-07	Perennial Ryegrass	0.00	0.24	0.41	0.41	0.00	0.69	1	0	0.82	650.00	0.00	31.70	22.48	0.00	0.00	0.00	0.00	0.00	0.00	0.00	0.00	0.00	0.00	0.00	0.00	0.00	0.00	0.00	0.00	0.00	0.00	0.00	0.00	0.00	0.00	0.00	0.00	9.4	17.3	17.6	30.0	49.5	57.1	180.95	0.100	0.318	0.255	0.448	0.456	0.000	0.3943	0.5857	1.0000	0.9999	1.0000	0.8763	0.15	44.19	44.34	0.11	0.00	0.00	0.00	0.02	0.02	1.96	4.78	9.04	12.37	9.92	6.12	0.0032	0.0000	0.0000	0.0000	0.0001	0.0000	0.0570	0.1342	0.1327	0.1704	0.0413	0.0000	16.72	0.02
1990-11-08	Perennial Ryegrass	0.00	0.23	0.42	0.42	0.00	0.70	1	0	0.84	650.00	0.00	24.68	17.49	0.00	0.00	0.00	0.00	0.00	0.00	0.00	0.00	0.00	0.00	0.00	0.00	0.00	0.00	0.00	0.00	0.00	0.00	0.00	0.00	0.00	0.00	0.00	0.00	8.5	16.8	17.4	29.6	49.0	57.0	178.38	0.000	0.300	0.255	0.449	0.459	0.000	0.4075	0.4520	1.0000	0.9999	1.0000	1.0000	0.15	43.68	43.82	0.10	0.00	0.00	0.00	0.02	0.02	1.98	4.61	8.92	12.19	9.87	6.11	0.0015	0.0000	0.0000	0.0000	0.0001	0.0000	0.0264	0.1249	0.1351	0.1767	0.0449	0.0000	17.39	0.02
1990-11-09	Perennial Ryegrass	0.00	0.23	0.43	0.43	0.00	0.70	1	0	0.88	650.00	0.00	34.37	24.35	0.00	0.00	0.00	0.00	0.00	0.00	0.00	0.00	0.00	0.00	0.00	0.00	0.00	0.00	0.00	0.00	0.00	0.00	0.00	0.00	0.00	0.00	0.00	0.00	9.5	16.5	17.2	29.3	48.6	56.9	177.87	0.000	0.268	0.241	0.427	0.441	0.000	0.4174	0.9409	1.0000	0.9999	1.0000	0.6227	0.15	43.15	43.30	0.10	0.00	0.00	0.00	0.02	0.02	1.99	4.47	8.79	12.00	9.80	6.10	0.0011	0.0000	0.0000	0.0000	0.0001	0.0000	0.0196	0.1127	0.1435	0.1934	0.0522	0.0000	17.89	0.02
1990-11-10	Perennial Ryegrass	0.00	0.24	0.44	0.45	0.00	0.71	1	0	0.92	650.00	0.00	35.57	25.20	0.00	0.00	0.00	0.00	0.00	0.00	0.00	0.00	0.00	0.00	0.00	0.00	0.00	0.00	0.00	0.00	0.00	0.00	0.00	0.00	0.00	0.00	0.00	0.00	8.4	16.1	17.1	28.9	48.2	56.7	175.40	0.000	0.242	0.227	0.405	0.423	0.000	0.4326	0.6502	1.0000	0.9999	1.0000	0.6656	0.15	42.58	42.73	0.10	0.00	0.00	0.00	0.02	0.03	2.00	4.34	8.64	11.78	9.73	6.09	0.0014	0.0000	0.0000	0.0000	0.0001	0.0000	0.0269	0.1037	0.1562	0.2173	0.0623	0.0000	18.76	0.02
1990-11-11	Perennial Ryegrass	0.00	0.24	0.45	0.45	0.00	0.73	1	0	0.94	650.00	0.00	35.80	25.36	0.00	0.00	0.00	0.00	0.00	0.00	0.00	0.00	0.00	0.00	0.00	0.00	0.00	0.00	0.00	0.00	0.00	0.00	0.00	0.00	0.00	0.00	0.00	0.00	7.7	15.8	16.9	28.6	47.8	56.6	173.28	0.000	0.217	0.214	0.385	0.406	0.000	0.4450	0.4033	1.0000	0.9998	1.0000	0.7968	0.15	41.99	42.14	0.10	0.00	0.00	0.00	0.02	0.03	2.02	4.22	8.48	11.54	9.65	6.08	0.0010	0.0000	0.0000	0.0000	0.0002	0.0000	0.0194	0.0958	0.1664	0.2380	0.0712	0.0000	19.64	0.02
1990-11-12	Perennial Ryegrass	0.00	0.24	0.46	0.46	0.00	0.77	1	0	0.96	650.00	0.00	23.76	16.83	0.00	0.00	0.00	0.00	0.00	0.00	0.00	0.00	0.00	0.00	0.00	0.00	0.00	0.00	0.00	0.00	0.00	0.00	0.00	0.00	0.00	0.00	0.00	0.00	7.0	15.5	16.7	28.3	47.4	56.5	171.33	0.000	0.195	0.201	0.366	0.390	0.000	0.4545	0.3173	0.8231	0.9998	1.0000	1.0000	0.15	41.44	41.59	0.10	0.00	0.00	0.00	0.02	0.03	2.04	4.11	8.33	11.33	9.57	6.07	0.0008	0.0000	0.0000	0.0000	0.0002	0.0000	0.0148	0.0889	0.1494	0.2134	0.0791	0.0000	20.27	0.02
1990-11-13	Perennial Ryegrass	0.00	0.24	0.47	0.47	0.00	0.78	1	0	0.98	650.00	0.00	18.28	12.94	0.00	0.00	0.00	0.00	0.00	0.00	0.00	0.00	0.00	0.00	0.00	0.00	0.00	0.00	0.00	0.00	0.00	0.00	0.00	0.00	0.00	0.00	0.00	0.00	6.4	15.2	16.5	28.0	47.0	56.3	169.52	0.000	0.174	0.188	0.348	0.375	0.000	0.4608	0.3609	0.6281	0.9998	1.0000	1.0000	0.15	40.94	41.09	0.10	0.00	0.00	0.00	0.02	0.03	2.06	4.00	8.20	11.13	9.48	6.06	0.0006	0.0000	0.0000	0.0000	0.0002	0.0000	0.0115	0.0815	0.1365	0.1964	0.0829	0.0000	20.71	0.02
1990-11-14	Perennial Ryegrass	0.00	0.25	0.47	0.47	0.00	0.79	1	0	0.99	650.00	0.00	11.91	8.43	0.00	0.00	0.00	0.00	0.00	0.00	0.00	0.00	0.00	0.00	0.00	0.00	0.00	0.00	0.00	0.00	0.00	0.00	0.00	0.00	0.00	0.00	0.00	0.00	5.8	15.0	16.4	27.7	46.7	56.2	167.82	0.000	0.155	0.177	0.331	0.361	0.000	0.4662	0.4928	0.3844	0.9999	1.0000	1.0000	0.15	40.47	40.62	0.10	0.00	0.00	0.00	0.02	0.03	2.08	3.91	8.08	10.95	9.40	6.05	0.0004	0.0000	0.0000	0.0000	0.0002	0.0000	0.0089	0.0744	0.1257	0.1828	0.0849	0.0000	21.04	0.02
1990-11-15	Perennial Ryegrass	0.00	0.27	0.48	0.48	0.00	0.80	1	0	1.02	650.00	0.00	23.33	16.50	0.00	0.00	0.00	0.00	0.00	0.00	0.00	0.00	0.00	0.00	0.00	0.00	0.00	0.00	0.00	0.00	0.00	0.00	0.00	0.00	0.00	0.00	0.00	0.00	7.2	14.8	16.2	27.5	46.4	56.1	168.14	0.000	0.137	0.165	0.314	0.348	0.000	0.4698	0.5667	0.9653	0.9999	1.0000	1.0000	0.15	40.02	40.18	0.10	0.00	0.00	0.00	0.02	0.03	2.10	3.83	7.96	10.78	9.31	6.04	0.0003	0.0000	0.0000	0.0000	0.0002	0.0000	0.0070	0.0676	0.1164	0.1713	0.0850	0.0000	21.24	0.02
1990-11-16	Perennial Ryegrass	0.00	0.27	0.49	0.49	0.00	0.80	1	0	1.04	650.00	0.00	21.72	15.36	0.00	0.00	0.00	0.00	0.00	0.00	0.00	0.00	0.00	0.00	0.00	0.00	0.00	0.00	0.00	0.00	0.00	0.00	0.00	0.00	0.00	0.00	0.00	0.00	5.4	14.5	16.1	27.2	46.1	56.0	165.32	0.000	0.123	0.155	0.298	0.335	0.000	0.4798	0.5529	0.4846	0.9999	1.0000	1.0000	0.15	39.60	39.75	0.10	0.00	0.00	0.00	0.03	0.03	2.11	3.75	7.86	10.62	9.22	6.03	0.0006	0.0000	0.0000	0.0000	0.0003	0.0000	0.0127	0.0629	0.1079	0.1605	0.0883	0.0000	21.87	0.02
1990-11-17	Perennial Ryegrass	0.00	0.27	0.49	0.49	0.00	0.81	1	0	1.05	650.00	0.00	18.51	13.09	0.00	0.00	0.00	0.00	0.00	0.00	0.00	0.00	0.00	0.00	0.00	0.00	0.00	0.00	0.00	0.00	0.00	0.00	0.00	0.00	0.00	0.00	0.00	0.00	4.9	14.3	15.9	27.0	45.8	55.9	163.87	0.000	0.108	0.145	0.284	0.323	0.000	0.4861	0.6285	0.3716	0.9999	1.0000	1.0000	0.16	39.20	39.36	0.10	0.00	0.00	0.00	0.03	0.03	2.14	3.68	7.76	10.47	9.13	6.02	0.0003	0.0000	0.0000	0.0000	0.0003	0.0000	0.0057	0.0582	0.1006	0.1512	0.0908	0.0000	22.30	0.02
1990-11-18	Perennial Ryegrass	0.00	0.27	0.50	0.50	0.00	0.83	1	0	1.07	650.00	0.00	20.41	14.42	0.00	0.00	0.00	0.00	0.00	0.00	0.00	0.00	0.00	0.00	0.00	0.00	0.00	0.00	0.00	0.00	0.00	0.00	0.00	0.00	0.00	0.00	0.00	0.00	35.0	26.6	20.4	27.3	45.5	55.7	210.66	0.000	0.094	0.135	0.270	0.312	0.000	0.4914	0.5791	0.3828	0.9998	1.0000	1.0000	0.18	38.81	38.98	0.12	0.00	0.00	0.00	0.03	0.03	1.46	3.58	8.14	10.56	9.04	6.02	0.0002	0.0001	0.0000	0.0000	0.0003	0.0000	0.0030	0.0534	0.0999	0.1461	0.0921	0.0000	22.75	0.02
1990-11-19	Perennial Ryegrass	0.00	0.28	0.51	0.51	0.00	0.85	1	0	1.11	650.00	0.00	51.55	36.40	0.00	0.00	0.00	0.00	0.00	0.00	0.00	0.00	0.00	0.00	0.00	0.00	0.00	0.00	0.00	0.00	0.00	0.00	0.00	0.00	0.00	0.00	0.00	0.00	24.3	27.3	23.1	30.2	45.4	55.6	205.94	1.039	0.567	0.267	0.173	0.179	0.000	0.4964	0.4839	1.0000	0.9998	1.0000	1.0000	0.12	37.41	37.53	0.06	0.01	0.00	0.00	0.03	0.03	0.55	2.76	7.65	11.44	9.00	6.01	0.0764	0.0008	0.0000	0.0000	0.0001	0.0000	0.6381	0.4255	0.1764	0.1114	0.0468	0.0000	23.47	0.02
1990-11-20	Perennial Ryegrass	0.00	0.28	0.52	0.52	0.00	0.86	1	0	1.15	650.00	0.00	47.96	33.87	0.00	0.00	0.00	0.00	0.00	0.00	0.00	0.00	0.00	0.00	0.00	0.00	0.00	0.00	0.00	0.00	0.00	0.00	0.00	0.00	0.00	0.00	0.00	0.00	18.8	25.1	23.7	33.3	45.3	55.5	201.76	0.682	0.686	0.437	0.314	0.202	0.000	0.5091	0.4974	1.0000	0.9998	1.0000	1.0000	0.15	36.43	36.58	0.08	0.01	0.00	0.00	0.03	0.03	0.40	2.02	6.78	12.27	8.97	6.00	0.0233	0.0011	0.0001	0.0000	0.0002	0.0000	0.1079	0.3738	0.2555	0.1916	0.0532	0.0000	24.46	0.02
1990-11-21	Perennial Ryegrass	0.00	0.28	0.54	0.54	0.00	0.88	1	0	1.19	650.00	0.00	43.33	30.61	0.00	0.00	0.00	0.00	0.00	0.00	0.00	0.00	0.00	0.00	0.00	0.00	0.00	0.00	0.00	0.00	0.00	0.00	0.00	0.00	0.00	0.00	0.00	0.00	16.4	21.3	23.2	34.7	45.8	55.4	196.72	0.594	0.812	0.654	0.625	0.282	0.000	0.5223	0.5314	1.0000	0.9999	1.0000	1.0000	0.18	35.46	35.64	0.11	0.01	0.00	0.00	0.03	0.03	0.43	1.52	6.00	12.39	9.12	6.00	0.0159	0.0011	0.0001	0.0000	0.0003	0.0000	0.0593	0.2188	0.2969	0.3366	0.0804	0.0000	25.38	0.02
1990-11-22	Perennial Ryegrass	0.00	0.28	0.55	0.55	0.00	0.89	1	0	1.23	650.00	0.00	48.79	34.47	0.00	0.00	0.00	0.00	0.00	0.00	0.00	0.00	0.00	0.00	0.00	0.00	0.00	0.00	0.00	0.00	0.00	0.00	0.00	0.00	0.00	0.00	0.00	0.00	14.2	19.4	21.8	34.8	46.3	55.3	191.83	0.448	0.580	0.644	0.730	0.310	0.000	0.5352	0.4818	0.8874	0.9999	1.0000	1.0000	0.21	34.61	34.83	0.14	0.01	0.00	0.00	0.03	0.03	0.45	1.32	5.38	12.15	9.32	5.99	0.0140	0.0010	0.0002	0.0000	0.0003	0.0000	0.0444	0.1082	0.2611	0.3773	0.0899	0.0000	26.47	0.02
1990-11-23	Perennial Ryegrass	0.00	0.28	0.56	0.56	0.00	0.90	1	0	1.27	650.00	0.00	47.40	33.49	0.00	0.00	0.00	0.00	0.00	0.00	0.00	0.00	0.00	0.00	0.00	0.00	0.00	0.00	0.00	0.00	0.00	0.00	0.00	0.00	0.00	0.00	0.00	0.00	13.1	18.5	20.6	34.4	46.5	55.2	188.36	0.293	0.447	0.548	0.739	0.333	0.000	0.5467	0.5670	0.7409	0.9998	1.0000	1.0000	0.24	33.88	34.12	0.16	0.02	0.01	0.00	0.03	0.03	0.48	1.22	4.99	11.80	9.40	5.98	0.0111	0.0010	0.0002	0.0000	0.0003	0.0000	0.0326	0.0744	0.2078	0.3746	0.0950	0.0000	27.49	0.02
1990-11-24	Perennial Ryegrass	0.00	0.29	0.57	0.57	0.00	0.91	1	0	1.30	650.00	0.00	41.25	29.14	0.00	0.00	0.00	0.00	0.00	0.00	0.00	0.00	0.00	0.00	0.00	0.00	0.00	0.00	0.00	0.00	0.00	0.00	0.00	0.00	0.00	0.00	0.00	0.00	12.1	18.0	19.8	33.9	46.4	55.1	185.31	0.214	0.386	0.465	0.714	0.342	0.000	0.5578	0.3633	0.9699	0.9998	1.0000	1.0000	0.25	33.23	33.48	0.16	0.02	0.01	0.00	0.03	0.03	0.51	1.18	4.73	11.48	9.35	5.98	0.0091	0.0012	0.0003	0.0000	0.0003	0.0000	0.0281	0.0630	0.1706	0.3586	0.0956	0.0000	28.46	0.02
1990-11-25	Perennial Ryegrass	0.00	0.29	0.57	0.57	0.00	0.93	1	0	1.33	650.00	0.00	33.04	23.34	0.00	0.00	0.00	0.00	0.00	0.00	0.00	0.00	0.00	0.00	0.00	0.00	0.00	0.00	0.00	0.00	0.00	0.00	0.00	0.00	0.00	0.00	0.00	0.00	11.3	17.6	19.5	33.0	46.1	55.0	182.57	0.149	0.353	0.405	0.683	0.335	0.000	0.5668	0.2916	1.0000	0.9998	1.0000	1.0000	0.25	32.63	32.88	0.15	0.03	0.01	0.00	0.03	0.03	0.54	1.15	4.62	11.08	9.27	5.97	0.0067	0.0013	0.0003	0.0000	0.0003	0.0000	0.0241	0.0569	0.1490	0.3366	0.0925	0.0000	29.25	0.02
1990-11-26	Perennial Ryegrass	0.00	0.29	0.58	0.58	0.00	0.94	1	0	1.35	650.00	0.00	27.21	19.21	0.00	0.00	0.00	0.00	0.00	0.00	0.00	0.00	0.00	0.00	0.00	0.00	0.00	0.00	0.00	0.00	0.00	0.00	0.00	0.00	0.00	0.00	0.00	0.00	10.6	17.2	19.2	32.3	45.9	54.9	180.07	0.093	0.323	0.383	0.631	0.325	0.000	0.5739	0.4169	0.6743	0.9999	1.0000	1.0000	0.24	32.07	32.31	0.13	0.03	0.01	0.00	0.03	0.03	0.56	1.11	4.51	10.73	9.19	5.97	0.0048	0.0014	0.0003	0.0001	0.0003	0.0000	0.0201	0.0516	0.1397	0.3077	0.0889	0.0000	29.87	0.02
1990-11-27	Perennial Ryegrass	0.00	0.29	0.59	0.59	0.00	0.95	1	0	1.37	650.00	0.00	22.66	16.00	0.00	0.00	0.00	0.00	0.00	0.00	0.00	0.00	0.00	0.00	0.00	0.00	0.00	0.00	0.00	0.00	0.00	0.00	0.00	0.00	0.00	0.00	0.00	0.00	10.0	16.9	18.8	31.6	45.6	54.8	177.78	0.045	0.296	0.361	0.586	0.315	0.000	0.5802	0.3863	0.6665	0.9999	1.0000	1.0000	0.24	31.54	31.78	0.12	0.03	0.01	0.00	0.03	0.03	0.55	1.09	4.41	10.42	9.11	5.96	0.0036	0.0015	0.0004	0.0001	0.0003	0.0000	0.0158	0.0471	0.1302	0.2831	0.0855	0.0000	30.40	0.02
1990-11-28	Perennial Ryegrass	0.00	0.29	0.59	0.59	0.00	0.95	1	0	1.38	650.00	0.00	16.16	11.40	0.00	0.00	0.00	0.00	0.00	0.00	0.00	0.00	0.00	0.00	0.00	0.00	0.00	0.00	0.00	0.00	0.00	0.00	0.00	0.00	0.00	0.00	0.00	0.00	9.5	16.6	18.5	31.0	45.4	54.7	175.68	0.003	0.272	0.338	0.546	0.304	0.000	0.5854	0.3352	0.6116	0.9999	1.0000	1.0000	0.24	31.05	31.29	0.12	0.04	0.01	0.00	0.03	0.03	0.55	1.07	4.30	10.13	9.04	5.96	0.0028	0.0016	0.0004	0.0001	0.0003	0.0000	0.0122	0.0432	0.1212	0.2620	0.0821	0.0000	30.83	0.02
1990-11-29	Perennial Ryegrass	0.00	0.29	0.59	0.59	0.00	0.96	1	0	1.39	650.00	0.00	13.43	9.47	0.00	0.00	0.00	0.00	0.00	0.00	0.00	0.00	0.00	0.00	0.00	0.00	0.00	0.00	0.00	0.00	0.00	0.00	0.00	0.00	0.00	0.00	0.00	0.00	9.1	16.3	18.2	30.4	45.1	54.6	173.71	0.000	0.250	0.316	0.509	0.294	0.000	0.5889	0.5847	0.3642	1.0000	1.0000	1.0000	0.25	30.60	30.85	0.12	0.04	0.02	0.00	0.03	0.03	0.55	1.05	4.21	9.87	8.97	5.95	0.0023	0.0016	0.0004	0.0001	0.0003	0.0000	0.0103	0.0400	0.1128	0.2436	0.0789	0.0000	31.14	0.02
1990-11-30	Perennial Ryegrass	0.00	0.30	0.60	0.60	0.00	0.97	2	0	1.40	650.00	0.00	13.98	9.85	0.00	0.00	0.00	0.00	0.00	0.00	0.00	0.00	0.00	0.00	0.00	0.00	0.00	0.00	0.00	0.00	0.00	0.00	0.00	0.00	0.00	0.00	0.00	0.00	8.6	16.0	17.9	29.9	44.9	54.5	171.86	0.000	0.228	0.295	0.477	0.285	0.000	0.5921	0.4374	0.4303	1.0000	1.0000	1.0000	0.25	30.20	30.45	0.12	0.04	0.02	0.01	0.03	0.03	0.55	1.04	4.12	9.63	8.91	5.95	0.0019	0.0016	0.0005	0.0001	0.0003	0.0000	0.0088	0.0371	0.1050	0.2268	0.0759	0.0000	31.44	0.02
1990-12-01	Perennial Ryegrass	0.00	0.30	0.60	0.60	0.00	0.98	2	0	1.42	650.00	0.00	13.51	9.52	0.00	0.00	0.00	0.00	0.00	0.00	0.00	0.00	0.00	0.00	0.00	0.00	0.00	0.00	0.00	0.00	0.00	0.00	0.00	0.00	0.00	0.00	0.00	0.00	8.2	15.7	17.7	29.5	44.6	54.4	170.12	0.000	0.208	0.275	0.447	0.275	0.000	0.5950	0.6414	0.3228	1.0000	1.0000	1.0000	0.26	29.83	30.09	0.11	0.05	0.02	0.01	0.03	0.03	0.55	1.04	4.04	9.41	8.84	5.95	0.0017	0.0016	0.0005	0.0002	0.0003	0.0000	0.0076	0.0346	0.0977	0.2119	0.0730	0.0000	31.72	0.02
1990-12-02	Perennial Ryegrass	0.00	0.32	0.60	0.60	0.00	0.98	2	0	1.43	650.00	0.00	14.44	10.16	0.00	0.00	0.00	0.00	0.00	0.00	0.00	0.00	0.00	0.00	0.00	0.00	0.00	0.00	0.00	0.00	0.00	0.00	0.00	0.00	0.00	0.00	0.00	0.00	9.3	15.5	17.4	29.1	44.4	54.4	170.01	0.000	0.189	0.256	0.419	0.266	0.000	0.5981	0.6088	0.4622	1.0000	1.0000	1.0000	0.26	29.49	29.75	0.11	0.05	0.02	0.01	0.03	0.03	0.55	1.03	3.97	9.21	8.78	5.95	0.0014	0.0015	0.0005	0.0002	0.0003	0.0000	0.0065	0.0325	0.0911	0.1984	0.0703	0.0000	31.98	0.02
1990-12-03	Perennial Ryegrass	0.00	0.35	0.61	0.61	0.00	0.98	2	0	1.45	650.00	0.00	16.29	11.46	0.00	0.00	0.00	0.00	0.00	0.00	0.00	0.00	0.00	0.00	0.00	0.00	0.00	0.00	0.00	0.00	0.00	0.00	0.00	0.00	0.00	0.00	0.00	0.00	27.0	21.1	19.1	28.7	44.2	54.3	194.34	0.000	0.173	0.239	0.393	0.257	0.000	0.6019	0.4800	0.6849	1.0000	1.0000	1.0000	0.31	29.25	29.56	0.16	0.05	0.03	0.01	0.03	0.03	0.49	1.05	3.99	9.04	8.73	5.95	0.0029	0.0015	0.0006	0.0002	0.0003	0.0000	0.0085	0.0312	0.0870	0.1867	0.0678	0.0000	32.29	0.02
1990-12-04	Perennial Ryegrass	0.00	0.32	0.62	0.62	0.00	0.99	2	0	1.49	650.00	0.00	51.21	36.00	0.00	0.00	0.00	0.00	0.00	0.00	0.00	0.00	0.00	0.00	0.00	0.00	0.00	0.00	0.00	0.00	0.00	0.00	0.00	0.00	0.00	0.00	0.00	0.00	19.7	22.1	20.5	29.1	44.0	54.2	189.51	1.188	0.566	0.357	0.373	0.248	0.000	0.6065	0.5220	1.0000	1.0000	1.0000	1.0000	0.27	28.75	29.02	0.12	0.05	0.03	0.01	0.03	0.03	0.33	0.94	3.85	9.00	8.68	5.95	0.0735	0.0048	0.0009	0.0002	0.0002	0.0000	0.1951	0.0941	0.1200	0.1800	0.0655	0.0000	32.98	0.02
1990-12-05	Perennial Ryegrass	0.00	0.30	0.62	0.62	0.00	0.99	2	0	1.52	650.00	0.00	32.13	22.59	0.00	0.00	0.00	0.00	0.00	0.00	0.00	0.00	0.00	0.00	0.00	0.00	0.00	0.00	0.00	0.00	0.00	0.00	0.00	0.00	0.00	0.00	0.00	0.00	16.1	20.3	20.7	29.7	43.8	54.1	184.68	0.679	0.636	0.453	0.395	0.240	0.000	0.6180	0.3665	0.8364	1.0000	1.0000	1.0000	0.30	28.33	28.63	0.14	0.05	0.03	0.01	0.03	0.03	0.35	0.79	3.62	8.99	8.63	5.95	0.0297	0.0061	0.0012	0.0003	0.0002	0.0000	0.0722	0.0979	0.1437	0.1905	0.0634	0.0000	33.94	0.02
1990-12-06	Perennial Ryegrass	0.00	0.28	0.63	0.63	0.00	0.99	2	0	1.54	650.00	0.00	23.25	16.34	0.00	0.00	0.00	0.00	0.00	0.00	0.00	0.00	0.00	0.00	0.00	0.00	0.00	0.00	0.00	0.00	0.00	0.00	0.00	0.00	0.00	0.00	0.00	0.00	13.5	18.9	20.2	29.8	43.6	54.0	180.12	0.428	0.508	0.471	0.431	0.232	0.000	0.6243	0.3642	0.7312	1.0000	1.0000	1.0000	0.33	27.97	28.30	0.16	0.05	0.03	0.01	0.03	0.04	0.41	0.72	3.41	8.90	8.58	5.95	0.0195	0.0049	0.0013	0.0003	0.0002	0.0000	0.0477	0.0653	0.1425	0.2034	0.0614	0.0000	34.52	0.02
1990-12-07	Perennial Ryegrass	0.00	0.27	0.63	0.63	0.00	1.00	2	0	1.55	650.00	0.00	17.25	12.12	0.00	0.00	0.00	0.00	0.00	0.00	0.00	0.00	0.00	0.00	0.00	0.00	0.00	0.00	0.00	0.00	0.00	0.00	0.00	0.00	0.00	0.00	0.00	0.00	11.2	18.4	19.6	29.5	43.5	53.9	176.03	0.247	0.414	0.435	0.439	0.225	0.000	0.6288	0.4513	0.5319	1.0000	1.0000	1.0000	0.30	27.66	27.96	0.13	0.06	0.03	0.02	0.03	0.04	0.47	0.71	3.27	8.72	8.53	5.95	0.0095	0.0042	0.0013	0.0004	0.0002	0.0000	0.0328	0.0502	0.1267	0.2036	0.0596	0.0000	34.95	0.02
1990-12-08	Perennial Ryegrass	0.00	0.26	0.64	0.64	0.00	1.00	2	0	1.56	650.00	0.00	15.16	10.64	0.00	0.00	0.00	0.00	0.00	0.00	0.00	0.00	0.00	0.00	0.00	0.00	0.00	0.00	0.00	0.00	0.00	0.00	0.00	0.00	0.00	0.00	0.00	0.00	10.2	17.9	19.1	29.1	43.3	53.8	173.43	0.083	0.375	0.391	0.421	0.219	0.000	0.6323	0.5576	0.3894	1.0000	1.0000	1.0000	0.31	27.32	27.63	0.13	0.06	0.04	0.02	0.03	0.04	0.47	0.70	3.16	8.54	8.49	5.95	0.0050	0.0040	0.0013	0.0004	0.0002	0.0000	0.0175	0.0449	0.1109	0.1933	0.0578	0.0000	35.30	0.02
1990-12-09	Perennial Ryegrass	0.00	0.25	0.64	0.64	0.00	1.00	2	0	1.58	650.00	0.00	22.49	15.77	0.00	0.00	0.00	0.00	0.00	0.00	0.00	0.00	0.00	0.00	0.00	0.00	0.00	0.00	0.00	0.00	0.00	0.00	0.00	0.00	0.00	0.00	0.00	0.00	9.4	17.4	18.7	28.8	43.1	53.8	171.17	0.012	0.341	0.359	0.398	0.212	0.000	0.6351	0.4128	0.6518	1.0000	1.0000	1.0000	0.31	27.01	27.32	0.13	0.06	0.04	0.02	0.03	0.04	0.46	0.70	3.07	8.37	8.44	5.95	0.0033	0.0038	0.0012	0.0004	0.0002	0.0000	0.0118	0.0406	0.0996	0.1818	0.0560	0.0000	35.68	0.02
1990-12-10	Perennial Ryegrass	0.00	0.29	0.65	0.65	0.00	1.00	2	0	1.61	650.00	0.00	25.68	18.01	0.00	0.00	0.00	0.00	0.00	0.00	0.00	0.00	0.00	0.00	0.00	0.00	0.00	0.00	0.00	0.00	0.00	0.00	0.00	0.00	0.00	0.00	0.00	0.00	19.9	19.5	19.0	28.4	43.0	53.7	183.42	0.000	0.309	0.329	0.376	0.205	0.000	0.6397	0.4798	0.6809	1.0000	1.0000	1.0000	0.36	26.81	27.16	0.17	0.07	0.04	0.02	0.03	0.04	0.49	0.73	3.02	8.22	8.40	5.95	0.0034	0.0036	0.0012	0.0004	0.0002	0.0000	0.0095	0.0388	0.0918	0.1725	0.0545	0.0000	36.14	0.02
1990-12-11	Perennial Ryegrass	0.00	0.28	0.65	0.65	0.00	1.00	2	0	1.65	650.00	0.00	45.64	31.98	0.00	0.00	0.00	0.00	0.00	0.00	0.00	0.00	0.00	0.00	0.00	0.00	0.00	0.00	0.00	0.00	0.00	0.00	0.00	0.00	0.00	0.00	0.00	0.00	16.3	19.3	19.3	28.1	42.8	53.6	179.44	0.693	0.452	0.348	0.356	0.199	0.000	0.6455	0.4508	0.8213	1.0000	1.0000	1.0000	0.36	26.48	26.84	0.16	0.07	0.04	0.02	0.03	0.04	0.45	0.69	2.96	8.07	8.36	5.95	0.0376	0.0057	0.0014	0.0004	0.0002	0.0000	0.1001	0.0578	0.0961	0.1650	0.0532	0.0000	36.96	0.02
1990-12-12	Perennial Ryegrass	0.00	0.27	0.66	0.66	0.00	1.00	2	0	1.67	650.00	0.00	32.59	22.84	0.00	0.00	0.00	0.00	0.00	0.00	0.00	0.00	0.00	0.00	0.00	0.00	0.00	0.00	0.00	0.00	0.00	0.00	0.00	0.00	0.00	0.00	0.00	0.00	14.0	18.5	19.0	27.9	42.7	53.5	175.49	0.441	0.442	0.368	0.339	0.193	0.000	0.6537	0.5074	0.5022	1.0000	1.0000	1.0000	0.37	26.18	26.55	0.17	0.07	0.04	0.02	0.03	0.04	0.46	0.65	2.87	7.93	8.31	5.95	0.0227	0.0058	0.0016	0.0005	0.0002	0.0000	0.0587	0.0539	0.0995	0.1577	0.0518	0.0000	37.80	0.02
1990-12-13	Perennial Ryegrass	0.00	0.26	0.66	0.66	0.00	1.00	2	0	1.69	650.00	0.00	27.05	18.96	0.00	0.00	0.00	0.00	0.00	0.00	0.00	0.00	0.00	0.00	0.00	0.00	0.00	0.00	0.00	0.00	0.00	0.00	0.00	0.00	0.00	0.00	0.00	0.00	12.5	17.9	18.6	27.6	42.5	53.4	172.54	0.277	0.385	0.348	0.322	0.187	0.000	0.6591	0.3750	0.6144	1.0000	1.0000	1.0000	0.38	25.90	26.28	0.17	0.07	0.05	0.02	0.03	0.04	0.48	0.62	2.78	7.80	8.27	5.95	0.0147	0.0052	0.0015	0.0005	0.0002	0.0000	0.0397	0.0444	0.0921	0.1503	0.0504	0.0000	38.42	0.02
1990-12-14	Perennial Ryegrass	0.00	0.25	0.67	0.67	0.00	1.01	2	0	1.71	650.00	0.00	20.29	14.21	0.00	0.00	0.00	0.00	0.00	0.00	0.00	0.00	0.00	0.00	0.00	0.00	0.00	0.00	0.00	0.00	0.00	0.00	0.00	0.00	0.00	0.00	0.00	0.00	10.3	17.4	18.2	27.3	42.4	53.4	169.01	0.172	0.345	0.320	0.306	0.181	0.000	0.6636	0.5262	0.3601	1.0000	1.0000	1.0000	0.36	25.63	25.99	0.15	0.07	0.05	0.02	0.03	0.04	0.48	0.60	2.70	7.67	8.23	5.95	0.0093	0.0048	0.0015	0.0004	0.0002	0.0000	0.0282	0.0385	0.0835	0.1429	0.0491	0.0000	38.91	0.02
1990-12-15	Perennial Ryegrass	0.00	0.24	0.67	0.67	0.00	1.01	2	0	1.72	650.00	0.00	15.70	10.99	0.00	0.00	0.00	0.00	0.00	0.00	0.00	0.00	0.00	0.00	0.00	0.00	0.00	0.00	0.00	0.00	0.00	0.00	0.00	0.00	0.00	0.00	0.00	0.00	8.6	17.0	17.9	27.1	42.3	53.3	166.12	0.018	0.311	0.295	0.291	0.176	0.000	0.6670	0.5050	0.3395	1.0000	1.0000	1.0000	0.37	25.37	25.73	0.15	0.08	0.05	0.02	0.03	0.04	0.47	0.59	2.63	7.54	8.19	5.94	0.0045	0.0045	0.0014	0.0004	0.0002	0.0000	0.0136	0.0341	0.0759	0.1358	0.0478	0.0000	39.29	0.02
1990-12-16	Perennial Ryegrass	0.00	0.23	0.67	0.67	0.00	1.01	2	0	1.73	650.00	0.00	14.42	10.09	0.00	0.00	0.00	0.00	0.00	0.00	0.00	0.00	0.00	0.00	0.00	0.00	0.00	0.00	0.00	0.00	0.00	0.00	0.00	0.00	0.00	0.00	0.00	0.00	7.7	16.6	17.6	26.9	42.1	53.2	164.03	0.000	0.280	0.272	0.276	0.170	0.000	0.6696	0.6303	0.3368	1.0000	1.0000	1.0000	0.37	25.14	25.51	0.15	0.08	0.05	0.02	0.03	0.04	0.47	0.58	2.57	7.43	8.15	5.94	0.0025	0.0042	0.0014	0.0004	0.0002	0.0000	0.0078	0.0306	0.0696	0.1295	0.0466	0.0000	39.59	0.02
1990-12-17	Perennial Ryegrass	0.00	0.23	0.67	0.67	0.00	1.01	2	0	1.74	650.00	0.00	9.75	6.82	0.00	0.00	0.00	0.00	0.00	0.00	0.00	0.00	0.00	0.00	0.00	0.00	0.00	0.00	0.00	0.00	0.00	0.00	0.00	0.00	0.00	0.00	0.00	0.00	6.9	16.2	17.3	26.6	42.0	53.1	162.18	0.000	0.250	0.251	0.261	0.165	0.000	0.6722	0.6740	0.3005	1.0000	1.0000	1.0000	0.37	24.94	25.31	0.14	0.08	0.05	0.02	0.03	0.04	0.47	0.58	2.52	7.31	8.11	5.94	0.0018	0.0040	0.0014	0.0004	0.0002	0.0000	0.0056	0.0280	0.0642	0.1237	0.0455	0.0000	39.83	0.02
1990-12-18	Perennial Ryegrass	0.00	0.23	0.67	0.68	0.00	1.01	2	0	1.74	650.00	0.00	4.25	2.97	0.00	0.00	0.00	0.00	0.00	0.00	0.00	0.00	0.00	0.00	0.00	0.00	0.00	0.00	0.00	0.00	0.00	0.00	0.00	0.00	0.00	0.00	0.00	0.00	6.2	15.8	17.1	26.4	41.9	53.1	160.50	0.000	0.224	0.231	0.247	0.160	0.000	0.6741	1.0000	0.1781	1.0000	1.0000	1.0000	0.37	24.76	25.13	0.14	0.08	0.05	0.02	0.03	0.04	0.47	0.59	2.48	7.21	8.07	5.94	0.0013	0.0037	0.0013	0.0004	0.0002	0.0000	0.0041	0.0259	0.0593	0.1179	0.0444	0.0000	39.99	0.02
1990-12-19	Perennial Ryegrass	0.00	0.23	0.68	0.68	0.00	1.01	2	0	1.77	650.00	0.00	17.64	12.32	0.00	0.00	0.00	0.00	0.00	0.00	0.00	0.00	0.00	0.00	0.00	0.00	0.00	0.00	0.00	0.00	0.00	0.00	0.00	0.00	0.00	0.00	0.00	0.00	6.5	15.5	16.8	26.2	41.8	53.0	159.85	0.000	0.199	0.214	0.234	0.155	0.000	0.6749	0.7649	0.7865	1.0000	1.0000	1.0000	0.37	24.60	24.97	0.14	0.08	0.05	0.02	0.03	0.04	0.47	0.60	2.44	7.11	8.04	5.94	0.0010	0.0033	0.0012	0.0004	0.0001	0.0000	0.0031	0.0240	0.0547	0.1121	0.0432	0.0000	40.08	0.02
1990-12-20	Perennial Ryegrass	0.00	0.23	0.68	0.68	0.00	1.01	2	0	1.78	650.00	0.00	9.73	6.79	0.00	0.00	0.00	0.00	0.00	0.00	0.00	0.00	0.00	0.00	0.00	0.00	0.00	0.00	0.00	0.00	0.00	0.00	0.00	0.00	0.00	0.00	0.00	0.00	5.8	15.3	16.6	26.0	41.6	52.9	158.21	0.000	0.178	0.197	0.222	0.151	0.000	0.6804	0.8751	0.1923	1.0000	1.0000	1.0000	0.36	24.44	24.81	0.14	0.08	0.05	0.02	0.03	0.04	0.48	0.61	2.41	7.01	8.00	5.94	0.0011	0.0030	0.0012	0.0003	0.0001	0.0000	0.0035	0.0227	0.0512	0.1077	0.0423	0.0000	40.52	0.02
1990-12-21	Perennial Ryegrass	0.00	0.23	0.68	0.68	0.00	1.02	2	0	1.79	650.00	0.00	10.82	7.54	0.00	0.00	0.00	0.00	0.00	0.00	0.00	0.00	0.00	0.00	0.00	0.00	0.00	0.00	0.00	0.00	0.00	0.00	0.00	0.00	0.00	0.00	0.00	0.00	5.2	15.0	16.4	25.8	41.5	52.9	156.83	0.000	0.158	0.182	0.210	0.146	0.000	0.6820	0.6073	0.3255	1.0000	1.0000	1.0000	0.36	24.30	24.65	0.14	0.07	0.05	0.02	0.03	0.04	0.48	0.61	2.38	6.92	7.97	5.94	0.0008	0.0026	0.0011	0.0003	0.0001	0.0000	0.0025	0.0213	0.0477	0.1030	0.0414	0.0000	40.72	0.02
1990-12-22	Perennial Ryegrass	0.00	0.23	0.68	0.68	0.00	1.02	2	0	1.79	650.00	0.00	1.81	1.26	0.00	0.00	0.00	0.00	0.00	0.00	0.00	0.00	0.00	0.00	0.00	0.00	0.00	0.00	0.00	0.00	0.00	0.00	0.00	0.00	0.00	0.00	0.00	0.00	4.7	14.8	16.2	25.6	41.4	52.8	155.55	0.000	0.140	0.168	0.199	0.142	0.000	0.6840	1.0000	0.1820	1.0000	1.0000	1.0000	0.35	24.15	24.50	0.14	0.07	0.05	0.02	0.02	0.04	0.48	0.62	2.35	6.83	7.93	5.94	0.0006	0.0023	0.0010	0.0003	0.0001	0.0000	0.0019	0.0199	0.0447	0.0987	0.0405	0.0000	40.85	0.02
1990-12-23	Perennial Ryegrass	0.00	0.23	0.69	0.69	0.00	1.02	2	0	1.79	650.00	0.00	4.50	3.13	0.00	0.00	0.00	0.00	0.00	0.00	0.00	0.00	0.00	0.00	0.00	0.00	0.00	0.00	0.00	0.00	0.00	0.00	0.00	0.00	0.00	0.00	0.00	0.00	4.2	14.5	16.0	25.5	41.3	52.7	154.35	0.000	0.123	0.155	0.188	0.137	0.000	0.6844	1.0000	0.1236	1.0000	1.0000	1.0000	0.34	24.01	24.35	0.14	0.06	0.05	0.02	0.02	0.04	0.49	0.62	2.32	6.74	7.90	5.94	0.0004	0.0019	0.0009	0.0003	0.0001	0.0000	0.0014	0.0185	0.0416	0.0940	0.0394	0.0000	40.92	0.02
1990-12-24	Perennial Ryegrass	0.00	0.24	0.69	0.69	0.00	1.02	2	0	1.80	650.00	0.00	7.52	5.23	0.00	0.00	0.00	0.00	0.00	0.00	0.00	0.00	0.00	0.00	0.00	0.00	0.00	0.00	0.00	0.00	0.00	0.00	0.00	0.00	0.00	0.00	0.00	0.00	3.8	14.3	15.9	25.3	41.2	52.6	153.22	0.000	0.107	0.143	0.179	0.133	0.000	0.6851	0.8211	0.1409	1.0000	1.0000	1.0000	0.33	23.88	24.21	0.14	0.06	0.05	0.02	0.02	0.04	0.49	0.62	2.30	6.66	7.87	5.94	0.0003	0.0016	0.0009	0.0003	0.0001	0.0000	0.0010	0.0172	0.0389	0.0898	0.0384	0.0000	41.06	0.02
1990-12-25	Perennial Ryegrass	0.00	0.24	0.69	0.69	0.00	1.02	2	0	1.80	650.00	0.00	6.06	4.21	0.00	0.00	0.00	0.00	0.00	0.00	0.00	0.00	0.00	0.00	0.00	0.00	0.00	0.00	0.00	0.00	0.00	0.00	0.00	0.00	0.00	0.00	0.00	0.00	3.4	14.1	15.7	25.2	41.1	52.6	152.16	0.000	0.093	0.132	0.169	0.129	0.000	0.6862	1.0000	0.1362	1.0000	1.0000	1.0000	0.33	23.75	24.07	0.14	0.05	0.05	0.02	0.02	0.04	0.49	0.62	2.28	6.58	7.84	5.93	0.0002	0.0014	0.0008	0.0003	0.0001	0.0000	0.0008	0.0161	0.0366	0.0862	0.0376	0.0000	41.19	0.02
1990-12-26	Perennial Ryegrass	0.00	0.24	0.69	0.69	0.00	1.02	2	0	1.80	650.00	0.00	3.22	2.24	0.00	0.00	0.00	0.00	0.00	0.00	0.00	0.00	0.00	0.00	0.00	0.00	0.00	0.00	0.00	0.00	0.00	0.00	0.00	0.00	0.00	0.00	0.00	0.00	3.0	14.0	15.6	25.0	41.1	52.5	151.16	0.000	0.079	0.122	0.160	0.126	0.000	0.6872	1.0000	0.1111	1.0000	1.0000	1.0000	0.32	23.62	23.94	0.14	0.05	0.05	0.02	0.02	0.04	0.50	0.62	2.26	6.51	7.80	5.93	0.0002	0.0012	0.0007	0.0002	0.0001	0.0000	0.0006	0.0150	0.0344	0.0827	0.0367	0.0000	41.29	0.02
1990-12-27	Perennial Ryegrass	0.00	0.24	0.69	0.69	0.00	1.03	2	0	1.80	650.00	0.00	-3.65	0.00	0.00	0.00	0.00	0.00	0.00	0.00	0.00	0.00	0.00	0.00	0.00	0.00	0.00	0.00	0.00	0.00	0.00	0.00	0.00	0.00	0.00	0.00	0.00	0.00	2.6	13.8	15.5	24.9	41.0	52.4	150.21	0.000	0.067	0.113	0.152	0.122	0.000	0.6877	1.0000	0.1717	1.0000	1.0000	1.0000	0.31	23.50	23.81	0.14	0.04	0.04	0.02	0.02	0.04	0.50	0.62	2.24	6.43	7.77	5.93	0.0001	0.0010	0.0006	0.0002	0.0001	0.0000	0.0004	0.0139	0.0324	0.0793	0.0358	0.0000	41.28	0.02
1990-12-28	Perennial Ryegrass	0.00	0.24	0.68	0.68	0.00	1.03	2	0	1.79	650.00	0.00	-8.56	0.00	0.00	0.00	0.00	0.00	0.00	0.00	0.00	0.00	0.00	0.00	0.00	0.00	0.00	0.00	0.00	0.00	0.00	0.00	0.00	0.00	0.00	0.00	0.00	0.00	2.3	13.6	15.4	24.8	40.9	52.4	149.37	0.000	0.055	0.104	0.144	0.119	0.000	0.6868	1.0000	0.0838	1.0000	1.0000	1.0000	0.30	23.39	23.69	0.14	0.04	0.04	0.02	0.02	0.04	0.51	0.62	2.22	6.37	7.74	5.93	0.0001	0.0008	0.0006	0.0002	0.0001	0.0000	0.0003	0.0129	0.0304	0.0758	0.0349	0.0000	41.15	0.02
1990-12-29	Perennial Ryegrass	0.00	0.24	0.68	0.68	0.00	1.03	2	0	1.78	650.00	0.00	-3.42	0.00	0.00	0.00	0.00	0.00	0.00	0.00	0.00	0.00	0.00	0.00	0.00	0.00	0.00	0.00	0.00	0.00	0.00	0.00	0.00	0.00	0.00	0.00	0.00	0.00	2.3	13.5	15.3	24.7	40.8	52.3	148.86	0.000	0.045	0.096	0.137	0.115	0.000	0.6846	1.0000	0.0986	1.0000	1.0000	1.0000	0.30	23.27	23.57	0.14	0.04	0.04	0.02	0.02	0.04	0.51	0.61	2.20	6.30	7.72	5.93	0.0001	0.0008	0.0005	0.0002	0.0001	0.0000	0.0002	0.0119	0.0286	0.0725	0.0340	0.0000	40.99	0.02
1990-12-30	Perennial Ryegrass	0.00	0.24	0.68	0.68	0.00	1.03	2	0	1.78	650.00	0.00	-3.70	0.00	0.00	0.00	0.00	0.00	0.00	0.00	0.00	0.00	0.00	0.00	0.00	0.00	0.00	0.00	0.00	0.00	0.00	0.00	0.00	0.00	0.00	0.00	0.00	0.00	2.3	13.4	15.2	24.5	40.7	52.3	148.39	0.000	0.035	0.089	0.130	0.112	0.000	0.6837	1.0000	0.1241	1.0000	1.0000	1.0000	0.30	23.17	23.46	0.14	0.04	0.04	0.02	0.02	0.04	0.52	0.60	2.19	6.24	7.69	5.93	0.0001	0.0007	0.0005	0.0002	0.0001	0.0000	0.0002	0.0110	0.0270	0.0695	0.0331	0.0000	40.90	0.02
1990-12-31	Perennial Ryegrass	0.00	0.25	0.68	0.68	0.00	1.03	2	0	1.77	650.00	0.00	-4.86	0.00	0.00	0.00	0.00	0.00	0.00	0.00	0.00	0.00	0.00	0.00	0.00	0.00	0.00	0.00	0.00	0.00	0.00	0.00	0.00	0.00	0.00	0.00	0.00	0.00	2.3	13.3	15.1	24.4	40.6	52.2	147.94	0.000	0.027	0.082	0.123	0.109	0.000	0.6827	1.0000	0.1172	1.0000	1.0000	1.0000	0.29	23.06	23.36	0.14	0.04	0.03	0.02	0.02	0.04	0.52	0.60	2.17	6.18	7.66	5.93	0.0001	0.0007	0.0004	0.0002	0.0001	0.0000	0.0002	0.0101	0.0255	0.0666	0.0323	0.0000	40.80	0.02
1991-01-01	Perennial Ryegrass	0.00	0.25	0.68	0.68	0.00	1.04	2	0	1.75	650.00	0.00	-14.27	0.00	0.00	0.00	0.00	0.00	0.00	0.00	0.00	0.00	0.00	0.00	0.00	0.00	0.00	0.00	0.00	0.00	0.00	0.00	0.00	0.00	0.00	0.00	0.00	0.00	2.3	13.2	15.0	24.3	40.6	52.1	147.52	0.000	0.019	0.076	0.117	0.106	0.000	0.6814	1.0000	0.0875	1.0000	1.0000	1.0000	0.29	22.96	23.25	0.14	0.04	0.03	0.02	0.02	0.04	0.53	0.59	2.16	6.12	7.64	5.93	0.0001	0.0006	0.0004	0.0002	0.0001	0.0000	0.0002	0.0094	0.0242	0.0640	0.0315	0.0000	40.60	0.02
1991-01-02	Perennial Ryegrass	0.00	0.25	0.67	0.68	0.00	1.04	2	0	1.74	650.00	0.00	-10.24	0.00	0.00	0.00	0.00	0.00	0.00	0.00	0.00	0.00	0.00	0.00	0.00	0.00	0.00	0.00	0.00	0.00	0.00	0.00	0.00	0.00	0.00	0.00	0.00	0.00	2.3	13.1	14.9	24.3	40.5	52.1	147.12	0.000	0.012	0.070	0.111	0.103	0.000	0.6775	1.0000	0.0961	1.0000	1.0000	1.0000	0.29	22.86	23.15	0.14	0.04	0.03	0.01	0.02	0.04	0.53	0.58	2.15	6.07	7.61	5.93	0.0001	0.0006	0.0003	0.0002	0.0001	0.0000	0.0002	0.0087	0.0229	0.0613	0.0307	0.0000	40.28	0.02
1991-01-03	Perennial Ryegrass	0.00	0.26	0.67	0.67	0.00	1.04	2	0	1.71	650.00	0.00	-16.31	0.00	0.00	0.00	0.00	0.00	0.00	0.00	0.00	0.00	0.00	0.00	0.00	0.00	0.00	0.00	0.00	0.00	0.00	0.00	0.00	0.00	0.00	0.00	0.00	0.00	2.3	13.0	14.8	24.2	40.4	52.0	146.75	0.000	0.006	0.064	0.105	0.100	0.000	0.6746	1.0000	0.0707	1.0000	1.0000	1.0000	0.28	22.77	23.05	0.14	0.04	0.03	0.01	0.02	0.05	0.54	0.57	2.14	6.02	7.59	5.93	0.0001	0.0006	0.0003	0.0001	0.0001	0.0000	0.0002	0.0081	0.0217	0.0589	0.0299	0.0000	39.98	0.02
1991-01-04	Perennial Ryegrass	0.00	0.26	0.66	0.67	0.01	1.04	2	0	1.69	650.00	0.00	-19.05	0.00	0.00	0.00	0.00	0.00	0.00	0.00	0.00	0.00	0.00	0.00	0.00	0.00	0.00	0.00	0.00	0.00	0.00	0.00	0.00	0.00	0.00	0.00	0.00	0.00	2.2	13.0	14.8	24.1	40.4	52.0	146.41	0.000	0.001	0.059	0.100	0.097	0.000	0.6700	1.0000	0.0653	1.0000	1.0000	1.0000	0.28	22.68	22.96	0.14	0.04	0.03	0.01	0.02	0.05	0.54	0.56	2.13	5.97	7.56	5.93	0.0000	0.0005	0.0003	0.0001	0.0001	0.0000	0.0002	0.0076	0.0206	0.0565	0.0292	0.0000	39.55	0.02
1991-01-05	Perennial Ryegrass	0.00	0.63	0.66	0.66	0.01	1.04	2	0	1.65	650.00	0.00	-25.54	0.00	0.00	0.00	0.00	0.00	0.00	0.00	0.00	0.00	0.00	0.00	0.00	0.00	0.00	0.00	0.00	0.00	0.00	0.00	0.00	0.00	0.00	0.00	0.00	0.00	30.4	21.3	16.8	24.0	40.3	51.9	184.73	0.000	0.001	0.055	0.095	0.095	0.000	0.6642	1.0000	0.0552	1.0000	1.0000	1.0000	0.38	22.73	23.11	0.20	0.06	0.04	0.01	0.02	0.04	0.47	0.66	2.19	5.92	7.54	5.94	0.0001	0.0008	0.0004	0.0001	0.0001	0.0000	0.0001	0.0088	0.0203	0.0543	0.0284	0.0000	39.03	0.02
1991-01-06	Perennial Ryegrass	0.00	0.64	0.67	0.68	0.01	1.04	2	0	1.73	650.00	0.00	76.65	53.01	0.00	0.00	0.00	0.00	0.00	0.00	0.00	0.00	0.00	0.00	0.00	0.00	0.00	0.00	0.00	0.00	0.00	0.00	0.00	0.00	0.00	0.00	0.00	0.00	22.7	23.1	19.7	24.1	40.2	51.8	181.63	1.429	0.580	0.196	0.092	0.092	0.000	0.6562	0.9062	1.0000	1.0000	1.0000	1.0000	0.29	22.46	22.75	0.10	0.06	0.05	0.02	0.02	0.04	0.23	0.62	2.25	5.89	7.52	5.94	0.1218	0.0079	0.0011	0.0001	0.0001	0.0000	0.2695	0.0753	0.0464	0.0526	0.0276	0.0000	39.16	0.02
1991-01-07	Perennial Ryegrass	0.00	0.62	0.68	0.68	0.01	1.05	2	0	1.75	650.00	0.00	34.39	23.84	0.00	0.00	0.00	0.00	0.00	0.00	0.00	0.00	0.00	0.00	0.00	0.00	0.00	0.00	0.00	0.00	0.00	0.00	0.00	0.00	0.00	0.00	0.00	0.00	17.4	22.1	20.8	25.1	40.2	51.8	177.32	0.889	0.705	0.399	0.094	0.090	0.000	0.6733	0.4249	0.6795	1.0000	1.0000	1.0000	0.31	22.30	22.61	0.11	0.06	0.06	0.02	0.02	0.04	0.22	0.52	2.15	5.96	7.50	5.95	0.0425	0.0116	0.0024	0.0002	0.0001	0.0000	0.0781	0.0926	0.0846	0.0548	0.0274	0.0000	40.59	0.02
1991-01-08	Perennial Ryegrass	0.00	0.60	0.68	0.69	0.02	1.05	2	0	1.78	650.00	0.00	39.08	27.11	0.00	0.00	0.00	0.00	0.00	0.00	0.00	0.00	0.00	0.00	0.00	0.00	0.00	0.00	0.00	0.00	0.00	0.00	0.00	0.00	0.00	0.00	0.00	0.00	15.8	19.8	20.6	25.9	40.1	51.7	174.07	0.518	0.638	0.474	0.154	0.087	0.000	0.6780	0.5128	0.8500	1.0000	1.0000	1.0000	0.35	22.15	22.50	0.14	0.07	0.06	0.02	0.02	0.04	0.27	0.44	2.01	6.00	7.48	5.95	0.0233	0.0106	0.0031	0.0002	0.0001	0.0000	0.0413	0.0676	0.0960	0.0721	0.0270	0.0000	41.27	0.02
1991-01-09	Perennial Ryegrass	0.00	0.59	0.69	0.69	0.02	1.05	2	0	1.80	650.00	0.00	23.78	16.51	0.00	0.00	0.00	0.00	0.00	0.00	0.00	0.00	0.00	0.00	0.00	0.00	0.00	0.00	0.00	0.00	0.00	0.00	0.00	0.00	0.00	0.00	0.00	0.00	14.0	18.7	20.0	26.2	40.1	51.7	170.70	0.409	0.478	0.463	0.206	0.085	0.000	0.6846	0.5459	0.5785	1.0000	1.0000	1.0000	0.38	22.02	22.40	0.17	0.07	0.07	0.02	0.02	0.04	0.31	0.42	1.90	5.97	7.46	5.96	0.0208	0.0077	0.0032	0.0003	0.0001	0.0000	0.0374	0.0420	0.0895	0.0871	0.0267	0.0000	41.95	0.02
1991-01-10	Perennial Ryegrass	0.00	0.60	0.69	0.70	0.02	1.05	2	0	1.81	650.00	0.00	17.66	12.26	0.00	0.00	0.00	0.00	0.00	0.00	0.00	0.00	0.00	0.00	0.00	0.00	0.00	0.00	0.00	0.00	0.00	0.00	0.00	0.00	0.00	0.00	0.00	0.00	11.9	18.2	19.4	26.1	40.0	51.6	167.22	0.280	0.400	0.419	0.225	0.083	0.000	0.6880	0.5529	0.4402	1.0000	1.0000	1.0000	0.39	21.90	22.28	0.16	0.08	0.07	0.02	0.02	0.04	0.35	0.42	1.83	5.89	7.44	5.96	0.0137	0.0067	0.0030	0.0004	0.0001	0.0000	0.0298	0.0340	0.0778	0.0917	0.0263	0.0000	42.41	0.02
1991-01-11	Perennial Ryegrass	0.00	0.88	0.69	0.70	0.03	1.05	2	0	1.81	650.00	0.00	12.12	8.42	0.00	0.00	0.00	0.00	0.00	0.00	0.00	0.00	0.00	0.00	0.00	0.00	0.00	0.00	0.00	0.00	0.00	0.00	0.00	0.00	0.00	0.00	0.00	0.00	11.2	17.7	18.9	26.0	40.0	51.5	165.31	0.132	0.363	0.378	0.217	0.081	0.000	0.6900	0.7741	0.2504	1.0000	1.0000	1.0000	0.37	21.82	22.19	0.13	0.08	0.07	0.02	0.02	0.04	0.40	0.43	1.78	5.82	7.42	5.96	0.0069	0.0064	0.0028	0.0004	0.0001	0.0000	0.0205	0.0313	0.0683	0.0889	0.0259	0.0000	42.72	0.02
1991-01-12	Perennial Ryegrass	0.00	0.91	0.69	0.70	0.03	1.05	2	0	1.82	650.00	0.00	13.96	9.69	0.00	0.00	0.00	0.00	0.00	0.00	0.00	0.00	0.00	0.00	0.00	0.00	0.00	0.00	0.00	0.00	0.00	0.00	0.00	0.00	0.00	0.00	0.00	0.00	10.1	17.3	18.5	25.8	39.9	51.5	163.14	0.083	0.329	0.343	0.209	0.080	0.000	0.6911	1.0000	0.3187	1.0000	1.0000	1.0000	0.37	21.71	22.08	0.13	0.09	0.07	0.02	0.02	0.04	0.40	0.44	1.74	5.75	7.40	5.97	0.0054	0.0060	0.0026	0.0004	0.0001	0.0000	0.0164	0.0294	0.0608	0.0857	0.0255	0.0000	42.96	0.02
1991-01-13	Perennial Ryegrass	0.00	0.94	0.69	0.70	0.03	1.06	2	0	1.82	650.00	0.00	9.23	6.40	0.00	0.00	0.00	0.00	0.00	0.00	0.00	0.00	0.00	0.00	0.00	0.00	0.00	0.00	0.00	0.00	0.00	0.00	0.00	0.00	0.00	0.00	0.00	0.00	9.3	16.9	18.1	25.7	39.9	51.4	161.30	0.009	0.299	0.312	0.200	0.078	0.000	0.6932	0.6710	0.2967	1.0000	1.0000	1.0000	0.37	21.62	21.99	0.12	0.09	0.07	0.02	0.01	0.04	0.39	0.47	1.71	5.69	7.39	5.97	0.0035	0.0056	0.0024	0.0004	0.0001	0.0000	0.0108	0.0282	0.0550	0.0827	0.0252	0.0000	43.22	0.02
1991-01-14	Perennial Ryegrass	0.00	0.97	0.69	0.71	0.04	1.06	2	0	1.83	650.00	0.00	8.55	5.93	0.00	0.00	0.00	0.00	0.00	0.00	0.00	0.00	0.00	0.00	0.00	0.00	0.00	0.00	0.00	0.00	0.00	0.00	0.00	0.00	0.00	0.00	0.00	0.00	8.6	16.5	17.7	25.5	39.9	51.4	159.65	0.000	0.271	0.285	0.192	0.076	0.000	0.6940	0.8806	0.2229	1.0000	1.0000	1.0000	0.36	21.55	21.91	0.12	0.09	0.07	0.02	0.01	0.04	0.39	0.49	1.70	5.62	7.37	5.98	0.0026	0.0051	0.0022	0.0003	0.0001	0.0000	0.0082	0.0273	0.0503	0.0798	0.0248	0.0000	43.40	0.02
1991-01-15	Perennial Ryegrass	0.00	1.02	0.70	0.71	0.04	1.06	2	0	1.83	650.00	0.00	8.09	5.61	0.00	0.00	0.00	0.00	0.00	0.00	0.00	0.00	0.00	0.00	0.00	0.00	0.00	0.00	0.00	0.00	0.00	0.00	0.00	0.00	0.00	0.00	0.00	0.00	8.0	16.2	17.4	25.4	39.8	51.3	158.13	0.000	0.245	0.260	0.183	0.074	0.000	0.6948	0.8893	0.2544	1.0000	1.0000	1.0000	0.36	21.48	21.85	0.12	0.09	0.07	0.02	0.01	0.04	0.38	0.52	1.68	5.56	7.35	5.98	0.0021	0.0047	0.0021	0.0003	0.0001	0.0000	0.0065	0.0264	0.0464	0.0770	0.0245	0.0000	43.56	0.02
1991-01-16	Perennial Ryegrass	0.00	1.09	0.70	0.71	0.04	1.06	2	0	1.84	650.00	0.00	12.52	8.68	0.00	0.00	0.00	0.00	0.00	0.00	0.00	0.00	0.00	0.00	0.00	0.00	0.00	0.00	0.00	0.00	0.00	0.00	0.00	0.00	0.00	0.00	0.00	0.00	7.5	15.8	17.1	25.3	39.8	51.3	156.74	0.000	0.221	0.238	0.174	0.073	0.000	0.6957	0.6997	0.2322	1.0000	1.0000	1.0000	0.36	21.41	21.78	0.12	0.09	0.07	0.02	0.01	0.04	0.38	0.54	1.67	5.50	7.33	5.98	0.0017	0.0044	0.0020	0.0003	0.0000	0.0000	0.0052	0.0253	0.0428	0.0742	0.0242	0.0000	43.80	0.02
1991-01-17	Perennial Ryegrass	0.00	1.16	0.70	0.71	0.04	1.06	2	0	1.85	650.00	0.00	13.11	9.08	0.00	0.00	0.00	0.00	0.00	0.00	0.00	0.00	0.00	0.00	0.00	0.00	0.00	0.00	0.00	0.00	0.00	0.00	0.00	0.00	0.00	0.00	0.00	0.00	7.0	15.5	16.9	25.1	39.7	51.2	155.45	0.000	0.198	0.218	0.166	0.071	0.000	0.6973	0.9892	0.3983	1.0000	1.0000	1.0000	0.36	21.34	21.71	0.11	0.09	0.08	0.02	0.01	0.04	0.38	0.56	1.65	5.44	7.31	5.99	0.0013	0.0041	0.0019	0.0003	0.0000	0.0000	0.0042	0.0242	0.0398	0.0718	0.0239	0.0000	43.99	0.02
1991-01-18	Perennial Ryegrass	0.00	1.24	0.70	0.71	0.04	1.07	2	0	1.86	650.00	0.00	8.47	5.87	0.00	0.00	0.00	0.00	0.00	0.00	0.00	0.00	0.00	0.00	0.00	0.00	0.00	0.00	0.00	0.00	0.00	0.00	0.00	0.00	0.00	0.00	0.00	0.00	6.5	15.3	16.6	25.0	39.7	51.2	154.24	0.000	0.177	0.200	0.158	0.069	0.000	0.7002	0.8276	0.2204	1.0000	1.0000	1.0000	0.36	21.27	21.63	0.11	0.09	0.08	0.02	0.01	0.05	0.38	0.58	1.64	5.38	7.29	5.99	0.0011	0.0037	0.0018	0.0003	0.0000	0.0000	0.0034	0.0230	0.0372	0.0695	0.0237	0.0000	44.27	0.02
1991-01-19	Perennial Ryegrass	0.00	1.32	0.70	0.71	0.04	1.07	2	0	1.86	650.00	0.00	5.52	3.82	0.00	0.00	0.00	0.00	0.00	0.00	0.00	0.00	0.00	0.00	0.00	0.00	0.00	0.00	0.00	0.00	0.00	0.00	0.00	0.00	0.00	0.00	0.00	0.00	6.0	15.0	16.4	24.9	39.7	51.1	153.11	0.000	0.158	0.184	0.150	0.068	0.000	0.7012	1.0000	0.1533	1.0000	1.0000	1.0000	0.35	21.20	21.55	0.11	0.09	0.08	0.02	0.01	0.05	0.39	0.59	1.63	5.33	7.28	5.99	0.0009	0.0033	0.0016	0.0003	0.0000	0.0000	0.0028	0.0217	0.0347	0.0671	0.0234	0.0000	44.42	0.02
1991-01-20	Perennial Ryegrass	0.00	1.40	0.70	0.71	0.04	1.07	2	0	1.85	650.00	0.00	-4.49	0.00	0.00	0.00	0.00	0.00	0.00	0.00	0.00	0.00	0.00	0.00	0.00	0.00	0.00	0.00	0.00	0.00	0.00	0.00	0.00	0.00	0.00	0.00	0.00	0.00	5.6	14.8	16.2	24.8	39.6	51.1	152.05	0.000	0.141	0.169	0.142	0.066	0.000	0.7017	1.0000	0.1196	1.0000	1.0000	1.0000	0.35	21.12	21.47	0.11	0.08	0.07	0.02	0.01	0.05	0.39	0.59	1.62	5.27	7.26	5.99	0.0007	0.0029	0.0015	0.0003	0.0000	0.0000	0.0023	0.0204	0.0324	0.0646	0.0230	0.0000	44.42	0.02
1991-01-21	Perennial Ryegrass	0.00	3.91	0.70	0.71	0.05	1.07	2	0	1.86	650.00	0.00	3.98	2.75	0.00	0.00	0.00	0.00	0.00	0.00	0.00	0.00	0.00	0.00	0.00	0.00	0.00	0.00	0.00	0.00	0.00	0.00	0.00	0.00	0.00	0.00	0.00	0.00	17.2	15.7	16.1	24.6	39.6	51.0	164.23	0.000	0.124	0.156	0.135	0.065	0.000	0.7003	1.0000	0.2074	1.0000	1.0000	1.0000	0.40	21.14	21.54	0.16	0.09	0.07	0.02	0.01	0.05	0.44	0.63	1.61	5.22	7.24	6.00	0.0008	0.0029	0.0013	0.0002	0.0000	0.0000	0.0021	0.0201	0.0303	0.0619	0.0226	0.0000	44.36	0.02
1991-01-22	Perennial Ryegrass	0.00	5.84	0.70	0.72	0.04	1.07	2	0	1.87	650.00	0.00	16.55	11.42	0.00	0.00	0.00	0.00	0.00	0.00	0.00	0.00	0.00	0.00	0.00	0.00	0.00	0.00	0.00	0.00	0.00	0.00	0.00	0.00	0.00	0.00	0.00	0.00	22.0	19.5	16.6	24.5	39.5	51.0	173.24	0.505	0.190	0.144	0.128	0.063	0.000	0.7008	0.5769	0.4453	1.0000	1.0000	1.0000	0.40	21.13	21.53	0.16	0.09	0.07	0.02	0.01	0.05	0.40	0.69	1.64	5.17	7.22	6.00	0.0259	0.0040	0.0013	0.0002	0.0000	0.0000	0.0612	0.0291	0.0292	0.0597	0.0223	0.0000	44.58	0.02
1991-01-23	Perennial Ryegrass	0.00	8.06	0.71	0.72	0.04	1.07	2	0	1.91	650.00	0.00	24.98	17.24	0.00	0.00	0.00	0.00	0.00	0.00	0.00	0.00	0.00	0.00	0.00	0.00	0.00	0.00	0.00	0.00	0.00	0.00	0.00	0.00	0.00	0.00	0.00	0.00	30.1	24.6	20.1	24.8	39.5	50.9	190.19	0.511	0.277	0.113	0.075	0.038	0.000	0.7034	1.0000	1.0000	1.0000	1.0000	1.0000	0.38	21.03	21.41	0.14	0.09	0.07	0.02	0.01	0.05	0.28	0.65	1.72	5.16	7.21	6.01	0.0480	0.0084	0.0014	0.0002	0.0000	0.0000	0.0906	0.0607	0.0302	0.0507	0.0187	0.0000	44.72	0.02
1991-01-24	Perennial Ryegrass	0.00	7.38	0.72	0.73	0.04	1.08	2	0	1.97	650.00	0.00	55.49	38.29	0.00	0.00	0.00	0.00	0.00	0.00	0.00	0.00	0.00	0.00	0.00	0.00	0.00	0.00	0.00	0.00	0.00	0.00	0.00	0.00	0.00	0.00	0.00	0.00	22.4	24.8	22.0	26.8	39.5	50.9	186.34	1.319	0.764	0.402	0.132	0.058	0.000	0.7112	0.7609	1.0000	1.0000	1.0000	1.0000	0.29	20.71	21.00	0.07	0.07	0.07	0.02	0.01	0.05	0.12	0.50	1.62	5.26	7.19	6.02	0.1086	0.0205	0.0034	0.0003	0.0000	0.0000	0.1780	0.1347	0.0723	0.0628	0.0214	0.0000	45.61	0.02
1991-01-25	Perennial Ryegrass	0.00	6.83	0.73	0.74	0.04	1.08	2	0	2.01	650.00	0.00	43.34	29.94	0.00	0.00	0.00	0.00	0.00	0.00	0.00	0.00	0.00	0.00	0.00	0.00	0.00	0.00	0.00	0.00	0.00	0.00	0.00	0.00	0.00	0.00	0.00	0.00	17.5	22.9	22.2	28.9	39.5	50.8	181.89	0.866	0.824	0.561	0.258	0.060	0.000	0.7223	0.5373	0.7654	1.0000	1.0000	1.0000	0.32	20.47	20.78	0.09	0.06	0.07	0.03	0.01	0.05	0.11	0.37	1.45	5.33	7.18	6.02	0.0383	0.0195	0.0048	0.0005	0.0000	0.0000	0.0446	0.1076	0.0932	0.0968	0.0219	0.0000	46.71	0.02
1991-01-26	Perennial Ryegrass	0.00	6.39	0.73	0.74	0.04	1.08	2	0	2.03	650.00	0.00	33.81	23.37	0.00	0.00	0.00	0.00	0.00	0.00	0.00	0.00	0.00	0.00	0.00	0.00	0.00	0.00	0.00	0.00	0.00	0.00	0.00	0.00	0.00	0.00	0.00	0.00	15.5	20.2	21.6	30.3	39.5	50.8	177.78	0.524	0.695	0.577	0.385	0.060	0.000	0.7285	0.5594	0.5604	1.0000	1.0000	1.0000	0.36	20.28	20.64	0.13	0.07	0.07	0.03	0.01	0.04	0.16	0.30	1.30	5.32	7.17	6.03	0.0240	0.0144	0.0050	0.0008	0.0000	0.0000	0.0280	0.0635	0.0884	0.1319	0.0219	0.0000	47.51	0.02
1991-01-27	Perennial Ryegrass	0.00	6.06	0.74	0.75	0.04	1.08	2	0	2.05	650.00	0.00	30.71	21.23	0.00	0.00	0.00	0.00	0.00	0.00	0.00	0.00	0.00	0.00	0.00	0.00	0.00	0.00	0.00	0.00	0.00	0.00	0.00	0.00	0.00	0.00	0.00	0.00	14.0	18.9	20.6	30.6	39.5	50.7	174.45	0.385	0.502	0.530	0.465	0.060	0.000	0.7330	0.4684	0.5701	1.0000	1.0000	1.0000	0.40	20.12	20.52	0.16	0.07	0.07	0.04	0.01	0.04	0.21	0.28	1.21	5.23	7.16	6.03	0.0205	0.0095	0.0045	0.0011	0.0000	0.0000	0.0262	0.0356	0.0743	0.1526	0.0220	0.0000	48.19	0.02
1991-01-28	Perennial Ryegrass	0.00	5.82	0.74	0.75	0.04	1.08	2	0	2.08	650.00	0.00	31.94	22.08	0.00	0.00	0.00	0.00	0.00	0.00	0.00	0.00	0.00	0.00	0.00	0.00	0.00	0.00	0.00	0.00	0.00	0.00	0.00	0.00	0.00	0.00	0.00	0.00	12.3	18.3	19.8	30.4	39.5	50.7	171.00	0.283	0.412	0.465	0.488	0.061	0.000	0.7370	0.6442	0.4405	1.0000	1.0000	1.0000	0.41	20.00	20.41	0.16	0.08	0.07	0.04	0.01	0.04	0.27	0.30	1.16	5.09	7.15	6.04	0.0155	0.0081	0.0039	0.0012	0.0000	0.0000	0.0253	0.0288	0.0611	0.1562	0.0221	0.0000	48.83	0.02
1991-01-29	Perennial Ryegrass	0.00	5.67	0.74	0.76	0.04	1.08	2	0	2.10	650.00	0.00	26.52	18.34	0.00	0.00	0.00	0.00	0.00	0.00	0.00	0.00	0.00	0.00	0.00	0.00	0.00	0.00	0.00	0.00	0.00	0.00	0.00	0.00	0.00	0.00	0.00	0.00	10.5	17.9	19.3	29.9	39.5	50.6	167.75	0.158	0.374	0.407	0.473	0.061	0.000	0.7412	0.4911	0.4796	1.0000	1.0000	1.0000	0.40	19.86	20.26	0.14	0.09	0.07	0.04	0.01	0.04	0.28	0.31	1.13	4.95	7.14	6.04	0.0092	0.0079	0.0035	0.0012	0.0000	0.0000	0.0179	0.0271	0.0517	0.1490	0.0222	0.0000	49.43	0.02
1991-01-30	Perennial Ryegrass	0.00	5.56	0.75	0.76	0.04	1.08	2	0	2.11	650.00	0.00	15.42	10.66	0.00	0.00	0.00	0.00	0.00	0.00	0.00	0.00	0.00	0.00	0.00	0.00	0.00	0.00	0.00	0.00	0.00	0.00	0.00	0.00	0.00	0.00	0.00	0.00	8.8	17.4	18.9	29.4	39.5	50.6	164.67	0.036	0.341	0.373	0.443	0.061	0.000	0.7446	0.3271	0.5186	1.0000	1.0000	1.0000	0.40	19.70	20.10	0.14	0.09	0.08	0.04	0.01	0.04	0.28	0.32	1.11	4.82	7.13	6.05	0.0052	0.0075	0.0032	0.0012	0.0000	0.0000	0.0102	0.0256	0.0466	0.1380	0.0222	0.0000	49.84	0.02
1991-01-31	Perennial Ryegrass	0.00	5.48	0.75	0.76	0.04	1.09	2	0	2.12	650.00	0.00	14.20	9.81	0.00	0.00	0.00	0.00	0.00	0.00	0.00	0.00	0.00	0.00	0.00	0.00	0.00	0.00	0.00	0.00	0.00	0.00	0.00	0.00	0.00	0.00	0.00	0.00	8.1	17.0	18.5	29.0	39.5	50.5	162.58	0.000	0.309	0.343	0.415	0.060	0.000	0.7464	0.7601	0.2452	1.0000	1.0000	1.0000	0.40	19.57	19.97	0.13	0.09	0.08	0.04	0.01	0.04	0.27	0.33	1.09	4.71	7.11	6.05	0.0029	0.0071	0.0031	0.0012	0.0000	0.0000	0.0057	0.0242	0.0425	0.1282	0.0221	0.0000	50.14	0.02
1991-02-01	Perennial Ryegrass	0.00	5.45	0.75	0.76	0.04	1.09	2	0	2.13	650.00	0.00	14.37	9.92	0.00	0.00	0.00	0.00	0.00	0.00	0.00	0.00	0.00	0.00	0.00	0.00	0.00	0.00	0.00	0.00	0.00	0.00	0.00	0.00	0.00	0.00	0.00	0.00	7.4	16.6	18.2	28.6	39.5	50.5	160.72	0.000	0.279	0.316	0.389	0.060	0.000	0.7481	0.6220	0.3077	1.0000	1.0000	1.0000	0.41	19.46	19.86	0.13	0.10	0.08	0.04	0.01	0.04	0.27	0.35	1.08	4.60	7.10	6.06	0.0021	0.0066	0.0029	0.0012	0.0000	0.0000	0.0043	0.0232	0.0392	0.1198	0.0221	0.0000	50.43	0.02
1991-02-02	Perennial Ryegrass	0.00	5.47	0.75	0.76	0.04	1.09	2	0	2.14	650.00	0.00	12.92	8.91	0.00	0.00	0.00	0.00	0.00	0.00	0.00	0.00	0.00	0.00	0.00	0.00	0.00	0.00	0.00	0.00	0.00	0.00	0.00	0.00	0.00	0.00	0.00	0.00	6.8	16.2	17.8	28.2	39.5	50.4	159.01	0.000	0.252	0.291	0.364	0.059	0.000	0.7499	0.5335	0.3243	1.0000	1.0000	1.0000	0.41	19.36	19.77	0.13	0.10	0.08	0.04	0.01	0.04	0.27	0.37	1.07	4.50	7.08	6.06	0.0017	0.0062	0.0027	0.0011	0.0000	0.0000	0.0034	0.0224	0.0364	0.1122	0.0221	0.0000	50.71	0.02
1991-02-03	Perennial Ryegrass	0.00	5.54	0.75	0.76	0.04	1.09	2	0	2.15	650.00	0.00	9.95	6.86	0.00	0.00	0.00	0.00	0.00	0.00	0.00	0.00	0.00	0.00	0.00	0.00	0.00	0.00	0.00	0.00	0.00	0.00	0.00	0.00	0.00	0.00	0.00	0.00	6.3	15.9	17.5	27.8	39.4	50.4	157.43	0.000	0.227	0.268	0.342	0.059	0.000	0.7514	0.7743	0.2264	1.0000	1.0000	1.0000	0.41	19.28	19.69	0.13	0.10	0.08	0.04	0.01	0.04	0.27	0.40	1.08	4.40	7.07	6.06	0.0013	0.0058	0.0026	0.0011	0.0000	0.0000	0.0027	0.0221	0.0342	0.1053	0.0220	0.0000	50.94	0.02
1991-02-04	Perennial Ryegrass	0.00	5.63	0.75	0.76	0.04	1.09	2	0	2.15	650.00	0.00	7.25	4.99	0.00	0.00	0.00	0.00	0.00	0.00	0.00	0.00	0.00	0.00	0.00	0.00	0.00	0.00	0.00	0.00	0.00	0.00	0.00	0.00	0.00	0.00	0.00	0.00	5.8	15.6	17.3	27.5	39.4	50.4	155.96	0.000	0.203	0.248	0.320	0.058	0.000	0.7526	0.9107	0.1874	1.0000	1.0000	1.0000	0.40	19.23	19.63	0.13	0.10	0.08	0.04	0.01	0.04	0.28	0.43	1.08	4.32	7.05	6.07	0.0010	0.0052	0.0024	0.0010	0.0000	0.0000	0.0021	0.0220	0.0322	0.0989	0.0218	0.0000	51.11	0.02
1991-02-05	Perennial Ryegrass	0.00	6.78	0.75	0.76	0.05	1.10	2	0	2.15	650.00	0.00	-3.59	0.00	0.00	0.00	0.00	0.00	0.00	0.00	0.00	0.00	0.00	0.00	0.00	0.00	0.00	0.00	0.00	0.00	0.00	0.00	0.00	0.00	0.00	0.00	0.00	0.00	7.5	15.3	17.0	27.2	39.4	50.3	156.80	0.000	0.182	0.229	0.300	0.057	0.000	0.7534	1.0000	0.1480	1.0000	1.0000	1.0000	0.39	19.19	19.59	0.13	0.09	0.08	0.04	0.01	0.04	0.28	0.46	1.09	4.24	7.04	6.08	0.0008	0.0044	0.0022	0.0009	0.0000	0.0000	0.0017	0.0219	0.0306	0.0930	0.0217	0.0000	51.11	0.02
1991-02-06	Perennial Ryegrass	0.00	8.33	0.75	0.77	0.05	1.10	2	0	2.16	650.00	0.00	10.20	7.02	0.00	0.00	0.00	0.00	0.00	0.00	0.00	0.00	0.00	0.00	0.00	0.00	0.00	0.00	0.00	0.00	0.00	0.00	0.00	0.00	0.00	0.00	0.00	0.00	16.0	15.5	16.8	26.9	39.4	50.3	164.80	0.000	0.164	0.212	0.282	0.056	0.000	0.7526	0.7885	0.2969	1.0000	1.0000	1.0000	0.44	19.28	19.73	0.18	0.09	0.08	0.04	0.02	0.04	0.38	0.51	1.11	4.18	7.02	6.08	0.0024	0.0040	0.0020	0.0008	0.0000	0.0000	0.0049	0.0222	0.0290	0.0870	0.0214	0.0000	51.16	0.02
1991-02-07	Perennial Ryegrass	0.00	7.65	0.76	0.77	0.04	1.10	2	0	2.17	650.00	0.00	14.96	10.28	0.00	0.00	0.00	0.00	0.00	0.00	0.00	0.00	0.00	0.00	0.00	0.00	0.00	0.00	0.00	0.00	0.00	0.00	0.00	0.00	0.00	0.00	0.00	0.00	13.9	15.3	16.6	26.6	39.4	50.2	161.99	0.417	0.174	0.196	0.265	0.055	0.000	0.7540	0.6293	0.3639	1.0000	1.0000	1.0000	0.44	19.34	19.78	0.19	0.08	0.07	0.04	0.02	0.04	0.45	0.54	1.13	4.11	7.01	6.09	0.0276	0.0040	0.0019	0.0008	0.0000	0.0000	0.0636	0.0248	0.0279	0.0824	0.0212	0.0000	51.42	0.02
1991-02-08	Perennial Ryegrass	0.00	7.10	0.76	0.77	0.04	1.10	2	0	2.18	650.00	0.00	11.54	7.93	0.00	0.00	0.00	0.00	0.00	0.00	0.00	0.00	0.00	0.00	0.00	0.00	0.00	0.00	0.00	0.00	0.00	0.00	0.00	0.00	0.00	0.00	0.00	0.00	11.8	15.1	16.4	26.4	39.3	50.2	159.24	0.271	0.161	0.182	0.248	0.054	0.000	0.7559	0.7365	0.2775	1.0000	1.0000	1.0000	0.41	19.38	19.78	0.16	0.08	0.07	0.03	0.02	0.04	0.52	0.57	1.14	4.05	6.99	6.10	0.0156	0.0036	0.0017	0.0007	0.0000	0.0000	0.0479	0.0249	0.0267	0.0779	0.0210	0.0000	51.63	0.02
1991-02-09	Perennial Ryegrass	0.00	6.66	0.76	0.77	0.04	1.10	2	0	2.18	650.00	0.00	1.65	1.14	0.00	0.00	0.00	0.00	0.00	0.00	0.00	0.00	0.00	0.00	0.00	0.00	0.00	0.00	0.00	0.00	0.00	0.00	0.00	0.00	0.00	0.00	0.00	0.00	9.9	14.9	16.2	26.2	39.3	50.1	156.67	0.128	0.147	0.169	0.233	0.053	0.000	0.7573	1.0000	0.1497	1.0000	1.0000	1.0000	0.39	19.32	19.70	0.15	0.08	0.07	0.03	0.02	0.04	0.50	0.59	1.15	3.99	6.98	6.10	0.0088	0.0032	0.0015	0.0006	0.0000	0.0000	0.0276	0.0245	0.0255	0.0736	0.0208	0.0000	51.74	0.02
1991-02-10	Perennial Ryegrass	0.00	6.30	0.76	0.77	0.04	1.10	2	0	2.18	650.00	0.00	8.74	6.00	0.00	0.00	0.00	0.00	0.00	0.00	0.00	0.00	0.00	0.00	0.00	0.00	0.00	0.00	0.00	0.00	0.00	0.00	0.00	0.00	0.00	0.00	0.00	0.00	8.9	14.7	16.1	25.9	39.3	50.1	155.00	0.000	0.134	0.156	0.219	0.052	0.000	0.7574	1.0000	0.2137	1.0000	1.0000	1.0000	0.38	19.25	19.63	0.15	0.07	0.07	0.03	0.02	0.04	0.49	0.61	1.16	3.93	6.96	6.11	0.0044	0.0029	0.0014	0.0006	0.0000	0.0000	0.0137	0.0235	0.0243	0.0695	0.0205	0.0000	51.85	0.02
1991-02-11	Perennial Ryegrass	0.00	6.01	0.76	0.77	0.04	1.11	2	0	2.19	650.00	0.00	2.51	1.72	0.00	0.00	0.00	0.00	0.00	0.00	0.00	0.00	0.00	0.00	0.00	0.00	0.00	0.00	0.00	0.00	0.00	0.00	0.00	0.00	0.00	0.00	0.00	0.00	8.0	14.6	15.9	25.7	39.2	50.1	153.54	0.000	0.121	0.145	0.206	0.051	0.000	0.7586	1.0000	0.1839	1.0000	1.0000	1.0000	0.36	19.20	19.56	0.14	0.07	0.06	0.03	0.02	0.04	0.48	0.62	1.16	3.88	6.95	6.11	0.0031	0.0026	0.0013	0.0005	0.0000	0.0000	0.0098	0.0226	0.0232	0.0662	0.0203	0.0000	51.96	0.02
1991-02-12	Perennial Ryegrass	0.00	5.78	0.76	0.77	0.04	1.11	2	0	2.19	650.00	0.00	0.37	0.25	0.00	0.00	0.00	0.00	0.00	0.00	0.00	0.00	0.00	0.00	0.00	0.00	0.00	0.00	0.00	0.00	0.00	0.00	0.00	0.00	0.00	0.00	0.00	0.00	7.3	14.4	15.8	25.5	39.2	50.0	152.23	0.000	0.109	0.134	0.194	0.050	0.000	0.7589	1.0000	0.1737	1.0000	1.0000	1.0000	0.35	19.14	19.49	0.14	0.06	0.06	0.03	0.02	0.04	0.48	0.62	1.17	3.83	6.93	6.12	0.0022	0.0023	0.0012	0.0005	0.0000	0.0000	0.0072	0.0215	0.0221	0.0628	0.0201	0.0000	51.98	0.02
1991-02-13	Perennial Ryegrass	0.00	5.61	0.76	0.77	0.04	1.11	2	0	2.18	650.00	0.00	-7.07	0.00	0.00	0.00	0.00	0.00	0.00	0.00	0.00	0.00	0.00	0.00	0.00	0.00	0.00	0.00	0.00	0.00	0.00	0.00	0.00	0.00	0.00	0.00	0.00	0.00	6.6	14.2	15.7	25.4	39.2	50.0	151.03	0.000	0.097	0.125	0.182	0.049	0.000	0.7589	1.0000	0.1076	1.0000	1.0000	1.0000	0.34	19.08	19.42	0.14	0.06	0.06	0.03	0.02	0.04	0.47	0.63	1.17	3.78	6.91	6.12	0.0017	0.0020	0.0011	0.0005	0.0000	0.0000	0.0054	0.0204	0.0210	0.0596	0.0198	0.0000	51.90	0.02
1991-02-14	Perennial Ryegrass	0.00	5.51	0.76	0.77	0.04	1.11	2	0	2.17	650.00	0.00	-1.86	0.00	0.00	0.00	0.00	0.00	0.00	0.00	0.00	0.00	0.00	0.00	0.00	0.00	0.00	0.00	0.00	0.00	0.00	0.00	0.00	0.00	0.00	0.00	0.00	0.00	6.0	14.1	15.5	25.2	39.2	49.9	149.93	0.000	0.085	0.116	0.172	0.048	0.000	0.7574	1.0000	0.1288	1.0000	1.0000	1.0000	0.33	19.03	19.36	0.14	0.05	0.05	0.03	0.01	0.04	0.47	0.63	1.17	3.73	6.90	6.12	0.0013	0.0017	0.0010	0.0004	0.0000	0.0000	0.0041	0.0192	0.0200	0.0566	0.0195	0.0000	51.79	0.02
1991-02-15	Perennial Ryegrass	0.00	6.45	0.76	0.77	0.05	1.11	2	0	2.17	650.00	0.00	-2.78	0.00	0.00	0.00	0.00	0.00	0.00	0.00	0.00	0.00	0.00	0.00	0.00	0.00	0.00	0.00	0.00	0.00	0.00	0.00	0.00	0.00	0.00	0.00	0.00	0.00	8.9	14.0	15.4	25.0	39.1	49.9	152.35	0.000	0.075	0.107	0.162	0.047	0.000	0.7568	1.0000	0.1806	1.0000	1.0000	1.0000	0.32	18.98	19.30	0.14	0.05	0.05	0.03	0.01	0.04	0.47	0.64	1.18	3.69	6.88	6.13	0.0009	0.0015	0.0008	0.0004	0.0000	0.0000	0.0031	0.0182	0.0191	0.0538	0.0192	0.0000	51.72	0.02
1991-02-16	Perennial Ryegrass	0.00	6.28	0.76	0.77	0.04	1.12	2	0	2.16	650.00	0.00	-1.94	0.00	0.00	0.00	0.00	0.00	0.00	0.00	0.00	0.00	0.00	0.00	0.00	0.00	0.00	0.00	0.00	0.00	0.00	0.00	0.00	0.00	0.00	0.00	0.00	0.00	7.5	13.8	15.3	24.9	39.1	49.8	150.55	0.000	0.067	0.099	0.152	0.046	0.000	0.7561	1.0000	0.1195	1.0000	1.0000	1.0000	0.31	18.92	19.23	0.13	0.05	0.05	0.03	0.01	0.04	0.47	0.64	1.18	3.65	6.87	6.13	0.0028	0.0014	0.0008	0.0004	0.0000	0.0000	0.0093	0.0173	0.0182	0.0513	0.0190	0.0000	51.67	0.02
1991-02-17	Perennial Ryegrass	0.00	6.23	0.76	0.77	0.05	1.12	2	0	2.17	650.00	0.00	5.96	4.06	0.00	0.00	0.00	0.00	0.00	0.00	0.00	0.00	0.00	0.00	0.00	0.00	0.00	0.00	0.00	0.00	0.00	0.00	0.00	0.00	0.00	0.00	0.00	0.00	6.0	13.7	15.2	24.8	39.1	49.8	148.65	0.000	0.059	0.092	0.144	0.045	0.000	0.7555	0.9955	0.1273	1.0000	1.0000	1.0000	0.30	18.86	19.17	0.13	0.05	0.05	0.02	0.01	0.04	0.46	0.63	1.18	3.61	6.85	6.13	0.0017	0.0012	0.0007	0.0003	0.0000	0.0000	0.0057	0.0164	0.0174	0.0489	0.0187	0.0000	51.68	0.02
1991-02-18	Perennial Ryegrass	0.00	6.17	0.76	0.77	0.05	1.12	2	0	2.17	650.00	0.00	0.31	0.21	0.00	0.00	0.00	0.00	0.00	0.00	0.00	0.00	0.00	0.00	0.00	0.00	0.00	0.00	0.00	0.00	0.00	0.00	0.00	0.00	0.00	0.00	0.00	0.00	5.5	13.6	15.1	24.6	39.1	49.8	147.71	0.000	0.050	0.085	0.135	0.044	0.000	0.7561	1.0000	0.1163	1.0000	1.0000	1.0000	0.30	18.80	19.10	0.13	0.04	0.04	0.02	0.01	0.04	0.46	0.62	1.18	3.57	6.84	6.13	0.0009	0.0011	0.0006	0.0003	0.0000	0.0000	0.0030	0.0155	0.0167	0.0471	0.0185	0.0000	51.73	0.02
1991-02-19	Perennial Ryegrass	0.00	6.16	0.75	0.77	0.05	1.12	2	0	2.15	650.00	0.00	-8.20	0.00	0.00	0.00	0.00	0.00	0.00	0.00	0.00	0.00	0.00	0.00	0.00	0.00	0.00	0.00	0.00	0.00	0.00	0.00	0.00	0.00	0.00	0.00	0.00	0.00	5.0	13.5	15.0	24.5	39.1	49.7	146.83	0.000	0.042	0.079	0.128	0.043	0.000	0.7559	1.0000	0.0933	1.0000	1.0000	1.0000	0.29	18.74	19.03	0.13	0.04	0.04	0.02	0.01	0.04	0.47	0.62	1.17	3.53	6.82	6.13	0.0007	0.0011	0.0006	0.0003	0.0000	0.0000	0.0023	0.0145	0.0159	0.0451	0.0183	0.0000	51.63	0.02
1991-02-20	Perennial Ryegrass	0.00	6.19	0.75	0.76	0.05	1.12	2	0	2.14	650.00	0.00	-7.31	0.00	0.00	0.00	0.00	0.00	0.00	0.00	0.00	0.00	0.00	0.00	0.00	0.00	0.00	0.00	0.00	0.00	0.00	0.00	0.00	0.00	0.00	0.00	0.00	0.00	4.5	13.4	15.0	24.4	39.0	49.7	146.00	0.000	0.035	0.073	0.121	0.042	0.000	0.7541	1.0000	0.1256	1.0000	1.0000	1.0000	0.29	18.68	18.97	0.13	0.04	0.04	0.02	0.01	0.04	0.47	0.61	1.17	3.49	6.81	6.13	0.0005	0.0010	0.0005	0.0003	0.0000	0.0000	0.0018	0.0135	0.0152	0.0431	0.0180	0.0000	51.44	0.02
1991-02-21	Perennial Ryegrass	0.00	6.25	0.75	0.76	0.05	1.12	2	0	2.12	650.00	0.00	-10.60	0.00	0.00	0.00	0.00	0.00	0.00	0.00	0.00	0.00	0.00	0.00	0.00	0.00	0.00	0.00	0.00	0.00	0.00	0.00	0.00	0.00	0.00	0.00	0.00	0.00	4.1	13.3	14.9	24.3	39.0	49.6	145.22	0.000	0.028	0.068	0.114	0.041	0.000	0.7523	1.0000	0.1212	1.0000	1.0000	1.0000	0.28	18.62	18.90	0.13	0.04	0.04	0.02	0.01	0.04	0.47	0.59	1.16	3.46	6.79	6.14	0.0004	0.0009	0.0005	0.0003	0.0000	0.0000	0.0013	0.0126	0.0145	0.0414	0.0177	0.0000	51.22	0.02
1991-02-22	Perennial Ryegrass	0.00	6.94	0.74	0.76	0.05	1.12	2	0	2.09	650.00	0.00	-20.79	0.00	0.00	0.00	0.00	0.00	0.00	0.00	0.00	0.00	0.00	0.00	0.00	0.00	0.00	0.00	0.00	0.00	0.00	0.00	0.00	0.00	0.00	0.00	0.00	0.00	4.7	13.2	14.8	24.2	39.0	49.6	145.52	0.000	0.021	0.062	0.108	0.040	0.000	0.7497	1.0000	0.0754	1.0000	1.0000	1.0000	0.28	18.56	18.84	0.13	0.04	0.04	0.02	0.01	0.04	0.47	0.58	1.16	3.42	6.78	6.14	0.0003	0.0009	0.0004	0.0002	0.0000	0.0000	0.0010	0.0117	0.0139	0.0396	0.0174	0.0000	50.84	0.02
1991-02-23	Perennial Ryegrass	0.00	7.01	0.74	0.76	0.06	1.13	2	0	2.06	650.00	0.00	-15.74	0.00	0.00	0.00	0.00	0.00	0.00	0.00	0.00	0.00	0.00	0.00	0.00	0.00	0.00	0.00	0.00	0.00	0.00	0.00	0.00	0.00	0.00	0.00	0.00	0.00	3.9	13.1	14.8	24.1	39.0	49.6	144.45	0.000	0.015	0.058	0.102	0.040	0.000	0.7446	1.0000	0.1281	1.0000	1.0000	1.0000	0.28	18.50	18.78	0.13	0.04	0.03	0.02	0.01	0.04	0.48	0.57	1.16	3.39	6.77	6.14	0.0004	0.0008	0.0004	0.0002	0.0000	0.0000	0.0014	0.0109	0.0133	0.0380	0.0171	0.0000	50.39	0.02
1991-02-24	Perennial Ryegrass	0.00	7.12	0.74	0.75	0.06	1.13	2	0	2.04	650.00	0.00	-13.99	0.00	0.00	0.00	0.00	0.00	0.00	0.00	0.00	0.00	0.00	0.00	0.00	0.00	0.00	0.00	0.00	0.00	0.00	0.00	0.00	0.00	0.00	0.00	0.00	0.00	3.5	13.0	14.7	24.0	38.9	49.5	143.76	0.000	0.009	0.053	0.096	0.039	0.000	0.7403	1.0000	0.0820	1.0000	1.0000	1.0000	0.27	18.45	18.72	0.13	0.04	0.03	0.02	0.01	0.04	0.48	0.56	1.15	3.36	6.75	6.14	0.0002	0.0008	0.0004	0.0002	0.0000	0.0000	0.0009	0.0101	0.0127	0.0364	0.0168	0.0000	50.00	0.02
1991-02-25	Perennial Ryegrass	0.00	7.25	0.73	0.75	0.07	1.13	2	0	2.00	650.00	0.00	-20.89	0.00	0.00	0.00	0.00	0.00	0.00	0.00	0.00	0.00	0.00	0.00	0.00	0.00	0.00	0.00	0.00	0.00	0.00	0.00	0.00	0.00	0.00	0.00	0.00	0.00	3.1	13.0	14.6	23.9	38.9	49.5	143.10	0.000	0.003	0.049	0.091	0.038	0.000	0.7358	1.0000	0.0588	1.0000	1.0000	1.0000	0.27	18.39	18.66	0.13	0.04	0.03	0.02	0.01	0.04	0.48	0.55	1.15	3.33	6.74	6.14	0.0002	0.0007	0.0003	0.0002	0.0000	0.0000	0.0006	0.0095	0.0122	0.0350	0.0165	0.0000	49.58	0.02
1991-02-26	Perennial Ryegrass	0.00	7.38	0.72	0.74	0.08	1.13	2	0	1.95	650.00	0.00	-26.64	0.00	0.00	0.00	0.00	0.00	0.00	0.00	0.00	0.00	0.00	0.00	0.00	0.00	0.00	0.00	0.00	0.00	0.00	0.00	0.00	0.00	0.00	0.00	0.00	0.00	2.6	13.0	14.6	23.9	38.9	49.5	142.47	0.000	0.001	0.045	0.086	0.037	0.000	0.7294	1.0000	0.0477	1.0000	1.0000	1.0000	0.27	18.34	18.61	0.13	0.04	0.03	0.02	0.01	0.04	0.48	0.54	1.15	3.31	6.72	6.14	0.0001	0.0007	0.0003	0.0002	0.0000	0.0000	0.0004	0.0090	0.0116	0.0336	0.0162	0.0000	49.01	0.02
1991-02-27	Perennial Ryegrass	0.00	7.54	0.71	0.74	0.09	1.13	2	0	1.91	650.00	0.00	-17.30	0.00	0.00	0.00	0.00	0.00	0.00	0.00	0.00	0.00	0.00	0.00	0.00	0.00	0.00	0.00	0.00	0.00	0.00	0.00	0.00	0.00	0.00	0.00	0.00	0.00	2.2	13.0	14.6	23.8	38.9	49.4	141.88	0.000	0.001	0.042	0.082	0.036	0.000	0.7210	1.0000	0.0772	1.0000	1.0000	1.0000	0.27	18.29	18.56	0.13	0.04	0.03	0.02	0.01	0.04	0.48	0.53	1.14	3.28	6.71	6.14	0.0001	0.0007	0.0003	0.0002	0.0000	0.0000	0.0003	0.0088	0.0111	0.0323	0.0159	0.0000	48.46	0.02
1991-02-28	Perennial Ryegrass	0.00	7.72	0.71	0.74	0.10	1.13	2	0	1.88	650.00	0.00	-12.77	0.00	0.00	0.00	0.00	0.00	0.00	0.00	0.00	0.00	0.00	0.00	0.00	0.00	0.00	0.00	0.00	0.00	0.00	0.00	0.00	0.00	0.00	0.00	0.00	0.00	2.2	13.0	14.5	23.7	38.9	49.4	141.71	0.000	0.001	0.039	0.077	0.036	0.000	0.7146	1.0000	0.1089	1.0000	1.0000	1.0000	0.26	18.24	18.50	0.13	0.04	0.03	0.02	0.01	0.04	0.48	0.53	1.14	3.26	6.70	6.14	0.0000	0.0006	0.0003	0.0002	0.0000	0.0000	0.0002	0.0085	0.0107	0.0311	0.0156	0.0000	48.08	0.02
1991-03-01	Perennial Ryegrass	0.00	7.91	0.70	0.74	0.11	1.14	2	0	1.85	650.00	0.00	-10.92	0.00	0.00	0.00	0.00	0.00	0.00	0.00	0.00	0.00	0.00	0.00	0.00	0.00	0.00	0.00	0.00	0.00	0.00	0.00	0.00	0.00	0.00	0.00	0.00	0.00	2.2	13.0	14.5	23.7	38.9	49.3	141.55	0.000	0.001	0.036	0.073	0.035	0.000	0.7089	1.0000	0.0493	1.0000	1.0000	1.0000	0.26	18.19	18.45	0.13	0.04	0.03	0.02	0.01	0.04	0.48	0.52	1.13	3.23	6.68	6.14	0.0000	0.0006	0.0003	0.0002	0.0000	0.0000	0.0002	0.0083	0.0103	0.0300	0.0154	0.0000	47.80	0.02
1991-03-02	Perennial Ryegrass	0.00	8.13	0.70	0.74	0.11	1.14	2	0	1.84	650.00	0.00	-3.15	0.00	0.00	0.00	0.00	0.00	0.00	0.00	0.00	0.00	0.00	0.00	0.00	0.00	0.00	0.00	0.00	0.00	0.00	0.00	0.00	0.00	0.00	0.00	0.00	0.00	2.2	13.0	14.4	23.6	38.8	49.3	141.40	0.000	0.001	0.033	0.070	0.034	0.000	0.7042	1.0000	0.0634	1.0000	1.0000	1.0000	0.26	18.14	18.40	0.13	0.04	0.03	0.02	0.01	0.04	0.48	0.51	1.13	3.21	6.67	6.14	0.0000	0.0006	0.0003	0.0001	0.0000	0.0000	0.0002	0.0081	0.0099	0.0290	0.0151	0.0000	47.61	0.02
1991-03-03	Perennial Ryegrass	0.00	8.35	0.70	0.73	0.12	1.14	2	0	1.81	650.00	0.00	-8.84	0.00	0.00	0.00	0.00	0.00	0.00	0.00	0.00	0.00	0.00	0.00	0.00	0.00	0.00	0.00	0.00	0.00	0.00	0.00	0.00	0.00	0.00	0.00	0.00	0.00	2.2	13.0	14.4	23.5	38.8	49.3	141.26	0.000	0.001	0.031	0.066	0.033	0.000	0.7014	1.0000	0.0565	1.0000	1.0000	1.0000	0.26	18.09	18.35	0.13	0.04	0.03	0.01	0.01	0.04	0.48	0.50	1.12	3.18	6.66	6.14	0.0000	0.0006	0.0002	0.0001	0.0000	0.0000	0.0002	0.0079	0.0096	0.0282	0.0150	0.0000	47.46	0.02
1991-03-04	Perennial Ryegrass	0.00	8.60	0.69	0.73	0.13	1.14	2	0	1.78	650.00	0.00	-11.19	0.00	0.00	0.00	0.00	0.00	0.00	0.00	0.00	0.00	0.00	0.00	0.00	0.00	0.00	0.00	0.00	0.00	0.00	0.00	0.00	0.00	0.00	0.00	0.00	0.00	2.2	13.0	14.4	23.5	38.8	49.2	141.12	0.000	0.001	0.028	0.063	0.033	0.000	0.6966	1.0000	0.0580	1.0000	1.0000	1.0000	0.26	18.04	18.30	0.13	0.04	0.03	0.01	0.01	0.04	0.48	0.50	1.12	3.16	6.65	6.14	0.0000	0.0006	0.0002	0.0001	0.0000	0.0000	0.0002	0.0078	0.0093	0.0273	0.0147	0.0000	47.21	0.02
1991-03-05	Perennial Ryegrass	0.00	8.87	0.68	0.73	0.14	1.14	2	0	1.74	650.00	0.00	-15.07	0.00	0.00	0.00	0.00	0.00	0.00	0.00	0.00	0.00	0.00	0.00	0.00	0.00	0.00	0.00	0.00	0.00	0.00	0.00	0.00	0.00	0.00	0.00	0.00	0.00	2.2	13.0	14.3	23.4	38.8	49.2	141.00	0.000	0.001	0.026	0.060	0.032	0.000	0.6907	1.0000	0.0568	1.0000	1.0000	1.0000	0.26	18.00	18.26	0.13	0.04	0.03	0.01	0.01	0.04	0.48	0.49	1.11	3.14	6.63	6.14	0.0000	0.0006	0.0002	0.0001	0.0000	0.0000	0.0002	0.0076	0.0090	0.0265	0.0145	0.0000	46.89	0.02
1991-03-06	Perennial Ryegrass	0.00	9.16	0.67	0.72	0.16	1.14	2	0	1.68	650.00	0.00	-23.28	0.00	0.00	0.00	0.00	0.00	0.00	0.00	0.00	0.00	0.00	0.00	0.00	0.00	0.00	0.00	0.00	0.00	0.00	0.00	0.00	0.00	0.00	0.00	0.00	0.00	2.2	13.0	14.3	23.4	38.8	49.2	140.87	0.000	0.001	0.024	0.057	0.031	0.000	0.6832	1.0000	0.0428	1.0000	1.0000	1.0000	0.26	17.95	18.21	0.13	0.03	0.03	0.01	0.01	0.04	0.48	0.48	1.11	3.12	6.62	6.14	0.0000	0.0006	0.0002	0.0001	0.0000	0.0000	0.0002	0.0074	0.0087	0.0257	0.0143	0.0000	46.43	0.02
1991-03-07	Perennial Ryegrass	0.00	9.49	0.66	0.72	0.18	1.15	2	0	1.62	650.00	0.00	-25.48	0.00	0.00	0.00	0.00	0.00	0.00	0.00	0.00	0.00	0.00	0.00	0.00	0.00	0.00	0.00	0.00	0.00	0.00	0.00	0.00	0.00	0.00	0.00	0.00	0.00	2.2	13.0	14.3	23.4	38.8	49.1	140.75	0.000	0.001	0.022	0.054	0.031	0.000	0.6723	1.0000	0.0372	1.0000	1.0000	1.0000	0.26	17.91	18.17	0.13	0.03	0.03	0.01	0.01	0.04	0.48	0.48	1.10	3.10	6.61	6.14	0.0000	0.0005	0.0002	0.0001	0.0000	0.0000	0.0002	0.0072	0.0084	0.0248	0.0140	0.0000	45.83	0.02
1991-03-08	Perennial Ryegrass	0.00	9.86	0.65	0.72	0.19	1.15	2	0	1.56	650.00	0.00	-24.46	0.00	0.00	0.00	0.00	0.00	0.00	0.00	0.00	0.00	0.00	0.00	0.00	0.00	0.00	0.00	0.00	0.00	0.00	0.00	0.00	0.00	0.00	0.00	0.00	0.00	2.2	13.0	14.3	23.3	38.7	49.1	140.64	0.000	0.001	0.021	0.052	0.030	0.000	0.6598	1.0000	0.0367	1.0000	1.0000	1.0000	0.26	17.87	18.13	0.13	0.03	0.03	0.01	0.01	0.04	0.48	0.47	1.10	3.08	6.60	6.15	0.0000	0.0005	0.0002	0.0001	0.0000	0.0000	0.0001	0.0069	0.0081	0.0240	0.0137	0.0000	45.22	0.02
1991-03-09	Perennial Ryegrass	0.01	10.60	0.63	0.71	0.21	1.15	2	0	1.51	650.00	0.00	-19.38	0.00	0.00	0.00	0.00	0.00	0.00	0.00	0.00	0.00	0.00	0.00	0.00	0.00	0.00	0.00	0.00	0.00	0.00	0.00	0.00	0.00	0.00	0.00	0.00	0.00	2.2	13.0	14.3	23.3	38.7	49.1	140.53	0.000	0.001	0.019	0.049	0.029	0.000	0.6466	1.0000	0.0328	1.0000	1.0000	1.0000	0.26	17.83	18.09	0.13	0.03	0.03	0.01	0.01	0.04	0.48	0.46	1.09	3.06	6.59	6.15	0.0000	0.0005	0.0002	0.0001	0.0000	0.0000	0.0001	0.0067	0.0078	0.0232	0.0134	0.0000	44.68	0.02
1991-03-10	Perennial Ryegrass	0.01	11.05	0.63	0.71	0.22	1.15	2	0	1.47	650.00	0.00	-10.95	0.00	0.00	0.00	0.00	0.00	0.00	0.00	0.00	0.00	0.00	0.00	0.00	0.00	0.00	0.00	0.00	0.00	0.00	0.00	0.00	0.00	0.00	0.00	0.00	0.00	2.2	13.0	14.2	23.2	38.7	49.0	140.43	0.000	0.001	0.018	0.047	0.029	0.000	0.6349	1.0000	0.0662	1.0000	1.0000	1.0000	0.26	17.81	18.06	0.13	0.03	0.03	0.02	0.01	0.04	0.48	0.46	1.09	3.05	6.58	6.15	0.0000	0.0004	0.0002	0.0001	0.0000	0.0000	0.0001	0.0047	0.0055	0.0163	0.0095	0.0000	44.31	0.02
1991-03-11	Perennial Ryegrass	0.01	11.53	0.62	0.71	0.24	1.15	2	0	1.43	650.00	0.00	-11.98	0.00	0.00	0.00	0.00	0.00	0.00	0.00	0.00	0.00	0.00	0.00	0.00	0.00	0.00	0.00	0.00	0.00	0.00	0.00	0.00	0.00	0.00	0.00	0.00	0.00	2.2	13.0	14.2	23.2	38.7	49.0	140.33	0.000	0.001	0.016	0.045	0.028	0.000	0.6265	1.0000	0.0395	1.0000	1.0000	1.0000	0.26	17.78	18.04	0.13	0.03	0.03	0.02	0.01	0.04	0.48	0.45	1.09	3.04	6.57	6.15	0.0000	0.0004	0.0002	0.0001	0.0000	0.0000	0.0001	0.0047	0.0055	0.0162	0.0096	0.0000	44.02	0.02
1991-03-12	Perennial Ryegrass	0.01	12.04	0.61	0.71	0.25	1.15	2	0	1.40	650.00	0.00	-4.85	0.00	0.00	0.00	0.00	0.00	0.00	0.00	0.00	0.00	0.00	0.00	0.00	0.00	0.00	0.00	0.00	0.00	0.00	0.00	0.00	0.00	0.00	0.00	0.00	0.00	2.2	13.0	14.2	23.2	38.7	49.0	140.23	0.000	0.001	0.015	0.043	0.028	0.000	0.6175	1.0000	0.0609	1.0000	1.0000	1.0000	0.26	17.75	18.01	0.13	0.03	0.03	0.02	0.01	0.04	0.48	0.45	1.08	3.02	6.56	6.15	0.0000	0.0004	0.0002	0.0001	0.0000	0.0000	0.0001	0.0049	0.0056	0.0167	0.0100	0.0000	43.80	0.02
1991-03-13	Perennial Ryegrass	0.01	12.58	0.61	0.71	0.26	1.15	2	0	1.38	650.00	0.00	-4.86	0.00	0.00	0.00	0.00	0.00	0.00	0.00	0.00	0.00	0.00	0.00	0.00	0.00	0.00	0.00	0.00	0.00	0.00	0.00	0.00	0.00	0.00	0.00	0.00	0.00	2.2	13.0	14.2	23.2	38.7	48.9	140.14	0.000	0.001	0.014	0.041	0.027	0.000	0.6111	1.0000	0.0577	1.0000	1.0000	1.0000	0.26	17.73	17.98	0.13	0.03	0.03	0.02	0.01	0.04	0.48	0.45	1.08	3.01	6.55	6.15	0.0000	0.0004	0.0002	0.0001	0.0000	0.0000	0.0001	0.0047	0.0053	0.0158	0.0095	0.0000	43.67	0.02
1991-03-14	Perennial Ryegrass	0.01	15.08	0.60	0.71	0.27	1.15	2	0	1.34	650.00	0.00	-8.91	0.00	0.00	0.00	0.00	0.00	0.00	0.00	0.00	0.00	0.00	0.00	0.00	0.00	0.00	0.00	0.00	0.00	0.00	0.00	0.00	0.00	0.00	0.00	0.00	0.00	2.2	13.0	14.2	23.1	38.7	48.9	140.05	0.000	0.001	0.013	0.039	0.027	0.000	0.6051	1.0000	0.0499	1.0000	1.0000	1.0000	0.26	17.71	17.97	0.13	0.03	0.03	0.02	0.01	0.04	0.48	0.44	1.08	3.01	6.55	6.15	0.0000	0.0002	0.0001	0.0001	0.0000	0.0000	0.0001	0.0032	0.0036	0.0107	0.0065	0.0000	43.47	0.02
1991-03-15	Perennial Ryegrass	0.01	16.59	0.59	0.70	0.28	1.16	1	0	1.31	650.00	0.00	-11.05	0.00	0.00	0.00	0.00	0.00	0.00	0.00	0.00	0.00	0.00	0.00	0.00	0.00	0.00	0.00	0.00	0.00	0.00	0.00	0.00	0.00	0.00	0.00	0.00	0.00	2.2	13.0	14.2	23.1	38.6	48.8	139.97	0.000	0.001	0.012	0.038	0.026	0.000	0.5969	1.0000	0.0618	1.0000	1.0000	1.0000	0.26	17.69	17.95	0.13	0.03	0.03	0.01	0.01	0.04	0.48	0.44	1.08	3.00	6.54	6.15	0.0000	0.0003	0.0001	0.0001	0.0000	0.0000	0.0001	0.0035	0.0039	0.0117	0.0072	0.0000	43.24	0.02
1991-03-16	Perennial Ryegrass	0.01	17.20	0.58	0.70	0.29	1.16	1	0	1.27	650.00	0.00	-11.88	0.00	0.00	0.00	0.00	0.00	0.00	0.00	0.00	0.00	0.00	0.00	0.00	0.00	0.00	0.00	0.00	0.00	0.00	0.00	0.00	0.00	0.00	0.00	0.00	0.00	2.2	13.0	14.1	23.1	38.6	48.8	139.89	0.000	0.001	0.011	0.036	0.026	0.000	0.5878	1.0000	0.0333	1.0000	1.0000	1.0000	0.25	17.68	17.93	0.13	0.03	0.03	0.01	0.01	0.04	0.48	0.44	1.07	2.99	6.54	6.15	0.0000	0.0003	0.0001	0.0001	0.0000	0.0000	0.0001	0.0034	0.0038	0.0114	0.0070	0.0000	42.90	0.02
1991-03-17	Perennial Ryegrass	0.01	17.85	0.57	0.70	0.30	1.16	1	1	1.23	650.00	0.00	-12.76	0.00	0.00	0.00	0.00	0.00	0.00	0.00	0.00	0.00	0.00	0.00	0.00	0.00	0.00	0.00	0.00	0.00	0.00	0.00	0.00	0.00	0.00	0.00	0.00	0.00	2.2	13.0	14.1	23.1	38.6	48.8	139.81	0.000	0.001	0.010	0.035	0.025	0.000	0.5784	1.0000	0.0336	1.0000	1.0000	1.0000	0.25	17.66	17.92	0.13	0.03	0.03	0.02	0.01	0.04	0.48	0.43	1.07	2.98	6.53	6.15	0.0000	0.0003	0.0001	0.0001	0.0000	0.0000	0.0001	0.0033	0.0037	0.0110	0.0068	0.0000	42.56	0.02
1991-03-18	Perennial Ryegrass	0.01	18.53	0.56	0.70	0.31	1.16	1	1	1.19	650.00	0.00	-14.53	0.00	0.00	0.00	0.00	0.00	0.00	0.00	0.00	0.00	0.00	0.00	0.00	0.00	0.00	0.00	0.00	0.00	0.00	0.00	0.00	0.00	0.00	0.00	0.00	0.00	2.2	13.0	14.1	23.0	38.6	48.7	139.73	0.000	0.001	0.009	0.034	0.025	0.000	0.5682	1.0000	0.0363	1.0000	1.0000	1.0000	0.25	17.64	17.90	0.13	0.03	0.03	0.02	0.01	0.04	0.49	0.43	1.07	2.98	6.53	6.15	0.0000	0.0002	0.0001	0.0001	0.0000	0.0000	0.0001	0.0033	0.0036	0.0109	0.0068	0.0000	42.22	0.02
1991-03-19	Perennial Ryegrass	0.01	19.24	0.54	0.69	0.33	1.16	1	1	1.14	650.00	0.00	-16.30	0.00	0.00	0.00	0.00	0.00	0.00	0.00	0.00	0.00	0.00	0.00	0.00	0.00	0.00	0.00	0.00	0.00	0.00	0.00	0.00	0.00	0.00	0.00	0.00	0.00	2.2	13.0	14.1	23.0	38.6	48.7	139.66	0.000	0.001	0.009	0.032	0.024	0.000	0.5568	1.0000	0.0377	1.0000	1.0000	1.0000	0.25	17.63	17.88	0.13	0.03	0.03	0.02	0.01	0.04	0.49	0.43	1.07	2.97	6.52	6.15	0.0000	0.0002	0.0001	0.0001	0.0000	0.0000	0.0001	0.0031	0.0035	0.0104	0.0065	0.0000	41.84	0.02
1991-03-20	Perennial Ryegrass	0.01	19.98	0.53	0.69	0.34	1.16	1	1	1.10	650.00	0.00	-11.49	0.00	0.00	0.00	0.00	0.00	0.00	0.00	0.00	0.00	0.00	0.00	0.00	0.00	0.00	0.00	0.00	0.00	0.00	0.00	0.00	0.00	0.00	0.00	0.00	0.00	2.2	13.0	14.1	23.0	38.6	48.7	139.59	0.000	0.001	0.008	0.031	0.024	0.000	0.5439	1.0000	0.0393	1.0000	1.0000	1.0000	0.25	17.62	17.88	0.13	0.03	0.03	0.02	0.01	0.04	0.49	0.43	1.07	2.97	6.52	6.15	0.0000	0.0001	0.0001	0.0000	0.0000	0.0000	0.0000	0.0020	0.0022	0.0065	0.0041	0.0000	41.50	0.02
1991-03-21	Perennial Ryegrass	0.01	20.76	0.52	0.69	0.35	1.16	1	1	1.07	650.00	0.00	-11.82	0.00	0.00	0.00	0.00	0.00	0.00	0.00	0.00	0.00	0.00	0.00	0.00	0.00	0.00	0.00	0.00	0.00	0.00	0.00	0.00	0.00	0.00	0.00	0.00	0.00	2.2	13.0	14.1	23.0	38.6	48.7	139.52	0.000	0.001	0.007	0.030	0.023	0.000	0.5332	1.0000	0.0436	1.0000	1.0000	1.0000	0.25	17.62	17.87	0.13	0.03	0.03	0.02	0.01	0.04	0.49	0.43	1.07	2.96	6.52	6.16	0.0000	0.0001	0.0001	0.0000	0.0000	0.0000	0.0000	0.0017	0.0019	0.0057	0.0036	0.0000	41.21	0.02
1991-03-22	Perennial Ryegrass	0.01	21.57	0.52	0.69	0.35	1.17	1	1	1.05	650.00	0.00	-4.99	0.00	0.00	0.00	0.00	0.00	0.00	0.00	0.00	0.00	0.00	0.00	0.00	0.00	0.00	0.00	0.00	0.00	0.00	0.00	0.00	0.00	0.00	0.00	0.00	0.00	2.2	13.0	14.1	23.0	38.6	48.6	139.45	0.000	0.001	0.007	0.029	0.023	0.000	0.5229	1.0000	0.0312	1.0000	1.0000	1.0000	0.25	17.61	17.86	0.13	0.03	0.03	0.02	0.01	0.04	0.49	0.42	1.07	2.96	6.52	6.16	0.0000	0.0002	0.0001	0.0000	0.0000	0.0000	0.0001	0.0023	0.0025	0.0076	0.0048	0.0000	41.01	0.02
1991-03-23	Perennial Ryegrass	0.01	22.39	0.51	0.69	0.36	1.17	1	1	1.03	650.00	0.00	-7.09	0.00	0.00	0.00	0.00	0.00	0.00	0.00	0.00	0.00	0.00	0.00	0.00	0.00	0.00	0.00	0.00	0.00	0.00	0.00	0.00	0.00	0.00	0.00	0.00	0.00	2.2	13.0	14.1	23.0	38.5	48.6	139.39	0.000	0.001	0.006	0.028	0.022	0.000	0.5183	1.0000	0.0340	1.0000	1.0000	1.0000	0.25	17.60	17.86	0.13	0.03	0.03	0.02	0.01	0.04	0.49	0.42	1.07	2.96	6.51	6.16	0.0000	0.0001	0.0001	0.0000	0.0000	0.0000	0.0000	0.0019	0.0021	0.0062	0.0039	0.0000	40.83	0.02
1991-03-24	Perennial Ryegrass	0.01	23.23	0.51	0.69	0.37	1.17	1	1	1.01	650.00	0.00	-2.99	0.00	0.00	0.00	0.00	0.00	0.00	0.00	0.00	0.00	0.00	0.00	0.00	0.00	0.00	0.00	0.00	0.00	0.00	0.00	0.00	0.00	0.00	0.00	0.00	0.00	2.2	13.0	14.1	22.9	38.5	48.6	139.32	0.000	0.001	0.006	0.027	0.022	0.000	0.5106	1.0000	0.0497	1.0000	1.0000	1.0000	0.25	17.59	17.84	0.13	0.03	0.03	0.02	0.01	0.04	0.49	0.42	1.06	2.95	6.51	6.16	0.0000	0.0002	0.0001	0.0000	0.0000	0.0000	0.0001	0.0023	0.0026	0.0077	0.0049	0.0000	40.68	0.02
1991-03-25	Perennial Ryegrass	0.01	24.08	0.50	0.69	0.37	1.17	1	1	0.98	650.00	0.00	-6.43	0.00	0.00	0.00	0.00	0.00	0.00	0.00	0.00	0.00	0.00	0.00	0.00	0.00	0.00	0.00	0.00	0.00	0.00	0.00	0.00	0.00	0.00	0.00	0.00	0.00	2.2	13.0	14.1	22.9	38.5	48.5	139.26	0.000	0.001	0.005	0.026	0.022	0.000	0.5051	1.0000	0.0413	1.0000	1.0000	1.0000	0.25	17.58	17.84	0.13	0.03	0.03	0.02	0.01	0.04	0.49	0.42	1.06	2.95	6.51	6.16	0.0000	0.0001	0.0001	0.0000	0.0000	0.0000	0.0000	0.0019	0.0021	0.0063	0.0040	0.0000	40.54	0.02
1991-03-26	Perennial Ryegrass	0.01	24.96	0.49	0.68	0.38	1.17	1	1	0.96	650.00	0.00	-6.80	0.00	0.00	0.00	0.00	0.00	0.00	0.00	0.00	0.00	0.00	0.00	0.00	0.00	0.00	0.00	0.00	0.00	0.00	0.00	0.00	0.00	0.00	0.00	0.00	0.00	2.2	13.0	14.1	22.9	38.5	48.5	139.20	0.000	0.001	0.005	0.025	0.021	0.000	0.4973	1.0000	0.0457	1.0000	1.0000	1.0000	0.25	17.58	17.83	0.13	0.03	0.03	0.02	0.01	0.04	0.49	0.42	1.06	2.95	6.50	6.16	0.0000	0.0001	0.0001	0.0000	0.0000	0.0000	0.0000	0.0019	0.0020	0.0061	0.0039	0.0000	40.36	0.02
1991-03-27	Perennial Ryegrass	0.01	25.87	0.48	0.68	0.39	1.17	1	1	0.93	650.00	0.00	-9.61	0.00	0.00	0.00	0.00	0.00	0.00	0.00	0.00	0.00	0.00	0.00	0.00	0.00	0.00	0.00	0.00	0.00	0.00	0.00	0.00	0.00	0.00	0.00	0.00	0.00	2.2	13.0	14.1	22.9	38.5	48.5	139.14	0.000	0.001	0.005	0.025	0.021	0.000	0.4892	1.0000	0.0240	1.0000	1.0000	1.0000	0.25	17.57	17.82	0.13	0.03	0.03	0.02	0.01	0.04	0.49	0.42	1.06	2.95	6.50	6.16	0.0000	0.0001	0.0001	0.0000	0.0000	0.0000	0.0000	0.0017	0.0019	0.0057	0.0036	0.0000	40.15	0.02
1991-03-28	Perennial Ryegrass	0.01	26.79	0.47	0.68	0.40	1.17	1	1	0.90	650.00	0.00	-5.50	0.00	0.00	0.00	0.00	0.00	0.00	0.00	0.00	0.00	0.00	0.00	0.00	0.00	0.00	0.00	0.00	0.00	0.00	0.00	0.00	0.00	0.00	0.00	0.00	0.00	2.2	13.0	14.1	22.9	38.5	48.4	139.09	0.000	0.001	0.004	0.024	0.020	0.000	0.4800	1.0000	0.0425	1.0000	1.0000	1.0000	0.25	17.56	17.81	0.13	0.03	0.03	0.02	0.01	0.04	0.49	0.42	1.06	2.94	6.50	6.16	0.0000	0.0001	0.0001	0.0000	0.0000	0.0000	0.0000	0.0019	0.0021	0.0063	0.0041	0.0000	39.94	0.02
1991-03-29	Perennial Ryegrass	0.02	49.45	0.46	0.68	0.41	1.17	1	1	0.88	650.00	0.00	-8.98	0.00	0.00	0.00	0.00	0.00	0.00	0.00	0.00	0.00	0.00	0.00	0.00	0.00	0.00	0.00	0.00	0.00	0.00	0.00	0.00	0.00	0.00	0.00	0.00	0.00	11.1	13.0	14.1	22.9	38.5	48.4	147.91	0.000	0.001	0.004	0.023	0.020	0.000	0.4727	1.0000	0.0420	1.0000	1.0000	1.0000	0.25	17.59	17.84	0.12	0.03	0.03	0.02	0.01	0.04	0.52	0.41	1.06	2.94	6.50	6.16	0.0000	0.0001	0.0001	0.0000	0.0000	0.0000	0.0001	0.0019	0.0021	0.0062	0.0040	0.0000	39.50	0.02
1991-03-30	Perennial Ryegrass	0.03	61.19	0.47	0.68	0.40	1.17	1	1	0.89	650.00	0.00	5.31	10.46	0.00	0.00	0.00	0.00	0.00	0.00	0.00	0.00	0.00	0.00	0.00	0.00	0.00	0.00	0.00	0.00	0.00	0.00	0.00	0.00	0.00	0.00	0.00	0.00	15.4	13.1	14.0	22.9	38.5	48.4	152.22	0.076	0.000	0.004	0.023	0.020	0.000	0.4632	1.0000	0.5239	1.0000	1.0000	1.0000	0.29	17.59	17.88	0.17	0.03	0.03	0.02	0.01	0.04	0.55	0.41	1.05	2.93	6.49	6.16	0.0050	0.0004	0.0002	0.0001	0.0000	0.0000	0.0159	0.0048	0.0052	0.0156	0.0101	0.0000	39.57	0.02
1991-03-31	Perennial Ryegrass	0.03	58.47	0.47	0.67	0.39	1.18	1	1	0.89	650.00	0.00	16.66	12.10	0.00	0.00	0.00	0.00	0.00	0.00	0.00	0.00	0.00	0.00	0.00	0.00	0.00	0.00	0.00	0.00	0.00	0.00	0.00	0.00	0.00	0.00	0.00	0.00	13.9	13.1	14.0	22.9	38.5	48.3	150.72	0.376	0.005	0.003	0.022	0.019	0.000	0.4673	0.9390	0.3195	1.0000	1.0000	1.0000	0.32	17.57	17.89	0.19	0.03	0.03	0.02	0.01	0.03	0.55	0.41	1.05	2.92	6.48	6.16	0.0162	0.0004	0.0002	0.0001	0.0000	0.0000	0.0451	0.0049	0.0050	0.0152	0.0099	0.0000	39.37	0.02
1991-04-01	Perennial Ryegrass	0.03	61.94	0.47	0.68	0.39	1.18	1	1	0.90	650.00	0.00	13.37	9.73	0.00	0.00	0.00	0.00	0.00	0.00	0.00	0.00	0.00	0.00	0.00	0.00	0.00	0.00	0.00	0.00	0.00	0.00	0.00	0.00	0.00	0.00	0.00	0.00	14.9	13.2	14.0	22.9	38.5	48.3	151.67	0.273	0.007	0.003	0.022	0.019	0.000	0.4691	0.9869	0.4566	0.9999	1.0000	1.0000	0.34	17.56	17.89	0.21	0.03	0.03	0.02	0.01	0.03	0.56	0.41	1.05	2.91	6.47	6.16	0.0137	0.0004	0.0002	0.0001	0.0000	0.0000	0.0351	0.0050	0.0050	0.0151	0.0098	0.0000	39.05	0.02
1991-04-02	Perennial Ryegrass	0.03	60.81	0.47	0.68	0.39	1.18	1	1	0.90	650.00	0.00	14.77	10.76	0.00	0.00	0.00	0.00	0.00	0.00	0.00	0.00	0.00	0.00	0.00	0.00	0.00	0.00	0.00	0.00	0.00	0.00	0.00	0.00	0.00	0.00	0.00	0.00	13.3	13.2	14.0	22.8	38.5	48.3	150.08	0.340	0.011	0.003	0.021	0.019	0.000	0.4715	0.4418	0.4802	0.9999	1.0000	1.0000	0.35	17.53	17.88	0.22	0.03	0.03	0.02	0.01	0.03	0.56	0.41	1.04	2.89	6.46	6.17	0.0177	0.0004	0.0002	0.0001	0.0000	0.0000	0.0432	0.0051	0.0050	0.0149	0.0097	0.0000	39.53	0.02
1991-04-03	Perennial Ryegrass	0.03	59.62	0.47	0.68	0.39	1.18	1	1	0.90	650.00	0.00	8.84	6.44	0.00	0.00	0.00	0.00	0.00	0.00	0.00	0.00	0.00	0.00	0.00	0.00	0.00	0.00	0.00	0.00	0.00	0.00	0.00	0.00	0.00	0.00	0.00	0.00	12.6	13.2	14.0	22.8	38.5	48.2	149.30	0.231	0.011	0.003	0.021	0.018	0.000	0.4736	0.7989	0.2061	0.9999	1.0000	1.0000	0.35	17.51	17.86	0.22	0.03	0.03	0.02	0.01	0.03	0.57	0.40	1.04	2.88	6.45	6.17	0.0131	0.0004	0.0002	0.0001	0.0000	0.0000	0.0323	0.0051	0.0049	0.0148	0.0097	0.0000	39.53	0.02
1991-04-04	Perennial Ryegrass	0.03	57.62	0.47	0.68	0.40	1.18	1	1	0.89	650.00	0.00	5.39	3.93	0.00	0.00	0.00	0.00	0.00	0.00	0.00	0.00	0.00	0.00	0.00	0.00	0.00	0.00	0.00	0.00	0.00	0.00	0.00	0.00	0.00	0.00	0.00	0.00	12.1	13.1	14.0	22.8	38.4	48.2	148.76	0.180	0.011	0.003	0.020	0.018	0.000	0.4737	0.8681	0.1588	0.9999	1.0000	1.0000	0.34	17.51	17.85	0.22	0.03	0.03	0.02	0.01	0.03	0.59	0.40	1.03	2.87	6.44	6.17	0.0108	0.0004	0.0001	0.0001	0.0000	0.0000	0.0281	0.0050	0.0049	0.0146	0.0096	0.0000	39.65	0.02
1991-04-05	Perennial Ryegrass	0.03	55.74	0.47	0.68	0.40	1.18	1	1	0.89	650.00	0.00	4.56	3.33	0.00	0.00	0.00	0.00	0.00	0.00	0.00	0.00	0.00	0.00	0.00	0.00	0.00	0.00	0.00	0.00	0.00	0.00	0.00	0.00	0.00	0.00	0.00	0.00	11.7	13.1	14.0	22.8	38.4	48.2	148.27	0.147	0.010	0.003	0.020	0.018	0.000	0.4718	0.7030	0.1861	0.9999	1.0000	1.0000	0.33	17.50	17.83	0.21	0.03	0.03	0.02	0.01	0.03	0.61	0.40	1.03	2.86	6.44	6.17	0.0091	0.0004	0.0001	0.0001	0.0000	0.0000	0.0257	0.0049	0.0048	0.0145	0.0095	0.0000	39.73	0.02
1991-04-06	Perennial Ryegrass	0.03	53.39	0.46	0.68	0.41	1.18	1	1	0.87	650.00	0.00	0.16	0.11	0.00	0.00	0.00	0.00	0.00	0.00	0.00	0.00	0.00	0.00	0.00	0.00	0.00	0.00	0.00	0.00	0.00	0.00	0.00	0.00	0.00	0.00	0.00	0.00	11.3	13.1	14.0	22.8	38.4	48.2	147.83	0.117	0.009	0.002	0.019	0.017	0.000	0.4695	1.0000	0.1028	0.9999	1.0000	1.0000	0.32	17.50	17.82	0.19	0.03	0.03	0.02	0.01	0.03	0.64	0.39	1.03	2.85	6.43	6.17	0.0074	0.0004	0.0001	0.0001	0.0000	0.0000	0.0238	0.0048	0.0048	0.0144	0.0094	0.0000	39.75	0.02
1991-04-07	Perennial Ryegrass	0.03	52.49	0.46	0.68	0.41	1.18	1	1	0.87	650.00	0.00	2.53	1.85	0.00	0.00	0.00	0.00	0.00	0.00	0.00	0.00	0.00	0.00	0.00	0.00	0.00	0.00	0.00	0.00	0.00	0.00	0.00	0.00	0.00	0.00	0.00	0.00	11.0	13.1	14.0	22.8	38.4	48.1	147.42	0.091	0.007	0.002	0.019	0.017	0.000	0.4650	1.0000	0.1244	0.9999	1.0000	1.0000	0.29	17.50	17.80	0.17	0.03	0.03	0.02	0.01	0.03	0.66	0.39	1.02	2.84	6.42	6.17	0.0058	0.0004	0.0001	0.0001	0.0000	0.0000	0.0218	0.0047	0.0047	0.0142	0.0094	0.0000	39.74	0.02
1991-04-08	Perennial Ryegrass	0.03	51.88	0.46	0.68	0.41	1.18	1	1	0.86	650.00	0.00	3.03	2.22	0.00	0.00	0.00	0.00	0.00	0.00	0.00	0.00	0.00	0.00	0.00	0.00	0.00	0.00	0.00	0.00	0.00	0.00	0.00	0.00	0.00	0.00	0.00	0.00	10.6	13.1	14.0	22.8	38.4	48.1	147.05	0.067	0.006	0.002	0.019	0.017	0.000	0.4629	1.0000	0.1287	0.9999	1.0000	1.0000	0.28	17.49	17.77	0.15	0.03	0.03	0.02	0.01	0.03	0.68	0.39	1.02	2.83	6.41	6.17	0.0046	0.0004	0.0001	0.0001	0.0000	0.0000	0.0198	0.0046	0.0047	0.0141	0.0093	0.0000	39.77	0.02
1991-04-09	Perennial Ryegrass	0.03	51.44	0.46	0.68	0.42	1.18	1	1	0.85	650.00	0.00	1.92	1.40	0.00	0.00	0.00	0.00	0.00	0.00	0.00	0.00	0.00	0.00	0.00	0.00	0.00	0.00	0.00	0.00	0.00	0.00	0.00	0.00	0.00	0.00	0.00	0.00	10.4	13.0	14.0	22.8	38.4	48.1	146.71	0.045	0.004	0.002	0.018	0.016	0.000	0.4614	1.0000	0.1116	0.9999	1.0000	1.0000	0.27	17.47	17.73	0.14	0.03	0.03	0.02	0.01	0.03	0.68	0.38	1.01	2.82	6.40	6.18	0.0038	0.0004	0.0001	0.0001	0.0000	0.0000	0.0176	0.0045	0.0046	0.0140	0.0092	0.0000	39.79	0.02
1991-04-10	Perennial Ryegrass	0.03	51.25	0.46	0.68	0.42	1.18	1	1	0.85	650.00	0.00	-0.50	0.00	0.00	0.00	0.00	0.00	0.00	0.00	0.00	0.00	0.00	0.00	0.00	0.00	0.00	0.00	0.00	0.00	0.00	0.00	0.00	0.00	0.00	0.00	0.00	0.00	10.1	13.0	14.0	22.8	38.4	48.0	146.40	0.026	0.003	0.002	0.018	0.016	0.000	0.4595	1.0000	0.0723	0.9999	1.0000	1.0000	0.26	17.43	17.70	0.14	0.03	0.03	0.02	0.01	0.03	0.67	0.38	1.01	2.81	6.40	6.18	0.0033	0.0004	0.0001	0.0001	0.0000	0.0000	0.0154	0.0044	0.0046	0.0138	0.0091	0.0000	39.77	0.02
1991-04-11	Perennial Ryegrass	0.03	52.61	0.45	0.68	0.42	1.19	1	1	0.84	650.00	0.00	-3.68	0.00	0.00	0.00	0.00	0.00	0.00	0.00	0.00	0.00	0.00	0.00	0.00	0.00	0.00	0.00	0.00	0.00	0.00	0.00	0.00	0.00	0.00	0.00	0.00	0.00	9.9	13.0	14.0	22.8	38.4	48.0	146.12	0.009	0.001	0.002	0.018	0.016	0.000	0.4569	1.0000	0.0662	0.9999	1.0000	1.0000	0.26	17.39	17.66	0.14	0.03	0.03	0.02	0.01	0.03	0.66	0.37	1.00	2.80	6.39	6.18	0.0029	0.0004	0.0001	0.0001	0.0000	0.0000	0.0134	0.0042	0.0046	0.0137	0.0091	0.0000	39.68	0.02
1991-04-12	Perennial Ryegrass	0.03	52.43	0.45	0.68	0.42	1.19	1	1	0.82	650.00	0.00	-4.44	0.00	0.00	0.00	0.00	0.00	0.00	0.00	0.00	0.00	0.00	0.00	0.00	0.00	0.00	0.00	0.00	0.00	0.00	0.00	0.00	0.00	0.00	0.00	0.00	0.00	9.7	13.0	14.0	22.8	38.4	48.0	145.86	0.000	0.000	0.002	0.017	0.016	0.000	0.4530	1.0000	0.0529	0.9999	1.0000	1.0000	0.26	17.36	17.62	0.14	0.03	0.03	0.02	0.01	0.03	0.65	0.37	1.00	2.78	6.38	6.18	0.0026	0.0004	0.0001	0.0001	0.0000	0.0000	0.0119	0.0041	0.0045	0.0135	0.0090	0.0000	39.57	0.02
1991-04-13	Perennial Ryegrass	0.03	52.15	0.44	0.68	0.43	1.19	1	1	0.81	650.00	0.00	-7.67	0.00	0.00	0.00	0.00	0.00	0.00	0.00	0.00	0.00	0.00	0.00	0.00	0.00	0.00	0.00	0.00	0.00	0.00	0.00	0.00	0.00	0.00	0.00	0.00	0.00	9.5	13.0	14.0	22.8	38.4	48.0	145.60	0.000	0.000	0.001	0.017	0.015	0.000	0.4488	1.0000	0.0379	0.9999	1.0000	1.0000	0.26	17.32	17.58	0.14	0.03	0.03	0.02	0.01	0.03	0.63	0.37	1.00	2.77	6.37	6.18	0.0024	0.0004	0.0001	0.0001	0.0000	0.0000	0.0108	0.0041	0.0044	0.0134	0.0089	0.0000	39.35	0.02
1991-04-14	Perennial Ryegrass	0.03	63.71	0.44	0.68	0.43	1.19	1	1	0.79	650.00	0.00	-6.97	0.00	0.00	0.00	0.00	0.00	0.00	0.00	0.00	0.00	0.00	0.00	0.00	0.00	0.00	0.00	0.00	0.00	0.00	0.00	0.00	0.00	0.00	0.00	0.00	0.00	12.5	13.0	14.0	22.8	38.4	47.9	148.61	0.000	0.000	0.001	0.017	0.015	0.000	0.4430	1.0000	0.0904	0.9998	1.0000	1.0000	0.28	17.32	17.60	0.16	0.03	0.03	0.02	0.01	0.03	0.66	0.36	0.99	2.76	6.36	6.18	0.0026	0.0004	0.0001	0.0001	0.0000	0.0000	0.0104	0.0040	0.0044	0.0132	0.0088	0.0000	39.03	0.02
1991-04-15	Perennial Ryegrass	0.03	63.37	0.44	0.68	0.42	1.19	1	1	0.80	650.00	0.00	5.90	10.68	0.00	0.00	0.00	0.00	0.00	0.00	0.00	0.00	0.00	0.00	0.00	0.00	0.00	0.00	0.00	0.00	0.00	0.00	0.00	0.00	0.00	0.00	0.00	0.00	11.3	13.0	14.0	22.8	38.4	47.9	147.35	0.176	0.001	0.001	0.017	0.015	0.000	0.4382	0.2936	0.6091	0.9998	1.0000	1.0000	0.27	17.30	17.57	0.15	0.03	0.03	0.02	0.01	0.03	0.66	0.36	0.99	2.75	6.36	6.18	0.0072	0.0004	0.0001	0.0001	0.0000	0.0000	0.0302	0.0039	0.0043	0.0130	0.0087	0.0000	39.21	0.02
1991-04-16	Perennial Ryegrass	0.03	63.56	0.44	0.68	0.42	1.19	1	1	0.80	650.00	0.00	4.72	3.45	0.00	0.00	0.00	0.00	0.00	0.00	0.00	0.00	0.00	0.00	0.00	0.00	0.00	0.00	0.00	0.00	0.00	0.00	0.00	0.00	0.00	0.00	0.00	0.00	10.3	13.0	14.0	22.8	38.4	47.9	146.27	0.091	0.000	0.001	0.016	0.015	0.000	0.4418	0.8436	0.1467	0.9997	1.0000	1.0000	0.26	17.27	17.53	0.14	0.03	0.03	0.02	0.01	0.03	0.65	0.35	0.99	2.74	6.35	6.18	0.0046	0.0004	0.0001	0.0001	0.0000	0.0000	0.0206	0.0038	0.0042	0.0127	0.0085	0.0000	39.01	0.02
1991-04-17	Perennial Ryegrass	0.03	63.92	0.44	0.68	0.42	1.19	1	1	0.79	650.00	0.00	-3.33	0.00	0.00	0.00	0.00	0.00	0.00	0.00	0.00	0.00	0.00	0.00	0.00	0.00	0.00	0.00	0.00	0.00	0.00	0.00	0.00	0.00	0.00	0.00	0.00	0.00	10.0	13.0	14.0	22.8	38.4	47.8	145.98	0.018	0.000	0.001	0.016	0.014	0.000	0.4418	1.0000	0.0413	0.9996	1.0000	1.0000	0.26	17.23	17.49	0.14	0.03	0.03	0.02	0.01	0.03	0.64	0.35	0.98	2.74	6.34	6.18	0.0030	0.0004	0.0001	0.0001	0.0000	0.0000	0.0133	0.0038	0.0042	0.0126	0.0084	0.0000	39.00	0.02
1991-04-18	Perennial Ryegrass	0.03	64.08	0.43	0.68	0.43	1.19	1	1	0.78	650.00	0.00	-4.54	0.00	0.00	0.00	0.00	0.00	0.00	0.00	0.00	0.00	0.00	0.00	0.00	0.00	0.00	0.00	0.00	0.00	0.00	0.00	0.00	0.00	0.00	0.00	0.00	0.00	9.8	13.0	14.0	22.8	38.3	47.8	145.71	0.000	0.000	0.001	0.016	0.014	0.000	0.4384	1.0000	0.0457	0.9996	1.0000	1.0000	0.26	17.20	17.45	0.14	0.03	0.03	0.02	0.01	0.03	0.63	0.35	0.98	2.73	6.33	6.18	0.0026	0.0004	0.0001	0.0001	0.0000	0.0000	0.0114	0.0037	0.0041	0.0125	0.0083	0.0000	38.87	0.02
1991-04-19	Perennial Ryegrass	0.03	64.16	0.43	0.67	0.43	1.19	1	1	0.76	650.00	0.00	-7.69	0.00	0.00	0.00	0.00	0.00	0.00	0.00	0.00	0.00	0.00	0.00	0.00	0.00	0.00	0.00	0.00	0.00	0.00	0.00	0.00	0.00	0.00	0.00	0.00	0.00	9.5	13.0	14.0	22.8	38.3	47.8	145.44	0.000	0.000	0.001	0.016	0.014	0.000	0.4344	1.0000	0.0264	0.9996	1.0000	1.0000	0.25	17.16	17.42	0.14	0.03	0.03	0.02	0.01	0.03	0.62	0.34	0.97	2.72	6.33	6.18	0.0024	0.0003	0.0001	0.0001	0.0000	0.0000	0.0104	0.0036	0.0041	0.0123	0.0082	0.0000	38.70	0.02
1991-04-20	Perennial Ryegrass	0.03	64.71	0.43	0.67	0.43	1.19	1	1	0.76	650.00	0.00	-2.63	0.00	0.00	0.00	0.00	0.00	0.00	0.00	0.00	0.00	0.00	0.00	0.00	0.00	0.00	0.00	0.00	0.00	0.00	0.00	0.00	0.00	0.00	0.00	0.00	0.00	9.3	13.0	14.0	22.8	38.3	47.8	145.18	0.000	0.000	0.001	0.016	0.014	0.000	0.4288	1.0000	0.0526	0.9995	1.0000	1.0000	0.25	17.13	17.38	0.13	0.03	0.03	0.02	0.01	0.03	0.61	0.34	0.97	2.71	6.32	6.18	0.0022	0.0003	0.0001	0.0001	0.0000	0.0000	0.0095	0.0036	0.0040	0.0122	0.0081	0.0000	38.55	0.02
1991-04-21	Perennial Ryegrass	0.03	65.15	0.42	0.67	0.43	1.19	1	1	0.74	650.00	0.00	-8.08	0.00	0.00	0.00	0.00	0.00	0.00	0.00	0.00	0.00	0.00	0.00	0.00	0.00	0.00	0.00	0.00	0.00	0.00	0.00	0.00	0.00	0.00	0.00	0.00	0.00	9.1	13.0	14.0	22.8	38.3	47.7	144.93	0.000	0.000	0.001	0.015	0.013	0.000	0.4256	1.0000	0.0278	0.9995	1.0000	1.0000	0.25	17.10	17.35	0.13	0.03	0.03	0.02	0.01	0.03	0.60	0.34	0.97	2.70	6.31	6.18	0.0020	0.0003	0.0001	0.0001	0.0000	0.0000	0.0087	0.0035	0.0040	0.0120	0.0081	0.0000	38.39	0.02
1991-04-22	Perennial Ryegrass	0.03	66.06	0.42	0.67	0.43	1.19	1	1	0.73	650.00	0.00	-0.83	0.00	0.00	0.00	0.00	0.00	0.00	0.00	0.00	0.00	0.00	0.00	0.00	0.00	0.00	0.00	0.00	0.00	0.00	0.00	0.00	0.00	0.00	0.00	0.00	0.00	8.9	13.0	14.0	22.8	38.3	47.7	144.69	0.000	0.000	0.000	0.015	0.013	0.000	0.4199	1.0000	0.0521	0.9992	1.0000	1.0000	0.25	17.07	17.32	0.13	0.03	0.03	0.02	0.01	0.03	0.59	0.34	0.96	2.69	6.30	6.19	0.0018	0.0003	0.0001	0.0001	0.0000	0.0000	0.0079	0.0034	0.0039	0.0119	0.0080	0.0000	38.26	0.02
1991-04-23	Perennial Ryegrass	0.03	67.00	0.41	0.67	0.44	1.19	1	1	0.73	650.00	0.00	-4.01	0.00	0.00	0.00	0.00	0.00	0.00	0.00	0.00	0.00	0.00	0.00	0.00	0.00	0.00	0.00	0.00	0.00	0.00	0.00	0.00	0.00	0.00	0.00	0.00	0.00	8.7	13.0	14.0	22.7	38.3	47.7	144.45	0.000	0.000	0.000	0.015	0.013	0.000	0.4181	1.0000	0.0326	0.9989	1.0000	1.0000	0.25	17.04	17.29	0.13	0.03	0.03	0.02	0.01	0.03	0.58	0.33	0.96	2.68	6.30	6.19	0.0017	0.0003	0.0001	0.0001	0.0000	0.0000	0.0073	0.0034	0.0039	0.0118	0.0079	0.0000	38.16	0.02
1991-04-24	Perennial Ryegrass	0.03	67.95	0.41	0.67	0.44	1.20	1	1	0.71	650.00	0.00	-5.13	0.00	0.00	0.00	0.00	0.00	0.00	0.00	0.00	0.00	0.00	0.00	0.00	0.00	0.00	0.00	0.00	0.00	0.00	0.00	0.00	0.00	0.00	0.00	0.00	0.00	8.5	13.0	14.0	22.7	38.3	47.6	144.21	0.000	0.000	0.000	0.015	0.013	0.000	0.4145	1.0000	0.0362	0.9989	1.0000	1.0000	0.24	17.01	17.26	0.13	0.03	0.03	0.02	0.01	0.03	0.58	0.33	0.96	2.67	6.29	6.19	0.0016	0.0003	0.0001	0.0001	0.0000	0.0000	0.0067	0.0033	0.0038	0.0117	0.0078	0.0000	38.02	0.02
1991-04-25	Perennial Ryegrass	0.04	86.89	0.41	0.67	0.45	1.20	1	1	0.70	650.00	0.00	-5.23	0.00	0.00	0.00	0.00	0.00	0.00	0.00	0.00	0.00	0.00	0.00	0.00	0.00	0.00	0.00	0.00	0.00	0.00	0.00	0.00	0.00	0.00	0.00	0.00	0.00	14.1	13.0	14.0	22.7	38.3	47.6	149.80	0.000	0.000	0.000	0.015	0.013	0.000	0.4104	1.0000	0.0361	0.9986	1.0000	1.0000	0.28	17.01	17.29	0.16	0.03	0.03	0.02	0.01	0.03	0.59	0.33	0.95	2.66	6.28	6.19	0.0018	0.0003	0.0001	0.0001	0.0000	0.0000	0.0064	0.0033	0.0038	0.0115	0.0077	0.0000	37.65	0.02
1991-04-26	Perennial Ryegrass	0.05	99.50	0.40	0.66	0.43	1.20	1	1	0.70	650.00	0.00	0.69	0.51	0.00	0.00	0.00	0.00	0.00	0.00	0.00	0.00	0.00	0.00	0.00	0.00	0.00	0.00	0.00	0.00	0.00	0.00	0.00	0.00	0.00	0.00	0.00	0.00	17.0	13.7	14.0	22.7	38.3	47.6	153.33	0.286	0.002	0.000	0.015	0.012	0.000	0.4061	1.0000	0.2776	0.9979	1.0000	1.0000	0.30	16.98	17.28	0.18	0.03	0.03	0.02	0.01	0.03	0.56	0.35	0.95	2.66	6.28	6.19	0.0116	0.0003	0.0001	0.0001	0.0000	0.0000	0.0349	0.0036	0.0037	0.0114	0.0077	0.0000	37.74	0.02
1991-04-27	Perennial Ryegrass	0.05	97.04	0.42	0.66	0.42	1.20	1	1	0.73	650.00	0.00	19.21	19.80	0.00	0.00	0.00	0.00	0.00	0.00	0.00	0.00	0.00	0.00	0.00	0.00	0.00	0.00	0.00	0.00	0.00	0.00	0.00	0.00	0.00	0.00	0.00	0.00	15.7	13.7	14.0	22.7	38.3	47.6	152.10	0.492	0.046	0.001	0.015	0.012	0.000	0.4048	0.6824	0.7123	0.9977	1.0000	1.0000	0.31	16.93	17.24	0.19	0.04	0.03	0.01	0.01	0.03	0.53	0.35	0.95	2.65	6.27	6.19	0.0208	0.0005	0.0001	0.0001	0.0000	0.0000	0.0557	0.0051	0.0037	0.0113	0.0076	0.0000	37.36	0.02
1991-04-28	Perennial Ryegrass	0.05	95.21	0.43	0.67	0.42	1.20	1	1	0.76	650.00	0.00	20.01	20.25	0.00	0.00	0.00	0.00	0.00	0.00	0.00	0.00	0.00	0.00	0.00	0.00	0.00	0.00	0.00	0.00	0.00	0.00	0.00	0.00	0.00	0.00	0.00	0.00	14.4	13.7	14.0	22.7	38.3	47.5	150.71	0.401	0.052	0.001	0.014	0.012	0.000	0.4163	0.4091	0.9819	0.9974	1.0000	1.0000	0.32	16.90	17.22	0.20	0.04	0.03	0.01	0.01	0.03	0.51	0.35	0.94	2.64	6.26	6.19	0.0177	0.0006	0.0001	0.0001	0.0000	0.0000	0.0435	0.0053	0.0037	0.0111	0.0075	0.0000	37.49	0.02
1991-04-29	Perennial Ryegrass	0.05	93.26	0.44	0.67	0.42	1.20	1	1	0.78	650.00	0.00	16.64	17.72	0.00	0.00	0.00	0.00	0.00	0.00	0.00	0.00	0.00	0.00	0.00	0.00	0.00	0.00	0.00	0.00	0.00	0.00	0.00	0.00	0.00	0.00	0.00	0.00	13.2	13.7	14.0	22.7	38.3	47.5	149.46	0.307	0.051	0.001	0.014	0.012	0.000	0.4265	0.3863	0.9487	0.9972	1.0000	1.0000	0.34	16.87	17.21	0.21	0.04	0.03	0.01	0.01	0.03	0.50	0.35	0.94	2.63	6.26	6.19	0.0147	0.0006	0.0001	0.0001	0.0000	0.0000	0.0336	0.0052	0.0036	0.0108	0.0073	0.0000	38.00	0.02
1991-04-30	Perennial Ryegrass	0.04	91.64	0.44	0.67	0.42	1.20	1	1	0.78	650.00	0.00	5.37	3.87	0.00	0.00	0.00	0.00	0.00	0.00	0.00	0.00	0.00	0.00	0.00	0.00	0.00	0.00	0.00	0.00	0.00	0.00	0.00	0.00	0.00	0.00	0.00	0.00	12.5	13.6	14.0	22.7	38.3	47.5	148.63	0.225	0.047	0.002	0.014	0.012	0.000	0.4354	1.0000	0.2561	0.9969	1.0000	1.0000	0.34	16.86	17.20	0.22	0.04	0.03	0.01	0.01	0.03	0.50	0.35	0.94	2.62	6.25	6.19	0.0117	0.0006	0.0001	0.0001	0.0000	0.0000	0.0263	0.0050	0.0035	0.0106	0.0071	0.0000	38.35	0.02
1991-05-01	Perennial Ryegrass	0.04	89.39	0.44	0.68	0.42	1.20	1	1	0.79	650.00	0.00	8.23	5.93	0.00	0.00	0.00	0.00	0.00	0.00	0.00	0.00	0.00	0.00	0.00	0.00	0.00	0.00	0.00	0.00	0.00	0.00	0.00	0.00	0.00	0.00	0.00	0.00	11.9	13.6	14.0	22.7	38.3	47.5	147.93	0.173	0.043	0.002	0.014	0.011	0.000	0.4365	1.0000	0.3992	0.9970	1.0000	1.0000	0.34	16.85	17.19	0.21	0.04	0.03	0.01	0.01	0.03	0.51	0.36	0.94	2.62	6.24	6.19	0.0097	0.0006	0.0001	0.0001	0.0000	0.0000	0.0223	0.0049	0.0035	0.0105	0.0071	0.0000	38.42	0.02
1991-05-02	Perennial Ryegrass	0.04	87.99	0.44	0.68	0.42	1.20	1	1	0.79	650.00	0.00	9.18	6.62	0.00	0.00	0.00	0.00	0.00	0.00	0.00	0.00	0.00	0.00	0.00	0.00	0.00	0.00	0.00	0.00	0.00	0.00	0.00	0.00	0.00	0.00	0.00	0.00	11.1	13.5	14.0	22.7	38.3	47.4	147.04	0.130	0.039	0.002	0.014	0.011	0.000	0.4393	0.5639	0.3807	0.9968	1.0000	1.0000	0.33	16.84	17.17	0.20	0.04	0.03	0.01	0.01	0.03	0.52	0.36	0.93	2.61	6.24	6.19	0.0077	0.0006	0.0001	0.0001	0.0000	0.0000	0.0193	0.0048	0.0035	0.0105	0.0071	0.0000	38.61	0.02
1991-05-03	Perennial Ryegrass	0.04	88.06	0.44	0.68	0.42	1.20	1	1	0.80	650.00	0.00	6.99	5.04	0.00	0.00	0.00	0.00	0.00	0.00	0.00	0.00	0.00	0.00	0.00	0.00	0.00	0.00	0.00	0.00	0.00	0.00	0.00	0.00	0.00	0.00	0.00	0.00	10.6	13.4	14.0	22.7	38.3	47.4	146.47	0.075	0.035	0.002	0.014	0.011	0.000	0.4416	0.7313	0.2404	0.9953	1.0000	1.0000	0.31	16.84	17.14	0.18	0.04	0.03	0.01	0.01	0.03	0.53	0.36	0.93	2.60	6.23	6.19	0.0055	0.0006	0.0001	0.0001	0.0000	0.0000	0.0152	0.0046	0.0035	0.0104	0.0070	0.0000	38.77	0.02
1991-05-04	Perennial Ryegrass	0.04	88.00	0.44	0.68	0.42	1.20	1	1	0.80	650.00	0.00	3.92	2.82	0.00	0.00	0.00	0.00	0.00	0.00	0.00	0.00	0.00	0.00	0.00	0.00	0.00	0.00	0.00	0.00	0.00	0.00	0.00	0.00	0.00	0.00	0.00	0.00	10.2	13.4	14.0	22.7	38.3	47.4	145.98	0.041	0.030	0.002	0.014	0.011	0.000	0.4435	0.6787	0.1731	0.9941	1.0000	1.0000	0.29	16.82	17.12	0.17	0.04	0.03	0.01	0.01	0.03	0.53	0.36	0.93	2.59	6.22	6.19	0.0043	0.0005	0.0001	0.0001	0.0000	0.0000	0.0127	0.0045	0.0035	0.0104	0.0070	0.0000	38.86	0.02
1991-05-05	Perennial Ryegrass	0.04	87.60	0.44	0.68	0.43	1.20	1	1	0.80	650.00	0.00	2.28	1.64	0.00	0.00	0.00	0.00	0.00	0.00	0.00	0.00	0.00	0.00	0.00	0.00	0.00	0.00	0.00	0.00	0.00	0.00	0.00	0.00	0.00	0.00	0.00	0.00	9.8	13.3	14.0	22.7	38.3	47.4	145.55	0.013	0.026	0.002	0.014	0.011	0.000	0.4440	0.8280	0.1210	0.9940	1.0000	1.0000	0.29	16.80	17.09	0.17	0.04	0.03	0.01	0.01	0.03	0.52	0.36	0.93	2.59	6.22	6.19	0.0036	0.0005	0.0001	0.0001	0.0000	0.0000	0.0103	0.0044	0.0035	0.0103	0.0069	0.0000	38.89	0.02
1991-05-06	Perennial Ryegrass	0.04	87.11	0.44	0.68	0.43	1.20	1	1	0.80	650.00	0.00	-0.44	0.00	0.00	0.00	0.00	0.00	0.00	0.00	0.00	0.00	0.00	0.00	0.00	0.00	0.00	0.00	0.00	0.00	0.00	0.00	0.00	0.00	0.00	0.00	0.00	0.00	9.5	13.3	14.0	22.7	38.3	47.3	145.15	0.000	0.023	0.002	0.014	0.010	0.000	0.4437	1.0000	0.0792	0.9944	1.0000	1.0000	0.29	16.77	17.06	0.17	0.04	0.03	0.01	0.01	0.03	0.51	0.36	0.92	2.58	6.21	6.19	0.0031	0.0005	0.0001	0.0001	0.0000	0.0000	0.0088	0.0042	0.0034	0.0102	0.0069	0.0000	38.87	0.02
1991-05-07	Perennial Ryegrass	0.04	86.06	0.44	0.68	0.43	1.20	1	1	0.79	650.00	0.00	-2.85	0.00	0.00	0.00	0.00	0.00	0.00	0.00	0.00	0.00	0.00	0.00	0.00	0.00	0.00	0.00	0.00	0.00	0.00	0.00	0.00	0.00	0.00	0.00	0.00	0.00	9.2	13.2	14.0	22.7	38.3	47.3	144.78	0.000	0.019	0.002	0.014	0.010	0.000	0.4422	1.0000	0.0610	0.9955	1.0000	1.0000	0.29	16.75	17.03	0.17	0.04	0.03	0.01	0.01	0.03	0.50	0.36	0.92	2.57	6.20	6.19	0.0028	0.0005	0.0001	0.0001	0.0000	0.0000	0.0079	0.0041	0.0034	0.0102	0.0068	0.0000	38.80	0.02
1991-05-08	Perennial Ryegrass	0.05	92.87	0.44	0.68	0.43	1.20	1	1	0.78	650.00	0.00	-2.42	0.00	0.00	0.00	0.00	0.00	0.00	0.00	0.00	0.00	0.00	0.00	0.00	0.00	0.00	0.00	0.00	0.00	0.00	0.00	0.00	0.00	0.00	0.00	0.00	0.00	10.7	13.2	14.0	22.7	38.2	47.3	146.21	0.000	0.016	0.002	0.014	0.010	0.000	0.4394	1.0000	0.0767	0.9956	1.0000	1.0000	0.28	16.74	17.02	0.16	0.04	0.03	0.01	0.01	0.03	0.52	0.35	0.92	2.56	6.20	6.19	0.0024	0.0005	0.0001	0.0001	0.0000	0.0000	0.0074	0.0039	0.0034	0.0101	0.0068	0.0000	38.62	0.02
1991-05-09	Perennial Ryegrass	0.05	96.57	0.44	0.68	0.42	1.20	1	1	0.78	650.00	0.00	1.08	0.78	0.00	0.00	0.00	0.00	0.00	0.00	0.00	0.00	0.00	0.00	0.00	0.00	0.00	0.00	0.00	0.00	0.00	0.00	0.00	0.00	0.00	0.00	0.00	0.00	11.5	13.2	14.0	22.7	38.2	47.3	146.89	0.051	0.013	0.002	0.014	0.010	0.000	0.4369	1.0000	0.2621	0.9926	1.0000	1.0000	0.28	16.74	17.01	0.16	0.04	0.03	0.01	0.01	0.03	0.53	0.35	0.91	2.56	6.19	6.19	0.0042	0.0004	0.0001	0.0001	0.0000	0.0000	0.0133	0.0038	0.0034	0.0100	0.0067	0.0000	38.64	0.02
1991-05-10	Perennial Ryegrass	0.05	96.45	0.44	0.67	0.42	1.20	1	1	0.79	650.00	0.00	7.45	5.37	0.00	0.00	0.00	0.00	0.00	0.00	0.00	0.00	0.00	0.00	0.00	0.00	0.00	0.00	0.00	0.00	0.00	0.00	0.00	0.00	0.00	0.00	0.00	0.00	10.6	13.1	14.0	22.7	38.2	47.2	145.99	0.102	0.012	0.002	0.014	0.010	0.000	0.4367	0.6128	0.2993	0.9900	1.0000	1.0000	0.27	16.72	16.98	0.15	0.04	0.03	0.01	0.01	0.03	0.53	0.35	0.91	2.55	6.18	6.19	0.0051	0.0004	0.0001	0.0001	0.0000	0.0000	0.0175	0.0037	0.0033	0.0100	0.0067	0.0000	38.47	0.02
1991-05-11	Perennial Ryegrass	0.05	96.59	0.44	0.68	0.42	1.21	1	1	0.79	650.00	0.00	3.77	2.71	0.00	0.00	0.00	0.00	0.00	0.00	0.00	0.00	0.00	0.00	0.00	0.00	0.00	0.00	0.00	0.00	0.00	0.00	0.00	0.00	0.00	0.00	0.00	0.00	9.9	13.1	14.0	22.7	38.2	47.2	145.20	0.044	0.010	0.002	0.014	0.010	0.000	0.4389	0.6014	0.2127	0.9872	1.0000	1.0000	0.26	16.69	16.95	0.15	0.04	0.03	0.01	0.01	0.03	0.52	0.35	0.91	2.54	6.18	6.19	0.0037	0.0004	0.0001	0.0001	0.0000	0.0000	0.0126	0.0036	0.0033	0.0099	0.0067	0.0000	38.43	0.02
1991-05-12	Perennial Ryegrass	0.05	96.59	0.44	0.67	0.42	1.21	1	1	0.78	650.00	0.00	-0.54	0.00	0.00	0.00	0.00	0.00	0.00	0.00	0.00	0.00	0.00	0.00	0.00	0.00	0.00	0.00	0.00	0.00	0.00	0.00	0.00	0.00	0.00	0.00	0.00	0.00	9.3	13.1	14.0	22.7	38.2	47.2	144.54	0.000	0.007	0.002	0.014	0.009	0.000	0.4397	1.0000	0.0648	0.9848	1.0000	1.0000	0.26	16.66	16.92	0.14	0.04	0.03	0.01	0.01	0.03	0.51	0.34	0.91	2.54	6.17	6.19	0.0027	0.0004	0.0001	0.0001	0.0000	0.0000	0.0090	0.0035	0.0033	0.0099	0.0066	0.0000	38.43	0.02
1991-05-13	Perennial Ryegrass	0.05	96.56	0.44	0.67	0.42	1.21	1	1	0.78	650.00	0.00	1.40	1.01	0.00	0.00	0.00	0.00	0.00	0.00	0.00	0.00	0.00	0.00	0.00	0.00	0.00	0.00	0.00	0.00	0.00	0.00	0.00	0.00	0.00	0.00	0.00	0.00	9.0	13.0	14.0	22.7	38.2	47.2	144.19	0.000	0.005	0.001	0.013	0.009	0.000	0.4387	0.9874	0.0992	0.9830	1.0000	1.0000	0.26	16.64	16.89	0.14	0.04	0.03	0.01	0.01	0.03	0.50	0.34	0.90	2.53	6.17	6.19	0.0022	0.0004	0.0001	0.0001	0.0000	0.0000	0.0074	0.0034	0.0033	0.0098	0.0066	0.0000	38.40	0.02
1991-05-14	Perennial Ryegrass	0.05	96.56	0.44	0.67	0.42	1.21	1	1	0.78	650.00	0.00	-1.66	0.00	0.00	0.00	0.00	0.00	0.00	0.00	0.00	0.00	0.00	0.00	0.00	0.00	0.00	0.00	0.00	0.00	0.00	0.00	0.00	0.00	0.00	0.00	0.00	0.00	8.7	13.0	14.0	22.7	38.2	47.1	143.86	0.000	0.003	0.001	0.013	0.009	0.000	0.4384	1.0000	0.0637	0.9812	1.0000	1.0000	0.26	16.61	16.87	0.14	0.04	0.03	0.01	0.01	0.03	0.50	0.34	0.90	2.52	6.16	6.19	0.0020	0.0004	0.0001	0.0001	0.0000	0.0000	0.0066	0.0033	0.0032	0.0098	0.0066	0.0000	38.36	0.02
1991-05-15	Perennial Ryegrass	0.05	96.43	0.43	0.67	0.42	1.21	1	1	0.77	650.00	0.00	-2.62	0.00	0.00	0.00	0.00	0.00	0.00	0.00	0.00	0.00	0.00	0.00	0.00	0.00	0.00	0.00	0.00	0.00	0.00	0.00	0.00	0.00	0.00	0.00	0.00	0.00	8.5	13.0	14.0	22.7	38.2	47.1	143.55	0.000	0.001	0.001	0.013	0.009	0.000	0.4369	1.0000	0.0545	0.9805	1.0000	1.0000	0.26	16.59	16.84	0.14	0.04	0.03	0.01	0.01	0.03	0.49	0.33	0.90	2.52	6.15	6.19	0.0018	0.0004	0.0001	0.0001	0.0000	0.0000	0.0060	0.0032	0.0032	0.0097	0.0065	0.0000	38.28	0.02
1991-05-16	Perennial Ryegrass	0.05	96.49	0.43	0.67	0.42	1.21	1	1	0.77	650.00	0.00	-2.85	0.00	0.00	0.00	0.00	0.00	0.00	0.00	0.00	0.00	0.00	0.00	0.00	0.00	0.00	0.00	0.00	0.00	0.00	0.00	0.00	0.00	0.00	0.00	0.00	0.00	8.2	13.0	14.0	22.7	38.2	47.1	143.25	0.000	0.000	0.001	0.013	0.009	0.000	0.4348	1.0000	0.0746	0.9779	1.0000	1.0000	0.25	16.56	16.82	0.14	0.04	0.03	0.01	0.01	0.03	0.49	0.33	0.89	2.51	6.15	6.19	0.0016	0.0004	0.0001	0.0001	0.0000	0.0000	0.0054	0.0031	0.0032	0.0096	0.0065	0.0000	38.18	0.02
1991-05-17	Perennial Ryegrass	0.05	96.61	0.43	0.67	0.42	1.21	1	1	0.77	650.00	0.00	0.00	0.00	0.00	0.00	0.00	0.00	0.00	0.00	0.00	0.00	0.00	0.00	0.00	0.00	0.00	0.00	0.00	0.00	0.00	0.00	0.00	0.00	0.00	0.00	0.00	0.00	7.9	13.0	14.0	22.7	38.2	47.1	142.95	0.000	0.000	0.001	0.013	0.009	0.000	0.4328	1.0000	0.0800	0.9765	1.0000	1.0000	0.25	16.54	16.79	0.14	0.04	0.03	0.01	0.01	0.03	0.48	0.33	0.89	2.50	6.14	6.19	0.0015	0.0003	0.0001	0.0001	0.0000	0.0000	0.0048	0.0031	0.0031	0.0096	0.0064	0.0000	38.11	0.02
1991-05-18	Perennial Ryegrass	0.05	96.78	0.43	0.67	0.42	1.21	1	1	0.76	650.00	0.00	-0.28	0.00	0.00	0.00	0.00	0.00	0.00	0.00	0.00	0.00	0.00	0.00	0.00	0.00	0.00	0.00	0.00	0.00	0.00	0.00	0.00	0.00	0.00	0.00	0.00	0.00	7.7	13.0	14.0	22.7	38.2	47.0	142.67	0.000	0.000	0.001	0.013	0.008	0.000	0.4318	1.0000	0.0863	0.9743	1.0000	1.0000	0.25	16.52	16.77	0.14	0.04	0.03	0.01	0.01	0.03	0.48	0.33	0.89	2.50	6.14	6.19	0.0014	0.0003	0.0001	0.0001	0.0000	0.0000	0.0043	0.0031	0.0031	0.0095	0.0064	0.0000	38.06	0.02
1991-05-19	Perennial Ryegrass	0.05	96.81	0.43	0.67	0.42	1.21	1	1	0.76	650.00	0.00	-3.38	0.00	0.00	0.00	0.00	0.00	0.00	0.00	0.00	0.00	0.00	0.00	0.00	0.00	0.00	0.00	0.00	0.00	0.00	0.00	0.00	0.00	0.00	0.00	0.00	0.00	7.4	13.0	14.0	22.7	38.2	47.0	142.40	0.000	0.000	0.001	0.013	0.008	0.000	0.4308	1.0000	0.0587	0.9749	1.0000	1.0000	0.25	16.49	16.75	0.14	0.03	0.03	0.01	0.01	0.02	0.47	0.32	0.89	2.49	6.13	6.19	0.0012	0.0003	0.0001	0.0001	0.0000	0.0000	0.0039	0.0030	0.0031	0.0095	0.0063	0.0000	37.99	0.02
1991-05-20	Perennial Ryegrass	0.05	111.48	0.43	0.67	0.43	1.21	1	1	0.75	650.00	0.00	-4.02	0.00	0.00	0.00	0.00	0.00	0.00	0.00	0.00	0.00	0.00	0.00	0.00	0.00	0.00	0.00	0.00	0.00	0.00	0.00	0.00	0.00	0.00	0.00	0.00	0.00	12.3	13.0	14.0	22.7	38.2	47.0	147.23	0.000	0.000	0.001	0.013	0.008	0.000	0.4283	1.0000	0.0848	0.9742	1.0000	1.0000	0.27	16.49	16.75	0.16	0.03	0.03	0.01	0.01	0.02	0.49	0.32	0.88	2.48	6.12	6.19	0.0012	0.0003	0.0001	0.0001	0.0000	0.0000	0.0036	0.0030	0.0031	0.0094	0.0063	0.0000	37.70	0.02
1991-05-21	Perennial Ryegrass	0.07	138.05	0.43	0.67	0.42	1.21	1	1	0.77	650.00	0.00	7.36	10.24	0.00	0.00	0.00	0.00	0.00	0.00	0.00	0.00	0.00	0.00	0.00	0.00	0.00	0.00	0.00	0.00	0.00	0.00	0.00	0.00	0.00	0.00	0.00	0.00	21.2	17.3	14.1	22.7	38.2	47.0	160.47	0.161	0.000	0.001	0.013	0.008	0.000	0.4256	1.0000	1.0000	0.9716	1.0000	1.0000	0.30	16.47	16.78	0.17	0.05	0.03	0.01	0.01	0.02	0.40	0.40	0.88	2.48	6.12	6.19	0.0075	0.0005	0.0001	0.0001	0.0000	0.0000	0.0167	0.0037	0.0030	0.0093	0.0062	0.0000	37.54	0.02
1991-05-22	Perennial Ryegrass	0.07	154.84	0.45	0.67	0.40	1.21	1	1	0.81	650.00	0.00	22.60	17.12	0.00	0.00	0.00	0.00	0.00	0.00	0.00	0.00	0.00	0.00	0.00	0.00	0.00	0.00	0.00	0.00	0.00	0.00	0.00	0.00	0.00	0.00	0.00	0.00	24.2	20.7	15.8	22.7	38.2	47.0	168.60	0.489	0.189	0.004	0.008	0.005	0.000	0.4346	1.0000	1.0000	0.9746	1.0000	1.0000	0.32	16.42	16.73	0.17	0.07	0.03	0.01	0.01	0.02	0.29	0.43	0.92	2.47	6.11	6.19	0.0325	0.0027	0.0001	0.0000	0.0000	0.0000	0.0547	0.0157	0.0033	0.0088	0.0058	0.0000	37.51	0.02
1991-05-23	Perennial Ryegrass	0.07	151.32	0.46	0.66	0.37	1.21	1	1	0.84	650.00	0.00	24.07	17.51	0.00	0.00	0.00	0.00	0.00	0.00	0.00	0.00	0.00	0.00	0.00	0.00	0.00	0.00	0.00	0.00	0.00	0.00	0.00	0.00	0.00	0.00	0.00	0.00	20.6	21.3	17.9	22.8	38.2	46.9	167.77	0.211	0.115	0.027	0.003	0.002	0.000	0.4481	0.7768	1.0000	0.9741	1.0000	1.0000	0.32	16.34	16.66	0.15	0.08	0.04	0.01	0.01	0.02	0.21	0.40	0.96	2.47	6.11	6.19	0.0436	0.0055	0.0003	0.0000	0.0000	0.0000	0.0596	0.0262	0.0064	0.0084	0.0055	0.0000	37.40	0.02
1991-05-24	Perennial Ryegrass	0.07	148.37	0.47	0.67	0.37	1.21	1	1	0.88	650.00	0.00	32.74	23.41	0.00	0.00	0.00	0.00	0.00	0.00	0.00	0.00	0.00	0.00	0.00	0.00	0.00	0.00	0.00	0.00	0.00	0.00	0.00	0.00	0.00	0.00	0.00	0.00	18.3	20.8	19.4	22.9	38.2	46.9	166.58	0.269	0.210	0.100	0.007	0.003	0.000	0.4598	0.7847	1.0000	0.9745	1.0000	1.0000	0.34	16.29	16.63	0.15	0.09	0.06	0.01	0.01	0.02	0.18	0.37	0.98	2.47	6.10	6.19	0.0270	0.0072	0.0008	0.0000	0.0000	0.0000	0.0315	0.0283	0.0132	0.0087	0.0056	0.0000	37.19	0.02
1991-05-25	Perennial Ryegrass	0.07	145.31	0.48	0.68	0.37	1.21	1	1	0.91	650.00	0.00	19.33	13.81	0.00	0.00	0.00	0.00	0.00	0.00	0.00	0.00	0.00	0.00	0.00	0.00	0.00	0.00	0.00	0.00	0.00	0.00	0.00	0.00	0.00	0.00	0.00	0.00	17.1	20.3	20.0	23.2	38.2	46.9	165.67	0.157	0.148	0.103	0.007	0.002	0.000	0.4739	0.5954	1.0000	0.9764	1.0000	1.0000	0.37	16.25	16.62	0.16	0.10	0.06	0.01	0.01	0.02	0.17	0.34	0.97	2.48	6.10	6.19	0.0202	0.0072	0.0012	0.0000	0.0000	0.0000	0.0210	0.0241	0.0170	0.0089	0.0055	0.0000	37.77	0.02
1991-05-26	Perennial Ryegrass	0.07	142.07	0.49	0.68	0.37	1.21	1	1	0.93	650.00	0.00	19.80	14.14	0.00	0.00	0.00	0.00	0.00	0.00	0.00	0.00	0.00	0.00	0.00	0.00	0.00	0.00	0.00	0.00	0.00	0.00	0.00	0.00	0.00	0.00	0.00	0.00	16.8	19.4	20.1	23.5	38.2	46.9	164.79	0.156	0.159	0.132	0.013	0.003	0.000	0.4824	0.4580	1.0000	0.9793	1.0000	1.0000	0.40	16.22	16.62	0.17	0.11	0.07	0.01	0.01	0.02	0.18	0.32	0.95	2.49	6.09	6.19	0.0183	0.0072	0.0016	0.0001	0.0000	0.0000	0.0182	0.0207	0.0195	0.0098	0.0055	0.0000	38.19	0.02
1991-05-27	Perennial Ryegrass	0.07	140.29	0.50	0.69	0.37	1.21	1	1	0.96	650.00	0.00	23.66	16.89	0.00	0.00	0.00	0.00	0.00	0.00	0.00	0.00	0.00	0.00	0.00	0.00	0.00	0.00	0.00	0.00	0.00	0.00	0.00	0.00	0.00	0.00	0.00	0.00	16.1	18.7	19.8	23.7	38.2	46.8	163.32	0.290	0.271	0.259	0.037	0.005	0.000	0.4900	0.9826	1.0000	0.9778	1.0000	0.4390	0.42	16.19	16.61	0.18	0.11	0.08	0.01	0.01	0.02	0.18	0.31	0.93	2.49	6.09	6.19	0.0197	0.0071	0.0022	0.0001	0.0000	0.0000	0.0192	0.0184	0.0243	0.0120	0.0057	0.0000	38.63	0.01
1991-05-28	Perennial Ryegrass	0.07	137.98	0.51	0.69	0.37	1.21	1	1	0.98	650.00	0.00	18.98	13.55	0.00	0.00	0.00	0.00	0.00	0.00	0.00	0.00	0.00	0.00	0.00	0.00	0.00	0.00	0.00	0.00	0.00	0.00	0.00	0.00	0.00	0.00	0.00	0.00	15.6	18.4	19.4	23.8	38.2	46.8	162.28	0.182	0.171	0.172	0.031	0.004	0.000	0.4990	1.0000	1.0000	0.9761	1.0000	0.4668	0.45	16.17	16.61	0.19	0.12	0.09	0.01	0.01	0.02	0.19	0.31	0.91	2.49	6.08	6.19	0.0181	0.0064	0.0020	0.0001	0.0000	0.0000	0.0173	0.0154	0.0199	0.0118	0.0056	0.0000	39.03	0.01
1991-05-29	Perennial Ryegrass	0.07	135.59	0.51	0.70	0.38	1.21	1	1	1.00	650.00	0.00	16.46	11.75	0.00	0.00	0.00	0.00	0.00	0.00	0.00	0.00	0.00	0.00	0.00	0.00	0.00	0.00	0.00	0.00	0.00	0.00	0.00	0.00	0.00	0.00	0.00	0.00	15.3	18.1	19.1	23.8	38.2	46.8	161.21	0.245	0.236	0.236	0.048	0.005	0.000	0.5069	1.0000	1.0000	0.9760	1.0000	0.5070	0.47	16.14	16.61	0.20	0.13	0.09	0.02	0.01	0.02	0.20	0.30	0.89	2.48	6.08	6.19	0.0184	0.0068	0.0023	0.0001	0.0000	0.0000	0.0174	0.0155	0.0214	0.0131	0.0057	0.0000	39.37	0.01
1991-05-30	Perennial Ryegrass	0.06	133.61	0.52	0.70	0.38	1.21	1	1	1.02	650.00	0.00	13.89	9.91	0.00	0.00	0.00	0.00	0.00	0.00	0.00	0.00	0.00	0.00	0.00	0.00	0.00	0.00	0.00	0.00	0.00	0.00	0.00	0.00	0.00	0.00	0.00	0.00	14.6	17.8	18.8	23.9	38.2	46.8	160.07	0.169	0.163	0.162	0.036	0.004	0.000	0.5142	0.6564	1.0000	0.9737	1.0000	0.4240	0.49	16.13	16.62	0.21	0.13	0.10	0.02	0.01	0.02	0.20	0.30	0.88	2.48	6.07	6.19	0.0174	0.0063	0.0020	0.0001	0.0000	0.0000	0.0164	0.0138	0.0175	0.0124	0.0056	0.0000	39.73	0.01
1991-05-31	Perennial Ryegrass	0.06	133.04	0.52	0.70	0.38	1.22	1	1	1.03	650.00	0.00	12.02	8.57	0.00	0.00	0.00	0.00	0.00	0.00	0.00	0.00	0.00	0.00	0.00	0.00	0.00	0.00	0.00	0.00	0.00	0.00	0.00	0.00	0.00	0.00	0.00	0.00	14.1	17.5	18.5	23.9	38.2	46.7	158.90	0.186	0.193	0.192	0.047	0.005	0.000	0.5190	0.6332	1.0000	0.9685	1.0000	0.4027	0.50	16.11	16.61	0.21	0.14	0.10	0.02	0.01	0.02	0.21	0.30	0.87	2.47	6.07	6.19	0.0163	0.0064	0.0021	0.0001	0.0000	0.0000	0.0156	0.0136	0.0179	0.0133	0.0057	0.0000	39.99	0.01
1991-06-01	Perennial Ryegrass	0.06	132.64	0.53	0.70	0.37	1.22	1	1	1.04	650.00	0.00	10.88	7.76	0.00	0.00	0.00	0.00	0.00	0.00	0.00	0.00	0.00	0.00	0.00	0.00	0.00	0.00	0.00	0.00	0.00	0.00	0.00	0.00	0.00	0.00	0.00	0.00	13.4	17.2	18.1	23.9	38.2	46.7	157.56	0.225	0.249	0.248	0.066	0.007	0.000	0.5231	0.6455	1.0000	0.9643	1.0000	0.3598	0.51	16.09	16.60	0.22	0.14	0.10	0.02	0.01	0.02	0.22	0.30	0.86	2.46	6.06	6.19	0.0157	0.0066	0.0024	0.0001	0.0000	0.0000	0.0152	0.0137	0.0197	0.0148	0.0058	0.0000	40.20	0.01
1991-06-02	Perennial Ryegrass	0.06	131.12	0.53	0.71	0.38	1.22	1	1	1.06	650.00	0.00	9.56	6.82	0.00	0.00	0.00	0.00	0.00	0.00	0.00	0.00	0.00	0.00	0.00	0.00	0.00	0.00	0.00	0.00	0.00	0.00	0.00	0.00	0.00	0.00	0.00	0.00	13.1	16.9	17.9	23.9	38.2	46.7	156.75	0.122	0.148	0.147	0.043	0.004	0.000	0.5266	0.8721	1.0000	0.9653	1.0000	0.4303	0.52	16.08	16.60	0.22	0.15	0.11	0.02	0.01	0.02	0.22	0.30	0.85	2.46	6.06	6.19	0.0132	0.0058	0.0019	0.0001	0.0000	0.0000	0.0129	0.0116	0.0147	0.0129	0.0056	0.0000	40.35	0.01
1991-06-03	Perennial Ryegrass	0.06	129.00	0.54	0.71	0.38	1.22	1	1	1.07	650.00	0.00	9.23	6.58	0.00	0.00	0.00	0.00	0.00	0.00	0.00	0.00	0.00	0.00	0.00	0.00	0.00	0.00	0.00	0.00	0.00	0.00	0.00	0.00	0.00	0.00	0.00	0.00	13.1	16.7	17.7	23.9	38.2	46.7	156.32	0.107	0.136	0.136	0.042	0.004	0.000	0.5306	1.0000	1.0000	0.9680	1.0000	0.6576	0.54	16.07	16.61	0.23	0.15	0.11	0.02	0.01	0.02	0.23	0.31	0.84	2.45	6.05	6.19	0.0126	0.0056	0.0019	0.0001	0.0000	0.0000	0.0125	0.0111	0.0138	0.0129	0.0056	0.0000	40.48	0.01
1991-06-04	Perennial Ryegrass	0.06	128.15	0.54	0.71	0.38	1.22	1	1	1.08	650.00	0.00	8.59	6.12	0.00	0.00	0.00	0.00	0.00	0.00	0.00	0.00	0.00	0.00	0.00	0.00	0.00	0.00	0.00	0.00	0.00	0.00	0.00	0.00	0.00	0.00	0.00	0.00	12.6	16.5	17.5	23.9	38.2	46.7	155.31	0.134	0.161	0.161	0.053	0.005	0.000	0.5351	0.6801	1.0000	0.9646	1.0000	0.3311	0.54	16.06	16.61	0.23	0.15	0.11	0.02	0.01	0.02	0.24	0.31	0.84	2.44	6.05	6.19	0.0130	0.0057	0.0020	0.0001	0.0000	0.0000	0.0134	0.0111	0.0144	0.0137	0.0056	0.0000	40.71	0.01
1991-06-05	Perennial Ryegrass	0.06	127.71	0.54	0.71	0.38	1.22	1	1	1.09	650.00	0.00	7.77	5.53	0.00	0.00	0.00	0.00	0.00	0.00	0.00	0.00	0.00	0.00	0.00	0.00	0.00	0.00	0.00	0.00	0.00	0.00	0.00	0.00	0.00	0.00	0.00	0.00	12.1	16.2	17.3	23.9	38.2	46.6	154.42	0.111	0.151	0.152	0.053	0.005	0.000	0.5380	0.7216	1.0000	0.9592	1.0000	0.3356	0.54	16.06	16.60	0.22	0.15	0.12	0.02	0.01	0.02	0.25	0.31	0.83	2.43	6.04	6.19	0.0112	0.0055	0.0019	0.0001	0.0000	0.0000	0.0123	0.0106	0.0137	0.0137	0.0056	0.0000	40.83	0.01
1991-06-06	Perennial Ryegrass	0.07	135.75	0.54	0.72	0.38	1.22	1	1	1.10	650.00	0.00	7.55	5.37	0.00	0.00	0.00	0.00	0.00	0.00	0.00	0.00	0.00	0.00	0.00	0.00	0.00	0.00	0.00	0.00	0.00	0.00	0.00	0.00	0.00	0.00	0.00	0.00	15.3	16.1	17.1	23.9	38.2	46.6	157.26	0.092	0.141	0.142	0.052	0.005	0.000	0.5407	1.0000	1.0000	0.9591	1.0000	0.4812	0.56	16.05	16.61	0.23	0.16	0.12	0.02	0.01	0.02	0.26	0.32	0.83	2.43	6.04	6.19	0.0106	0.0053	0.0019	0.0001	0.0000	0.0000	0.0114	0.0102	0.0129	0.0136	0.0056	0.0000	40.83	0.01
1991-06-07	Perennial Ryegrass	0.08	161.08	0.55	0.72	0.38	1.22	1	1	1.12	650.00	0.00	8.55	6.09	0.00	0.00	0.00	0.00	0.00	0.00	0.00	0.00	0.00	0.00	0.00	0.00	0.00	0.00	0.00	0.00	0.00	0.00	0.00	0.00	0.00	0.00	0.00	0.00	29.6	21.9	19.6	24.0	38.2	46.6	179.84	0.235	0.137	0.136	0.053	0.005	0.000	0.5441	1.0000	1.0000	0.9615	1.0000	0.8480	0.55	16.04	16.59	0.23	0.16	0.12	0.02	0.01	0.02	0.20	0.33	0.86	2.42	6.03	6.19	0.0213	0.0051	0.0018	0.0001	0.0000	0.0000	0.0181	0.0105	0.0129	0.0136	0.0056	0.0000	40.77	0.01
1991-06-08	Perennial Ryegrass	0.08	168.05	0.55	0.71	0.35	1.22	1	1	1.14	650.00	0.00	10.73	7.64	0.00	0.00	0.00	0.00	0.00	0.00	0.00	0.00	0.00	0.00	0.00	0.00	0.00	0.00	0.00	0.00	0.00	0.00	0.00	0.00	0.00	0.00	0.00	0.00	27.5	25.0	21.9	25.6	38.2	46.6	184.82	0.194	0.088	0.055	0.012	0.001	0.000	0.5485	1.0000	1.0000	0.9640	1.0000	1.0000	0.44	15.94	16.38	0.12	0.15	0.12	0.02	0.01	0.02	0.09	0.31	0.84	2.48	6.03	6.19	0.1215	0.0146	0.0022	0.0001	0.0000	0.0000	0.0840	0.0292	0.0150	0.0111	0.0052	0.0000	40.82	0.01
1991-06-09	Perennial Ryegrass	0.09	179.53	0.56	0.71	0.34	1.22	1	1	1.16	650.00	0.00	15.98	11.37	0.00	0.00	0.00	0.00	0.00	0.00	0.00	0.00	0.00	0.00	0.00	0.00	0.00	0.00	0.00	0.00	0.00	0.00	0.00	0.00	0.00	0.00	0.00	0.00	28.4	27.1	23.8	29.1	38.2	46.6	193.13	0.501	0.344	0.226	0.077	0.004	0.000	0.5541	1.0000	1.0000	0.9672	1.0000	0.8030	0.39	15.85	16.24	0.09	0.13	0.12	0.03	0.01	0.02	0.05	0.24	0.77	2.58	6.02	6.19	0.0626	0.0239	0.0040	0.0002	0.0000	0.0000	0.0334	0.0428	0.0255	0.0189	0.0054	0.0000	40.06	0.01
1991-06-10	Perennial Ryegrass	0.09	190.31	0.57	0.71	0.32	1.22	1	1	1.18	650.00	0.00	9.45	6.72	0.00	0.00	0.00	0.00	0.00	0.00	0.00	0.00	0.00	0.00	0.00	0.00	0.00	0.00	0.00	0.00	0.00	0.00	0.00	0.00	0.00	0.00	0.00	0.00	28.8	28.6	25.1	34.0	38.3	46.5	201.39	0.189	0.145	0.100	0.058	0.001	0.000	0.5621	1.0000	1.0000	0.9637	1.0000	1.0000	0.35	15.76	16.10	0.06	0.10	0.11	0.03	0.01	0.02	0.03	0.17	0.66	2.68	6.03	6.19	0.0527	0.0279	0.0048	0.0003	0.0000	0.0000	0.0210	0.0433	0.0267	0.0260	0.0053	0.0000	40.01	0.01
1991-06-11	Perennial Ryegrass	0.10	202.64	0.57	0.70	0.31	1.22	1	1	1.20	650.00	0.00	11.32	8.05	0.00	0.00	0.00	0.00	0.00	0.00	0.00	0.00	0.00	0.00	0.00	0.00	0.00	0.00	0.00	0.00	0.00	0.00	0.00	0.00	0.00	0.00	0.00	0.00	31.3	30.3	27.5	36.8	40.4	46.5	212.77	0.522	0.432	0.309	0.273	0.005	0.000	0.5669	1.0000	1.0000	0.9645	1.0000	1.0000	0.31	15.64	15.95	0.05	0.08	0.11	0.04	0.01	0.02	0.02	0.11	0.56	2.60	6.17	6.19	0.0457	0.0295	0.0064	0.0008	0.0000	0.0000	0.0132	0.0384	0.0321	0.0523	0.0058	0.0000	39.61	0.01
1991-06-12	Perennial Ryegrass	0.10	219.56	0.58	0.70	0.29	1.22	1	0	1.22	650.00	0.00	13.51	9.60	0.00	0.00	0.00	0.00	0.00	0.00	0.00	0.00	0.00	0.00	0.00	0.00	0.00	0.00	0.00	0.00	0.00	0.00	0.00	0.00	0.00	0.00	0.00	0.00	37.1	32.7	31.4	40.0	44.8	46.5	232.46	0.148	0.121	0.094	0.086	0.010	0.000	0.5725	1.0000	1.0000	0.9527	1.0000	0.9537	0.27	15.53	15.80	0.03	0.06	0.10	0.04	0.02	0.02	0.01	0.06	0.45	2.39	6.43	6.19	0.0440	0.0287	0.0079	0.0009	0.0000	0.0000	0.0094	0.0288	0.0335	0.0507	0.0078	0.0000	39.37	0.01
1991-06-13	Perennial Ryegrass	0.10	213.49	0.59	0.69	0.26	1.22	1	0	1.25	650.00	0.00	17.86	12.70	0.00	0.00	0.00	0.00	0.00	0.00	0.00	0.00	0.00	0.00	0.00	0.00	0.00	0.00	0.00	0.00	0.00	0.00	0.00	0.00	0.00	0.00	0.00	0.00	28.4	31.9	32.0	42.0	50.7	46.6	231.53	0.151	0.110	0.097	0.084	0.022	0.000	0.5788	0.7273	1.0000	0.9548	1.0000	0.5883	0.21	15.40	15.61	0.00	0.04	0.09	0.04	0.02	0.02	0.00	0.03	0.33	2.11	6.73	6.20	0.0601	0.0297	0.0129	0.0012	0.0000	0.0000	0.0092	0.0235	0.0455	0.0595	0.0132	0.0000	39.37	0.01
1991-06-14	Perennial Ryegrass	0.10	208.25	0.59	0.70	0.26	1.22	1	0	1.27	650.00	0.00	13.96	9.92	0.00	0.00	0.00	0.00	0.00	0.00	0.00	0.00	0.00	0.00	0.00	0.00	0.00	0.00	0.00	0.00	0.00	0.00	0.00	0.00	0.00	0.00	0.00	0.00	23.3	29.4	31.3	43.4	55.5	47.8	230.61	0.120	0.123	0.117	0.108	0.047	0.000	0.5853	0.8655	1.0000	0.9557	1.0000	0.4747	0.22	15.27	15.49	0.02	0.03	0.08	0.04	0.02	0.02	0.00	0.02	0.24	1.85	6.82	6.35	0.0169	0.0194	0.0125	0.0015	0.0001	0.0000	0.0014	0.0113	0.0364	0.0627	0.0237	0.0000	39.00	0.01
1991-06-15	Perennial Ryegrass	0.10	204.80	0.60	0.70	0.26	1.22	2	0	1.29	650.00	0.00	12.85	9.13	0.00	0.00	0.00	0.00	0.00	0.00	0.00	0.00	0.00	0.00	0.00	0.00	0.00	0.00	0.00	0.00	0.00	0.00	0.00	0.00	0.00	0.00	0.00	0.00	20.4	26.5	29.6	43.5	58.2	51.0	229.33	0.193	0.238	0.250	0.260	0.145	0.000	0.5905	1.0000	1.0000	0.9470	1.0000	0.7640	0.23	15.14	15.37	0.04	0.03	0.07	0.04	0.03	0.02	0.00	0.01	0.18	1.59	6.63	6.73	0.0139	0.0118	0.0105	0.0018	0.0002	0.0000	0.0013	0.0050	0.0253	0.0649	0.0399	0.0000	39.24	0.01
1991-06-16	Perennial Ryegrass	0.09	198.88	0.60	0.70	0.26	1.22	2	0	1.30	650.00	0.00	12.52	8.89	0.00	0.00	0.00	0.00	0.00	0.00	0.00	0.00	0.00	0.00	0.00	0.00	0.00	0.00	0.00	0.00	0.00	0.00	0.00	0.00	0.00	0.00	0.00	0.00	18.3	24.0	27.5	42.7	59.5	55.3	227.27	0.237	0.307	0.355	0.410	0.263	0.000	0.5961	1.0000	1.0000	0.9524	1.0000	0.3285	0.26	15.02	15.27	0.06	0.03	0.07	0.04	0.03	0.03	0.01	0.01	0.14	1.37	6.31	7.18	0.0138	0.0081	0.0080	0.0020	0.0003	0.0000	0.0015	0.0027	0.0161	0.0600	0.0535	0.0000	39.53	0.01
1991-06-17	Perennial Ryegrass	0.09	193.58	0.60	0.71	0.26	1.22	2	0	1.32	650.00	0.00	10.35	7.35	0.00	0.00	0.00	0.00	0.00	0.00	0.00	0.00	0.00	0.00	0.00	0.00	0.00	0.00	0.00	0.00	0.00	0.00	0.00	0.00	0.00	0.00	0.00	0.00	17.3	22.2	25.7	41.6	60.1	58.8	225.78	0.070	0.093	0.115	0.146	0.104	0.000	0.6003	0.6026	1.0000	0.9530	1.0000	0.4558	0.29	14.86	15.15	0.08	0.04	0.07	0.05	0.03	0.03	0.01	0.01	0.12	1.20	5.99	7.52	0.0131	0.0062	0.0055	0.0018	0.0002	0.0000	0.0018	0.0018	0.0094	0.0448	0.0420	0.0000	39.77	0.01
1991-06-18	Perennial Ryegrass	0.09	192.22	0.61	0.71	0.26	1.22	2	0	1.33	650.00	0.00	8.77	6.22	0.00	0.00	0.00	0.00	0.00	0.00	0.00	0.00	0.00	0.00	0.00	0.00	0.00	0.00	0.00	0.00	0.00	0.00	0.00	0.00	0.00	0.00	0.00	0.00	16.9	20.7	24.1	40.3	59.9	60.9	222.94	0.062	0.078	0.099	0.138	0.106	0.000	0.6036	0.8038	1.0000	0.9376	1.0000	0.3073	0.32	14.53	14.85	0.10	0.05	0.07	0.05	0.04	0.03	0.02	0.01	0.11	1.07	5.67	7.65	0.0130	0.0053	0.0041	0.0016	0.0003	0.0000	0.0022	0.0014	0.0062	0.0367	0.0416	0.0000	39.98	0.01
1991-06-19	Perennial Ryegrass	0.09	191.58	0.61	0.71	0.26	1.22	2	0	1.34	650.00	0.00	7.48	5.30	0.00	0.00	0.00	0.00	0.00	0.00	0.00	0.00	0.00	0.00	0.00	0.00	0.00	0.00	0.00	0.00	0.00	0.00	0.00	0.00	0.00	0.00	0.00	0.00	16.9	19.7	22.8	39.0	59.3	61.9	219.68	0.051	0.057	0.075	0.113	0.092	0.000	0.6063	1.0000	1.0000	0.9087	1.0000	0.3335	0.34	14.13	14.48	0.10	0.05	0.07	0.05	0.04	0.03	0.02	0.01	0.10	0.97	5.37	7.65	0.0133	0.0044	0.0032	0.0015	0.0003	0.0000	0.0026	0.0012	0.0044	0.0297	0.0385	0.0000	40.13	0.01
1991-06-20	Perennial Ryegrass	0.09	189.22	0.61	0.71	0.26	1.23	2	0	1.35	650.00	0.00	7.34	5.21	0.00	0.00	0.00	0.00	0.00	0.00	0.00	0.00	0.00	0.00	0.00	0.00	0.00	0.00	0.00	0.00	0.00	0.00	0.00	0.00	0.00	0.00	0.00	0.00	16.8	19.1	21.8	37.8	58.4	62.2	216.06	0.076	0.073	0.097	0.156	0.134	0.000	0.6088	1.0000	1.0000	0.9021	1.0000	0.3461	0.37	13.73	14.09	0.11	0.06	0.07	0.05	0.04	0.03	0.03	0.02	0.09	0.90	5.12	7.57	0.0147	0.0040	0.0027	0.0014	0.0003	0.0000	0.0031	0.0011	0.0034	0.0254	0.0378	0.0000	40.25	0.01
1991-06-21	Perennial Ryegrass	0.09	185.31	0.61	0.71	0.26	1.23	2	0	1.36	650.00	0.00	7.22	5.12	0.00	0.00	0.00	0.00	0.00	0.00	0.00	0.00	0.00	0.00	0.00	0.00	0.00	0.00	0.00	0.00	0.00	0.00	0.00	0.00	0.00	0.00	0.00	0.00	16.5	18.8	21.0	36.8	57.5	62.0	212.56	0.073	0.066	0.083	0.141	0.126	0.000	0.6114	1.0000	1.0000	0.9089	1.0000	0.3055	0.39	13.35	13.74	0.12	0.07	0.07	0.05	0.04	0.04	0.03	0.02	0.09	0.85	4.91	7.45	0.0154	0.0039	0.0022	0.0013	0.0003	0.0000	0.0036	0.0011	0.0027	0.0214	0.0343	0.0000	40.39	0.01
1991-06-22	Perennial Ryegrass	0.09	183.93	0.62	0.72	0.26	2.00	2	0	1.36	650.00	0.00	6.59	4.67	0.00	0.00	0.00	0.00	0.00	0.00	0.00	0.00	0.00	0.00	0.00	0.00	0.00	0.00	0.00	0.00	0.00	0.00	0.00	0.00	0.00	0.00	0.00	0.00	16.1	18.7	20.4	35.9	56.6	61.5	209.07	0.098	0.087	0.105	0.183	0.167	0.000	0.6138	0.5810	1.0000	0.8945	1.0000	0.2967	0.40	13.03	13.43	0.13	0.07	0.07	0.05	0.04	0.04	0.03	0.02	0.09	0.81	4.75	7.33	0.0155	0.0040	0.0021	0.0013	0.0003	0.0000	0.0038	0.0013	0.0025	0.0194	0.0340	0.0000	40.54	0.01
1991-06-23	Perennial Ryegrass	0.09	185.46	0.62	0.72	0.26	2.00	2	0	1.38	650.00	0.00	11.68	8.62	0.00	0.00	0.00	0.00	0.00	0.00	0.00	0.00	0.00	0.00	0.00	0.00	0.00	0.00	0.00	0.00	0.00	0.00	0.00	0.00	0.00	0.00	0.00	0.00	17.1	18.9	20.1	35.1	55.6	60.9	207.68	0.171	0.159	0.179	0.324	0.299	0.000	0.6155	1.0000	1.0000	0.8884	1.0000	0.3878	0.42	12.75	13.17	0.13	0.07	0.08	0.05	0.05	0.04	0.04	0.03	0.09	0.78	4.62	7.20	0.0154	0.0044	0.0021	0.0014	0.0004	0.0000	0.0040	0.0015	0.0025	0.0197	0.0403	0.0000	40.65	0.01
1991-06-24	Perennial Ryegrass	0.09	182.09	0.63	0.72	0.26	2.00	2	0	1.40	650.00	0.00	12.33	9.04	0.00	0.00	0.00	0.00	0.00	0.00	0.00	0.00	0.00	0.00	0.00	0.00	0.00	0.00	0.00	0.00	0.00	0.00	0.00	0.00	0.00	0.00	0.00	0.00	16.9	18.8	19.9	34.8	55.0	60.2	205.65	0.071	0.059	0.060	0.107	0.100	0.000	0.6197	1.0000	1.0000	0.8851	1.0000	0.7480	0.44	12.55	12.99	0.14	0.08	0.08	0.05	0.05	0.04	0.04	0.03	0.10	0.76	4.54	7.09	0.0187	0.0046	0.0018	0.0011	0.0003	0.0000	0.0052	0.0017	0.0020	0.0150	0.0261	0.0000	40.89	0.01
1991-06-25	Perennial Ryegrass	0.08	176.34	0.63	0.73	0.26	2.00	2	0	1.43	650.00	0.00	17.07	12.41	0.00	0.00	0.00	0.00	0.00	0.00	0.00	0.00	0.00	0.00	0.00	0.00	0.00	0.00	0.00	0.00	0.00	0.00	0.00	0.00	0.00	0.00	0.00	0.00	16.5	18.6	19.8	34.2	54.4	59.6	203.20	0.178	0.150	0.152	0.270	0.250	0.000	0.6250	1.0000	1.0000	0.9082	1.0000	0.5095	0.46	12.40	12.85	0.15	0.08	0.08	0.05	0.05	0.04	0.04	0.03	0.10	0.74	4.47	7.01	0.0201	0.0052	0.0021	0.0013	0.0004	0.0000	0.0059	0.0020	0.0025	0.0167	0.0343	0.0000	41.06	0.01
1991-06-26	Perennial Ryegrass	0.08	171.01	0.64	0.73	0.25	2.00	2	0	1.45	650.00	0.00	17.39	12.87	0.00	0.00	0.00	0.00	0.00	0.00	0.00	0.00	0.00	0.00	0.00	0.00	0.00	0.00	0.00	0.00	0.00	0.00	0.00	0.00	0.00	0.00	0.00	0.00	16.0	18.4	19.8	34.1	53.7	59.0	201.03	0.167	0.144	0.150	0.258	0.241	0.000	0.6315	0.9793	1.0000	0.9251	1.0000	0.3943	0.48	12.29	12.77	0.15	0.09	0.09	0.06	0.05	0.04	0.05	0.04	0.11	0.75	4.40	6.94	0.0200	0.0052	0.0021	0.0012	0.0004	0.0000	0.0063	0.0022	0.0027	0.0162	0.0328	0.0000	41.45	0.01
1991-06-27	Perennial Ryegrass	0.08	170.30	0.64	0.73	0.25	2.00	2	0	1.46	650.00	0.00	9.94	7.49	0.00	0.00	0.00	0.00	0.00	0.00	0.00	0.00	0.00	0.00	0.00	0.00	0.00	0.00	0.00	0.00	0.00	0.00	0.00	0.00	0.00	0.00	0.00	0.00	15.5	18.2	19.8	33.9	53.3	58.5	199.23	0.144	0.129	0.140	0.239	0.215	0.000	0.6374	0.8920	1.0000	0.9025	1.0000	0.2295	0.49	12.22	12.71	0.16	0.09	0.09	0.06	0.05	0.04	0.06	0.04	0.12	0.76	4.36	6.88	0.0186	0.0052	0.0021	0.0012	0.0004	0.0000	0.0064	0.0023	0.0028	0.0160	0.0302	0.0000	41.80	0.01
1991-06-28	Perennial Ryegrass	0.08	174.68	0.64	0.73	0.26	2.00	2	0	1.48	650.00	0.00	11.25	8.36	0.00	0.00	0.00	0.00	0.00	0.00	0.00	0.00	0.00	0.00	0.00	0.00	0.00	0.00	0.00	0.00	0.00	0.00	0.00	0.00	0.00	0.00	0.00	0.00	17.7	18.9	19.8	33.8	52.9	58.2	201.31	0.145	0.136	0.153	0.258	0.230	0.000	0.6399	0.6577	1.0000	0.9052	1.0000	0.3817	0.51	12.18	12.69	0.16	0.10	0.09	0.06	0.05	0.04	0.06	0.05	0.13	0.77	4.33	6.84	0.0178	0.0053	0.0022	0.0013	0.0004	0.0000	0.0063	0.0027	0.0031	0.0164	0.0308	0.0000	41.95	0.01
1991-06-29	Perennial Ryegrass	0.08	177.60	0.65	0.74	0.25	2.00	2	0	1.49	650.00	0.00	11.47	8.49	0.00	0.00	0.00	0.00	0.00	0.00	0.00	0.00	0.00	0.00	0.00	0.00	0.00	0.00	0.00	0.00	0.00	0.00	0.00	0.00	0.00	0.00	0.00	0.00	18.8	19.7	20.1	34.0	52.6	58.0	203.13	0.178	0.137	0.136	0.225	0.198	0.000	0.6431	1.0000	1.0000	0.8865	1.0000	0.5097	0.51	12.15	12.66	0.16	0.10	0.09	0.06	0.06	0.04	0.06	0.06	0.13	0.78	4.30	6.82	0.0263	0.0063	0.0022	0.0013	0.0004	0.0000	0.0094	0.0035	0.0031	0.0160	0.0281	0.0000	42.15	0.01
1991-06-30	Perennial Ryegrass	0.08	174.02	0.65	0.74	0.24	2.00	2	0	1.51	650.00	0.00	13.68	10.01	0.00	0.00	0.00	0.00	0.00	0.00	0.00	0.00	0.00	0.00	0.00	0.00	0.00	0.00	0.00	0.00	0.00	0.00	0.00	0.00	0.00	0.00	0.00	0.00	17.5	19.8	20.3	34.3	52.4	57.8	202.09	0.160	0.122	0.111	0.180	0.152	0.000	0.6471	0.7092	1.0000	0.8916	1.0000	0.4261	0.51	12.13	12.64	0.16	0.10	0.09	0.06	0.06	0.05	0.06	0.06	0.13	0.79	4.28	6.81	0.0307	0.0074	0.0023	0.0012	0.0003	0.0000	0.0111	0.0043	0.0032	0.0157	0.0247	0.0000	42.28	0.01
1991-07-01	Perennial Ryegrass	0.08	172.77	0.65	0.74	0.24	2.00	2	0	1.52	650.00	0.00	8.95	6.86	0.00	0.00	0.00	0.00	0.00	0.00	0.00	0.00	0.00	0.00	0.00	0.00	0.00	0.00	0.00	0.00	0.00	0.00	0.00	0.00	0.00	0.00	0.00	0.00	16.9	19.4	20.4	34.5	52.4	57.7	201.33	0.070	0.063	0.059	0.095	0.077	0.000	0.6510	0.5015	1.0000	0.8721	1.0000	0.5120	0.51	12.11	12.62	0.15	0.10	0.09	0.06	0.06	0.05	0.06	0.06	0.14	0.78	4.28	6.80	0.0236	0.0073	0.0022	0.0012	0.0003	0.0000	0.0088	0.0044	0.0031	0.0147	0.0201	0.0000	42.38	0.01
1991-07-02	Perennial Ryegrass	0.08	171.43	0.66	0.74	0.24	2.00	2	0	1.53	650.00	0.00	8.61	6.30	0.00	0.00	0.00	0.00	0.00	0.00	0.00	0.00	0.00	0.00	0.00	0.00	0.00	0.00	0.00	0.00	0.00	0.00	0.00	0.00	0.00	0.00	0.00	0.00	16.6	19.0	20.3	34.5	52.5	57.6	200.53	0.066	0.062	0.061	0.098	0.079	0.000	0.6535	0.4454	1.0000	0.8578	1.0000	0.5305	0.51	12.09	12.61	0.15	0.10	0.09	0.06	0.06	0.05	0.06	0.06	0.14	0.77	4.28	6.79	0.0211	0.0069	0.0023	0.0012	0.0003	0.0000	0.0082	0.0042	0.0032	0.0148	0.0204	0.0000	42.55	0.01
1991-07-03	Perennial Ryegrass	0.08	168.91	0.66	0.74	0.24	2.00	2	0	1.54	650.00	0.00	11.12	8.06	0.00	0.00	0.00	0.00	0.00	0.00	0.00	0.00	0.00	0.00	0.00	0.00	0.00	0.00	0.00	0.00	0.00	0.00	0.00	0.00	0.00	0.00	0.00	0.00	16.5	18.8	20.0	34.4	52.6	57.5	199.78	0.084	0.075	0.079	0.130	0.105	0.000	0.6558	0.6816	1.0000	0.8638	1.0000	0.4035	0.52	12.08	12.59	0.15	0.10	0.10	0.06	0.06	0.05	0.06	0.07	0.14	0.75	4.27	6.78	0.0204	0.0064	0.0023	0.0013	0.0003	0.0000	0.0082	0.0040	0.0033	0.0151	0.0220	0.0000	42.73	0.01
1991-07-04	Perennial Ryegrass	0.08	175.36	0.66	0.74	0.24	2.00	2	0	1.56	650.00	0.00	8.76	6.56	0.00	0.00	0.00	0.00	0.00	0.00	0.00	0.00	0.00	0.00	0.00	0.00	0.00	0.00	0.00	0.00	0.00	0.00	0.00	0.00	0.00	0.00	0.00	0.00	19.5	19.9	20.3	34.4	52.6	57.4	204.15	0.111	0.100	0.103	0.176	0.143	0.000	0.6587	1.0000	1.0000	0.8369	1.0000	0.5443	0.52	12.05	12.57	0.15	0.10	0.10	0.06	0.06	0.05	0.06	0.07	0.14	0.74	4.27	6.77	0.0199	0.0063	0.0023	0.0013	0.0004	0.0000	0.0076	0.0042	0.0033	0.0155	0.0245	0.0000	42.84	0.01
1991-07-05	Perennial Ryegrass	0.08	175.84	0.66	0.74	0.23	2.00	2	0	1.57	650.00	0.00	9.91	7.23	0.00	0.00	0.00	0.00	0.00	0.00	0.00	0.00	0.00	0.00	0.00	0.00	0.00	0.00	0.00	0.00	0.00	0.00	0.00	0.00	0.00	0.00	0.00	0.00	18.9	20.3	20.6	34.6	52.8	57.3	204.49	0.170	0.124	0.113	0.184	0.150	0.000	0.6617	1.0000	1.0000	0.8099	1.0000	0.5224	0.51	12.02	12.53	0.14	0.10	0.10	0.06	0.06	0.05	0.05	0.07	0.14	0.73	4.26	6.76	0.0316	0.0078	0.0025	0.0014	0.0004	0.0000	0.0114	0.0054	0.0036	0.0154	0.0250	0.0000	43.07	0.01
1991-07-06	Perennial Ryegrass	0.08	173.92	0.67	0.74	0.23	2.01	2	0	1.58	650.00	0.00	9.93	7.23	0.00	0.00	0.00	0.00	0.00	0.00	0.00	0.00	0.00	0.00	0.00	0.00	0.00	0.00	0.00	0.00	0.00	0.00	0.00	0.00	0.00	0.00	0.00	0.00	17.8	20.2	20.8	34.8	53.1	57.2	203.90	0.079	0.066	0.059	0.093	0.075	0.000	0.6649	0.7473	1.0000	0.7866	1.0000	0.3963	0.50	11.99	12.49	0.13	0.10	0.10	0.06	0.06	0.05	0.05	0.07	0.14	0.72	4.26	6.75	0.0264	0.0081	0.0025	0.0013	0.0003	0.0000	0.0093	0.0056	0.0036	0.0141	0.0209	0.0000	43.07	0.01
1991-07-07	Perennial Ryegrass	0.08	173.26	0.67	0.74	0.23	2.01	2	0	1.59	650.00	0.00	6.89	5.13	0.00	0.00	0.00	0.00	0.00	0.00	0.00	0.00	0.00	0.00	0.00	0.00	0.00	0.00	0.00	0.00	0.00	0.00	0.00	0.00	0.00	0.00	0.00	0.00	17.0	19.8	20.8	34.9	53.4	57.1	203.04	0.091	0.085	0.080	0.124	0.101	0.000	0.6674	0.6248	1.0000	0.7496	1.0000	0.3980	0.49	11.96	12.46	0.12	0.10	0.10	0.06	0.06	0.05	0.05	0.07	0.14	0.70	4.26	6.75	0.0210	0.0079	0.0027	0.0013	0.0003	0.0000	0.0073	0.0054	0.0038	0.0146	0.0227	0.0000	43.19	0.01
1991-07-08	Perennial Ryegrass	0.09	185.58	0.67	0.75	0.23	2.01	2	0	1.60	650.00	0.00	6.00	4.36	0.00	0.00	0.00	0.00	0.00	0.00	0.00	0.00	0.00	0.00	0.00	0.00	0.00	0.00	0.00	0.00	0.00	0.00	0.00	0.00	0.00	0.00	0.00	0.00	24.1	22.4	21.8	35.4	54.0	57.1	214.76	0.056	0.055	0.054	0.085	0.071	0.000	0.6691	1.0000	1.0000	0.6985	1.0000	0.5673	0.48	11.94	12.42	0.12	0.09	0.10	0.06	0.06	0.05	0.04	0.07	0.14	0.69	4.25	6.75	0.0173	0.0070	0.0025	0.0013	0.0003	0.0000	0.0052	0.0049	0.0036	0.0139	0.0216	0.0000	43.17	0.01
1991-07-09	Perennial Ryegrass	0.09	196.26	0.67	0.74	0.22	2.01	2	0	1.61	650.00	0.00	7.10	5.16	0.00	0.00	0.00	0.00	0.00	0.00	0.00	0.00	0.00	0.00	0.00	0.00	0.00	0.00	0.00	0.00	0.00	0.00	0.00	0.00	0.00	0.00	0.00	0.00	29.1	25.9	23.8	36.4	54.7	57.7	227.53	0.221	0.147	0.122	0.173	0.143	0.000	0.6710	1.0000	1.0000	0.6803	1.0000	1.0000	0.44	11.89	12.33	0.09	0.09	0.09	0.06	0.06	0.05	0.02	0.06	0.14	0.66	4.21	6.80	0.0451	0.0110	0.0032	0.0015	0.0004	0.0000	0.0110	0.0074	0.0045	0.0152	0.0261	0.0000	43.27	0.01
1991-07-10	Perennial Ryegrass	0.10	209.34	0.68	0.74	0.21	2.01	2	0	1.62	650.00	0.00	5.83	4.24	0.00	0.00	0.00	0.00	0.00	0.00	0.00	0.00	0.00	0.00	0.00	0.00	0.00	0.00	0.00	0.00	0.00	0.00	0.00	0.00	0.00	0.00	0.00	0.00	36.9	32.5	33.0	43.3	57.8	59.4	262.95	0.391	0.263	0.200	0.244	0.195	0.000	0.6734	1.0000	1.0000	0.6391	1.0000	1.0000	0.38	11.72	12.09	0.04	0.07	0.09	0.06	0.06	0.05	0.01	0.04	0.12	0.61	4.08	6.88	0.0576	0.0178	0.0045	0.0017	0.0005	0.0000	0.0088	0.0086	0.0056	0.0160	0.0291	0.0000	42.98	0.01
1991-07-11	Perennial Ryegrass	0.10	218.64	0.68	0.74	0.19	2.01	2	0	1.63	650.00	0.00	6.19	4.51	0.00	0.00	0.00	0.00	0.00	0.00	0.00	0.00	0.00	0.00	0.00	0.00	0.00	0.00	0.00	0.00	0.00	0.00	0.00	0.00	0.00	0.00	0.00	0.00	37.1	32.7	33.1	50.9	62.8	62.4	279.03	0.123	0.089	0.087	0.081	0.052	0.000	0.6754	1.0000	1.0000	0.6243	1.0000	1.0000	0.28	11.31	11.59	0.00	0.04	0.07	0.06	0.06	0.05	0.00	0.01	0.07	0.52	3.80	6.90	0.0537	0.0357	0.0155	0.0026	0.0004	0.0000	0.0061	0.0123	0.0142	0.0218	0.0250	0.0000	42.75	0.01
1991-07-12	Perennial Ryegrass	0.11	221.91	0.68	0.74	0.17	2.01	2	0	1.65	650.00	0.00	9.51	6.93	0.00	0.00	0.00	0.00	0.00	0.00	0.00	0.00	0.00	0.00	0.00	0.00	0.00	0.00	0.00	0.00	0.00	0.00	0.00	0.00	0.00	0.00	0.00	0.00	33.2	32.7	33.2	50.7	65.8	65.4	280.88	0.070	0.051	0.050	0.063	0.037	0.000	0.6774	1.0000	1.0000	0.6157	1.0000	1.0000	0.25	10.70	10.96	0.00	0.02	0.06	0.05	0.06	0.05	0.00	0.01	0.05	0.41	3.44	6.80	0.0162	0.0207	0.0132	0.0043	0.0006	0.0000	0.0005	0.0057	0.0099	0.0310	0.0310	0.0000	42.48	0.01
1991-07-13	Perennial Ryegrass	0.10	221.41	0.68	0.73	0.16	2.01	2	0	1.66	650.00	0.00	8.31	6.34	0.00	0.00	0.00	0.00	0.00	0.00	0.00	0.00	0.00	0.00	0.00	0.00	0.00	0.00	0.00	0.00	0.00	0.00	0.00	0.00	0.00	0.00	0.00	0.00	26.8	31.2	32.7	49.2	66.9	67.6	274.42	0.111	0.095	0.092	0.116	0.076	0.000	0.6805	1.0000	1.0000	0.5522	1.0000	0.9054	0.23	9.99	10.22	0.00	0.01	0.05	0.05	0.06	0.05	0.00	0.00	0.04	0.33	3.07	6.56	0.0128	0.0129	0.0113	0.0040	0.0007	0.0000	0.0004	0.0028	0.0071	0.0247	0.0347	0.0000	42.37	0.01
1991-07-14	Perennial Ryegrass	0.11	221.98	0.69	0.74	0.16	2.01	2	0	1.67	650.00	0.00	8.69	6.34	0.00	0.00	0.00	0.00	0.00	0.00	0.00	0.00	0.00	0.00	0.00	0.00	0.00	0.00	0.00	0.00	0.00	0.00	0.00	0.00	0.00	0.00	0.00	0.00	23.9	29.2	31.7	47.9	67.1	69.0	268.87	0.059	0.064	0.066	0.081	0.058	0.000	0.6831	0.6127	1.0000	0.5561	1.0000	0.7201	0.23	9.25	9.47	0.01	0.01	0.05	0.05	0.06	0.05	0.00	0.00	0.03	0.26	2.72	6.23	0.0090	0.0076	0.0091	0.0034	0.0008	0.0000	0.0003	0.0012	0.0049	0.0179	0.0326	0.0000	42.34	0.01
1991-07-15	Perennial Ryegrass	0.10	220.13	0.69	0.74	0.16	2.01	2	0	1.68	650.00	0.00	7.47	5.45	0.00	0.00	0.00	0.00	0.00	0.00	0.00	0.00	0.00	0.00	0.00	0.00	0.00	0.00	0.00	0.00	0.00	0.00	0.00	0.00	0.00	0.00	0.00	0.00	20.6	26.7	30.0	46.5	66.6	69.7	260.23	0.062	0.072	0.079	0.097	0.074	0.000	0.6852	0.5146	1.0000	0.5449	1.0000	0.6087	0.23	8.52	8.75	0.02	0.01	0.04	0.05	0.06	0.05	0.00	0.00	0.02	0.22	2.42	5.87	0.0098	0.0055	0.0070	0.0030	0.0008	0.0000	0.0004	0.0007	0.0032	0.0134	0.0298	0.0000	42.53	0.01
1991-07-16	Perennial Ryegrass	0.10	218.88	0.69	0.74	0.16	2.01	2	0	1.68	650.00	0.00	6.16	4.50	0.00	0.00	0.00	0.00	0.00	0.00	0.00	0.00	0.00	0.00	0.00	0.00	0.00	0.00	0.00	0.00	0.00	0.00	0.00	0.00	0.00	0.00	0.00	0.00	18.7	24.5	28.1	44.9	65.7	69.7	251.59	0.068	0.088	0.103	0.132	0.105	0.000	0.6868	0.5905	1.0000	0.5256	1.0000	0.4373	0.24	7.85	8.08	0.03	0.01	0.04	0.04	0.06	0.05	0.00	0.00	0.02	0.18	2.15	5.49	0.0085	0.0042	0.0052	0.0026	0.0008	0.0000	0.0005	0.0004	0.0021	0.0102	0.0265	0.0000	42.58	0.01
1991-07-17	Perennial Ryegrass	0.10	218.48	0.69	0.74	0.15	2.01	2	0	1.69	650.00	0.00	3.92	2.86	0.00	0.00	0.00	0.00	0.00	0.00	0.00	0.00	0.00	0.00	0.00	0.00	0.00	0.00	0.00	0.00	0.00	0.00	0.00	0.00	0.00	0.00	0.00	0.00	17.5	22.5	26.1	42.9	64.2	69.2	242.52	0.152	0.200	0.247	0.335	0.276	0.000	0.6880	1.0000	1.0000	0.4670	1.0000	0.2874	0.25	7.24	7.49	0.04	0.02	0.04	0.04	0.06	0.05	0.00	0.00	0.01	0.16	1.93	5.13	0.0079	0.0034	0.0039	0.0024	0.0008	0.0000	0.0005	0.0004	0.0014	0.0082	0.0259	0.0000	42.68	0.01
1991-07-18	Perennial Ryegrass	0.10	217.71	0.69	0.74	0.15	2.01	2	0	1.69	650.00	0.00	3.79	2.76	0.00	0.00	0.00	0.00	0.00	0.00	0.00	0.00	0.00	0.00	0.00	0.00	0.00	0.00	0.00	0.00	0.00	0.00	0.00	0.00	0.00	0.00	0.00	0.00	16.9	20.9	24.4	41.1	62.7	68.3	234.23	0.114	0.144	0.184	0.266	0.228	0.000	0.6889	0.9928	1.0000	0.4339	1.0000	0.2508	0.26	6.72	6.98	0.05	0.02	0.04	0.04	0.06	0.05	0.00	0.00	0.01	0.14	1.76	4.80	0.0079	0.0029	0.0029	0.0020	0.0007	0.0000	0.0006	0.0003	0.0009	0.0061	0.0210	0.0000	42.75	0.01
1991-07-19	Perennial Ryegrass	0.10	215.49	0.69	0.74	0.15	2.01	2	0	1.69	650.00	0.00	6.10	4.45	0.00	0.00	0.00	0.00	0.00	0.00	0.00	0.00	0.00	0.00	0.00	0.00	0.00	0.00	0.00	0.00	0.00	0.00	0.00	0.00	0.00	0.00	0.00	0.00	16.7	19.6	22.8	39.3	61.0	67.1	226.62	0.151	0.174	0.228	0.351	0.310	0.000	0.6896	1.0000	1.0000	0.4773	1.0000	0.2915	0.28	6.28	6.56	0.06	0.03	0.04	0.04	0.06	0.05	0.01	0.00	0.01	0.12	1.62	4.51	0.0089	0.0027	0.0023	0.0018	0.0007	0.0000	0.0008	0.0003	0.0007	0.0050	0.0194	0.0000	42.85	0.01
1991-07-20	Perennial Ryegrass	0.10	212.42	0.69	0.74	0.16	2.01	2	0	1.70	650.00	0.00	7.31	5.34	0.00	0.00	0.00	0.00	0.00	0.00	0.00	0.00	0.00	0.00	0.00	0.00	0.00	0.00	0.00	0.00	0.00	0.00	0.00	0.00	0.00	0.00	0.00	0.00	16.3	19.0	21.7	37.8	59.3	65.7	219.86	0.150	0.147	0.196	0.321	0.291	0.000	0.6908	0.9939	1.0000	0.5065	1.0000	0.3357	0.30	5.92	6.22	0.07	0.03	0.04	0.04	0.06	0.05	0.01	0.00	0.01	0.12	1.52	4.27	0.0103	0.0025	0.0019	0.0016	0.0007	0.0000	0.0011	0.0003	0.0006	0.0040	0.0166	0.0000	42.97	0.01
1991-07-21	Perennial Ryegrass	0.10	211.33	0.69	0.74	0.16	2.01	2	0	1.71	650.00	0.00	4.46	3.26	0.00	0.00	0.00	0.00	0.00	0.00	0.00	0.00	0.00	0.00	0.00	0.00	0.00	0.00	0.00	0.00	0.00	0.00	0.00	0.00	0.00	0.00	0.00	0.00	16.0	18.8	20.6	36.6	57.9	64.3	214.23	0.154	0.146	0.187	0.321	0.298	0.000	0.6922	1.0000	1.0000	0.4869	1.0000	0.3592	0.31	5.64	5.96	0.08	0.04	0.05	0.04	0.06	0.05	0.01	0.01	0.02	0.11	1.44	4.06	0.0107	0.0026	0.0017	0.0014	0.0006	0.0000	0.0014	0.0004	0.0005	0.0034	0.0149	0.0000	43.09	0.01
1991-07-22	Perennial Ryegrass	0.10	210.66	0.69	0.74	0.16	2.01	2	0	1.71	650.00	0.00	4.31	3.15	0.00	0.00	0.00	0.00	0.00	0.00	0.00	0.00	0.00	0.00	0.00	0.00	0.00	0.00	0.00	0.00	0.00	0.00	0.00	0.00	0.00	0.00	0.00	0.00	16.7	18.7	20.2	35.7	56.7	62.9	210.87	0.104	0.100	0.114	0.208	0.195	0.000	0.6932	1.0000	1.0000	0.4457	1.0000	0.9581	0.33	5.43	5.76	0.08	0.04	0.05	0.04	0.06	0.05	0.01	0.01	0.02	0.11	1.38	3.90	0.0110	0.0027	0.0014	0.0012	0.0005	0.0000	0.0016	0.0004	0.0005	0.0028	0.0117	0.0000	43.15	0.01
1991-07-23	Perennial Ryegrass	0.10	210.02	0.70	0.74	0.15	2.01	2	0	1.72	650.00	0.00	3.32	2.43	0.00	0.00	0.00	0.00	0.00	0.00	0.00	0.00	0.00	0.00	0.00	0.00	0.00	0.00	0.00	0.00	0.00	0.00	0.00	0.00	0.00	0.00	0.00	0.00	16.2	18.5	19.9	35.0	55.7	61.7	206.94	0.157	0.132	0.143	0.263	0.249	0.000	0.6944	1.0000	1.0000	0.4000	1.0000	0.2365	0.34	5.27	5.61	0.09	0.05	0.05	0.04	0.06	0.05	0.01	0.01	0.02	0.10	1.35	3.78	0.0133	0.0030	0.0014	0.0012	0.0005	0.0000	0.0021	0.0005	0.0005	0.0027	0.0117	0.0000	43.26	0.01
1991-07-24	Perennial Ryegrass	0.10	209.13	0.70	0.74	0.15	2.01	2	0	1.72	650.00	0.00	3.74	2.73	0.00	0.00	0.00	0.00	0.00	0.00	0.00	0.00	0.00	0.00	0.00	0.00	0.00	0.00	0.00	0.00	0.00	0.00	0.00	0.00	0.00	0.00	0.00	0.00	15.9	18.2	19.8	34.3	54.8	60.7	203.75	0.172	0.151	0.161	0.295	0.278	0.000	0.6950	1.0000	1.0000	0.3604	1.0000	0.4236	0.35	5.16	5.50	0.09	0.05	0.05	0.05	0.06	0.05	0.02	0.01	0.02	0.10	1.32	3.69	0.0125	0.0031	0.0014	0.0012	0.0005	0.0000	0.0021	0.0006	0.0005	0.0026	0.0116	0.0000	43.29	0.01
1991-07-25	Perennial Ryegrass	0.10	207.87	0.70	0.74	0.15	2.01	2	0	1.72	650.00	0.00	4.29	3.13	0.00	0.00	0.00	0.00	0.00	0.00	0.00	0.00	0.00	0.00	0.00	0.00	0.00	0.00	0.00	0.00	0.00	0.00	0.00	0.00	0.00	0.00	0.00	0.00	15.4	18.1	19.9	34.2	54.0	59.8	201.33	0.107	0.096	0.106	0.184	0.175	0.000	0.6958	0.7101	1.0000	0.3450	1.0000	0.4293	0.36	5.08	5.43	0.09	0.05	0.05	0.05	0.06	0.05	0.02	0.01	0.02	0.11	1.29	3.62	0.0116	0.0029	0.0013	0.0010	0.0004	0.0000	0.0020	0.0006	0.0005	0.0023	0.0092	0.0000	43.37	0.01
1991-07-26	Perennial Ryegrass	0.10	207.74	0.70	0.74	0.15	2.01	2	0	1.72	650.00	0.00	2.32	1.70	0.00	0.00	0.00	0.00	0.00	0.00	0.00	0.00	0.00	0.00	0.00	0.00	0.00	0.00	0.00	0.00	0.00	0.00	0.00	0.00	0.00	0.00	0.00	0.00	14.9	17.9	19.8	34.1	53.6	58.9	199.32	0.118	0.112	0.129	0.221	0.201	0.000	0.6966	0.8898	1.0000	0.3037	1.0000	0.2897	0.36	5.03	5.39	0.09	0.05	0.06	0.05	0.06	0.05	0.02	0.01	0.02	0.11	1.29	3.57	0.0107	0.0030	0.0014	0.0011	0.0004	0.0000	0.0020	0.0006	0.0006	0.0025	0.0093	0.0000	43.44	0.01
1991-07-27	Perennial Ryegrass	0.10	208.36	0.70	0.74	0.15	2.01	2	0	1.73	650.00	0.00	2.22	1.62	0.00	0.00	0.00	0.00	0.00	0.00	0.00	0.00	0.00	0.00	0.00	0.00	0.00	0.00	0.00	0.00	0.00	0.00	0.00	0.00	0.00	0.00	0.00	0.00	15.2	17.8	19.8	33.9	53.2	58.4	198.22	0.143	0.143	0.170	0.289	0.259	0.000	0.6970	1.0000	1.0000	0.2592	1.0000	0.4569	0.36	5.00	5.37	0.09	0.06	0.06	0.05	0.06	0.05	0.02	0.01	0.03	0.12	1.28	3.54	0.0100	0.0030	0.0015	0.0011	0.0005	0.0000	0.0019	0.0007	0.0007	0.0028	0.0102	0.0000	43.46	0.01
1991-07-28	Perennial Ryegrass	0.10	207.29	0.70	0.74	0.15	2.01	2	0	1.73	650.00	0.00	3.82	2.78	0.00	0.00	0.00	0.00	0.00	0.00	0.00	0.00	0.00	0.00	0.00	0.00	0.00	0.00	0.00	0.00	0.00	0.00	0.00	0.00	0.00	0.00	0.00	0.00	14.7	17.6	19.7	33.7	52.8	58.1	196.71	0.127	0.117	0.142	0.239	0.213	0.000	0.6975	1.0000	1.0000	0.2613	1.0000	0.4151	0.37	4.99	5.36	0.10	0.06	0.06	0.05	0.06	0.05	0.02	0.01	0.03	0.12	1.28	3.53	0.0106	0.0030	0.0015	0.0011	0.0004	0.0000	0.0021	0.0007	0.0007	0.0027	0.0091	0.0000	43.53	0.01
1991-07-29	Perennial Ryegrass	0.10	205.30	0.70	0.75	0.15	2.01	2	0	1.74	650.00	0.00	5.92	4.32	0.00	0.00	0.00	0.00	0.00	0.00	0.00	0.00	0.00	0.00	0.00	0.00	0.00	0.00	0.00	0.00	0.00	0.00	0.00	0.00	0.00	0.00	0.00	0.00	14.1	17.4	19.6	33.4	52.3	57.9	194.73	0.205	0.202	0.251	0.422	0.372	0.000	0.6981	1.0000	1.0000	0.2938	1.0000	0.5169	0.38	4.98	5.36	0.10	0.06	0.06	0.05	0.06	0.05	0.02	0.02	0.03	0.13	1.27	3.52	0.0105	0.0032	0.0018	0.0013	0.0006	0.0000	0.0021	0.0008	0.0008	0.0033	0.0126	0.0000	43.60	0.01
1991-07-30	Perennial Ryegrass	0.10	203.25	0.70	0.75	0.15	2.01	2	0	1.74	650.00	0.00	5.93	4.34	0.00	0.00	0.00	0.00	0.00	0.00	0.00	0.00	0.00	0.00	0.00	0.00	0.00	0.00	0.00	0.00	0.00	0.00	0.00	0.00	0.00	0.00	0.00	0.00	13.8	17.3	19.5	33.2	52.1	57.8	193.63	0.095	0.101	0.128	0.215	0.189	0.000	0.6992	1.0000	1.0000	0.3192	1.0000	0.6275	0.39	4.98	5.37	0.11	0.06	0.06	0.05	0.06	0.05	0.02	0.02	0.03	0.13	1.27	3.51	0.0095	0.0029	0.0015	0.0010	0.0004	0.0000	0.0020	0.0008	0.0007	0.0027	0.0083	0.0000	43.71	0.01
1991-07-31	Perennial Ryegrass	0.10	202.65	0.70	0.75	0.15	2.01	2	0	1.75	650.00	0.00	3.18	2.33	0.00	0.00	0.00	0.00	0.00	0.00	0.00	0.00	0.00	0.00	0.00	0.00	0.00	0.00	0.00	0.00	0.00	0.00	0.00	0.00	0.00	0.00	0.00	0.00	14.4	17.2	19.5	33.2	51.9	57.7	193.75	0.048	0.054	0.070	0.117	0.102	0.000	0.7005	1.0000	1.0000	0.3032	1.0000	1.0000	0.40	4.98	5.39	0.11	0.06	0.06	0.05	0.06	0.05	0.03	0.02	0.03	0.14	1.26	3.51	0.0090	0.0028	0.0014	0.0009	0.0003	0.0000	0.0019	0.0008	0.0007	0.0025	0.0066	0.0000	43.79	0.01
1991-08-01	Perennial Ryegrass	0.10	200.72	0.70	0.75	0.15	2.01	2	0	1.75	650.00	0.00	6.09	4.46	0.00	0.00	0.00	0.00	0.00	0.00	0.00	0.00	0.00	0.00	0.00	0.00	0.00	0.00	0.00	0.00	0.00	0.00	0.00	0.00	0.00	0.00	0.00	0.00	14.0	17.1	19.4	33.0	51.6	57.5	192.74	0.087	0.083	0.109	0.181	0.157	0.000	0.7012	1.0000	1.0000	0.3345	1.0000	0.5610	0.41	4.99	5.40	0.12	0.07	0.06	0.05	0.06	0.05	0.03	0.02	0.04	0.14	1.26	3.50	0.0110	0.0030	0.0015	0.0010	0.0004	0.0000	0.0025	0.0009	0.0008	0.0028	0.0075	0.0000	43.89	0.01
1991-08-02	Perennial Ryegrass	0.10	199.95	0.70	0.75	0.15	2.01	2	0	1.76	650.00	0.00	4.02	2.95	0.00	0.00	0.00	0.00	0.00	0.00	0.00	0.00	0.00	0.00	0.00	0.00	0.00	0.00	0.00	0.00	0.00	0.00	0.00	0.00	0.00	0.00	0.00	0.00	13.5	17.0	19.4	32.9	51.4	57.4	191.51	0.089	0.091	0.121	0.201	0.173	0.000	0.7024	0.7464	1.0000	0.3336	1.0000	0.4009	0.43	4.99	5.42	0.12	0.07	0.07	0.05	0.06	0.05	0.03	0.02	0.04	0.14	1.26	3.50	0.0107	0.0031	0.0015	0.0010	0.0004	0.0000	0.0026	0.0010	0.0009	0.0029	0.0078	0.0000	43.98	0.01
1991-08-03	Perennial Ryegrass	0.09	198.98	0.70	0.75	0.15	2.01	2	0	1.76	650.00	0.00	4.68	3.43	0.00	0.00	0.00	0.00	0.00	0.00	0.00	0.00	0.00	0.00	0.00	0.00	0.00	0.00	0.00	0.00	0.00	0.00	0.00	0.00	0.00	0.00	0.00	0.00	13.0	16.8	19.2	32.6	51.0	57.3	189.85	0.140	0.161	0.215	0.358	0.307	0.000	0.7031	0.9803	1.0000	0.3592	1.0000	0.3040	0.44	4.99	5.43	0.13	0.07	0.07	0.05	0.06	0.05	0.03	0.02	0.04	0.15	1.26	3.49	0.0103	0.0034	0.0018	0.0012	0.0005	0.0000	0.0026	0.0011	0.0011	0.0034	0.0107	0.0000	44.06	0.01
1991-08-04	Perennial Ryegrass	0.09	198.94	0.71	0.75	0.16	2.01	2	0	1.77	650.00	0.00	8.20	6.02	0.00	0.00	0.00	0.00	0.00	0.00	0.00	0.00	0.00	0.00	0.00	0.00	0.00	0.00	0.00	0.00	0.00	0.00	0.00	0.00	0.00	0.00	0.00	0.00	16.5	16.9	18.9	32.1	50.5	57.2	191.94	0.191	0.246	0.333	0.555	0.477	0.000	0.7038	1.0000	1.0000	0.4563	1.0000	0.3476	0.45	4.99	5.44	0.14	0.08	0.07	0.05	0.06	0.05	0.04	0.03	0.04	0.15	1.25	3.49	0.0107	0.0037	0.0022	0.0015	0.0008	0.0000	0.0028	0.0013	0.0013	0.0043	0.0157	0.0000	44.15	0.01
1991-08-05	Perennial Ryegrass	0.10	204.31	0.71	0.75	0.16	2.01	2	0	1.77	650.00	0.00	6.13	4.51	0.00	0.00	0.00	0.00	0.00	0.00	0.00	0.00	0.00	0.00	0.00	0.00	0.00	0.00	0.00	0.00	0.00	0.00	0.00	0.00	0.00	0.00	0.00	0.00	28.1	22.1	20.4	32.1	49.9	57.0	209.72	0.454	0.270	0.343	0.574	0.499	0.000	0.7052	1.0000	1.0000	0.5028	1.0000	1.0000	0.45	4.99	5.44	0.14	0.08	0.07	0.05	0.06	0.05	0.03	0.04	0.05	0.15	1.24	3.48	0.0222	0.0040	0.0022	0.0015	0.0008	0.0000	0.0052	0.0017	0.0015	0.0044	0.0166	0.0000	44.21	0.01
1991-08-06	Perennial Ryegrass	0.10	201.25	0.71	0.75	0.14	2.01	2	0	1.79	650.00	0.00	12.99	10.53	0.00	0.00	0.00	0.00	0.00	0.00	0.00	0.00	0.00	0.00	0.00	0.00	0.00	0.00	0.00	0.00	0.00	0.00	0.00	0.00	0.00	0.00	0.00	0.00	22.6	23.2	21.8	33.3	49.7	56.9	207.63	0.610	0.308	0.214	0.278	0.230	0.000	0.7068	1.0000	1.0000	0.5049	1.0000	0.5045	0.39	4.98	5.36	0.07	0.08	0.07	0.05	0.06	0.05	0.02	0.04	0.05	0.16	1.24	3.48	0.0885	0.0100	0.0022	0.0011	0.0004	0.0000	0.0198	0.0046	0.0016	0.0032	0.0085	0.0000	44.42	0.01
1991-08-07	Perennial Ryegrass	0.10	203.78	0.71	0.75	0.14	2.01	2	0	1.80	650.00	0.00	9.83	8.20	0.00	0.00	0.00	0.00	0.00	0.00	0.00	0.00	0.00	0.00	0.00	0.00	0.00	0.00	0.00	0.00	0.00	0.00	0.00	0.00	0.00	0.00	0.00	0.00	24.5	24.5	23.2	34.8	50.0	56.8	213.81	0.476	0.387	0.295	0.350	0.253	0.000	0.7097	1.0000	1.0000	0.5126	1.0000	0.4247	0.38	4.98	5.35	0.06	0.07	0.07	0.05	0.06	0.05	0.01	0.03	0.05	0.16	1.24	3.47	0.0287	0.0116	0.0030	0.0013	0.0005	0.0000	0.0056	0.0053	0.0022	0.0038	0.0091	0.0000	44.34	0.01
1991-08-08	Perennial Ryegrass	0.10	203.13	0.71	0.75	0.13	2.01	2	0	1.81	650.00	0.00	5.95	4.41	0.00	0.00	0.00	0.00	0.00	0.00	0.00	0.00	0.00	0.00	0.00	0.00	0.00	0.00	0.00	0.00	0.00	0.00	0.00	0.00	0.00	0.00	0.00	0.00	20.9	23.9	23.8	36.1	51.2	56.7	212.59	0.298	0.237	0.189	0.217	0.141	0.000	0.7118	1.0000	1.0000	0.4392	1.0000	0.3152	0.36	4.97	5.33	0.05	0.06	0.07	0.05	0.06	0.05	0.01	0.03	0.05	0.16	1.25	3.47	0.0318	0.0128	0.0033	0.0013	0.0004	0.0000	0.0057	0.0055	0.0024	0.0038	0.0067	0.0000	44.59	0.01
1991-08-09	Perennial Ryegrass	0.10	201.45	0.71	0.75	0.13	2.01	2	0	1.81	650.00	0.00	5.71	4.23	0.00	0.00	0.00	0.00	0.00	0.00	0.00	0.00	0.00	0.00	0.00	0.00	0.00	0.00	0.00	0.00	0.00	0.00	0.00	0.00	0.00	0.00	0.00	0.00	18.7	22.8	23.7	36.8	52.8	56.6	211.52	0.123	0.123	0.110	0.131	0.085	0.000	0.7129	0.6490	1.0000	0.4179	1.0000	0.4916	0.35	4.97	5.32	0.05	0.06	0.07	0.05	0.06	0.05	0.01	0.02	0.05	0.16	1.26	3.47	0.0171	0.0103	0.0035	0.0013	0.0003	0.0000	0.0028	0.0042	0.0025	0.0038	0.0061	0.0000	44.53	0.01
1991-08-10	Perennial Ryegrass	0.10	200.27	0.71	0.75	0.13	2.01	2	0	1.81	650.00	0.00	4.53	3.36	0.00	0.00	0.00	0.00	0.00	0.00	0.00	0.00	0.00	0.00	0.00	0.00	0.00	0.00	0.00	0.00	0.00	0.00	0.00	0.00	0.00	0.00	0.00	0.00	17.4	21.6	23.2	37.1	54.3	56.9	210.32	0.112	0.125	0.125	0.158	0.109	0.000	0.7138	0.6188	1.0000	0.4160	1.0000	0.3893	0.35	4.96	5.32	0.06	0.06	0.07	0.05	0.06	0.05	0.01	0.02	0.05	0.15	1.26	3.48	0.0127	0.0079	0.0034	0.0014	0.0004	0.0000	0.0019	0.0031	0.0023	0.0040	0.0071	0.0000	44.63	0.01
1991-08-11	Perennial Ryegrass	0.09	199.07	0.72	0.75	0.13	2.01	2	0	1.82	650.00	0.00	4.39	3.25	0.00	0.00	0.00	0.00	0.00	0.00	0.00	0.00	0.00	0.00	0.00	0.00	0.00	0.00	0.00	0.00	0.00	0.00	0.00	0.00	0.00	0.00	0.00	0.00	16.8	20.3	22.3	36.8	55.0	57.7	208.87	0.170	0.198	0.213	0.289	0.215	0.000	0.7145	1.0000	1.0000	0.4000	1.0000	0.3599	0.36	4.96	5.32	0.06	0.05	0.07	0.05	0.06	0.05	0.01	0.02	0.05	0.15	1.24	3.50	0.0110	0.0063	0.0033	0.0016	0.0005	0.0000	0.0017	0.0023	0.0022	0.0043	0.0094	0.0000	44.71	0.01
1991-08-12	Perennial Ryegrass	0.09	197.37	0.72	0.75	0.13	2.01	2	0	1.82	650.00	0.00	5.62	4.17	0.00	0.00	0.00	0.00	0.00	0.00	0.00	0.00	0.00	0.00	0.00	0.00	0.00	0.00	0.00	0.00	0.00	0.00	0.00	0.00	0.00	0.00	0.00	0.00	16.1	19.1	21.3	35.9	54.9	58.4	205.64	0.361	0.384	0.441	0.647	0.513	0.000	0.7153	1.0000	1.0000	0.4080	1.0000	0.2564	0.36	4.93	5.29	0.07	0.05	0.07	0.05	0.06	0.05	0.01	0.02	0.05	0.14	1.21	3.50	0.0116	0.0053	0.0034	0.0019	0.0008	0.0000	0.0018	0.0019	0.0022	0.0051	0.0156	0.0000	44.82	0.01
1991-08-13	Perennial Ryegrass	0.09	194.50	0.72	0.76	0.13	2.01	2	0	1.83	650.00	0.00	7.00	5.20	0.00	0.00	0.00	0.00	0.00	0.00	0.00	0.00	0.00	0.00	0.00	0.00	0.00	0.00	0.00	0.00	0.00	0.00	0.00	0.00	0.00	0.00	0.00	0.00	15.4	18.6	20.5	35.2	54.6	58.6	202.79	0.268	0.266	0.318	0.502	0.422	0.000	0.7161	1.0000	1.0000	0.4519	1.0000	0.2778	0.37	4.90	5.27	0.08	0.06	0.07	0.05	0.06	0.06	0.01	0.02	0.05	0.14	1.19	3.50	0.0114	0.0043	0.0027	0.0017	0.0007	0.0000	0.0019	0.0015	0.0018	0.0043	0.0133	0.0000	44.95	0.01
1991-08-14	Perennial Ryegrass	0.09	193.48	0.72	0.76	0.14	2.01	2	0	1.83	650.00	0.00	5.87	4.37	0.00	0.00	0.00	0.00	0.00	0.00	0.00	0.00	0.00	0.00	0.00	0.00	0.00	0.00	0.00	0.00	0.00	0.00	0.00	0.00	0.00	0.00	0.00	0.00	15.6	18.2	19.8	34.4	54.1	58.6	200.73	0.280	0.287	0.334	0.560	0.489	0.000	0.7170	1.0000	1.0000	0.4454	1.0000	0.2523	0.39	4.87	5.26	0.09	0.06	0.07	0.05	0.06	0.06	0.02	0.02	0.05	0.13	1.17	3.48	0.0113	0.0041	0.0025	0.0017	0.0008	0.0000	0.0020	0.0015	0.0017	0.0043	0.0146	0.0000	45.08	0.01
1991-08-15	Perennial Ryegrass	0.09	191.90	0.72	0.76	0.14	2.01	2	0	1.84	650.00	0.00	6.41	4.78	0.00	0.00	0.00	0.00	0.00	0.00	0.00	0.00	0.00	0.00	0.00	0.00	0.00	0.00	0.00	0.00	0.00	0.00	0.00	0.00	0.00	0.00	0.00	0.00	16.1	18.0	19.7	34.1	53.4	58.4	199.70	0.214	0.199	0.223	0.391	0.351	0.000	0.7178	1.0000	1.0000	0.4450	1.0000	0.4210	0.40	4.85	5.25	0.10	0.06	0.07	0.05	0.06	0.06	0.02	0.02	0.05	0.14	1.15	3.47	0.0124	0.0038	0.0020	0.0014	0.0006	0.0000	0.0023	0.0014	0.0014	0.0037	0.0113	0.0000	45.19	0.01
1991-08-16	Perennial Ryegrass	0.09	191.29	0.72	0.76	0.13	2.01	2	0	1.84	650.00	0.00	3.34	2.49	0.00	0.00	0.00	0.00	0.00	0.00	0.00	0.00	0.00	0.00	0.00	0.00	0.00	0.00	0.00	0.00	0.00	0.00	0.00	0.00	0.00	0.00	0.00	0.00	15.5	17.8	19.7	34.0	53.0	58.1	198.13	0.138	0.113	0.130	0.225	0.199	0.000	0.7189	0.6218	1.0000	0.3960	1.0000	0.3052	0.41	4.85	5.26	0.10	0.07	0.07	0.05	0.06	0.06	0.02	0.03	0.05	0.14	1.15	3.46	0.0138	0.0036	0.0018	0.0012	0.0005	0.0000	0.0028	0.0014	0.0013	0.0032	0.0082	0.0000	45.29	0.01
1991-08-17	Perennial Ryegrass	0.09	190.93	0.72	0.76	0.13	2.01	2	0	1.84	650.00	0.00	2.55	1.91	0.00	0.00	0.00	0.00	0.00	0.00	0.00	0.00	0.00	0.00	0.00	0.00	0.00	0.00	0.00	0.00	0.00	0.00	0.00	0.00	0.00	0.00	0.00	0.00	14.8	17.7	19.7	33.8	52.7	57.9	196.70	0.119	0.105	0.125	0.213	0.187	0.000	0.7194	0.5540	1.0000	0.3651	1.0000	0.3227	0.42	4.85	5.26	0.10	0.07	0.07	0.05	0.06	0.06	0.02	0.03	0.05	0.15	1.15	3.45	0.0126	0.0036	0.0018	0.0012	0.0005	0.0000	0.0027	0.0014	0.0013	0.0032	0.0079	0.0000	45.31	0.01
1991-08-18	Perennial Ryegrass	0.09	190.02	0.72	0.76	0.13	2.01	2	0	1.84	650.00	0.00	3.98	2.97	0.00	0.00	0.00	0.00	0.00	0.00	0.00	0.00	0.00	0.00	0.00	0.00	0.00	0.00	0.00	0.00	0.00	0.00	0.00	0.00	0.00	0.00	0.00	0.00	14.1	17.4	19.5	33.4	52.2	57.8	194.46	0.226	0.219	0.266	0.451	0.392	0.000	0.7197	0.9415	1.0000	0.3654	1.0000	0.2289	0.42	4.84	5.27	0.11	0.07	0.07	0.05	0.06	0.06	0.03	0.03	0.06	0.15	1.14	3.45	0.0123	0.0039	0.0022	0.0014	0.0007	0.0000	0.0027	0.0016	0.0017	0.0041	0.0119	0.0000	45.38	0.01
1991-08-19	Perennial Ryegrass	0.09	189.24	0.72	0.76	0.13	2.01	2	0	1.85	650.00	0.00	3.66	2.73	0.00	0.00	0.00	0.00	0.00	0.00	0.00	0.00	0.00	0.00	0.00	0.00	0.00	0.00	0.00	0.00	0.00	0.00	0.00	0.00	0.00	0.00	0.00	0.00	13.4	17.2	19.3	33.0	51.7	57.7	192.37	0.186	0.203	0.253	0.427	0.371	0.000	0.7202	0.8697	1.0000	0.3773	1.0000	0.2437	0.43	4.84	5.27	0.11	0.07	0.07	0.05	0.06	0.06	0.03	0.03	0.06	0.15	1.13	3.44	0.0109	0.0038	0.0021	0.0014	0.0007	0.0000	0.0026	0.0015	0.0017	0.0039	0.0113	0.0000	45.45	0.01
1991-08-20	Perennial Ryegrass	0.09	190.74	0.72	0.76	0.14	2.01	2	0	1.85	650.00	0.00	6.00	4.48	0.00	0.00	0.00	0.00	0.00	0.00	0.00	0.00	0.00	0.00	0.00	0.00	0.00	0.00	0.00	0.00	0.00	0.00	0.00	0.00	0.00	0.00	0.00	0.00	17.2	17.7	19.1	32.5	51.2	57.5	195.19	0.215	0.269	0.342	0.576	0.501	0.000	0.7207	1.0000	1.0000	0.4330	1.0000	0.2954	0.44	4.84	5.28	0.12	0.07	0.07	0.05	0.06	0.06	0.03	0.03	0.06	0.15	1.12	3.43	0.0106	0.0039	0.0024	0.0016	0.0008	0.0000	0.0025	0.0017	0.0019	0.0045	0.0147	0.0000	45.51	0.01
1991-08-21	Perennial Ryegrass	0.09	189.82	0.72	0.76	0.13	2.01	2	0	1.85	650.00	0.00	4.72	3.54	0.00	0.00	0.00	0.00	0.00	0.00	0.00	0.00	0.00	0.00	0.00	0.00	0.00	0.00	0.00	0.00	0.00	0.00	0.00	0.00	0.00	0.00	0.00	0.00	17.0	18.0	19.1	32.4	51.0	57.4	194.97	0.101	0.065	0.071	0.120	0.105	0.000	0.7215	1.0000	1.0000	0.3978	1.0000	0.3234	0.45	4.84	5.29	0.12	0.08	0.08	0.05	0.06	0.06	0.03	0.04	0.06	0.16	1.13	3.43	0.0203	0.0037	0.0015	0.0010	0.0003	0.0000	0.0050	0.0017	0.0012	0.0027	0.0058	0.0000	45.65	0.01
1991-08-22	Perennial Ryegrass	0.09	189.66	0.72	0.76	0.13	2.01	2	0	1.86	650.00	0.00	5.88	4.40	0.00	0.00	0.00	0.00	0.00	0.00	0.00	0.00	0.00	0.00	0.00	0.00	0.00	0.00	0.00	0.00	0.00	0.00	0.00	0.00	0.00	0.00	0.00	0.00	17.5	18.7	19.0	32.1	50.6	57.3	195.17	0.305	0.219	0.223	0.372	0.324	0.000	0.7222	1.0000	1.0000	0.4012	1.0000	0.3085	0.45	4.84	5.29	0.12	0.08	0.08	0.05	0.07	0.06	0.03	0.04	0.07	0.16	1.12	3.42	0.0206	0.0046	0.0020	0.0013	0.0006	0.0000	0.0051	0.0022	0.0017	0.0037	0.0100	0.0000	45.63	0.01
1991-08-23	Perennial Ryegrass	0.09	188.86	0.72	0.76	0.13	2.01	2	0	1.87	650.00	0.00	8.66	6.50	0.00	0.00	0.00	0.00	0.00	0.00	0.00	0.00	0.00	0.00	0.00	0.00	0.00	0.00	0.00	0.00	0.00	0.00	0.00	0.00	0.00	0.00	0.00	0.00	18.6	19.4	19.4	31.6	50.1	57.2	196.32	0.513	0.391	0.345	0.568	0.496	0.000	0.7230	1.0000	1.0000	0.4606	1.0000	0.3812	0.45	4.83	5.28	0.12	0.08	0.08	0.05	0.06	0.06	0.03	0.04	0.07	0.16	1.11	3.42	0.0235	0.0059	0.0025	0.0015	0.0009	0.0000	0.0057	0.0030	0.0022	0.0046	0.0148	0.0000	45.75	0.01
1991-08-24	Perennial Ryegrass	0.09	187.90	0.72	0.76	0.13	2.01	2	0	1.87	650.00	0.00	4.84	3.65	0.00	0.00	0.00	0.00	0.00	0.00	0.00	0.00	0.00	0.00	0.00	0.00	0.00	0.00	0.00	0.00	0.00	0.00	0.00	0.00	0.00	0.00	0.00	0.00	17.1	19.5	19.7	31.5	49.9	57.0	194.75	0.241	0.181	0.151	0.219	0.193	0.000	0.7243	0.7799	1.0000	0.4108	1.0000	0.2972	0.44	4.84	5.28	0.11	0.08	0.08	0.05	0.07	0.06	0.03	0.04	0.07	0.16	1.12	3.41	0.0251	0.0060	0.0019	0.0010	0.0004	0.0000	0.0062	0.0031	0.0017	0.0030	0.0070	0.0000	45.87	0.01
1991-08-25	Perennial Ryegrass	0.09	186.31	0.73	0.76	0.13	2.01	2	0	1.87	650.00	0.00	5.47	4.12	0.00	0.00	0.00	0.00	0.00	0.00	0.00	0.00	0.00	0.00	0.00	0.00	0.00	0.00	0.00	0.00	0.00	0.00	0.00	0.00	0.00	0.00	0.00	0.00	16.4	18.9	19.8	31.3	49.6	56.9	192.88	0.245	0.222	0.196	0.265	0.232	0.000	0.7250	0.7081	1.0000	0.4164	1.0000	0.3126	0.44	4.83	5.27	0.11	0.08	0.08	0.05	0.07	0.06	0.03	0.04	0.07	0.16	1.11	3.41	0.0191	0.0061	0.0022	0.0011	0.0005	0.0000	0.0049	0.0031	0.0020	0.0032	0.0078	0.0000	45.89	0.01
1991-08-26	Perennial Ryegrass	0.09	185.34	0.73	0.76	0.13	2.01	2	0	1.88	650.00	0.00	4.36	3.28	0.00	0.00	0.00	0.00	0.00	0.00	0.00	0.00	0.00	0.00	0.00	0.00	0.00	0.00	0.00	0.00	0.00	0.00	0.00	0.00	0.00	0.00	0.00	0.00	15.8	18.5	19.6	31.2	49.4	56.8	191.22	0.229	0.211	0.209	0.273	0.239	0.000	0.7256	0.5673	1.0000	0.4198	1.0000	0.3280	0.44	4.83	5.28	0.11	0.08	0.08	0.05	0.07	0.06	0.03	0.04	0.08	0.17	1.11	3.40	0.0168	0.0054	0.0022	0.0011	0.0005	0.0000	0.0045	0.0028	0.0021	0.0033	0.0079	0.0000	45.99	0.01
1991-08-27	Perennial Ryegrass	0.09	191.22	0.73	0.76	0.13	2.01	2	0	1.88	650.00	0.00	4.64	3.50	0.00	0.00	0.00	0.00	0.00	0.00	0.00	0.00	0.00	0.00	0.00	0.00	0.00	0.00	0.00	0.00	0.00	0.00	0.00	0.00	0.00	0.00	0.00	0.00	23.4	21.3	20.4	31.3	48.9	56.6	201.98	0.408	0.387	0.390	0.520	0.454	0.000	0.7261	1.0000	1.0000	0.4177	1.0000	0.1996	0.44	4.83	5.27	0.11	0.08	0.08	0.05	0.07	0.06	0.03	0.04	0.08	0.17	1.11	3.40	0.0165	0.0057	0.0028	0.0015	0.0008	0.0000	0.0040	0.0031	0.0028	0.0045	0.0138	0.0000	46.02	0.01
1991-08-28	Perennial Ryegrass	0.09	188.22	0.73	0.76	0.12	2.01	2	0	1.89	650.00	0.00	8.57	6.46	0.00	0.00	0.00	0.00	0.00	0.00	0.00	0.00	0.00	0.00	0.00	0.00	0.00	0.00	0.00	0.00	0.00	0.00	0.00	0.00	0.00	0.00	0.00	0.00	20.2	21.7	21.2	32.2	48.7	56.5	200.62	0.352	0.219	0.170	0.199	0.164	0.000	0.7267	1.0000	1.0000	0.4458	1.0000	0.7762	0.41	4.82	5.24	0.09	0.07	0.08	0.05	0.07	0.06	0.02	0.04	0.08	0.18	1.11	3.40	0.0452	0.0083	0.0023	0.0010	0.0004	0.0000	0.0101	0.0046	0.0023	0.0031	0.0062	0.0000	46.18	0.01
1991-08-29	Perennial Ryegrass	0.09	188.65	0.73	0.76	0.12	2.01	2	0	1.89	650.00	0.00	6.02	4.55	0.00	0.00	0.00	0.00	0.00	0.00	0.00	0.00	0.00	0.00	0.00	0.00	0.00	0.00	0.00	0.00	0.00	0.00	0.00	0.00	0.00	0.00	0.00	0.00	19.8	21.8	21.7	33.3	48.6	56.4	201.63	0.323	0.275	0.229	0.263	0.194	0.000	0.7285	1.0000	1.0000	0.4295	1.0000	0.3061	0.41	4.82	5.23	0.08	0.07	0.08	0.05	0.07	0.06	0.02	0.04	0.08	0.18	1.11	3.39	0.0246	0.0087	0.0028	0.0011	0.0004	0.0000	0.0052	0.0047	0.0028	0.0037	0.0068	0.0000	46.15	0.01
1991-08-30	Perennial Ryegrass	0.09	191.08	0.73	0.76	0.12	2.01	2	0	1.90	650.00	0.00	5.54	4.19	0.00	0.00	0.00	0.00	0.00	0.00	0.00	0.00	0.00	0.00	0.00	0.00	0.00	0.00	0.00	0.00	0.00	0.00	0.00	0.00	0.00	0.00	0.00	0.00	21.6	22.6	22.3	34.5	48.7	56.3	206.07	0.301	0.271	0.239	0.286	0.187	0.000	0.7294	1.0000	1.0000	0.3910	1.0000	0.3334	0.40	4.82	5.21	0.08	0.07	0.08	0.05	0.07	0.06	0.02	0.04	0.08	0.18	1.12	3.39	0.0216	0.0084	0.0030	0.0013	0.0004	0.0000	0.0041	0.0044	0.0030	0.0042	0.0067	0.0000	46.25	0.01
1991-08-31	Perennial Ryegrass	0.09	189.59	0.73	0.76	0.11	2.01	2	0	1.90	650.00	0.00	5.87	4.45	0.00	0.00	0.00	0.00	0.00	0.00	0.00	0.00	0.00	0.00	0.00	0.00	0.00	0.00	0.00	0.00	0.00	0.00	0.00	0.00	0.00	0.00	0.00	0.00	18.7	21.9	22.4	35.3	49.4	56.2	203.95	0.369	0.304	0.265	0.328	0.195	0.000	0.7302	1.0000	1.0000	0.3726	1.0000	0.2637	0.38	4.81	5.19	0.07	0.06	0.08	0.05	0.07	0.06	0.01	0.03	0.08	0.18	1.12	3.38	0.0263	0.0091	0.0033	0.0014	0.0004	0.0000	0.0047	0.0046	0.0032	0.0047	0.0069	0.0000	46.35	0.01
1991-09-01	Perennial Ryegrass	0.09	188.27	0.73	0.76	0.11	2.01	2	0	1.90	650.00	0.00	4.98	3.77	0.00	0.00	0.00	0.00	0.00	0.00	0.00	0.00	0.00	0.00	0.00	0.00	0.00	0.00	0.00	0.00	0.00	0.00	0.00	0.00	0.00	0.00	0.00	0.00	17.0	20.9	22.1	35.5	50.2	56.1	201.78	0.281	0.288	0.272	0.353	0.210	0.000	0.7309	0.8869	1.0000	0.3694	1.0000	0.2416	0.38	4.80	5.18	0.07	0.06	0.07	0.05	0.07	0.06	0.01	0.03	0.07	0.18	1.13	3.38	0.0161	0.0078	0.0033	0.0015	0.0004	0.0000	0.0028	0.0037	0.0031	0.0050	0.0074	0.0000	46.35	0.01
1991-09-02	Perennial Ryegrass	0.09	187.36	0.73	0.76	0.11	2.01	2	0	1.91	650.00	0.00	3.88	2.95	0.00	0.00	0.00	0.00	0.00	0.00	0.00	0.00	0.00	0.00	0.00	0.00	0.00	0.00	0.00	0.00	0.00	0.00	0.00	0.00	0.00	0.00	0.00	0.00	16.7	19.6	21.5	35.5	51.0	56.0	200.20	0.189	0.213	0.218	0.302	0.189	0.000	0.7314	0.6468	1.0000	0.3690	1.0000	0.3080	0.38	4.80	5.18	0.07	0.06	0.07	0.05	0.07	0.06	0.01	0.03	0.07	0.18	1.13	3.38	0.0124	0.0061	0.0030	0.0015	0.0004	0.0000	0.0023	0.0028	0.0027	0.0048	0.0071	0.0000	46.44	0.01
1991-09-03	Perennial Ryegrass	0.09	184.61	0.73	0.76	0.12	2.01	2	0	1.91	650.00	0.00	7.13	5.41	0.00	0.00	0.00	0.00	0.00	0.00	0.00	0.00	0.00	0.00	0.00	0.00	0.00	0.00	0.00	0.00	0.00	0.00	0.00	0.00	0.00	0.00	0.00	0.00	15.8	18.7	20.6	34.9	51.3	55.9	197.16	0.388	0.383	0.434	0.648	0.431	0.000	0.7318	1.0000	1.0000	0.4433	1.0000	0.2505	0.39	4.79	5.18	0.08	0.06	0.07	0.05	0.07	0.06	0.02	0.03	0.07	0.17	1.13	3.37	0.0138	0.0053	0.0033	0.0019	0.0008	0.0000	0.0026	0.0024	0.0030	0.0060	0.0129	0.0000	46.56	0.01
1991-09-04	Perennial Ryegrass	0.09	182.01	0.73	0.77	0.12	2.01	2	0	1.92	650.00	0.00	9.93	11.39	0.00	0.00	0.00	0.00	0.00	0.00	0.00	0.00	0.00	0.00	0.00	0.00	0.00	0.00	0.00	0.00	0.00	0.00	0.00	0.00	0.00	0.00	0.00	0.00	14.9	18.4	20.0	34.4	51.3	55.8	194.90	0.224	0.222	0.255	0.411	0.295	0.000	0.7325	0.5848	1.0000	0.5237	1.0000	0.4070	0.41	4.79	5.20	0.09	0.06	0.07	0.05	0.07	0.06	0.02	0.03	0.07	0.17	1.13	3.37	0.0130	0.0044	0.0025	0.0015	0.0006	0.0000	0.0026	0.0020	0.0023	0.0048	0.0095	0.0000	46.83	0.01
1991-09-05	Perennial Ryegrass	0.09	178.42	0.74	0.77	0.12	2.01	2	0	1.93	650.00	0.00	10.94	12.80	0.00	0.00	0.00	0.00	0.00	0.00	0.00	0.00	0.00	0.00	0.00	0.00	0.00	0.00	0.00	0.00	0.00	0.00	0.00	0.00	0.00	0.00	0.00	0.00	14.1	18.1	19.8	34.1	50.9	55.8	192.76	0.194	0.214	0.237	0.405	0.301	0.000	0.7343	0.5145	1.0000	0.6361	1.0000	0.4776	0.44	4.80	5.24	0.11	0.07	0.08	0.05	0.07	0.06	0.03	0.03	0.07	0.17	1.13	3.37	0.0130	0.0044	0.0023	0.0015	0.0006	0.0000	0.0030	0.0021	0.0021	0.0047	0.0096	0.0000	47.17	0.01
1991-09-06	Perennial Ryegrass	0.08	174.68	0.74	0.77	0.12	2.02	2	0	1.94	650.00	0.00	13.46	13.60	0.00	0.00	0.00	0.00	0.00	0.00	0.00	0.00	0.00	0.00	0.00	0.00	0.00	0.00	0.00	0.00	0.00	0.00	0.00	0.00	0.00	0.00	0.00	0.00	13.1	17.7	19.5	33.4	50.4	55.7	189.90	0.248	0.307	0.347	0.598	0.445	0.000	0.7365	0.5816	1.0000	0.7366	1.0000	0.3553	0.47	4.82	5.29	0.13	0.08	0.08	0.05	0.07	0.06	0.04	0.04	0.08	0.17	1.12	3.37	0.0137	0.0049	0.0027	0.0017	0.0008	0.0000	0.0037	0.0024	0.0026	0.0055	0.0132	0.0000	47.57	0.01
1991-09-07	Perennial Ryegrass	0.08	171.54	0.74	0.77	0.13	2.02	2	0	1.96	650.00	0.00	14.07	13.61	0.00	0.00	0.00	0.00	0.00	0.00	0.00	0.00	0.00	0.00	0.00	0.00	0.00	0.00	0.00	0.00	0.00	0.00	0.00	0.00	0.00	0.00	0.00	0.00	12.3	17.3	19.2	32.7	49.9	55.6	187.03	0.217	0.326	0.383	0.649	0.492	0.000	0.7386	0.6239	1.0000	0.8085	1.0000	0.3004	0.49	4.84	5.33	0.15	0.08	0.08	0.05	0.07	0.06	0.05	0.05	0.08	0.18	1.11	3.37	0.0122	0.0050	0.0028	0.0018	0.0009	0.0000	0.0042	0.0027	0.0029	0.0057	0.0147	0.0000	47.98	0.01
1991-09-08	Perennial Ryegrass	0.08	168.23	0.74	0.78	0.13	2.02	2	0	1.97	650.00	0.00	12.62	13.97	0.00	0.00	0.00	0.00	0.00	0.00	0.00	0.00	0.00	0.00	0.00	0.00	0.00	0.00	0.00	0.00	0.00	0.00	0.00	0.00	0.00	0.00	0.00	0.00	12.1	17.1	19.1	32.5	49.6	55.5	185.92	0.069	0.131	0.158	0.266	0.205	0.000	0.7406	0.6016	1.0000	0.8528	1.0000	0.4537	0.51	4.88	5.39	0.16	0.09	0.08	0.06	0.07	0.06	0.07	0.05	0.09	0.18	1.12	3.37	0.0096	0.0043	0.0020	0.0012	0.0004	0.0000	0.0041	0.0025	0.0021	0.0038	0.0073	0.0000	48.34	0.01
1991-09-09	Perennial Ryegrass	0.08	165.11	0.75	0.78	0.13	2.02	2	0	1.98	650.00	0.00	14.79	14.09	0.00	0.00	0.00	0.00	0.00	0.00	0.00	0.00	0.00	0.00	0.00	0.00	0.00	0.00	0.00	0.00	0.00	0.00	0.00	0.00	0.00	0.00	0.00	0.00	11.7	16.9	18.9	32.0	49.2	55.4	184.03	0.116	0.232	0.288	0.479	0.372	0.000	0.7433	0.7817	1.0000	0.8844	1.0000	0.2806	0.52	4.92	5.44	0.16	0.10	0.09	0.06	0.07	0.06	0.09	0.06	0.10	0.18	1.11	3.37	0.0098	0.0049	0.0025	0.0015	0.0007	0.0000	0.0050	0.0031	0.0029	0.0048	0.0113	0.0000	48.78	0.01
1991-09-10	Perennial Ryegrass	0.08	172.34	0.75	0.78	0.14	2.02	2	0	2.00	650.00	0.00	9.44	10.92	0.00	0.00	0.00	0.00	0.00	0.00	0.00	0.00	0.00	0.00	0.00	0.00	0.00	0.00	0.00	0.00	0.00	0.00	0.00	0.00	0.00	0.00	0.00	0.00	25.5	21.0	20.0	31.9	48.8	55.3	202.52	0.084	0.194	0.245	0.408	0.321	0.000	0.7456	1.0000	1.0000	0.8526	1.0000	0.3814	0.55	4.95	5.49	0.18	0.10	0.09	0.06	0.07	0.06	0.08	0.08	0.11	0.19	1.11	3.37	0.0096	0.0046	0.0023	0.0014	0.0006	0.0000	0.0044	0.0036	0.0029	0.0045	0.0099	0.0000	49.04	0.01
1991-09-11	Perennial Ryegrass	0.08	171.58	0.75	0.78	0.12	2.02	2	0	2.02	650.00	0.00	17.73	17.15	0.00	0.00	0.00	0.00	0.00	0.00	0.00	0.00	0.00	0.00	0.00	0.00	0.00	0.00	0.00	0.00	0.00	0.00	0.00	0.00	0.00	0.00	0.00	0.00	22.2	22.4	21.2	32.6	48.5	55.2	202.17	0.741	0.386	0.287	0.385	0.297	0.000	0.7484	1.0000	1.0000	0.8305	1.0000	0.3589	0.48	4.93	5.41	0.11	0.10	0.09	0.06	0.07	0.06	0.05	0.08	0.12	0.20	1.11	3.37	0.0882	0.0106	0.0028	0.0014	0.0006	0.0000	0.0372	0.0089	0.0037	0.0045	0.0092	0.0000	49.52	0.01
1991-09-12	Perennial Ryegrass	0.08	170.35	0.75	0.78	0.12	2.02	2	0	2.03	650.00	0.00	12.51	12.76	0.00	0.00	0.00	0.00	0.00	0.00	0.00	0.00	0.00	0.00	0.00	0.00	0.00	0.00	0.00	0.00	0.00	0.00	0.00	0.00	0.00	0.00	0.00	0.00	19.1	22.0	21.8	33.8	48.4	55.2	200.24	0.338	0.260	0.200	0.239	0.167	0.000	0.7520	0.5421	1.0000	0.7940	1.0000	0.3219	0.46	4.92	5.38	0.10	0.09	0.09	0.06	0.07	0.06	0.04	0.08	0.12	0.20	1.11	3.37	0.0401	0.0120	0.0030	0.0012	0.0004	0.0000	0.0155	0.0099	0.0039	0.0041	0.0062	0.0000	49.77	0.01
1991-09-13	Perennial Ryegrass	0.08	169.53	0.76	0.79	0.12	2.02	2	0	2.04	650.00	0.00	11.43	10.87	0.00	0.00	0.00	0.00	0.00	0.00	0.00	0.00	0.00	0.00	0.00	0.00	0.00	0.00	0.00	0.00	0.00	0.00	0.00	0.00	0.00	0.00	0.00	0.00	17.1	21.0	21.7	34.5	48.5	55.1	197.95	0.329	0.328	0.285	0.350	0.216	0.000	0.7539	0.7343	1.0000	0.7539	1.0000	0.2104	0.45	4.91	5.36	0.09	0.08	0.09	0.06	0.07	0.06	0.04	0.07	0.12	0.21	1.12	3.36	0.0230	0.0107	0.0035	0.0015	0.0004	0.0000	0.0082	0.0085	0.0046	0.0051	0.0072	0.0000	50.07	0.01
1991-09-14	Perennial Ryegrass	0.08	167.34	0.76	0.79	0.12	2.02	2	0	2.05	650.00	0.00	12.72	12.26	0.00	0.00	0.00	0.00	0.00	0.00	0.00	0.00	0.00	0.00	0.00	0.00	0.00	0.00	0.00	0.00	0.00	0.00	0.00	0.00	0.00	0.00	0.00	0.00	16.7	19.5	21.2	34.6	48.7	55.0	195.72	0.330	0.370	0.359	0.477	0.278	0.000	0.7554	0.8498	1.0000	0.7706	1.0000	0.2540	0.45	4.90	5.35	0.10	0.08	0.08	0.06	0.07	0.06	0.04	0.06	0.11	0.21	1.12	3.36	0.0172	0.0087	0.0036	0.0017	0.0005	0.0000	0.0060	0.0065	0.0047	0.0059	0.0088	0.0000	50.38	0.01
1991-09-15	Perennial Ryegrass	0.08	164.26	0.76	0.79	0.13	2.02	2	0	2.07	650.00	0.00	15.01	14.73	0.00	0.00	0.00	0.00	0.00	0.00	0.00	0.00	0.00	0.00	0.00	0.00	0.00	0.00	0.00	0.00	0.00	0.00	0.00	0.00	0.00	0.00	0.00	0.00	17.1	19.4	20.6	34.4	48.8	54.9	195.08	0.394	0.385	0.424	0.615	0.363	0.000	0.7573	0.8048	1.0000	0.8289	1.0000	0.3251	0.45	4.90	5.35	0.11	0.08	0.08	0.06	0.07	0.06	0.04	0.06	0.11	0.21	1.12	3.36	0.0178	0.0067	0.0035	0.0019	0.0007	0.0000	0.0057	0.0051	0.0046	0.0066	0.0112	0.0000	50.75	0.01
1991-09-16	Perennial Ryegrass	0.08	160.88	0.76	0.79	0.13	2.02	2	0	2.08	650.00	0.00	16.82	15.32	0.00	0.00	0.00	0.00	0.00	0.00	0.00	0.00	0.00	0.00	0.00	0.00	0.00	0.00	0.00	0.00	0.00	0.00	0.00	0.00	0.00	0.00	0.00	0.00	16.9	19.2	20.2	34.0	48.5	54.8	193.56	0.495	0.446	0.461	0.712	0.431	0.000	0.7596	1.0000	1.0000	0.8550	1.0000	0.2253	0.46	4.89	5.35	0.12	0.08	0.08	0.06	0.07	0.06	0.04	0.06	0.11	0.20	1.11	3.36	0.0213	0.0068	0.0035	0.0020	0.0008	0.0000	0.0066	0.0052	0.0046	0.0071	0.0134	0.0000	51.21	0.01
1991-09-17	Perennial Ryegrass	0.08	163.37	0.76	0.79	0.13	2.02	2	0	2.09	650.00	0.00	12.62	12.67	0.00	0.00	0.00	0.00	0.00	0.00	0.00	0.00	0.00	0.00	0.00	0.00	0.00	0.00	0.00	0.00	0.00	0.00	0.00	0.00	0.00	0.00	0.00	0.00	20.1	20.4	20.5	34.1	48.4	54.7	198.29	0.262	0.238	0.235	0.375	0.230	0.000	0.7617	1.0000	1.0000	0.8280	1.0000	0.2893	0.47	4.90	5.37	0.12	0.08	0.08	0.06	0.07	0.06	0.04	0.07	0.12	0.21	1.11	3.36	0.0200	0.0060	0.0025	0.0015	0.0005	0.0000	0.0059	0.0046	0.0034	0.0052	0.0076	0.0000	51.52	0.01
1991-09-18	Perennial Ryegrass	0.08	160.42	0.77	0.80	0.13	2.02	2	0	2.11	650.00	0.00	15.41	15.00	0.00	0.00	0.00	0.00	0.00	0.00	0.00	0.00	0.00	0.00	0.00	0.00	0.00	0.00	0.00	0.00	0.00	0.00	0.00	0.00	0.00	0.00	0.00	0.00	18.1	20.3	20.7	34.2	48.3	54.7	196.15	0.511	0.375	0.329	0.503	0.299	0.000	0.7641	1.0000	1.0000	0.8289	1.0000	0.3000	0.46	4.90	5.36	0.11	0.08	0.08	0.06	0.07	0.06	0.04	0.07	0.12	0.21	1.11	3.36	0.0348	0.0079	0.0030	0.0017	0.0006	0.0000	0.0102	0.0061	0.0041	0.0059	0.0093	0.0000	51.91	0.01
1991-09-19	Perennial Ryegrass	0.08	158.01	0.77	0.80	0.13	2.02	2	0	2.12	650.00	0.00	14.69	13.78	0.00	0.00	0.00	0.00	0.00	0.00	0.00	0.00	0.00	0.00	0.00	0.00	0.00	0.00	0.00	0.00	0.00	0.00	0.00	0.00	0.00	0.00	0.00	0.00	16.8	19.8	20.6	34.3	48.2	54.6	194.27	0.314	0.284	0.259	0.388	0.227	0.000	0.7666	0.9295	1.0000	0.8116	1.0000	0.2240	0.47	4.90	5.37	0.12	0.08	0.08	0.06	0.07	0.06	0.04	0.06	0.12	0.21	1.12	3.36	0.0242	0.0075	0.0028	0.0015	0.0005	0.0000	0.0072	0.0056	0.0038	0.0054	0.0075	0.0000	52.24	0.01
1991-09-20	Perennial Ryegrass	0.08	156.27	0.77	0.80	0.13	2.02	2	0	2.13	650.00	0.00	14.07	13.10	0.00	0.00	0.00	0.00	0.00	0.00	0.00	0.00	0.00	0.00	0.00	0.00	0.00	0.00	0.00	0.00	0.00	0.00	0.00	0.00	0.00	0.00	0.00	0.00	15.9	18.8	20.1	33.9	47.9	54.5	191.05	0.477	0.479	0.461	0.705	0.408	0.000	0.7684	1.0000	1.0000	0.7876	1.0000	0.1993	0.47	4.89	5.35	0.12	0.08	0.08	0.06	0.07	0.06	0.04	0.06	0.12	0.21	1.11	3.35	0.0209	0.0074	0.0035	0.0020	0.0008	0.0000	0.0065	0.0055	0.0048	0.0070	0.0128	0.0000	52.63	0.01
1991-09-21	Perennial Ryegrass	0.08	158.09	0.77	0.80	0.13	2.02	2	0	2.14	650.00	0.00	14.26	13.75	0.00	0.00	0.00	0.00	0.00	0.00	0.00	0.00	0.00	0.00	0.00	0.00	0.00	0.00	0.00	0.00	0.00	0.00	0.00	0.00	0.00	0.00	0.00	0.00	19.6	20.0	20.3	33.8	47.7	54.4	195.79	0.285	0.278	0.294	0.471	0.274	0.000	0.7701	0.9237	1.0000	0.7893	1.0000	0.2510	0.47	4.89	5.35	0.12	0.08	0.08	0.06	0.07	0.06	0.04	0.06	0.12	0.21	1.11	3.35	0.0171	0.0055	0.0027	0.0016	0.0005	0.0000	0.0050	0.0042	0.0037	0.0056	0.0086	0.0000	52.96	0.01
1991-09-22	Perennial Ryegrass	0.07	155.79	0.77	0.80	0.13	2.02	2	0	2.15	650.00	0.00	14.44	14.19	0.00	0.00	0.00	0.00	0.00	0.00	0.00	0.00	0.00	0.00	0.00	0.00	0.00	0.00	0.00	0.00	0.00	0.00	0.00	0.00	0.00	0.00	0.00	0.00	17.2	19.9	20.3	33.8	47.4	54.4	192.96	0.482	0.352	0.315	0.487	0.278	0.000	0.7719	0.5828	1.0000	0.7950	1.0000	0.2780	0.46	4.88	5.34	0.11	0.08	0.08	0.06	0.07	0.06	0.03	0.06	0.12	0.21	1.11	3.35	0.0313	0.0070	0.0028	0.0016	0.0005	0.0000	0.0090	0.0053	0.0039	0.0057	0.0088	0.0000	53.42	0.01
1991-09-23	Perennial Ryegrass	0.07	154.32	0.77	0.80	0.13	2.02	2	0	2.16	650.00	0.00	13.67	12.81	0.00	0.00	0.00	0.00	0.00	0.00	0.00	0.00	0.00	0.00	0.00	0.00	0.00	0.00	0.00	0.00	0.00	0.00	0.00	0.00	0.00	0.00	0.00	0.00	16.2	18.9	20.0	33.5	47.2	54.3	190.06	0.450	0.432	0.398	0.608	0.339	0.000	0.7734	0.8469	1.0000	0.7928	1.0000	0.1927	0.46	4.87	5.33	0.12	0.08	0.08	0.06	0.07	0.06	0.04	0.06	0.12	0.21	1.11	3.35	0.0213	0.0071	0.0031	0.0017	0.0007	0.0000	0.0064	0.0052	0.0044	0.0064	0.0106	0.0000	53.68	0.01
1991-09-24	Perennial Ryegrass	0.07	151.32	0.78	0.81	0.13	2.02	2	0	2.17	650.00	0.00	14.98	14.67	0.00	0.00	0.00	0.00	0.00	0.00	0.00	0.00	0.00	0.00	0.00	0.00	0.00	0.00	0.00	0.00	0.00	0.00	0.00	0.00	0.00	0.00	0.00	0.00	15.1	18.4	19.6	32.9	46.9	54.2	187.20	0.365	0.344	0.353	0.552	0.307	0.000	0.7748	0.5970	1.0000	0.8298	1.0000	0.2778	0.47	4.88	5.35	0.12	0.08	0.08	0.06	0.07	0.06	0.04	0.06	0.12	0.20	1.10	3.35	0.0191	0.0059	0.0029	0.0016	0.0006	0.0000	0.0061	0.0043	0.0041	0.0059	0.0096	0.0000	54.09	0.01
1991-09-25	Perennial Ryegrass	0.07	147.94	0.78	0.81	0.14	2.02	3	0	2.19	650.00	0.00	15.09	16.31	0.00	0.00	0.00	0.00	0.00	0.00	0.00	0.00	0.00	0.00	0.00	0.00	0.00	0.00	0.00	0.00	0.00	0.00	0.00	0.00	0.00	0.00	0.00	0.00	15.4	18.0	19.4	32.4	46.7	54.1	186.13	0.243	0.255	0.267	0.423	0.240	0.000	0.7762	0.5039	1.0000	0.8817	1.0000	0.4406	0.49	4.89	5.39	0.14	0.09	0.08	0.06	0.07	0.06	0.05	0.07	0.12	0.20	1.11	3.35	0.0169	0.0053	0.0025	0.0014	0.0005	0.0000	0.0058	0.0039	0.0035	0.0050	0.0077	0.0000	54.51	0.01
1991-09-26	Perennial Ryegrass	0.07	153.23	0.78	0.81	0.14	2.02	3	0	2.20	650.00	0.00	15.16	15.47	0.00	0.00	0.00	0.00	0.00	0.00	0.00	0.00	0.00	0.00	0.00	0.00	0.00	0.00	0.00	0.00	0.00	0.00	0.00	0.00	0.00	0.00	0.00	0.00	25.5	21.8	20.6	32.5	46.4	54.0	200.77	0.356	0.332	0.358	0.558	0.326	0.000	0.7782	1.0000	1.0000	0.8796	1.0000	0.3340	0.50	4.91	5.41	0.15	0.09	0.08	0.06	0.07	0.06	0.05	0.07	0.13	0.21	1.10	3.34	0.0196	0.0054	0.0028	0.0016	0.0006	0.0000	0.0063	0.0043	0.0042	0.0058	0.0104	0.0000	54.89	0.01
1991-09-27	Perennial Ryegrass	0.07	149.68	0.78	0.81	0.13	2.02	3	0	2.22	650.00	0.00	21.31	19.72	0.00	0.00	0.00	0.00	0.00	0.00	0.00	0.00	0.00	0.00	0.00	0.00	0.00	0.00	0.00	0.00	0.00	0.00	0.00	0.00	0.00	0.00	0.00	0.00	20.5	22.2	21.5	33.3	46.2	54.0	197.59	0.852	0.485	0.362	0.473	0.264	0.000	0.7807	1.0000	1.0000	0.8958	1.0000	0.2402	0.45	4.90	5.36	0.10	0.09	0.08	0.06	0.07	0.06	0.03	0.07	0.13	0.21	1.11	3.34	0.0780	0.0106	0.0031	0.0015	0.0005	0.0000	0.0254	0.0085	0.0048	0.0055	0.0085	0.0000	55.46	0.01
1991-09-28	Perennial Ryegrass	0.07	145.64	0.78	0.81	0.14	2.02	3	0	2.23	650.00	0.00	19.65	18.32	0.00	0.00	0.00	0.00	0.00	0.00	0.00	0.00	0.00	0.00	0.00	0.00	0.00	0.00	0.00	0.00	0.00	0.00	0.00	0.00	0.00	0.00	0.00	0.00	17.5	21.2	21.5	33.9	46.0	53.9	193.94	0.703	0.619	0.501	0.619	0.314	0.000	0.7831	0.8136	1.0000	0.9111	1.0000	0.2268	0.45	4.91	5.36	0.10	0.08	0.08	0.06	0.07	0.06	0.04	0.07	0.13	0.22	1.11	3.34	0.0342	0.0115	0.0039	0.0018	0.0006	0.0000	0.0111	0.0091	0.0060	0.0067	0.0102	0.0000	55.82	0.01
1991-09-29	Perennial Ryegrass	0.07	140.84	0.79	0.82	0.14	2.03	3	0	2.24	650.00	0.00	19.83	19.08	0.00	0.00	0.00	0.00	0.00	0.00	0.00	0.00	0.00	0.00	0.00	0.00	0.00	0.00	0.00	0.00	0.00	0.00	0.00	0.00	0.00	0.00	0.00	0.00	16.1	19.4	20.9	34.0	45.9	53.8	190.29	0.524	0.571	0.524	0.685	0.320	0.000	0.7848	0.6348	1.0000	0.9314	1.0000	0.2818	0.47	4.92	5.39	0.12	0.08	0.08	0.06	0.07	0.06	0.04	0.07	0.13	0.22	1.11	3.34	0.0235	0.0095	0.0040	0.0019	0.0006	0.0000	0.0081	0.0073	0.0061	0.0074	0.0105	0.0000	56.37	0.01
1991-09-30	Perennial Ryegrass	0.07	135.37	0.79	0.82	0.15	2.03	3	0	2.25	650.00	0.00	18.89	20.08	0.00	0.00	0.00	0.00	0.00	0.00	0.00	0.00	0.00	0.00	0.00	0.00	0.00	0.00	0.00	0.00	0.00	0.00	0.00	0.00	0.00	0.00	0.00	0.00	15.0	18.7	20.3	34.0	45.8	53.7	187.58	0.296	0.311	0.334	0.476	0.218	0.000	0.7863	0.3731	1.0000	0.9529	1.0000	0.4619	0.49	4.94	5.43	0.14	0.09	0.08	0.06	0.07	0.06	0.05	0.07	0.13	0.22	1.11	3.34	0.0200	0.0067	0.0031	0.0016	0.0005	0.0000	0.0075	0.0051	0.0048	0.0062	0.0072	0.0000	56.95	0.01
1991-10-01	Perennial Ryegrass	0.06	132.46	0.79	0.82	0.15	2.03	3	0	2.26	650.00	0.00	18.25	18.23	0.00	0.00	0.00	0.00	0.00	0.00	0.00	0.00	0.00	0.00	0.00	0.00	0.00	0.00	0.00	0.00	0.00	0.00	0.00	0.00	0.00	0.00	0.00	0.00	13.9	18.2	19.6	33.4	45.6	53.7	184.39	0.352	0.399	0.443	0.689	0.312	0.000	0.7878	0.5454	0.9211	0.9636	1.0000	0.3058	0.52	4.96	5.48	0.16	0.09	0.09	0.06	0.07	0.06	0.07	0.08	0.14	0.22	1.11	3.34	0.0195	0.0065	0.0034	0.0019	0.0006	0.0000	0.0081	0.0052	0.0053	0.0074	0.0103	0.0000	57.52	0.01
1991-10-02	Perennial Ryegrass	0.06	127.45	0.79	0.82	0.16	2.03	3	0	2.27	650.00	0.00	19.91	21.38	0.00	0.00	0.00	0.00	0.00	0.00	0.00	0.00	0.00	0.00	0.00	0.00	0.00	0.00	0.00	0.00	0.00	0.00	0.00	0.00	0.00	0.00	0.00	0.00	13.0	17.7	19.3	32.6	45.3	53.6	181.56	0.273	0.363	0.395	0.655	0.303	0.000	0.7893	0.4231	1.0000	0.9792	1.0000	0.4891	0.55	5.00	5.55	0.18	0.10	0.09	0.06	0.07	0.06	0.09	0.08	0.15	0.22	1.11	3.35	0.0175	0.0062	0.0031	0.0019	0.0006	0.0000	0.0085	0.0052	0.0050	0.0071	0.0100	0.0000	58.09	0.01
1991-10-03	Perennial Ryegrass	0.06	122.83	0.79	0.83	0.17	2.03	3	0	2.28	650.00	0.00	20.21	21.99	0.00	0.00	0.00	0.00	0.00	0.00	0.00	0.00	0.00	0.00	0.00	0.00	0.00	0.00	0.00	0.00	0.00	0.00	0.00	0.00	0.00	0.00	0.00	0.00	12.5	17.3	19.0	31.9	45.1	53.5	179.28	0.208	0.330	0.374	0.606	0.293	0.000	0.7911	0.3506	1.0000	0.9874	1.0000	0.5136	0.57	5.06	5.63	0.19	0.10	0.09	0.06	0.07	0.06	0.12	0.10	0.15	0.22	1.12	3.35	0.0150	0.0060	0.0030	0.0018	0.0006	0.0000	0.0090	0.0054	0.0051	0.0067	0.0098	0.0000	58.75	0.01
1991-10-04	Perennial Ryegrass	0.06	118.14	0.79	0.83	0.18	2.03	3	0	2.29	650.00	0.00	20.77	23.29	0.00	0.00	0.00	0.00	0.00	0.00	0.00	0.00	0.00	0.00	0.00	0.00	0.00	0.00	0.00	0.00	0.00	0.00	0.00	0.00	0.00	0.00	0.00	0.00	12.0	16.9	18.7	31.2	44.9	53.4	177.18	0.172	0.302	0.351	0.563	0.284	0.000	0.7927	0.3098	1.0000	0.9930	1.0000	0.5921	0.58	5.14	5.72	0.20	0.11	0.09	0.06	0.07	0.06	0.16	0.11	0.17	0.23	1.12	3.35	0.0133	0.0058	0.0029	0.0017	0.0006	0.0000	0.0101	0.0058	0.0051	0.0063	0.0096	0.0000	59.43	0.01
1991-10-05	Perennial Ryegrass	0.06	114.04	0.80	0.83	0.19	2.03	3	0	2.30	650.00	0.00	21.03	23.70	0.00	0.00	0.00	0.00	0.00	0.00	0.00	0.00	0.00	0.00	0.00	0.00	0.00	0.00	0.00	0.00	0.00	0.00	0.00	0.00	0.00	0.00	0.00	0.00	11.6	16.6	18.4	30.7	44.6	53.4	175.25	0.140	0.276	0.329	0.525	0.274	0.000	0.7941	0.3698	0.8264	0.9960	1.0000	0.6024	0.59	5.22	5.81	0.19	0.12	0.09	0.06	0.07	0.06	0.19	0.13	0.18	0.23	1.13	3.35	0.0113	0.0056	0.0028	0.0016	0.0005	0.0000	0.0111	0.0062	0.0052	0.0061	0.0093	0.0000	60.12	0.01
1991-10-06	Perennial Ryegrass	0.06	113.21	0.80	0.84	0.20	2.03	3	0	2.32	650.00	0.00	21.33	23.68	0.00	0.00	0.00	0.00	0.00	0.00	0.00	0.00	0.00	0.00	0.00	0.00	0.00	0.00	0.00	0.00	0.00	0.00	0.00	0.00	0.00	0.00	0.00	0.00	13.4	16.3	18.1	30.1	44.4	53.3	175.66	0.111	0.253	0.307	0.490	0.265	0.000	0.7954	0.6526	0.7275	0.9974	1.0000	0.5610	0.64	5.33	5.97	0.23	0.12	0.10	0.06	0.07	0.06	0.25	0.16	0.20	0.24	1.13	3.36	0.0121	0.0055	0.0026	0.0015	0.0005	0.0000	0.0124	0.0068	0.0054	0.0059	0.0091	0.0000	60.75	0.01
1991-10-07	Perennial Ryegrass	0.05	109.71	0.80	0.84	0.20	2.03	3	0	2.33	650.00	0.00	21.83	24.00	0.00	0.00	0.00	0.00	0.00	0.00	0.00	0.00	0.00	0.00	0.00	0.00	0.00	0.00	0.00	0.00	0.00	0.00	0.00	0.00	0.00	0.00	0.00	0.00	12.2	16.1	17.8	29.7	44.2	53.2	173.15	0.238	0.233	0.287	0.458	0.256	0.000	0.7976	0.6646	0.5150	0.9978	1.0000	0.5395	0.64	5.43	6.06	0.23	0.13	0.10	0.06	0.06	0.06	0.29	0.18	0.21	0.25	1.14	3.36	0.0190	0.0053	0.0025	0.0015	0.0005	0.0000	0.0229	0.0072	0.0054	0.0057	0.0088	0.0000	61.50	0.01
1991-10-08	Perennial Ryegrass	0.05	107.64	0.80	0.84	0.20	2.03	3	0	2.34	650.00	0.00	19.33	21.46	0.00	0.00	0.00	0.00	0.00	0.00	0.00	0.00	0.00	0.00	0.00	0.00	0.00	0.00	0.00	0.00	0.00	0.00	0.00	0.00	0.00	0.00	0.00	0.00	11.5	15.8	17.6	29.2	44.0	53.2	171.23	0.155	0.214	0.267	0.429	0.247	0.000	0.7990	0.6034	0.5146	0.9977	1.0000	0.4964	0.63	5.51	6.14	0.21	0.14	0.10	0.06	0.06	0.06	0.32	0.20	0.23	0.25	1.14	3.36	0.0131	0.0051	0.0024	0.0014	0.0005	0.0000	0.0189	0.0074	0.0054	0.0055	0.0086	0.0000	62.09	0.01
1991-10-09	Perennial Ryegrass	0.05	106.86	0.80	0.84	0.21	2.03	3	0	2.35	650.00	0.00	16.60	18.13	0.00	0.00	0.00	0.00	0.00	0.00	0.00	0.00	0.00	0.00	0.00	0.00	0.00	0.00	0.00	0.00	0.00	0.00	0.00	0.00	0.00	0.00	0.00	0.00	11.1	15.6	17.3	28.8	43.7	53.1	169.66	0.108	0.197	0.249	0.403	0.238	0.000	0.8002	0.4626	0.7402	0.9971	1.0000	0.3908	0.62	5.57	6.18	0.20	0.14	0.10	0.06	0.06	0.06	0.34	0.22	0.24	0.26	1.14	3.37	0.0099	0.0048	0.0023	0.0014	0.0004	0.0000	0.0166	0.0075	0.0053	0.0053	0.0084	0.0000	62.66	0.01
1991-10-10	Perennial Ryegrass	0.05	105.47	0.80	0.84	0.21	2.04	3	0	2.35	650.00	0.00	14.18	12.57	0.00	0.00	0.00	0.00	0.00	0.00	0.00	0.00	0.00	0.00	0.00	0.00	0.00	0.00	0.00	0.00	0.00	0.00	0.00	0.00	0.00	0.00	0.00	0.00	10.8	15.4	17.1	28.4	43.5	53.0	168.20	0.079	0.180	0.232	0.378	0.230	0.000	0.8014	0.6487	0.4711	0.9970	1.0000	0.4038	0.60	5.61	6.21	0.18	0.14	0.10	0.06	0.06	0.06	0.36	0.23	0.25	0.26	1.15	3.37	0.0078	0.0045	0.0022	0.0013	0.0004	0.0000	0.0151	0.0074	0.0052	0.0051	0.0081	0.0000	63.04	0.01
1991-10-11	Perennial Ryegrass	0.05	104.56	0.80	0.85	0.22	2.04	3	0	2.36	650.00	0.00	16.16	18.96	0.00	0.00	0.00	0.00	0.00	0.00	0.00	0.00	0.00	0.00	0.00	0.00	0.00	0.00	0.00	0.00	0.00	0.00	0.00	0.00	0.00	0.00	0.00	0.00	10.5	15.2	16.9	28.1	43.3	52.9	166.86	0.054	0.165	0.216	0.355	0.222	0.000	0.8015	0.3773	0.6634	0.9970	1.0000	0.5261	0.58	5.65	6.22	0.16	0.14	0.10	0.07	0.06	0.06	0.37	0.24	0.25	0.26	1.15	3.37	0.0061	0.0042	0.0021	0.0012	0.0004	0.0000	0.0138	0.0073	0.0051	0.0050	0.0079	0.0000	63.56	0.01
1991-10-12	Perennial Ryegrass	0.05	103.34	0.80	0.85	0.23	2.04	3	0	2.36	650.00	0.00	15.22	13.56	0.00	0.00	0.00	0.00	0.00	0.00	0.00	0.00	0.00	0.00	0.00	0.00	0.00	0.00	0.00	0.00	0.00	0.00	0.00	0.00	0.00	0.00	0.00	0.00	10.2	15.0	16.7	27.7	43.2	52.9	165.61	0.032	0.152	0.201	0.334	0.214	0.000	0.8023	0.3767	0.4323	0.9978	1.0000	0.7489	0.57	5.67	6.24	0.15	0.13	0.10	0.07	0.06	0.06	0.37	0.26	0.26	0.27	1.15	3.37	0.0051	0.0038	0.0020	0.0012	0.0004	0.0000	0.0120	0.0071	0.0049	0.0048	0.0076	0.0000	63.98	0.01
1991-10-13	Perennial Ryegrass	0.05	102.07	0.80	0.85	0.24	2.04	3	0	2.36	650.00	0.00	16.64	14.86	0.00	0.00	0.00	0.00	0.00	0.00	0.00	0.00	0.00	0.00	0.00	0.00	0.00	0.00	0.00	0.00	0.00	0.00	0.00	0.00	0.00	0.00	0.00	0.00	9.9	14.8	16.5	27.4	43.0	52.8	164.45	0.012	0.139	0.187	0.314	0.206	0.000	0.8022	0.4168	0.3982	0.9984	1.0000	0.8199	0.56	5.69	6.25	0.15	0.13	0.10	0.06	0.06	0.06	0.36	0.27	0.27	0.27	1.15	3.37	0.0044	0.0035	0.0019	0.0011	0.0004	0.0000	0.0103	0.0071	0.0049	0.0046	0.0074	0.0000	64.39	0.01
1991-10-14	Perennial Ryegrass	0.05	101.26	0.80	0.85	0.25	2.04	3	0	2.36	650.00	0.00	16.41	14.71	0.00	0.00	0.00	0.00	0.00	0.00	0.00	0.00	0.00	0.00	0.00	0.00	0.00	0.00	0.00	0.00	0.00	0.00	0.00	0.00	0.00	0.00	0.00	0.00	9.7	14.7	16.3	27.1	42.8	52.7	163.36	0.000	0.127	0.174	0.296	0.199	0.000	0.8020	0.5359	0.3346	0.9988	1.0000	0.7498	0.54	5.72	6.27	0.14	0.12	0.10	0.06	0.06	0.06	0.35	0.28	0.29	0.28	1.15	3.37	0.0038	0.0032	0.0018	0.0011	0.0003	0.0000	0.0091	0.0071	0.0048	0.0045	0.0072	0.0000	64.81	0.01
1991-10-15	Perennial Ryegrass	0.05	100.92	0.80	0.85	0.25	2.04	3	0	2.35	650.00	0.00	15.38	13.83	0.00	0.00	0.00	0.00	0.00	0.00	0.00	0.00	0.00	0.00	0.00	0.00	0.00	0.00	0.00	0.00	0.00	0.00	0.00	0.00	0.00	0.00	0.00	0.00	9.5	14.5	16.2	26.9	42.6	52.7	162.34	0.000	0.116	0.162	0.279	0.192	0.000	0.8017	0.4842	0.2877	0.9991	1.0000	0.8923	0.53	5.76	6.29	0.14	0.12	0.10	0.06	0.05	0.06	0.34	0.30	0.30	0.28	1.16	3.37	0.0035	0.0029	0.0016	0.0010	0.0003	0.0000	0.0083	0.0072	0.0048	0.0044	0.0070	0.0000	65.21	0.01
1991-10-16	Perennial Ryegrass	0.05	100.89	0.80	0.85	0.26	2.04	3	0	2.36	650.00	0.00	15.65	14.11	0.00	0.00	0.00	0.00	0.00	0.00	0.00	0.00	0.00	0.00	0.00	0.00	0.00	0.00	0.00	0.00	0.00	0.00	0.00	0.00	0.00	0.00	0.00	0.00	9.3	14.4	16.0	26.6	42.5	52.6	161.36	0.000	0.105	0.151	0.263	0.186	0.000	0.8013	0.8915	0.3021	0.9991	1.0000	0.5921	0.51	5.79	6.31	0.13	0.11	0.10	0.06	0.05	0.06	0.34	0.32	0.31	0.29	1.16	3.38	0.0032	0.0026	0.0015	0.0009	0.0003	0.0000	0.0076	0.0072	0.0047	0.0043	0.0068	0.0000	65.60	0.01
1991-10-17	Perennial Ryegrass	0.05	101.40	0.80	0.85	0.27	2.04	3	0	2.36	650.00	0.00	9.39	8.49	0.00	0.00	0.00	0.00	0.00	0.00	0.00	0.00	0.00	0.00	0.00	0.00	0.00	0.00	0.00	0.00	0.00	0.00	0.00	0.00	0.00	0.00	0.00	0.00	9.1	14.2	15.9	26.4	42.3	52.5	160.44	0.000	0.096	0.141	0.248	0.179	0.000	0.8011	0.3866	0.3791	0.9987	1.0000	0.5146	0.50	5.82	6.32	0.13	0.10	0.09	0.06	0.05	0.06	0.33	0.33	0.32	0.29	1.16	3.38	0.0029	0.0023	0.0014	0.0009	0.0003	0.0000	0.0070	0.0071	0.0046	0.0042	0.0066	0.0000	65.90	0.01
1991-10-18	Perennial Ryegrass	0.05	102.03	0.80	0.85	0.27	2.04	3	0	2.35	650.00	0.00	10.71	9.69	0.00	0.00	0.00	0.00	0.00	0.00	0.00	0.00	0.00	0.00	0.00	0.00	0.00	0.00	0.00	0.00	0.00	0.00	0.00	0.00	0.00	0.00	0.00	0.00	8.9	14.1	15.7	26.2	42.2	52.5	159.57	0.000	0.087	0.131	0.233	0.173	0.000	0.8010	0.5031	0.2729	0.9986	1.0000	0.6536	0.48	5.84	6.32	0.13	0.10	0.09	0.06	0.05	0.06	0.33	0.34	0.33	0.30	1.17	3.38	0.0026	0.0021	0.0013	0.0008	0.0003	0.0000	0.0065	0.0069	0.0045	0.0041	0.0064	0.0000	66.16	0.01
1991-10-19	Perennial Ryegrass	0.05	102.67	0.80	0.86	0.28	2.04	3	0	2.35	650.00	0.00	11.88	10.75	0.00	0.00	0.00	0.00	0.00	0.00	0.00	0.00	0.00	0.00	0.00	0.00	0.00	0.00	0.00	0.00	0.00	0.00	0.00	0.00	0.00	0.00	0.00	0.00	8.7	14.0	15.6	26.0	42.0	52.4	158.74	0.000	0.078	0.122	0.220	0.168	0.000	0.8007	0.4137	0.2789	0.9987	1.0000	0.8701	0.47	5.86	6.33	0.13	0.09	0.09	0.06	0.05	0.06	0.32	0.34	0.34	0.30	1.17	3.38	0.0024	0.0019	0.0012	0.0008	0.0003	0.0000	0.0060	0.0068	0.0044	0.0040	0.0062	0.0000	66.44	0.01
1991-10-20	Perennial Ryegrass	0.05	103.33	0.80	0.86	0.29	2.04	3	0	2.35	650.00	0.00	10.93	9.90	0.00	0.00	0.00	0.00	0.00	0.00	0.00	0.00	0.00	0.00	0.00	0.00	0.00	0.00	0.00	0.00	0.00	0.00	0.00	0.00	0.00	0.00	0.00	0.00	8.5	13.9	15.5	25.8	41.9	52.4	157.95	0.000	0.070	0.113	0.208	0.162	0.000	0.8003	0.5733	0.2470	0.9990	1.0000	0.9863	0.45	5.87	6.33	0.12	0.09	0.08	0.05	0.05	0.06	0.32	0.35	0.35	0.31	1.17	3.38	0.0022	0.0017	0.0011	0.0007	0.0002	0.0000	0.0055	0.0066	0.0043	0.0039	0.0060	0.0000	66.70	0.01
1991-10-21	Perennial Ryegrass	0.05	105.08	0.80	0.86	0.30	2.05	3	1	2.34	650.00	0.00	9.64	8.75	0.00	0.00	0.00	0.00	0.00	0.00	0.00	0.00	0.00	0.00	0.00	0.00	0.00	0.00	0.00	0.00	0.00	0.00	0.00	0.00	0.00	0.00	0.00	0.00	8.3	13.8	15.4	25.6	41.8	52.3	157.20	0.000	0.063	0.105	0.197	0.157	0.000	0.7996	0.9637	0.2282	0.9994	1.0000	1.0000	0.44	5.89	6.33	0.12	0.08	0.08	0.05	0.05	0.06	0.31	0.36	0.35	0.31	1.17	3.38	0.0021	0.0015	0.0010	0.0007	0.0002	0.0000	0.0051	0.0064	0.0041	0.0038	0.0059	0.0000	66.92	0.01
1991-10-22	Perennial Ryegrass	0.05	105.80	0.80	0.86	0.31	2.05	3	1	2.34	650.00	0.00	13.76	12.52	0.00	0.00	0.00	0.00	0.00	0.00	0.00	0.00	0.00	0.00	0.00	0.00	0.00	0.00	0.00	0.00	0.00	0.00	0.00	0.00	0.00	0.00	0.00	0.00	8.2	13.7	15.3	25.4	41.7	52.2	156.48	0.000	0.056	0.098	0.186	0.151	0.000	0.7982	0.4986	0.2554	0.9994	1.0000	0.8600	0.42	5.91	6.34	0.12	0.07	0.08	0.05	0.05	0.06	0.31	0.36	0.36	0.31	1.18	3.38	0.0019	0.0013	0.0009	0.0006	0.0002	0.0000	0.0048	0.0062	0.0040	0.0037	0.0057	0.0000	67.27	0.01
1991-10-23	Perennial Ryegrass	0.05	106.54	0.80	0.86	0.31	2.05	3	1	2.34	650.00	0.00	13.85	12.62	0.00	0.00	0.00	0.00	0.00	0.00	0.00	0.00	0.00	0.00	0.00	0.00	0.00	0.00	0.00	0.00	0.00	0.00	0.00	0.00	0.00	0.00	0.00	0.00	8.0	13.6	15.2	25.3	41.5	52.2	155.80	0.000	0.049	0.091	0.176	0.146	0.000	0.7976	0.7954	0.1848	0.9994	1.0000	0.8450	0.41	5.93	6.34	0.12	0.07	0.07	0.05	0.04	0.06	0.31	0.37	0.37	0.32	1.18	3.39	0.0018	0.0012	0.0008	0.0006	0.0002	0.0000	0.0044	0.0061	0.0039	0.0036	0.0056	0.0000	67.59	0.01
1991-10-24	Perennial Ryegrass	0.06	116.63	0.80	0.86	0.33	2.05	3	1	2.33	650.00	0.00	12.00	10.94	0.00	0.00	0.00	0.00	0.00	0.00	0.00	0.00	0.00	0.00	0.00	0.00	0.00	0.00	0.00	0.00	0.00	0.00	0.00	0.00	0.00	0.00	0.00	0.00	13.7	13.6	15.1	25.1	41.4	52.1	161.08	0.000	0.043	0.085	0.166	0.142	0.000	0.7970	0.4512	0.2711	0.9994	1.0000	0.9316	0.45	5.99	6.44	0.17	0.06	0.07	0.05	0.04	0.06	0.34	0.38	0.38	0.32	1.18	3.39	0.0025	0.0010	0.0007	0.0005	0.0002	0.0000	0.0046	0.0059	0.0038	0.0035	0.0054	0.0000	67.83	0.01
1991-10-25	Perennial Ryegrass	0.06	123.04	0.80	0.86	0.32	2.05	3	1	2.33	650.00	0.00	14.86	13.56	0.00	0.00	0.00	0.00	0.00	0.00	0.00	0.00	0.00	0.00	0.00	0.00	0.00	0.00	0.00	0.00	0.00	0.00	0.00	0.00	0.00	0.00	0.00	0.00	16.6	14.3	15.1	25.0	41.3	52.0	164.29	0.259	0.042	0.079	0.157	0.137	0.000	0.7962	0.4325	0.4582	0.9994	1.0000	0.6376	0.47	6.02	6.50	0.20	0.07	0.07	0.04	0.04	0.06	0.34	0.40	0.39	0.33	1.18	3.39	0.0166	0.0011	0.0007	0.0005	0.0002	0.0000	0.0274	0.0062	0.0037	0.0034	0.0053	0.0000	68.00	0.01
1991-10-26	Perennial Ryegrass	0.06	124.73	0.80	0.86	0.32	2.05	3	1	2.34	650.00	0.00	17.43	20.71	0.00	0.00	0.00	0.00	0.00	0.00	0.00	0.00	0.00	0.00	0.00	0.00	0.00	0.00	0.00	0.00	0.00	0.00	0.00	0.00	0.00	0.00	0.00	0.00	16.5	14.9	15.0	24.8	41.2	52.0	164.43	0.460	0.092	0.074	0.149	0.133	0.000	0.7958	0.5547	0.5091	0.9992	1.0000	0.5482	0.48	6.03	6.51	0.20	0.07	0.06	0.04	0.04	0.06	0.32	0.41	0.39	0.33	1.19	3.39	0.0299	0.0016	0.0006	0.0005	0.0002	0.0000	0.0457	0.0087	0.0037	0.0033	0.0051	0.0000	68.17	0.01
1991-10-27	Perennial Ryegrass	0.06	121.38	0.80	0.86	0.32	2.05	3	1	2.34	650.00	0.00	14.24	12.99	0.00	0.00	0.00	0.00	0.00	0.00	0.00	0.00	0.00	0.00	0.00	0.00	0.00	0.00	0.00	0.00	0.00	0.00	0.00	0.00	0.00	0.00	0.00	0.00	14.9	14.8	14.9	24.7	41.1	51.9	162.38	0.453	0.134	0.070	0.141	0.128	0.000	0.7968	0.4805	0.3916	0.9990	1.0000	0.5289	0.48	6.03	6.51	0.21	0.08	0.06	0.04	0.04	0.06	0.32	0.41	0.39	0.33	1.19	3.39	0.0293	0.0021	0.0005	0.0004	0.0002	0.0000	0.0434	0.0107	0.0035	0.0032	0.0050	0.0000	68.35	0.01
1991-10-28	Perennial Ryegrass	0.06	119.15	0.80	0.86	0.32	2.05	3	1	2.34	650.00	0.00	12.34	11.27	0.00	0.00	0.00	0.00	0.00	0.00	0.00	0.00	0.00	0.00	0.00	0.00	0.00	0.00	0.00	0.00	0.00	0.00	0.00	0.00	0.00	0.00	0.00	0.00	13.9	14.7	14.9	24.6	41.0	51.9	160.98	0.342	0.126	0.066	0.134	0.124	0.000	0.7966	0.3976	0.4326	0.9988	1.0000	0.5328	0.49	6.05	6.53	0.21	0.08	0.06	0.04	0.04	0.06	0.32	0.41	0.40	0.33	1.19	3.39	0.0226	0.0021	0.0005	0.0004	0.0002	0.0000	0.0325	0.0103	0.0035	0.0031	0.0049	0.0000	68.58	0.01
1991-10-29	Perennial Ryegrass	0.06	114.73	0.80	0.86	0.33	2.05	3	1	2.33	650.00	0.00	14.25	13.01	0.00	0.00	0.00	0.00	0.00	0.00	0.00	0.00	0.00	0.00	0.00	0.00	0.00	0.00	0.00	0.00	0.00	0.00	0.00	0.00	0.00	0.00	0.00	0.00	12.6	14.5	14.8	24.5	40.9	51.8	159.22	0.276	0.116	0.063	0.127	0.120	0.000	0.7963	0.4701	0.3278	0.9990	1.0000	0.7725	0.48	6.06	6.54	0.21	0.08	0.05	0.04	0.04	0.06	0.33	0.41	0.40	0.33	1.19	3.39	0.0183	0.0020	0.0005	0.0004	0.0002	0.0000	0.0275	0.0099	0.0034	0.0031	0.0048	0.0000	68.91	0.01
1991-10-30	Perennial Ryegrass	0.06	119.12	0.79	0.87	0.34	2.05	3	1	2.33	650.00	0.00	11.99	10.96	0.00	0.00	0.00	0.00	0.00	0.00	0.00	0.00	0.00	0.00	0.00	0.00	0.00	0.00	0.00	0.00	0.00	0.00	0.00	0.00	0.00	0.00	0.00	0.00	15.7	14.5	14.8	24.4	40.8	51.8	161.98	0.184	0.106	0.059	0.120	0.117	0.000	0.7957	0.5617	0.2307	0.9993	1.0000	1.0000	0.49	6.10	6.58	0.22	0.08	0.05	0.04	0.04	0.06	0.35	0.42	0.41	0.34	1.19	3.40	0.0141	0.0019	0.0004	0.0003	0.0001	0.0000	0.0214	0.0095	0.0033	0.0030	0.0046	0.0000	69.15	0.01
1991-10-31	Perennial Ryegrass	0.05	111.90	0.79	0.86	0.34	2.05	3	1	2.33	650.00	0.00	18.32	16.75	0.00	0.00	0.00	0.00	0.00	0.00	0.00	0.00	0.00	0.00	0.00	0.00	0.00	0.00	0.00	0.00	0.00	0.00	0.00	0.00	0.00	0.00	0.00	0.00	14.8	14.4	14.8	24.3	40.7	51.7	160.68	0.399	0.106	0.056	0.114	0.113	0.000	0.7943	1.0000	0.3471	0.9995	1.0000	0.5749	0.47	6.12	6.59	0.21	0.08	0.05	0.04	0.04	0.06	0.35	0.42	0.41	0.34	1.19	3.40	0.0263	0.0019	0.0004	0.0003	0.0001	0.0000	0.0417	0.0096	0.0033	0.0029	0.0045	0.0000	69.44	0.01
1991-11-01	Perennial Ryegrass	0.05	109.69	0.79	0.87	0.35	2.06	3	1	2.33	650.00	0.00	12.37	11.32	0.00	0.00	0.00	0.00	0.00	0.00	0.00	0.00	0.00	0.00	0.00	0.00	0.00	0.00	0.00	0.00	0.00	0.00	0.00	0.00	0.00	0.00	0.00	0.00	13.8	14.3	14.7	24.2	40.7	51.6	159.34	0.333	0.100	0.053	0.108	0.110	0.000	0.7939	0.6921	0.3679	0.9992	1.0000	0.4532	0.48	6.14	6.62	0.23	0.08	0.05	0.03	0.04	0.06	0.36	0.43	0.41	0.34	1.20	3.40	0.0232	0.0019	0.0004	0.0003	0.0001	0.0000	0.0358	0.0094	0.0032	0.0028	0.0044	0.0000	69.61	0.01
1991-11-02	Perennial Ryegrass	0.05	105.69	0.79	0.87	0.36	2.06	3	1	2.33	650.00	0.00	13.95	12.76	0.00	0.00	0.00	0.00	0.00	0.00	0.00	0.00	0.00	0.00	0.00	0.00	0.00	0.00	0.00	0.00	0.00	0.00	0.00	0.00	0.00	0.00	0.00	0.00	12.7	14.2	14.7	24.1	40.6	51.6	157.88	0.265	0.093	0.050	0.103	0.106	0.000	0.7938	0.4905	0.4339	0.9992	1.0000	0.6657	0.47	6.17	6.64	0.22	0.08	0.04	0.03	0.03	0.06	0.38	0.43	0.42	0.34	1.20	3.40	0.0187	0.0018	0.0003	0.0003	0.0001	0.0000	0.0305	0.0092	0.0031	0.0028	0.0043	0.0000	69.92	0.01
1991-11-03	Perennial Ryegrass	0.06	123.68	0.79	0.87	0.37	2.06	3	1	2.32	650.00	0.00	13.76	12.59	0.00	0.00	0.00	0.00	0.00	0.00	0.00	0.00	0.00	0.00	0.00	0.00	0.00	0.00	0.00	0.00	0.00	0.00	0.00	0.00	0.00	0.00	0.00	0.00	20.0	17.4	14.7	24.1	40.5	51.5	168.18	0.189	0.085	0.047	0.098	0.103	0.000	0.7934	0.9108	0.2553	0.9994	1.0000	0.9504	0.48	6.21	6.69	0.22	0.09	0.04	0.03	0.03	0.06	0.35	0.49	0.42	0.35	1.20	3.40	0.0146	0.0020	0.0003	0.0002	0.0001	0.0000	0.0219	0.0099	0.0031	0.0027	0.0042	0.0000	70.12	0.01
1991-11-04	Perennial Ryegrass	0.06	118.33	0.79	0.87	0.36	2.06	3	1	2.32	650.00	0.00	21.45	19.65	0.00	0.00	0.00	0.00	0.00	0.00	0.00	0.00	0.00	0.00	0.00	0.00	0.00	0.00	0.00	0.00	0.00	0.00	0.00	0.00	0.00	0.00	0.00	0.00	17.8	18.5	14.8	24.0	40.4	51.5	166.89	0.700	0.307	0.049	0.093	0.100	0.000	0.7926	1.0000	0.4266	0.9995	1.0000	0.4848	0.44	6.18	6.62	0.18	0.10	0.04	0.03	0.03	0.06	0.29	0.50	0.43	0.35	1.20	3.40	0.0478	0.0053	0.0003	0.0002	0.0001	0.0000	0.0726	0.0251	0.0032	0.0027	0.0041	0.0000	70.38	0.01
1991-11-05	Perennial Ryegrass	0.05	113.01	0.79	0.87	0.37	2.06	3	1	2.32	650.00	0.00	18.12	16.61	0.00	0.00	0.00	0.00	0.00	0.00	0.00	0.00	0.00	0.00	0.00	0.00	0.00	0.00	0.00	0.00	0.00	0.00	0.00	0.00	0.00	0.00	0.00	0.00	15.9	18.1	14.9	23.9	40.4	51.4	164.58	0.543	0.384	0.055	0.089	0.097	0.000	0.7927	0.5204	0.3809	0.9995	1.0000	0.6025	0.44	6.16	6.60	0.17	0.11	0.04	0.03	0.03	0.06	0.28	0.49	0.44	0.35	1.21	3.41	0.0311	0.0070	0.0003	0.0002	0.0001	0.0000	0.0477	0.0307	0.0034	0.0026	0.0040	0.0000	70.47	0.01
1991-11-06	Perennial Ryegrass	0.05	108.55	0.79	0.87	0.37	2.06	3	1	2.32	650.00	0.00	16.05	14.71	0.00	0.00	0.00	0.00	0.00	0.00	0.00	0.00	0.00	0.00	0.00	0.00	0.00	0.00	0.00	0.00	0.00	0.00	0.00	0.00	0.00	0.00	0.00	0.00	14.7	17.5	14.9	23.8	40.3	51.4	162.65	0.413	0.360	0.060	0.085	0.094	0.000	0.7920	0.5945	0.4561	0.9995	1.0000	0.5378	0.45	6.17	6.61	0.18	0.11	0.04	0.03	0.03	0.06	0.28	0.47	0.44	0.35	1.21	3.41	0.0233	0.0068	0.0003	0.0002	0.0001	0.0000	0.0353	0.0279	0.0036	0.0026	0.0040	0.0000	70.82	0.01
1991-11-07	Perennial Ryegrass	0.05	103.31	0.79	0.87	0.38	2.06	3	1	2.31	650.00	0.00	16.58	15.21	0.00	0.00	0.00	0.00	0.00	0.00	0.00	0.00	0.00	0.00	0.00	0.00	0.00	0.00	0.00	0.00	0.00	0.00	0.00	0.00	0.00	0.00	0.00	0.00	13.2	17.0	14.9	23.8	40.2	51.3	160.45	0.331	0.318	0.062	0.081	0.091	0.000	0.7917	0.8573	0.1991	0.9996	1.0000	0.6593	0.46	6.19	6.64	0.19	0.12	0.04	0.03	0.03	0.06	0.30	0.47	0.44	0.35	1.21	3.41	0.0195	0.0063	0.0003	0.0002	0.0001	0.0000	0.0298	0.0242	0.0037	0.0025	0.0039	0.0000	71.25	0.01
1991-11-08	Perennial Ryegrass	0.05	101.61	0.79	0.87	0.39	2.06	3	1	2.31	650.00	0.00	11.91	10.93	0.00	0.00	0.00	0.00	0.00	0.00	0.00	0.00	0.00	0.00	0.00	0.00	0.00	0.00	0.00	0.00	0.00	0.00	0.00	0.00	0.00	0.00	0.00	0.00	11.9	16.6	14.9	23.7	40.2	51.3	158.50	0.226	0.282	0.062	0.077	0.089	0.000	0.7905	0.5318	0.2374	0.9994	1.0000	0.6293	0.45	6.20	6.66	0.18	0.12	0.04	0.02	0.03	0.06	0.32	0.46	0.45	0.35	1.21	3.41	0.0136	0.0058	0.0003	0.0002	0.0001	0.0000	0.0227	0.0212	0.0037	0.0025	0.0038	0.0000	71.58	0.01
1991-11-09	Perennial Ryegrass	0.05	100.34	0.79	0.87	0.39	2.06	3	1	2.31	650.00	0.00	10.58	9.71	0.00	0.00	0.00	0.00	0.00	0.00	0.00	0.00	0.00	0.00	0.00	0.00	0.00	0.00	0.00	0.00	0.00	0.00	0.00	0.00	0.00	0.00	0.00	0.00	10.9	16.2	14.9	23.7	40.1	51.2	156.96	0.133	0.250	0.061	0.074	0.086	0.000	0.7898	0.5979	0.2012	0.9992	1.0000	0.6260	0.43	6.22	6.65	0.16	0.12	0.04	0.02	0.03	0.06	0.33	0.46	0.45	0.35	1.21	3.41	0.0085	0.0053	0.0003	0.0002	0.0001	0.0000	0.0169	0.0190	0.0037	0.0024	0.0037	0.0000	71.84	0.01
1991-11-10	Perennial Ryegrass	0.05	99.50	0.79	0.87	0.40	2.06	3	1	2.30	650.00	0.00	9.44	8.67	0.00	0.00	0.00	0.00	0.00	0.00	0.00	0.00	0.00	0.00	0.00	0.00	0.00	0.00	0.00	0.00	0.00	0.00	0.00	0.00	0.00	0.00	0.00	0.00	9.8	15.8	14.8	23.6	40.0	51.2	155.24	0.066	0.223	0.060	0.071	0.084	0.000	0.7891	0.6613	0.1559	0.9991	1.0000	0.6597	0.42	6.22	6.63	0.15	0.13	0.04	0.02	0.03	0.06	0.32	0.46	0.45	0.36	1.22	3.42	0.0057	0.0049	0.0003	0.0002	0.0001	0.0000	0.0121	0.0171	0.0037	0.0024	0.0036	0.0000	72.06	0.01
1991-11-11	Perennial Ryegrass	0.05	98.88	0.79	0.87	0.40	2.06	3	1	2.30	650.00	0.00	8.70	7.99	0.00	0.00	0.00	0.00	0.00	0.00	0.00	0.00	0.00	0.00	0.00	0.00	0.00	0.00	0.00	0.00	0.00	0.00	0.00	0.00	0.00	0.00	0.00	0.00	8.7	15.5	14.8	23.6	40.0	51.1	153.66	0.000	0.199	0.058	0.068	0.081	0.000	0.7884	0.6454	0.1507	0.9989	1.0000	0.6919	0.41	6.21	6.62	0.14	0.13	0.04	0.02	0.03	0.06	0.32	0.45	0.45	0.36	1.22	3.42	0.0033	0.0045	0.0003	0.0001	0.0001	0.0000	0.0076	0.0156	0.0036	0.0023	0.0036	0.0000	72.26	0.01
1991-11-12	Perennial Ryegrass	0.05	98.11	0.79	0.87	0.41	3.00	3	1	2.29	650.00	0.00	9.09	8.35	0.00	0.00	0.00	0.00	0.00	0.00	0.00	0.00	0.00	0.00	0.00	0.00	0.00	0.00	0.00	0.00	0.00	0.00	0.00	0.00	0.00	0.00	0.00	0.00	7.6	15.2	14.8	23.5	39.9	51.1	152.09	0.000	0.176	0.056	0.065	0.079	0.000	0.7876	0.6228	0.1375	0.9989	1.0000	0.8403	0.39	6.21	6.61	0.12	0.13	0.04	0.02	0.03	0.06	0.32	0.45	0.45	0.36	1.22	3.42	0.0022	0.0041	0.0003	0.0001	0.0001	0.0000	0.0053	0.0142	0.0036	0.0023	0.0035	0.0000	72.46	0.01
1991-11-13	Perennial Ryegrass	0.05	96.67	0.75	0.88	0.50	3.00	2	1	2.08	650.00	0.00	5.72	3.51	0.00	0.00	0.00	0.00	0.00	0.00	0.00	0.00	0.00	0.00	0.00	0.00	0.00	0.00	0.00	0.00	0.00	0.00	0.00	0.00	0.00	0.00	0.00	0.00	6.6	14.9	14.7	23.5	39.9	51.0	150.62	0.000	0.156	0.053	0.062	0.077	0.000	0.7866	0.4015	0.1361	0.9990	1.0000	0.3441	0.37	6.22	6.59	0.11	0.12	0.04	0.02	0.03	0.06	0.32	0.45	0.46	0.36	1.22	3.42	0.0013	0.0037	0.0003	0.0001	0.0001	0.0000	0.0036	0.0131	0.0035	0.0023	0.0034	0.0000	72.30	0.01
1991-11-14	Perennial Ryegrass	0.05	96.21	0.72	0.88	0.57	3.00	2	1	1.91	650.00	0.00	4.30	2.75	0.00	0.00	0.00	0.00	0.00	0.00	0.00	0.00	0.00	0.00	0.00	0.00	0.00	0.00	0.00	0.00	0.00	0.00	0.00	0.00	0.00	0.00	0.00	0.00	5.8	14.7	14.7	23.5	39.8	51.0	149.36	0.000	0.136	0.050	0.060	0.075	0.000	0.7529	0.4501	0.1621	0.9989	1.0000	0.2381	0.36	6.23	6.58	0.10	0.12	0.04	0.02	0.02	0.06	0.32	0.46	0.46	0.36	1.22	3.42	0.0008	0.0033	0.0003	0.0001	0.0001	0.0000	0.0024	0.0121	0.0034	0.0022	0.0034	0.0000	72.40	0.01
1991-11-15	Perennial Ryegrass	0.05	96.02	0.69	0.88	0.62	3.00	2	1	1.74	650.00	0.00	3.90	2.57	0.00	0.00	0.00	0.00	0.00	0.00	0.00	0.00	0.00	0.00	0.00	0.00	0.00	0.00	0.00	0.00	0.00	0.00	0.00	0.00	0.00	0.00	0.00	0.00	5.1	14.5	14.6	23.4	39.8	50.9	148.26	0.000	0.119	0.048	0.057	0.073	0.000	0.7223	0.4861	0.1284	0.9991	1.0000	0.3172	0.34	6.23	6.57	0.09	0.11	0.03	0.02	0.02	0.06	0.32	0.46	0.46	0.36	1.22	3.42	0.0005	0.0029	0.0003	0.0001	0.0001	0.0000	0.0016	0.0112	0.0034	0.0022	0.0033	0.0000	72.42	0.01
1991-11-16	Perennial Ryegrass	0.05	95.49	0.64	0.89	0.68	3.00	2	2	1.54	650.00	0.00	3.95	2.69	0.00	0.00	0.00	0.00	0.00	0.00	0.00	0.00	0.00	0.00	0.00	0.00	0.00	0.00	0.00	0.00	0.00	0.00	0.00	0.00	0.00	0.00	0.00	0.00	4.1	14.2	14.6	23.4	39.7	50.9	146.85	0.000	0.102	0.045	0.055	0.071	0.000	0.6890	0.3873	0.1179	0.9993	1.0000	0.3540	0.32	6.24	6.56	0.08	0.11	0.03	0.02	0.02	0.06	0.32	0.46	0.46	0.36	1.22	3.42	0.0003	0.0025	0.0002	0.0001	0.0001	0.0000	0.0012	0.0104	0.0033	0.0022	0.0033	0.0000	72.41	0.01
1991-11-17	Perennial Ryegrass	0.05	96.59	0.61	0.89	0.71	3.01	2	2	1.42	650.00	0.00	3.07	2.17	0.00	0.00	0.00	0.00	0.00	0.00	0.00	0.00	0.00	0.00	0.00	0.00	0.00	0.00	0.00	0.00	0.00	0.00	0.00	0.00	0.00	0.00	0.00	0.00	2.9	14.0	14.6	23.3	39.7	50.8	145.35	0.000	0.087	0.042	0.053	0.069	0.000	0.6431	0.3667	0.1105	0.9994	1.0000	0.2753	0.30	6.25	6.55	0.07	0.10	0.03	0.02	0.02	0.06	0.32	0.46	0.46	0.36	1.22	3.42	0.0001	0.0022	0.0002	0.0001	0.0001	0.0000	0.0006	0.0097	0.0032	0.0021	0.0032	0.0000	72.49	0.01
1991-11-18	Perennial Ryegrass	0.05	97.80	0.57	0.89	0.74	3.01	1	2	1.28	650.00	0.00	3.05	2.21	0.00	0.00	0.00	0.00	0.00	0.00	0.00	0.00	0.00	0.00	0.00	0.00	0.00	0.00	0.00	0.00	0.00	0.00	0.00	0.00	0.00	0.00	0.00	0.00	36.2	24.0	19.9	23.4	39.6	50.8	193.88	0.000	0.073	0.039	0.051	0.067	0.000	0.6119	0.2864	0.1099	0.9995	1.0000	0.4022	0.37	6.31	6.68	0.12	0.11	0.05	0.02	0.02	0.06	0.25	0.47	0.56	0.36	1.23	3.43	0.0001	0.0022	0.0003	0.0001	0.0001	0.0000	0.0002	0.0091	0.0038	0.0021	0.0032	0.0000	72.45	0.01
1991-11-19	Perennial Ryegrass	0.05	106.16	0.53	0.89	0.77	3.01	1	2	1.13	650.00	0.00	12.55	9.36	0.00	0.00	0.00	0.00	0.00	0.00	0.00	0.00	0.00	0.00	0.00	0.00	0.00	0.00	0.00	0.00	0.00	0.00	0.00	0.00	0.00	0.00	0.00	0.00	25.8	26.0	22.3	25.7	39.6	50.7	190.13	1.832	0.773	0.410	0.056	0.065	0.000	0.5737	0.2946	1.0000	0.9997	1.0000	0.3851	0.25	6.08	6.33	0.00	0.10	0.06	0.02	0.02	0.05	0.01	0.40	0.58	0.43	1.23	3.44	0.1755	0.0182	0.0020	0.0001	0.0001	0.0000	0.2412	0.0713	0.0207	0.0026	0.0031	0.0000	72.54	0.01
1991-11-20	Perennial Ryegrass	0.05	108.17	0.50	0.89	0.78	3.01	1	2	1.05	650.00	0.00	10.66	8.21	0.00	0.00	0.00	0.00	0.00	0.00	0.00	0.00	0.00	0.00	0.00	0.00	0.00	0.00	0.00	0.00	0.00	0.00	0.00	0.00	0.00	0.00	0.00	0.00	20.9	24.7	23.1	28.6	39.6	50.7	187.49	0.787	0.650	0.415	0.138	0.045	0.000	0.5298	1.0000	1.0000	0.9997	1.0000	0.0889	0.32	6.06	6.37	0.06	0.09	0.06	0.03	0.02	0.05	0.02	0.30	0.56	0.50	1.24	3.44	0.0406	0.0219	0.0029	0.0003	0.0000	0.0000	0.0133	0.0725	0.0248	0.0051	0.0026	0.0000	72.64	0.01
1991-11-21	Perennial Ryegrass	0.05	110.75	0.48	0.89	0.80	3.01	1	2	0.97	650.00	0.00	9.21	7.24	0.00	0.00	0.00	0.00	0.00	0.00	0.00	0.00	0.00	0.00	0.00	0.00	0.00	0.00	0.00	0.00	0.00	0.00	0.00	0.00	0.00	0.00	0.00	0.00	17.5	22.6	22.7	31.0	39.6	50.6	183.91	0.703	0.755	0.587	0.340	0.059	0.000	0.5009	0.5513	1.0000	0.9997	1.0000	0.0786	0.37	6.05	6.43	0.11	0.08	0.07	0.04	0.02	0.05	0.05	0.24	0.52	0.56	1.24	3.45	0.0336	0.0171	0.0038	0.0007	0.0000	0.0000	0.0134	0.0482	0.0285	0.0104	0.0030	0.0000	72.69	0.01
1991-11-22	Perennial Ryegrass	0.06	113.67	0.44	0.89	0.81	3.01	1	2	0.89	650.00	0.00	7.92	6.33	0.00	0.00	0.00	0.00	0.00	0.00	0.00	0.00	0.00	0.00	0.00	0.00	0.00	0.00	0.00	0.00	0.00	0.00	0.00	0.00	0.00	0.00	0.00	0.00	16.2	20.1	21.9	32.3	39.6	50.6	180.63	0.454	0.580	0.525	0.440	0.056	0.000	0.4756	0.3648	1.0000	0.9997	1.0000	0.1078	0.44	6.09	6.52	0.16	0.09	0.07	0.04	0.02	0.05	0.09	0.22	0.49	0.59	1.24	3.45	0.0271	0.0123	0.0037	0.0010	0.0000	0.0000	0.0147	0.0295	0.0246	0.0138	0.0029	0.0000	72.76	0.01
1991-11-23	Perennial Ryegrass	0.06	116.93	0.41	0.90	0.82	3.01	1	2	0.80	650.00	0.00	7.57	6.17	0.00	0.00	0.00	0.00	0.00	0.00	0.00	0.00	0.00	0.00	0.00	0.00	0.00	0.00	0.00	0.00	0.00	0.00	0.00	0.00	0.00	0.00	0.00	0.00	14.7	18.9	20.8	32.5	39.7	50.5	177.20	0.432	0.499	0.551	0.585	0.066	0.000	0.4434	0.2878	1.0000	0.9998	1.0000	0.1288	0.49	6.14	6.63	0.20	0.09	0.08	0.05	0.02	0.05	0.15	0.22	0.47	0.61	1.25	3.46	0.0274	0.0088	0.0037	0.0014	0.0000	0.0000	0.0187	0.0194	0.0226	0.0174	0.0032	0.0000	72.82	0.01
1991-11-24	Perennial Ryegrass	0.06	120.33	0.37	0.90	0.84	3.01	1	3	0.70	650.00	0.00	6.71	5.57	0.00	0.00	0.00	0.00	0.00	0.00	0.00	0.00	0.00	0.00	0.00	0.00	0.00	0.00	0.00	0.00	0.00	0.00	0.00	0.00	0.00	0.00	0.00	0.00	13.3	18.3	19.9	32.2	39.7	50.5	173.93	0.332	0.410	0.479	0.603	0.067	0.000	0.4088	0.2682	1.0000	0.9999	1.0000	0.1502	0.54	6.21	6.75	0.24	0.10	0.08	0.05	0.02	0.05	0.20	0.23	0.46	0.61	1.25	3.46	0.0242	0.0075	0.0033	0.0015	0.0000	0.0000	0.0200	0.0161	0.0190	0.0179	0.0032	0.0000	72.86	0.02
1991-11-25	Perennial Ryegrass	0.06	123.86	0.33	0.90	0.85	3.01	1	3	0.62	650.00	0.00	5.73	4.86	0.00	0.00	0.00	0.00	0.00	0.00	0.00	0.00	0.00	0.00	0.00	0.00	0.00	0.00	0.00	0.00	0.00	0.00	0.00	0.00	0.00	0.00	0.00	0.00	12.1	17.9	19.5	31.5	39.7	50.4	171.15	0.230	0.374	0.413	0.584	0.068	0.000	0.3707	0.3134	1.0000	0.9999	1.0000	0.1614	0.55	6.32	6.87	0.24	0.11	0.08	0.05	0.02	0.05	0.28	0.25	0.46	0.60	1.26	3.47	0.0175	0.0071	0.0030	0.0015	0.0000	0.0000	0.0199	0.0159	0.0166	0.0172	0.0033	0.0000	72.88	0.02
1991-11-26	Perennial Ryegrass	0.09	192.86	0.30	0.90	0.86	3.01	1	3	0.55	650.00	0.00	4.88	4.22	0.00	0.00	0.00	0.00	0.00	0.00	0.00	0.00	0.00	0.00	0.00	0.00	0.00	0.00	0.00	0.00	0.00	0.00	0.00	0.00	0.00	0.00	0.00	0.00	17.8	18.7	19.3	31.1	39.7	50.4	177.13	0.086	0.197	0.221	0.313	0.040	0.000	0.3345	0.5341	1.0000	1.0000	1.0000	0.1424	0.55	6.46	7.01	0.23	0.12	0.09	0.05	0.02	0.05	0.34	0.29	0.48	0.60	1.26	3.48	0.0119	0.0061	0.0022	0.0011	0.0000	0.0000	0.0169	0.0149	0.0122	0.0120	0.0025	0.0000	72.56	0.02
1991-11-27	Perennial Ryegrass	0.09	185.09	0.28	0.89	0.85	3.02	1	3	0.51	650.00	0.00	4.21	3.71	0.00	0.00	0.00	0.00	0.00	0.00	0.00	0.00	0.00	0.00	0.00	0.00	0.00	0.00	0.00	0.00	0.00	0.00	0.00	0.00	0.00	0.00	0.00	0.00	16.0	18.5	19.0	30.5	39.7	50.3	174.03	0.548	0.402	0.371	0.517	0.070	0.000	0.3025	0.7060	1.0000	1.0000	1.0000	0.0966	0.53	6.54	7.07	0.20	0.12	0.09	0.06	0.02	0.05	0.37	0.32	0.50	0.60	1.27	3.48	0.0367	0.0083	0.0029	0.0015	0.0000	0.0000	0.0637	0.0220	0.0161	0.0155	0.0033	0.0000	71.63	0.02
1991-11-28	Perennial Ryegrass	0.08	177.47	0.26	0.89	0.85	3.02	1	3	0.47	650.00	0.00	3.80	3.37	0.00	0.00	0.00	0.00	0.00	0.00	0.00	0.00	0.00	0.00	0.00	0.00	0.00	0.00	0.00	0.00	0.00	0.00	0.00	0.00	0.00	0.00	0.00	0.00	14.8	18.1	18.8	30.1	39.7	50.3	171.89	0.271	0.248	0.227	0.312	0.045	0.000	0.2816	0.4519	1.0000	1.0000	1.0000	0.1535	0.53	6.61	7.15	0.20	0.12	0.09	0.06	0.02	0.05	0.40	0.34	0.51	0.60	1.27	3.49	0.0235	0.0073	0.0022	0.0011	0.0000	0.0000	0.0465	0.0198	0.0124	0.0114	0.0027	0.0000	70.52	0.02
1991-11-29	Perennial Ryegrass	0.08	173.79	0.24	0.89	0.86	3.02	0	3	0.43	650.00	0.00	3.41	3.06	0.00	0.00	0.00	0.00	0.00	0.00	0.00	0.00	0.00	0.00	0.00	0.00	0.00	0.00	0.00	0.00	0.00	0.00	0.00	0.00	0.00	0.00	0.00	0.00	13.6	17.6	18.5	29.6	39.7	50.3	169.27	0.338	0.354	0.336	0.459	0.070	0.000	0.2610	0.5803	1.0000	1.0000	1.0000	0.1093	0.53	6.68	7.21	0.20	0.12	0.09	0.06	0.02	0.05	0.43	0.35	0.52	0.60	1.27	3.49	0.0201	0.0075	0.0027	0.0014	0.0000	0.0000	0.0431	0.0210	0.0153	0.0141	0.0034	0.0000	70.46	0.02
1991-11-30	Perennial Ryegrass	0.08	172.92	0.23	0.89	0.86	3.02	0	3	0.41	650.00	0.00	3.09	2.80	0.00	0.00	0.00	0.00	0.00	0.00	0.00	0.00	0.00	0.00	0.00	0.00	0.00	0.00	0.00	0.00	0.00	0.00	0.00	0.00	0.00	0.00	0.00	0.00	12.9	17.3	18.3	29.4	39.7	50.2	167.84	0.134	0.170	0.166	0.227	0.037	0.000	0.2415	0.6951	1.0000	0.9999	1.0000	0.1193	0.55	6.73	7.28	0.20	0.13	0.09	0.06	0.02	0.05	0.46	0.36	0.53	0.60	1.28	3.50	0.0147	0.0060	0.0019	0.0010	0.0000	0.0000	0.0318	0.0168	0.0106	0.0094	0.0025	0.0000	70.38	0.02
1991-12-01	Perennial Ryegrass	0.08	170.16	0.22	0.89	0.86	3.02	0	3	0.38	650.00	0.00	2.91	2.64	0.00	0.00	0.00	0.00	0.00	0.00	0.00	0.00	0.00	0.00	0.00	0.00	0.00	0.00	0.00	0.00	0.00	0.00	0.00	0.00	0.00	0.00	0.00	0.00	11.5	16.9	18.0	29.0	39.7	50.2	165.33	0.188	0.277	0.278	0.380	0.064	0.000	0.2319	0.4215	1.0000	0.9999	1.0000	0.1264	0.52	6.76	7.28	0.17	0.13	0.09	0.06	0.02	0.05	0.47	0.37	0.53	0.60	1.28	3.50	0.0113	0.0064	0.0024	0.0013	0.0000	0.0000	0.0304	0.0181	0.0135	0.0122	0.0032	0.0000	70.27	0.02
1991-12-02	Perennial Ryegrass	0.08	165.54	0.20	0.89	0.86	3.02	0	3	0.35	650.00	0.00	2.66	2.43	0.00	0.00	0.00	0.00	0.00	0.00	0.00	0.00	0.00	0.00	0.00	0.00	0.00	0.00	0.00	0.00	0.00	0.00	0.00	0.00	0.00	0.00	0.00	0.00	10.1	16.6	17.7	28.5	39.7	50.1	162.79	0.108	0.274	0.282	0.387	0.069	0.000	0.2180	0.3726	1.0000	0.9999	1.0000	0.1381	0.47	6.76	7.23	0.12	0.13	0.10	0.06	0.02	0.05	0.46	0.38	0.54	0.60	1.28	3.50	0.0055	0.0061	0.0024	0.0013	0.0000	0.0000	0.0207	0.0175	0.0136	0.0122	0.0033	0.0000	70.18	0.02
1991-12-03	Perennial Ryegrass	0.08	172.47	0.19	0.89	0.87	3.02	0	3	0.32	650.00	0.00	2.39	2.20	0.00	0.00	0.00	0.00	0.00	0.00	0.00	0.00	0.00	0.00	0.00	0.00	0.00	0.00	0.00	0.00	0.00	0.00	0.00	0.00	0.00	0.00	0.00	0.00	9.8	16.2	17.5	28.1	39.7	50.1	161.38	0.010	0.249	0.262	0.362	0.068	0.000	0.2009	0.4083	1.0000	0.9999	1.0000	0.1444	0.43	6.78	7.21	0.07	0.13	0.10	0.06	0.02	0.05	0.46	0.39	0.54	0.60	1.28	3.51	0.0020	0.0057	0.0023	0.0012	0.0000	0.0000	0.0120	0.0165	0.0129	0.0115	0.0033	0.0000	70.05	0.02
1991-12-04	Perennial Ryegrass	0.08	169.85	0.17	0.89	0.87	3.02	0	3	0.30	650.00	0.00	2.16	2.00	0.00	0.00	0.00	0.00	0.00	0.00	0.00	0.00	0.00	0.00	0.00	0.00	0.00	0.00	0.00	0.00	0.00	0.00	0.00	0.00	0.00	0.00	0.00	0.00	8.6	15.9	17.2	27.8	39.6	50.0	159.22	0.000	0.226	0.243	0.339	0.066	0.000	0.1861	0.4977	0.8478	0.9999	1.0000	0.1250	0.39	6.79	7.18	0.04	0.13	0.10	0.06	0.02	0.05	0.45	0.40	0.55	0.60	1.28	3.51	0.0009	0.0053	0.0022	0.0012	0.0000	0.0000	0.0103	0.0156	0.0122	0.0109	0.0033	0.0000	69.85	0.02
1991-12-05	Perennial Ryegrass	0.08	169.12	0.16	0.89	0.87	3.02	0	3	0.28	650.00	0.00	1.97	1.84	0.00	0.00	0.00	0.00	0.00	0.00	0.00	0.00	0.00	0.00	0.00	0.00	0.00	0.00	0.00	0.00	0.00	0.00	0.00	0.00	0.00	0.00	0.00	0.00	7.4	15.6	17.0	27.5	39.6	50.0	157.14	0.000	0.198	0.219	0.308	0.063	0.000	0.1730	0.3558	1.0000	0.9999	1.0000	0.1409	0.37	6.81	7.18	0.01	0.13	0.10	0.06	0.02	0.05	0.44	0.42	0.56	0.60	1.28	3.51	0.0002	0.0048	0.0020	0.0011	0.0000	0.0000	0.0071	0.0148	0.0114	0.0101	0.0032	0.0000	69.60	0.02
1991-12-06	Perennial Ryegrass	0.08	168.74	0.15	0.89	0.87	3.02	0	3	0.26	650.00	0.00	1.82	1.71	0.00	0.00	0.00	0.00	0.00	0.00	0.00	0.00	0.00	0.00	0.00	0.00	0.00	0.00	0.00	0.00	0.00	0.00	0.00	0.00	0.00	0.00	0.00	0.00	6.4	15.3	16.8	27.2	39.6	50.0	155.17	0.000	0.184	0.210	0.298	0.064	0.000	0.1626	0.3899	1.0000	0.9999	1.0000	0.1373	0.35	6.83	7.18	0.00	0.13	0.10	0.06	0.02	0.05	0.43	0.43	0.57	0.60	1.29	3.51	0.0000	0.0044	0.0020	0.0010	0.0000	0.0000	0.0045	0.0142	0.0112	0.0099	0.0032	0.0000	69.50	0.02
1991-12-07	Perennial Ryegrass	0.08	167.01	0.14	0.89	0.87	3.03	0	3	0.23	650.00	0.00	1.65	1.55	0.00	0.00	0.00	0.00	0.00	0.00	0.00	0.00	0.00	0.00	0.00	0.00	0.00	0.00	0.00	0.00	0.00	0.00	0.00	0.00	0.00	0.00	0.00	0.00	5.6	15.1	16.6	26.9	39.5	49.9	153.62	0.000	0.164	0.195	0.280	0.062	0.000	0.1524	0.3895	1.0000	0.9999	1.0000	0.1465	0.35	6.82	7.17	0.00	0.13	0.10	0.06	0.02	0.05	0.40	0.45	0.58	0.60	1.29	3.52	0.0000	0.0039	0.0018	0.0010	0.0000	0.0000	0.0027	0.0135	0.0107	0.0094	0.0031	0.0000	69.38	0.02
1991-12-08	Perennial Ryegrass	0.08	166.14	0.13	0.89	0.87	3.03	0	3	0.21	650.00	0.00	1.45	1.37	0.00	0.00	0.00	0.00	0.00	0.00	0.00	0.00	0.00	0.00	0.00	0.00	0.00	0.00	0.00	0.00	0.00	0.00	0.00	0.00	0.00	0.00	0.00	0.00	5.0	14.8	16.4	26.6	39.5	49.9	152.20	0.000	0.146	0.181	0.262	0.061	0.000	0.1394	0.2797	0.9460	1.0000	1.0000	0.1977	0.34	6.83	7.17	0.00	0.12	0.10	0.06	0.02	0.05	0.37	0.46	0.59	0.60	1.29	3.52	0.0000	0.0034	0.0017	0.0009	0.0000	0.0000	0.0018	0.0129	0.0102	0.0090	0.0031	0.0000	69.27	0.02
1991-12-09	Perennial Ryegrass	0.08	166.54	0.11	0.89	0.87	3.03	0	3	0.19	650.00	0.00	1.26	1.20	0.00	0.00	0.00	0.00	0.00	0.00	0.00	0.00	0.00	0.00	0.00	0.00	0.00	0.00	0.00	0.00	0.00	0.00	0.00	0.00	0.00	0.00	0.00	0.00	4.4	14.6	16.2	26.4	39.5	49.8	150.90	0.000	0.129	0.168	0.246	0.060	0.000	0.1258	0.2579	0.8903	1.0000	1.0000	0.2475	0.32	6.85	7.17	0.00	0.11	0.09	0.06	0.02	0.05	0.36	0.48	0.60	0.60	1.29	3.52	0.0000	0.0029	0.0015	0.0008	0.0000	0.0000	0.0012	0.0123	0.0098	0.0086	0.0030	0.0000	69.15	0.02
1991-12-10	Perennial Ryegrass	0.14	309.71	0.10	0.90	0.89	3.03	0	3	0.17	650.00	0.00	1.09	1.05	0.00	0.00	0.00	0.00	0.00	0.00	0.00	0.00	0.00	0.00	0.00	0.00	0.00	0.00	0.00	0.00	0.00	0.00	0.00	0.00	0.00	0.00	0.00	0.00	28.8	20.9	17.9	26.2	39.4	49.8	182.98	0.000	0.092	0.127	0.189	0.048	0.000	0.1137	0.7663	1.0000	1.0000	1.0000	0.2595	0.43	6.88	7.32	0.11	0.12	0.09	0.05	0.02	0.05	0.23	0.55	0.67	0.61	1.29	3.53	0.0003	0.0027	0.0013	0.0006	0.0000	0.0000	0.0005	0.0123	0.0091	0.0073	0.0027	0.0000	68.37	0.02
1991-12-11	Perennial Ryegrass	0.14	301.13	0.10	0.87	0.85	3.03	0	3	0.16	650.00	0.00	1.02	0.98	0.00	0.00	0.00	0.00	0.00	0.00	0.00	0.00	0.00	0.00	0.00	0.00	0.00	0.00	0.00	0.00	0.00	0.00	0.00	0.00	0.00	0.00	0.00	0.00	23.2	22.9	20.2	26.5	39.4	49.8	181.95	0.219	0.092	0.045	0.037	0.010	0.000	0.1026	1.0000	1.0000	1.0000	1.0000	0.4752	0.39	6.86	7.25	0.07	0.11	0.09	0.05	0.02	0.05	0.13	0.52	0.74	0.63	1.30	3.54	0.0705	0.0096	0.0013	0.0004	0.0000	0.0000	0.1167	0.0428	0.0095	0.0046	0.0018	0.0000	66.55	0.02
1991-12-12	Perennial Ryegrass	0.17	370.53	0.09	0.87	0.86	3.03	0	3	0.16	650.00	0.00	0.96	0.93	0.00	0.00	0.00	0.00	0.00	0.00	0.00	0.00	0.00	0.00	0.00	0.00	0.00	0.00	0.00	0.00	0.00	0.00	0.00	0.00	0.00	0.00	0.00	0.00	24.8	24.5	22.1	28.2	39.5	49.7	188.79	0.065	0.049	0.030	0.017	0.004	0.000	0.0981	1.0000	1.0000	1.0000	1.0000	0.9120	0.42	6.92	7.34	0.10	0.11	0.10	0.05	0.02	0.05	0.12	0.49	0.77	0.70	1.30	3.54	0.0112	0.0051	0.0008	0.0002	0.0000	0.0000	0.0139	0.0209	0.0059	0.0019	0.0007	0.0000	63.75	0.02
1991-12-13	Perennial Ryegrass	0.20	455.64	0.09	0.86	0.85	3.03	0	3	0.15	650.00	0.00	0.90	0.87	0.00	0.00	0.00	0.00	0.00	0.00	0.00	0.00	0.00	0.00	0.00	0.00	0.00	0.00	0.00	0.00	0.00	0.00	0.00	0.00	0.00	0.00	0.00	0.00	28.3	26.9	23.9	31.6	39.5	49.7	200.00	0.069	0.054	0.038	0.023	0.004	0.000	0.0944	1.0000	1.0000	0.9999	1.0000	1.0000	0.41	6.99	7.40	0.08	0.12	0.10	0.06	0.02	0.05	0.11	0.45	0.76	0.82	1.31	3.55	0.0018	0.0012	0.0002	0.0000	0.0000	0.0000	0.0024	0.0042	0.0015	0.0005	0.0001	0.0000	62.47	0.02
1991-12-14	Perennial Ryegrass	0.19	428.68	0.08	0.83	0.82	3.03	0	2	0.14	650.00	0.00	0.82	0.79	0.00	0.00	0.00	0.00	0.00	0.00	0.00	0.00	0.00	0.00	0.00	0.00	0.00	0.00	0.00	0.00	0.00	0.00	0.00	0.00	0.00	0.00	0.00	0.00	23.0	26.4	25.3	34.8	39.9	49.6	199.09	0.068	0.051	0.037	0.029	0.003	0.000	0.0902	0.5799	1.0000	0.9999	1.0000	0.9415	0.40	6.95	7.36	0.07	0.12	0.10	0.06	0.02	0.04	0.02	0.40	0.74	0.92	1.32	3.55	0.0034	0.0026	0.0004	0.0001	0.0000	0.0000	0.0012	0.0084	0.0030	0.0012	0.0002	0.0000	60.38	0.02
1991-12-15	Perennial Ryegrass	0.19	415.34	0.08	0.83	0.82	3.03	0	2	0.13	650.00	0.00	0.73	0.70	0.00	0.00	0.00	0.00	0.00	0.00	0.00	0.00	0.00	0.00	0.00	0.00	0.00	0.00	0.00	0.00	0.00	0.00	0.00	0.00	0.00	0.00	0.00	0.00	18.9	24.7	25.4	36.6	41.7	49.6	196.98	0.163	0.169	0.142	0.132	0.014	0.000	0.0842	0.8595	1.0000	0.9999	1.0000	0.3527	0.42	6.97	7.39	0.07	0.12	0.10	0.06	0.02	0.04	0.01	0.36	0.70	0.98	1.37	3.55	0.0024	0.0029	0.0006	0.0001	0.0000	0.0000	0.0004	0.0081	0.0044	0.0023	0.0002	0.0000	58.51	0.02
1991-12-16	Perennial Ryegrass	0.18	402.72	0.07	0.83	0.82	3.03	0	2	0.12	650.00	0.00	0.68	0.66	0.00	0.00	0.00	0.00	0.00	0.00	0.00	0.00	0.00	0.00	0.00	0.00	0.00	0.00	0.00	0.00	0.00	0.00	0.00	0.00	0.00	0.00	0.00	0.00	17.2	22.9	24.7	37.4	44.0	49.6	195.90	0.037	0.048	0.047	0.050	0.009	0.000	0.0771	0.4652	1.0000	0.9999	1.0000	0.9427	0.43	7.02	7.45	0.08	0.13	0.10	0.06	0.02	0.04	0.01	0.34	0.67	1.01	1.44	3.56	0.0006	0.0009	0.0002	0.0001	0.0000	0.0000	0.0001	0.0023	0.0016	0.0010	0.0001	0.0000	58.40	0.02
1991-12-17	Perennial Ryegrass	0.18	394.22	0.07	0.83	0.82	3.04	0	2	0.11	650.00	0.00	0.64	0.62	0.00	0.00	0.00	0.00	0.00	0.00	0.00	0.00	0.00	0.00	0.00	0.00	0.00	0.00	0.00	0.00	0.00	0.00	0.00	0.00	0.00	0.00	0.00	0.00	16.9	20.9	23.7	37.6	46.4	49.6	195.07	0.051	0.070	0.076	0.091	0.025	0.000	0.0725	1.0000	1.0000	0.9999	1.0000	0.4773	0.44	7.06	7.50	0.08	0.13	0.10	0.06	0.03	0.04	0.03	0.32	0.63	1.01	1.51	3.56	0.0022	0.0033	0.0011	0.0004	0.0000	0.0000	0.0008	0.0078	0.0066	0.0055	0.0008	0.0000	58.27	0.02
1991-12-18	Perennial Ryegrass	0.19	427.44	0.07	0.84	0.82	3.04	0	2	0.11	650.00	0.00	0.61	0.60	0.00	0.00	0.00	0.00	0.00	0.00	0.00	0.00	0.00	0.00	0.00	0.00	0.00	0.00	0.00	0.00	0.00	0.00	0.00	0.00	0.00	0.00	0.00	0.00	18.5	21.0	23.0	37.4	48.5	49.6	197.97	0.025	0.029	0.036	0.047	0.018	0.000	0.0692	1.0000	1.0000	0.9998	1.0000	0.5003	0.47	7.12	7.59	0.09	0.13	0.10	0.06	0.03	0.04	0.05	0.32	0.61	1.02	1.57	3.56	0.0006	0.0006	0.0002	0.0001	0.0000	0.0000	0.0003	0.0014	0.0014	0.0014	0.0003	0.0000	57.90	0.02
1991-12-19	Perennial Ryegrass	0.19	413.73	0.06	0.82	0.81	3.04	0	2	0.10	650.00	0.00	0.57	0.56	0.00	0.00	0.00	0.00	0.00	0.00	0.00	0.00	0.00	0.00	0.00	0.00	0.00	0.00	0.00	0.00	0.00	0.00	0.00	0.00	0.00	0.00	0.00	0.00	16.8	20.1	22.4	37.1	50.2	49.6	196.18	0.068	0.064	0.072	0.102	0.048	0.000	0.0668	0.4510	1.0000	0.9998	1.0000	0.5355	0.46	7.18	7.64	0.08	0.14	0.10	0.06	0.04	0.04	0.06	0.32	0.59	1.01	1.62	3.57	0.0028	0.0026	0.0009	0.0004	0.0000	0.0000	0.0021	0.0060	0.0050	0.0059	0.0014	0.0000	57.53	0.02
1991-12-20	Perennial Ryegrass	0.18	397.33	0.06	0.82	0.81	0.00	0	2	0.10	650.00	0.00	0.52	0.51	0.00	0.00	0.00	0.00	0.00	0.00	0.00	0.00	0.00	0.00	0.00	0.00	0.00	0.00	0.00	0.00	0.00	0.00	0.00	0.00	0.00	0.00	0.00	0.00	15.5	19.3	21.6	36.6	51.6	49.6	194.26	0.064	0.066	0.078	0.117	0.066	0.000	0.0635	0.4776	1.0000	0.9998	1.0000	0.5329	0.48	7.22	7.70	0.08	0.14	0.10	0.07	0.04	0.04	0.06	0.33	0.59	1.01	1.67	3.58	0.0000	0.0000	0.0000	0.0000	0.0000	0.0000	0.0000	0.0001	0.0001	0.0001	0.0000	0.0000	56.59	0.02
1991-12-21	Perennial Ryegrass	0.18	391.11	0.06	0.82	0.81	0.01	0	2	0.10	650.00	0.00	-6.29	4.71	0.00	0.00	0.00	0.00	0.00	0.00	0.00	0.00	0.00	0.00	0.00	0.00	0.00	0.00	0.00	0.00	0.00	0.00	0.00	0.00	0.00	0.00	0.00	0.00	15.5	18.9	21.0	36.2	52.7	49.7	194.02	0.000	0.000	0.000	0.000	0.000	0.000	0.0597	1.0000	0.0931	0.9998	0.0931	1.0000	0.50	7.28	7.78	0.09	0.15	0.10	0.07	0.05	0.04	0.05	0.35	0.59	1.01	1.70	3.59	0.0000	0.0000	0.0000	0.0000	0.0000	0.0000	0.0000	0.0000	0.0000	0.0000	0.0000	0.0000	56.49	0.02
1991-12-22	Perennial Ryegrass	0.17	374.11	0.06	0.82	0.81	0.01	0	2	0.09	650.00	0.00	-3.72	4.45	0.00	0.00	0.00	0.00	0.00	0.00	0.00	0.00	0.00	0.00	0.00	0.00	0.00	0.00	0.00	0.00	0.00	0.00	0.00	0.00	0.00	0.00	0.00	0.00	14.5	18.8	20.5	35.7	53.5	49.7	192.68	0.003	0.004	0.004	0.007	0.005	0.000	0.0595	1.0000	0.1811	0.9998	0.1811	1.0000	0.50	7.30	7.80	0.09	0.14	0.10	0.07	0.05	0.04	0.05	0.36	0.58	0.99	1.73	3.59	0.0080	0.0072	0.0023	0.0013	0.0002	0.0000	0.0043	0.0175	0.0124	0.0188	0.0070	0.0000	56.46	0.03
1991-12-23	Perennial Ryegrass	0.16	354.39	0.06	0.82	0.81	0.02	0	2	0.09	650.00	0.00	-2.08	4.75	0.00	0.00	0.00	0.00	0.00	0.00	0.00	0.00	0.00	0.00	0.00	0.00	0.00	0.00	0.00	0.00	0.00	0.00	0.00	0.00	0.00	0.00	0.00	0.00	13.5	18.7	20.2	35.3	53.9	49.8	191.43	0.006	0.007	0.008	0.015	0.011	0.000	0.0581	1.0000	0.2757	0.9999	0.2757	1.0000	0.52	7.36	7.88	0.11	0.14	0.10	0.07	0.05	0.04	0.06	0.39	0.59	0.98	1.74	3.61	0.0075	0.0068	0.0020	0.0012	0.0002	0.0000	0.0037	0.0177	0.0110	0.0174	0.0074	0.0000	56.24	0.03
1991-12-24	Perennial Ryegrass	0.16	337.74	0.06	0.82	0.81	0.02	0	2	0.09	650.00	0.00	-0.74	5.91	0.00	0.00	0.00	0.00	0.00	0.00	0.00	0.00	0.00	0.00	0.00	0.00	0.00	0.00	0.00	0.00	0.00	0.00	0.00	0.00	0.00	0.00	0.00	0.00	12.1	18.5	20.0	35.0	54.1	50.0	189.79	0.008	0.013	0.014	0.025	0.021	0.000	0.0565	1.0000	0.3804	0.9999	0.3804	1.0000	0.49	7.45	7.94	0.08	0.14	0.10	0.07	0.06	0.04	0.09	0.41	0.60	0.97	1.75	3.62	0.0043	0.0064	0.0018	0.0012	0.0003	0.0000	0.0045	0.0180	0.0104	0.0164	0.0078	0.0000	56.27	0.03
1991-12-25	Perennial Ryegrass	0.15	324.83	0.06	0.82	0.81	0.03	0	2	0.09	650.00	0.00	-0.42	6.11	0.00	0.00	0.00	0.00	0.00	0.00	0.00	0.00	0.00	0.00	0.00	0.00	0.00	0.00	0.00	0.00	0.00	0.00	0.00	0.00	0.00	0.00	0.00	0.00	10.6	18.4	20.0	34.7	54.1	50.2	187.93	0.008	0.021	0.023	0.041	0.035	0.000	0.0561	0.8825	0.4815	1.0000	0.4815	1.0000	0.44	7.53	7.97	0.03	0.14	0.10	0.07	0.06	0.04	0.09	0.45	0.63	0.96	1.76	3.64	0.0011	0.0061	0.0017	0.0011	0.0003	0.0000	0.0033	0.0186	0.0104	0.0158	0.0080	0.0000	56.32	0.03
1991-12-26	Perennial Ryegrass	0.15	314.99	0.06	0.82	0.81	0.03	0	2	0.09	650.00	0.00	-0.34	6.08	0.00	0.00	0.00	0.00	0.00	0.00	0.00	0.00	0.00	0.00	0.00	0.00	0.00	0.00	0.00	0.00	0.00	0.00	0.00	0.00	0.00	0.00	0.00	0.00	9.2	18.3	20.0	34.4	54.0	50.3	186.20	0.003	0.025	0.027	0.047	0.042	0.000	0.0557	0.8114	0.5726	1.0000	0.5726	1.0000	0.41	7.59	8.00	0.00	0.14	0.10	0.07	0.06	0.04	0.05	0.49	0.66	0.97	1.77	3.65	0.0000	0.0058	0.0017	0.0011	0.0003	0.0000	0.0012	0.0194	0.0107	0.0151	0.0080	0.0000	56.37	0.03
1991-12-27	Perennial Ryegrass	0.15	318.85	0.06	0.82	0.81	0.03	0	2	0.09	650.00	0.00	0.87	7.15	0.00	0.00	0.00	0.00	0.00	0.00	0.00	0.00	0.00	0.00	0.00	0.00	0.00	0.00	0.00	0.00	0.00	0.00	0.00	0.00	0.00	0.00	0.00	0.00	8.6	18.1	20.0	34.4	53.6	50.4	185.10	0.000	0.042	0.047	0.081	0.072	0.000	0.0562	0.8335	0.6674	1.0000	0.6674	0.9604	0.40	7.67	8.08	0.00	0.14	0.10	0.06	0.06	0.04	0.00	0.55	0.70	0.99	1.77	3.67	0.0000	0.0054	0.0017	0.0010	0.0003	0.0000	0.0000	0.0208	0.0115	0.0153	0.0085	0.0000	56.37	0.03
1991-12-28	Perennial Ryegrass	0.15	320.82	0.06	0.82	0.81	0.04	0	2	0.10	650.00	0.00	2.86	8.44	0.00	0.00	0.00	0.00	0.00	0.00	0.00	0.00	0.00	0.00	0.00	0.00	0.00	0.00	0.00	0.00	0.00	0.00	0.00	0.00	0.00	0.00	0.00	0.00	7.9	18.0	20.0	34.4	53.3	50.5	184.02	0.000	0.029	0.034	0.058	0.051	0.000	0.0572	1.0000	0.7370	1.0000	0.7370	0.8477	0.40	7.80	8.20	0.00	0.14	0.10	0.06	0.06	0.04	0.00	0.60	0.73	1.00	1.78	3.69	0.0000	0.0051	0.0016	0.0010	0.0003	0.0000	0.0000	0.0212	0.0115	0.0147	0.0077	0.0000	56.42	0.03
1991-12-29	Perennial Ryegrass	0.15	322.65	0.07	0.82	0.81	0.04	0	2	0.11	650.00	0.00	3.26	8.51	0.00	0.00	0.00	0.00	0.00	0.00	0.00	0.00	0.00	0.00	0.00	0.00	0.00	0.00	0.00	0.00	0.00	0.00	0.00	0.00	0.00	0.00	0.00	0.00	7.4	17.8	20.0	34.4	53.0	50.5	183.11	0.000	0.030	0.036	0.062	0.053	0.000	0.0628	1.0000	0.7861	1.0000	0.7861	0.8151	0.41	7.90	8.31	0.00	0.14	0.10	0.06	0.06	0.04	0.00	0.64	0.76	1.01	1.78	3.70	0.0000	0.0049	0.0016	0.0010	0.0003	0.0000	0.0000	0.0215	0.0118	0.0147	0.0074	0.0000	56.30	0.03
1991-12-30	Perennial Ryegrass	0.15	324.38	0.08	0.82	0.81	0.04	0	2	0.13	650.00	0.00	2.69	8.36	0.00	0.00	0.00	0.00	0.00	0.00	0.00	0.00	0.00	0.00	0.00	0.00	0.00	0.00	0.00	0.00	0.00	0.00	0.00	0.00	0.00	0.00	0.00	0.00	7.1	17.7	20.0	34.4	52.7	50.6	182.49	0.000	0.025	0.031	0.053	0.044	0.000	0.0704	1.0000	0.8225	1.0000	0.8225	0.8704	0.42	7.97	8.38	0.00	0.14	0.10	0.07	0.06	0.04	0.00	0.67	0.78	1.02	1.78	3.71	0.0000	0.0047	0.0015	0.0010	0.0003	0.0000	0.0000	0.0212	0.0118	0.0144	0.0070	0.0000	56.39	0.02
1991-12-31	Perennial Ryegrass	0.20	449.70	0.09	0.84	0.82	0.05	0	2	0.15	650.00	0.00	3.49	8.40	0.00	0.00	0.00	0.00	0.00	0.00	0.00	0.00	0.00	0.00	0.00	0.00	0.00	0.00	0.00	0.00	0.00	0.00	0.00	0.00	0.00	0.00	0.00	0.00	27.6	22.6	21.4	35.0	52.9	50.6	210.04	0.000	0.042	0.053	0.091	0.074	0.000	0.0803	1.0000	0.8538	1.0000	0.8538	0.7878	0.53	8.05	8.58	0.11	0.14	0.10	0.07	0.07	0.05	0.03	0.62	0.83	1.05	1.80	3.72	0.0009	0.0046	0.0016	0.0010	0.0003	0.0000	0.0002	0.0192	0.0127	0.0152	0.0075	0.0000	55.82	0.02
1992-01-01	Perennial Ryegrass	0.19	426.51	0.10	0.80	0.78	0.05	0	2	0.16	650.00	0.00	7.48	11.65	0.00	0.00	0.00	0.00	0.00	0.00	0.00	0.00	0.00	0.00	0.00	0.00	0.00	0.00	0.00	0.00	0.00	0.00	0.00	0.00	0.00	0.00	0.00	0.00	21.9	23.6	22.7	35.8	53.7	50.7	208.41	0.108	0.059	0.045	0.066	0.052	0.000	0.0899	0.6563	0.8872	1.0000	0.8872	0.7143	0.49	8.04	8.54	0.07	0.14	0.10	0.07	0.07	0.05	0.02	0.54	0.84	1.08	1.83	3.73	0.0344	0.0117	0.0020	0.0010	0.0003	0.0000	0.0077	0.0438	0.0163	0.0157	0.0071	0.0000	55.55	0.02
1992-01-02	Perennial Ryegrass	0.19	412.20	0.10	0.80	0.78	0.05	0	2	0.17	650.00	0.00	8.18	11.42	0.00	0.00	0.00	0.00	0.00	0.00	0.00	0.00	0.00	0.00	0.00	0.00	0.00	0.00	0.00	0.00	0.00	0.00	0.00	0.00	0.00	0.00	0.00	0.00	18.2	22.9	23.1	36.4	54.5	51.2	206.28	0.123	0.109	0.089	0.117	0.092	0.000	0.0975	0.6106	0.9112	1.0000	0.9112	0.5962	0.51	8.04	8.56	0.10	0.13	0.10	0.07	0.07	0.05	0.02	0.47	0.82	1.11	1.86	3.76	0.0193	0.0134	0.0026	0.0011	0.0003	0.0000	0.0044	0.0460	0.0207	0.0181	0.0084	0.0000	53.32	0.02
1992-01-03	Perennial Ryegrass	0.18	407.85	0.11	0.80	0.78	0.06	0	2	0.18	650.00	0.00	6.90	10.73	0.00	0.00	0.00	0.00	0.00	0.00	0.00	0.00	0.00	0.00	0.00	0.00	0.00	0.00	0.00	0.00	0.00	0.00	0.00	0.00	0.00	0.00	0.00	0.00	17.3	21.9	23.0	36.8	55.1	52.1	206.04	0.069	0.083	0.076	0.100	0.079	0.000	0.1042	0.5851	0.9304	1.0000	0.9304	0.6798	0.53	8.07	8.60	0.12	0.13	0.10	0.07	0.07	0.05	0.03	0.43	0.79	1.13	1.88	3.80	0.0125	0.0112	0.0027	0.0012	0.0003	0.0000	0.0033	0.0358	0.0209	0.0188	0.0084	0.0000	53.41	0.02
1992-01-04	Perennial Ryegrass	0.19	430.15	0.12	0.80	0.78	0.06	0	2	0.20	650.00	0.00	7.47	10.03	0.00	0.00	0.00	0.00	0.00	0.00	0.00	0.00	0.00	0.00	0.00	0.00	0.00	0.00	0.00	0.00	0.00	0.00	0.00	0.00	0.00	0.00	0.00	0.00	19.3	21.9	22.9	36.9	55.5	53.3	209.68	0.067	0.082	0.083	0.113	0.090	0.000	0.1120	1.0000	0.9423	1.0000	0.9423	0.5049	0.53	8.11	8.64	0.12	0.13	0.10	0.07	0.07	0.05	0.05	0.41	0.77	1.14	1.90	3.85	0.0106	0.0092	0.0026	0.0012	0.0003	0.0000	0.0039	0.0277	0.0196	0.0194	0.0090	0.0000	53.25	0.02
1992-01-05	Perennial Ryegrass	0.21	459.88	0.13	0.80	0.77	0.07	0	2	0.22	650.00	0.00	7.27	10.01	0.00	0.00	0.00	0.00	0.00	0.00	0.00	0.00	0.00	0.00	0.00	0.00	0.00	0.00	0.00	0.00	0.00	0.00	0.00	0.00	0.00	0.00	0.00	0.00	21.0	22.6	23.1	37.2	55.9	54.6	214.51	0.058	0.056	0.056	0.078	0.063	0.000	0.1220	0.6958	0.9517	1.0000	0.9517	0.5377	0.53	8.16	8.69	0.11	0.13	0.10	0.07	0.07	0.05	0.06	0.39	0.75	1.15	1.92	3.91	0.0139	0.0090	0.0025	0.0012	0.0003	0.0000	0.0071	0.0255	0.0180	0.0189	0.0085	0.0000	52.68	0.02
1992-01-06	Perennial Ryegrass	0.20	435.41	0.14	0.78	0.74	0.08	0	2	0.23	650.00	0.00	9.18	10.59	0.00	0.00	0.00	0.00	0.00	0.00	0.00	0.00	0.00	0.00	0.00	0.00	0.00	0.00	0.00	0.00	0.00	0.00	0.00	0.00	0.00	0.00	0.00	0.00	17.7	22.0	23.0	37.2	56.1	56.2	212.14	0.171	0.149	0.142	0.195	0.158	0.000	0.1309	0.6729	0.9600	1.0000	0.9600	0.3570	0.53	8.18	8.71	0.11	0.13	0.10	0.07	0.07	0.05	0.06	0.37	0.72	1.15	1.93	3.97	0.0184	0.0105	0.0028	0.0013	0.0004	0.0000	0.0088	0.0285	0.0198	0.0214	0.0110	0.0000	51.90	0.02
1992-01-07	Perennial Ryegrass	0.19	413.38	0.14	0.78	0.74	0.08	0	2	0.24	650.00	0.00	7.89	9.80	0.00	0.00	0.00	0.00	0.00	0.00	0.00	0.00	0.00	0.00	0.00	0.00	0.00	0.00	0.00	0.00	0.00	0.00	0.00	0.00	0.00	0.00	0.00	0.00	16.5	20.4	22.5	37.0	56.2	57.7	210.19	0.095	0.111	0.111	0.155	0.127	0.000	0.1373	0.5722	0.9666	1.0000	0.9666	0.4265	0.53	8.21	8.75	0.12	0.13	0.10	0.07	0.07	0.05	0.07	0.35	0.69	1.14	1.93	4.03	0.0110	0.0093	0.0026	0.0012	0.0004	0.0000	0.0067	0.0236	0.0179	0.0203	0.0103	0.0000	50.92	0.02
1992-01-08	Perennial Ryegrass	0.20	453.89	0.15	0.79	0.75	0.09	0	2	0.26	650.00	0.00	7.84	9.12	0.00	0.00	0.00	0.00	0.00	0.00	0.00	0.00	0.00	0.00	0.00	0.00	0.00	0.00	0.00	0.00	0.00	0.00	0.00	0.00	0.00	0.00	0.00	0.00	21.2	21.8	22.5	36.9	56.2	58.8	217.23	0.096	0.109	0.125	0.183	0.153	0.000	0.1440	1.0000	0.9720	1.0000	0.9720	0.3326	0.52	8.19	8.71	0.10	0.13	0.10	0.07	0.07	0.05	0.06	0.34	0.67	1.13	1.93	4.06	0.0077	0.0069	0.0025	0.0013	0.0004	0.0000	0.0044	0.0169	0.0161	0.0203	0.0109	0.0000	50.62	0.02
1992-01-09	Perennial Ryegrass	0.23	529.72	0.16	0.78	0.74	0.10	0	2	0.27	650.00	0.00	7.91	9.33	0.00	0.00	0.00	0.00	0.00	0.00	0.00	0.00	0.00	0.00	0.00	0.00	0.00	0.00	0.00	0.00	0.00	0.00	0.00	0.00	0.00	0.00	0.00	0.00	33.2	27.4	24.8	37.7	56.5	59.5	239.12	0.129	0.101	0.098	0.142	0.120	0.000	0.1521	1.0000	0.9759	0.9999	0.9759	0.3614	0.49	8.14	8.63	0.08	0.13	0.10	0.07	0.07	0.05	0.05	0.30	0.65	1.14	1.94	4.05	0.0121	0.0086	0.0023	0.0012	0.0004	0.0000	0.0074	0.0192	0.0151	0.0193	0.0100	0.0000	50.09	0.02
1992-01-10	Perennial Ryegrass	0.24	539.12	0.17	0.75	0.70	0.10	0	2	0.30	650.00	0.00	10.16	12.19	0.00	0.00	0.00	0.00	0.00	0.00	0.00	0.00	0.00	0.00	0.00	0.00	0.00	0.00	0.00	0.00	0.00	0.00	0.00	0.00	0.00	0.00	0.00	0.00	28.2	28.7	26.7	39.1	57.3	60.3	240.24	0.134	0.083	0.062	0.075	0.061	0.000	0.1611	1.0000	0.9795	0.9999	0.9795	0.5010	0.45	7.99	8.44	0.05	0.11	0.10	0.07	0.07	0.05	0.01	0.24	0.61	1.14	1.95	4.03	0.0448	0.0196	0.0032	0.0012	0.0003	0.0000	0.0089	0.0396	0.0194	0.0192	0.0089	0.0000	48.65	0.02
1992-01-11	Perennial Ryegrass	0.23	530.33	0.18	0.74	0.68	0.11	0	2	0.31	650.00	0.00	10.72	12.08	0.00	0.00	0.00	0.00	0.00	0.00	0.00	0.00	0.00	0.00	0.00	0.00	0.00	0.00	0.00	0.00	0.00	0.00	0.00	0.00	0.00	0.00	0.00	0.00	21.8	27.3	27.3	40.1	58.2	61.1	235.72	0.200	0.173	0.140	0.156	0.122	0.000	0.1742	0.4660	0.9829	0.9999	0.9829	0.4116	0.45	7.83	8.28	0.07	0.10	0.09	0.07	0.07	0.05	0.02	0.19	0.54	1.12	1.96	4.00	0.0316	0.0215	0.0043	0.0014	0.0004	0.0000	0.0063	0.0382	0.0244	0.0224	0.0107	0.0000	46.83	0.02
1992-01-12	Perennial Ryegrass	0.23	515.73	0.19	0.74	0.68	0.12	0	2	0.32	650.00	0.00	9.87	10.97	0.00	0.00	0.00	0.00	0.00	0.00	0.00	0.00	0.00	0.00	0.00	0.00	0.00	0.00	0.00	0.00	0.00	0.00	0.00	0.00	0.00	0.00	0.00	0.00	18.2	24.9	26.6	40.4	58.8	61.8	230.67	0.171	0.207	0.192	0.218	0.167	0.000	0.1813	0.5688	0.9860	0.9999	0.9860	0.3659	0.47	7.65	8.12	0.10	0.10	0.09	0.07	0.07	0.05	0.02	0.16	0.48	1.08	1.96	3.95	0.0170	0.0164	0.0047	0.0015	0.0004	0.0000	0.0036	0.0260	0.0239	0.0242	0.0121	0.0000	46.33	0.02
1992-01-13	Perennial Ryegrass	0.22	493.83	0.19	0.74	0.68	0.12	0	2	0.34	650.00	0.00	9.64	10.29	0.00	0.00	0.00	0.00	0.00	0.00	0.00	0.00	0.00	0.00	0.00	0.00	0.00	0.00	0.00	0.00	0.00	0.00	0.00	0.00	0.00	0.00	0.00	0.00	16.6	21.6	25.2	39.8	58.9	62.3	224.49	0.199	0.290	0.307	0.372	0.288	0.000	0.1885	0.5713	0.9886	1.0000	0.9886	0.2958	0.49	7.47	7.96	0.12	0.10	0.09	0.07	0.07	0.05	0.03	0.15	0.43	1.03	1.94	3.88	0.0119	0.0118	0.0044	0.0017	0.0006	0.0000	0.0029	0.0167	0.0209	0.0263	0.0155	0.0000	46.57	0.02
1992-01-14	Perennial Ryegrass	0.21	466.91	0.20	0.74	0.68	0.13	0	2	0.35	650.00	0.00	8.37	9.51	0.00	0.00	0.00	0.00	0.00	0.00	0.00	0.00	0.00	0.00	0.00	0.00	0.00	0.00	0.00	0.00	0.00	0.00	0.00	0.00	0.00	0.00	0.00	0.00	15.7	19.9	23.5	38.9	58.6	62.5	219.16	0.136	0.176	0.230	0.305	0.244	0.000	0.1944	0.4405	0.9907	1.0000	0.9907	0.3664	0.52	7.32	7.84	0.14	0.11	0.09	0.06	0.07	0.05	0.04	0.16	0.41	0.99	1.92	3.80	0.0102	0.0071	0.0035	0.0016	0.0005	0.0000	0.0030	0.0100	0.0154	0.0231	0.0141	0.0000	46.77	0.02
1992-01-15	Perennial Ryegrass	0.20	443.44	0.21	0.74	0.68	0.13	0	2	0.36	650.00	0.00	8.42	9.22	0.00	0.00	0.00	0.00	0.00	0.00	0.00	0.00	0.00	0.00	0.00	0.00	0.00	0.00	0.00	0.00	0.00	0.00	0.00	0.00	0.00	0.00	0.00	0.00	14.3	19.1	22.1	37.7	57.9	62.4	213.49	0.134	0.163	0.223	0.330	0.275	0.000	0.2001	0.5349	0.9924	1.0000	0.9924	0.3160	0.54	7.26	7.80	0.15	0.12	0.09	0.06	0.07	0.05	0.10	0.19	0.40	0.95	1.89	3.72	0.0097	0.0057	0.0027	0.0015	0.0005	0.0000	0.0060	0.0088	0.0119	0.0213	0.0146	0.0000	46.94	0.02
1992-01-16	Perennial Ryegrass	0.19	425.73	0.21	0.75	0.68	0.14	0	2	0.37	650.00	0.00	8.56	9.06	0.00	0.00	0.00	0.00	0.00	0.00	0.00	0.00	0.00	0.00	0.00	0.00	0.00	0.00	0.00	0.00	0.00	0.00	0.00	0.00	0.00	0.00	0.00	0.00	12.8	18.6	21.1	36.6	57.0	62.0	208.01	0.121	0.174	0.232	0.373	0.325	0.000	0.2059	0.6044	0.9938	1.0000	0.9938	0.2730	0.56	7.24	7.80	0.16	0.13	0.09	0.06	0.07	0.05	0.16	0.23	0.41	0.93	1.86	3.65	0.0080	0.0053	0.0023	0.0014	0.0006	0.0000	0.0076	0.0092	0.0103	0.0201	0.0155	0.0000	47.13	0.02
1992-01-17	Perennial Ryegrass	0.19	413.51	0.22	0.75	0.68	0.14	0	2	0.38	650.00	0.00	8.17	8.70	0.00	0.00	0.00	0.00	0.00	0.00	0.00	0.00	0.00	0.00	0.00	0.00	0.00	0.00	0.00	0.00	0.00	0.00	0.00	0.00	0.00	0.00	0.00	0.00	11.3	18.4	20.3	35.6	56.1	61.3	202.96	0.086	0.175	0.220	0.376	0.337	0.000	0.2116	0.5339	0.9948	1.0000	0.9948	0.2776	0.52	7.23	7.75	0.12	0.14	0.09	0.06	0.07	0.05	0.21	0.28	0.42	0.91	1.84	3.57	0.0043	0.0051	0.0021	0.0013	0.0006	0.0000	0.0071	0.0100	0.0092	0.0187	0.0155	0.0000	47.30	0.02
1992-01-18	Perennial Ryegrass	0.18	404.77	0.22	0.75	0.68	0.15	0	2	0.39	650.00	0.00	7.68	8.40	0.00	0.00	0.00	0.00	0.00	0.00	0.00	0.00	0.00	0.00	0.00	0.00	0.00	0.00	0.00	0.00	0.00	0.00	0.00	0.00	0.00	0.00	0.00	0.00	10.1	18.1	19.8	34.9	55.2	60.6	198.77	0.041	0.175	0.204	0.366	0.336	0.000	0.2170	0.4538	0.9956	1.0000	0.9956	0.3079	0.48	7.20	7.68	0.07	0.14	0.09	0.06	0.07	0.05	0.21	0.32	0.44	0.90	1.82	3.51	0.0016	0.0050	0.0019	0.0013	0.0006	0.0000	0.0047	0.0110	0.0086	0.0175	0.0152	0.0000	47.46	0.02
1992-01-19	Perennial Ryegrass	0.18	397.61	0.23	0.75	0.68	0.15	0	2	0.40	650.00	0.00	7.92	8.63	0.00	0.00	0.00	0.00	0.00	0.00	0.00	0.00	0.00	0.00	0.00	0.00	0.00	0.00	0.00	0.00	0.00	0.00	0.00	0.00	0.00	0.00	0.00	0.00	9.5	17.8	19.8	34.0	54.4	59.9	195.40	0.004	0.211	0.239	0.435	0.403	0.000	0.2222	0.4456	0.9965	1.0000	0.9965	0.3195	0.43	7.21	7.64	0.02	0.14	0.10	0.06	0.07	0.05	0.21	0.36	0.47	0.90	1.81	3.47	0.0003	0.0051	0.0020	0.0013	0.0006	0.0000	0.0031	0.0124	0.0096	0.0184	0.0176	0.0000	47.63	0.02
1992-01-20	Perennial Ryegrass	0.18	393.90	0.23	0.75	0.67	0.15	0	2	0.41	650.00	0.00	7.92	9.08	0.00	0.00	0.00	0.00	0.00	0.00	0.00	0.00	0.00	0.00	0.00	0.00	0.00	0.00	0.00	0.00	0.00	0.00	0.00	0.00	0.00	0.00	0.00	0.00	8.9	17.5	19.6	33.7	53.5	59.2	192.40	0.000	0.232	0.276	0.474	0.449	0.000	0.2274	0.3980	0.9972	1.0000	0.9972	0.4094	0.41	7.24	7.65	0.00	0.14	0.10	0.06	0.07	0.05	0.19	0.41	0.50	0.91	1.79	3.44	0.0000	0.0050	0.0021	0.0014	0.0007	0.0000	0.0027	0.0138	0.0112	0.0193	0.0197	0.0000	47.80	0.02
1992-01-21	Perennial Ryegrass	0.18	394.71	0.24	0.75	0.67	0.16	0	2	0.43	650.00	0.00	7.84	9.49	0.00	0.00	0.00	0.00	0.00	0.00	0.00	0.00	0.00	0.00	0.00	0.00	0.00	0.00	0.00	0.00	0.00	0.00	0.00	0.00	0.00	0.00	0.00	0.00	8.4	17.2	19.4	33.3	52.8	58.6	189.71	0.000	0.239	0.295	0.506	0.466	0.000	0.2331	0.3410	0.9979	1.0000	0.9979	0.5081	0.41	7.32	7.72	0.00	0.14	0.09	0.06	0.06	0.05	0.18	0.46	0.54	0.92	1.79	3.41	0.0000	0.0047	0.0022	0.0014	0.0008	0.0000	0.0021	0.0152	0.0125	0.0204	0.0211	0.0000	47.98	0.02
1992-01-22	Perennial Ryegrass	0.20	439.54	0.25	0.76	0.68	0.16	0	2	0.44	650.00	0.00	9.39	10.45	0.00	0.00	0.00	0.00	0.00	0.00	0.00	0.00	0.00	0.00	0.00	0.00	0.00	0.00	0.00	0.00	0.00	0.00	0.00	0.00	0.00	0.00	0.00	0.00	20.0	19.5	19.6	32.8	52.1	58.2	202.29	0.000	0.295	0.376	0.647	0.594	0.000	0.2391	0.4561	0.9984	1.0000	0.9984	0.4533	0.59	7.40	7.99	0.20	0.13	0.09	0.06	0.06	0.04	0.12	0.54	0.59	0.93	1.79	3.41	0.0020	0.0047	0.0025	0.0017	0.0010	0.0000	0.0012	0.0186	0.0169	0.0256	0.0299	0.0000	47.65	0.02
1992-01-23	Perennial Ryegrass	0.18	402.94	0.25	0.73	0.64	0.16	0	1	0.46	650.00	0.00	10.35	11.01	0.00	0.00	0.00	0.00	0.00	0.00	0.00	0.00	0.00	0.00	0.00	0.00	0.00	0.00	0.00	0.00	0.00	0.00	0.00	0.00	0.00	0.00	0.00	0.00	17.2	19.8	20.0	32.9	51.8	58.0	199.73	0.326	0.213	0.184	0.290	0.264	0.000	0.2461	0.5685	0.9988	1.0000	0.9988	0.4179	0.57	7.67	8.24	0.20	0.13	0.09	0.06	0.06	0.04	0.22	0.60	0.65	0.97	1.81	3.42	0.0244	0.0055	0.0015	0.0009	0.0004	0.0000	0.0257	0.0253	0.0113	0.0148	0.0124	0.0000	48.01	0.02
1992-01-24	Perennial Ryegrass	0.21	460.01	0.26	0.75	0.66	0.16	1	1	0.48	650.00	0.00	8.10	9.16	0.00	0.00	0.00	0.00	0.00	0.00	0.00	0.00	0.00	0.00	0.00	0.00	0.00	0.00	0.00	0.00	0.00	0.00	0.00	0.00	0.00	0.00	0.00	0.00	33.4	26.2	22.8	34.6	52.0	57.8	226.82	0.087	0.083	0.073	0.108	0.096	0.000	0.2542	1.0000	0.9990	1.0000	0.9990	0.4406	0.60	7.85	8.45	0.22	0.13	0.08	0.06	0.06	0.04	0.22	0.59	0.73	1.04	1.85	3.43	0.0164	0.0054	0.0012	0.0007	0.0002	0.0000	0.0151	0.0229	0.0099	0.0114	0.0069	0.0000	45.69	0.02
1992-01-25	Perennial Ryegrass	0.19	424.06	0.28	0.72	0.61	0.16	1	1	0.50	650.00	0.00	18.93	17.91	0.00	0.00	0.00	0.00	0.00	0.00	0.00	0.00	0.00	0.00	0.00	0.00	0.00	0.00	0.00	0.00	0.00	0.00	0.00	0.00	0.00	0.00	0.00	0.00	24.8	27.0	24.8	36.4	53.3	57.7	223.98	0.458	0.258	0.173	0.203	0.156	0.000	0.2649	0.5974	0.9992	1.0000	0.9992	0.3826	0.47	7.88	8.36	0.11	0.12	0.08	0.06	0.06	0.04	0.16	0.51	0.76	1.11	1.91	3.44	0.0795	0.0159	0.0021	0.0009	0.0003	0.0000	0.1093	0.0634	0.0186	0.0160	0.0090	0.0000	46.39	0.02
1992-01-26	Perennial Ryegrass	0.18	402.62	0.28	0.72	0.61	0.17	1	1	0.52	650.00	0.00	14.06	13.26	0.00	0.00	0.00	0.00	0.00	0.00	0.00	0.00	0.00	0.00	0.00	0.00	0.00	0.00	0.00	0.00	0.00	0.00	0.00	0.00	0.00	0.00	0.00	0.00	20.0	25.3	25.3	37.6	54.7	58.2	221.12	0.335	0.317	0.246	0.269	0.198	0.000	0.2756	0.6781	0.9993	1.0000	0.9993	0.2977	0.49	7.90	8.39	0.13	0.11	0.08	0.06	0.06	0.04	0.15	0.44	0.73	1.15	1.97	3.46	0.0312	0.0165	0.0029	0.0011	0.0004	0.0000	0.0335	0.0623	0.0253	0.0201	0.0110	0.0000	44.67	0.02
1992-01-27	Perennial Ryegrass	0.17	378.43	0.29	0.72	0.61	0.18	1	1	0.53	650.00	0.00	12.60	11.86	0.00	0.00	0.00	0.00	0.00	0.00	0.00	0.00	0.00	0.00	0.00	0.00	0.00	0.00	0.00	0.00	0.00	0.00	0.00	0.00	0.00	0.00	0.00	0.00	16.7	23.1	24.6	37.9	55.7	58.9	216.93	0.307	0.380	0.348	0.398	0.294	0.000	0.2843	0.5316	0.9994	1.0000	0.9994	0.2764	0.50	7.88	8.37	0.14	0.11	0.08	0.06	0.06	0.05	0.17	0.39	0.69	1.15	2.00	3.49	0.0171	0.0126	0.0033	0.0013	0.0005	0.0000	0.0197	0.0436	0.0274	0.0248	0.0149	0.0000	45.00	0.02
1992-01-28	Perennial Ryegrass	0.16	357.77	0.30	0.72	0.61	0.18	1	1	0.55	650.00	0.00	11.65	10.97	0.00	0.00	0.00	0.00	0.00	0.00	0.00	0.00	0.00	0.00	0.00	0.00	0.00	0.00	0.00	0.00	0.00	0.00	0.00	0.00	0.00	0.00	0.00	0.00	15.6	20.5	23.4	37.6	56.0	59.5	212.59	0.257	0.388	0.410	0.509	0.388	0.000	0.2907	0.5359	0.9995	1.0000	0.9995	0.2686	0.52	7.85	8.36	0.15	0.11	0.08	0.06	0.06	0.05	0.21	0.36	0.64	1.13	2.01	3.49	0.0115	0.0092	0.0033	0.0015	0.0006	0.0000	0.0153	0.0285	0.0251	0.0277	0.0188	0.0000	45.26	0.02
1992-01-29	Perennial Ryegrass	0.16	346.21	0.30	0.73	0.61	0.19	1	1	0.56	650.00	0.00	10.18	9.59	0.00	0.00	0.00	0.00	0.00	0.00	0.00	0.00	0.00	0.00	0.00	0.00	0.00	0.00	0.00	0.00	0.00	0.00	0.00	0.00	0.00	0.00	0.00	0.00	14.3	19.3	22.1	36.9	56.0	59.8	208.54	0.158	0.209	0.263	0.362	0.289	0.000	0.2968	0.5488	0.9996	1.0000	0.9996	0.2430	0.58	7.86	8.44	0.21	0.12	0.08	0.06	0.06	0.05	0.27	0.36	0.62	1.11	2.01	3.48	0.0121	0.0059	0.0025	0.0013	0.0005	0.0000	0.0156	0.0173	0.0180	0.0231	0.0150	0.0000	45.48	0.02
1992-01-30	Perennial Ryegrass	0.15	334.57	0.31	0.73	0.61	0.20	1	1	0.57	650.00	0.00	9.42	9.33	0.00	0.00	0.00	0.00	0.00	0.00	0.00	0.00	0.00	0.00	0.00	0.00	0.00	0.00	0.00	0.00	0.00	0.00	0.00	0.00	0.00	0.00	0.00	0.00	12.8	18.7	21.1	36.1	55.7	59.9	204.41	0.125	0.185	0.237	0.361	0.301	0.000	0.3024	0.3984	0.9997	1.0000	0.9997	0.3208	0.60	7.89	8.49	0.22	0.12	0.09	0.06	0.06	0.05	0.34	0.38	0.61	1.09	2.00	3.47	0.0101	0.0050	0.0021	0.0012	0.0005	0.0000	0.0150	0.0148	0.0148	0.0219	0.0154	0.0000	45.69	0.02
1992-01-31	Perennial Ryegrass	0.16	338.75	0.31	0.73	0.61	0.20	1	1	0.59	650.00	0.00	10.16	9.84	0.00	0.00	0.00	0.00	0.00	0.00	0.00	0.00	0.00	0.00	0.00	0.00	0.00	0.00	0.00	0.00	0.00	0.00	0.00	0.00	0.00	0.00	0.00	0.00	16.5	18.8	20.4	35.3	55.1	59.8	205.83	0.127	0.260	0.322	0.530	0.459	0.000	0.3077	0.4817	0.9997	1.0000	0.9997	0.3131	0.58	7.92	8.51	0.20	0.13	0.09	0.06	0.06	0.05	0.39	0.41	0.61	1.08	1.98	3.44	0.0070	0.0051	0.0023	0.0015	0.0007	0.0000	0.0135	0.0160	0.0157	0.0253	0.0217	0.0000	45.63	0.02
1992-02-01	Perennial Ryegrass	0.14	310.25	0.32	0.72	0.59	0.20	1	1	0.60	650.00	0.00	10.92	10.40	0.00	0.00	0.00	0.00	0.00	0.00	0.00	0.00	0.00	0.00	0.00	0.00	0.00	0.00	0.00	0.00	0.00	0.00	0.00	0.00	0.00	0.00	0.00	0.00	15.2	18.5	19.9	34.6	54.5	59.4	202.15	0.248	0.220	0.246	0.417	0.373	0.000	0.3136	0.6597	0.9998	1.0000	0.9998	0.3103	0.57	7.97	8.54	0.18	0.13	0.09	0.06	0.07	0.05	0.44	0.45	0.62	1.07	1.98	3.42	0.0128	0.0050	0.0019	0.0012	0.0006	0.0000	0.0302	0.0165	0.0131	0.0214	0.0179	0.0000	45.97	0.02
1992-02-02	Perennial Ryegrass	0.13	286.72	0.33	0.72	0.59	0.20	1	1	0.62	650.00	0.00	11.21	10.71	0.00	0.00	0.00	0.00	0.00	0.00	0.00	0.00	0.00	0.00	0.00	0.00	0.00	0.00	0.00	0.00	0.00	0.00	0.00	0.00	0.00	0.00	0.00	0.00	13.6	18.1	19.7	33.9	53.9	59.0	198.17	0.243	0.254	0.275	0.484	0.438	0.000	0.3208	0.5049	0.9998	1.0000	0.9998	0.3354	0.59	8.05	8.63	0.19	0.13	0.09	0.06	0.07	0.05	0.50	0.48	0.64	1.06	1.97	3.40	0.0114	0.0051	0.0020	0.0013	0.0007	0.0000	0.0283	0.0175	0.0141	0.0228	0.0210	0.0000	45.33	0.02
1992-02-03	Perennial Ryegrass	0.12	266.80	0.33	0.73	0.59	0.21	1	1	0.63	650.00	0.00	11.02	10.40	0.00	0.00	0.00	0.00	0.00	0.00	0.00	0.00	0.00	0.00	0.00	0.00	0.00	0.00	0.00	0.00	0.00	0.00	0.00	0.00	0.00	0.00	0.00	0.00	12.3	17.8	19.5	33.6	53.3	58.5	194.90	0.177	0.252	0.284	0.485	0.450	0.000	0.3271	0.6722	0.9999	1.0000	0.9999	0.3167	0.57	8.16	8.73	0.18	0.13	0.09	0.06	0.07	0.05	0.56	0.52	0.67	1.07	1.96	3.39	0.0075	0.0048	0.0020	0.0013	0.0007	0.0000	0.0232	0.0180	0.0149	0.0227	0.0219	0.0000	45.54	0.02
