Date	species	surfaceom_cover	surfaceom_wt	cover_green	cover_tot	residue_cover	phenology	gai	dai	lai	rtdep	stress_index	npp	growth	incorp_rate[1][1]	incorp_rate[1][2]	incorp_rate[1][3]	incorp_rate[1][4]	incorp_rate[1][5]	incorp_rate[1][6]	incorp_rate[1][7]	incorp_rate[1][8]	incorp_rate[1][9]	incorp_rate[1][10]	incorp_rate[1][11]	incorp_rate[1][12]	incorp_rate[2][1]	incorp_rate[2][2]	incorp_rate[2][3]	incorp_rate[2][4]	incorp_rate[2][5]	incorp_rate[2][6]	incorp_rate[2][7]	incorp_rate[2][8]	incorp_rate[2][9]	incorp_rate[2][10]	incorp_rate[2][11]	incorp_rate[2][12]	sw_dep[1]	sw_dep[2]	sw_dep[3]	sw_dep[4]	sw_dep[5]	sw_dep[6]	total_soil_water	sw_uptake[1]	sw_uptake[2]	sw_uptake[3]	sw_uptake[4]	sw_uptake[5]	sw_uptake[6]	glf_gai	glf_vpd	glf_sm	glf_tmp	glf_wl	glf_nitr	total_nh4	total_no3	total_n	nh4[1]	nh4[2]	nh4[3]	nh4[4]	nh4[5]	nh4[6]	no3[1]	no3[2]	no3[3]	no3[4]	no3[5]	no3[6]	uptake_nh4[1]	uptake_nh4[2]	uptake_nh4[3]	uptake_nh4[4]	uptake_nh4[5]	uptake_nh4[6]	uptake_no3[1]	uptake_no3[2]	uptake_no3[3]	uptake_no3[4]	uptake_no3[5]	uptake_no3[6]	height	farm.pasture01.ryegrass.green_n
		m^2/m^2	kg/ha	m^2/m^2	m^2/m^2	m^2/m^2	-	m^2/m^2	m^2/m^2	m^2/m^2	mm	-	kg/ha/d	kg/ha/d	kg/ha/d	kg/ha/d	kg/ha/d	kg/ha/d	kg/ha/d	kg/ha/d	kg/ha/d	kg/ha/d	kg/ha/d	kg/ha/d	kg/ha/d	kg/ha/d	kg/ha/d	kg/ha/d	kg/ha/d	kg/ha/d	kg/ha/d	kg/ha/d	kg/ha/d	kg/ha/d	kg/ha/d	kg/ha/d	kg/ha/d	kg/ha/d	mm	mm	mm	mm	mm	mm	mm	mm	mm	mm	mm	mm	mm	-	-	-	-	-	-	kg/ha	kg/ha	kg/ha	kg/ha	kg/ha	kg/ha	kg/ha	kg/ha	kg/ha	kg/ha	kg/ha	kg/ha	kg/ha	kg/ha	kg/ha	kg/ha/d	kg/ha/d	kg/ha/d	kg/ha/d	kg/ha/d	kg/ha/d	kg/ha/d	kg/ha/d	kg/ha/d	kg/ha/d	kg/ha/d	kg/ha/d	mm	g/g
1990-08-01	Perennial Ryegrass	0.03	66.84	0.96	1.00	0.91	1.00	4	3	3.43	650.00	0.00	-4.65	0.00	0.00	0.00	0.00	0.00	0.00	0.00	0.00	0.00	0.00	0.00	0.00	0.00	0.00	0.00	0.00	0.00	0.00	0.00	0.00	0.00	0.00	0.00	0.00	0.00	21.1	20.6	20.5	34.4	53.8	58.0	208.47	0.237	0.203	0.203	0.349	0.310	0.000	0.9579	1.0000	1.0000	0.1765	1.0000	1.0000	0.00	64.78	64.78	0.00	0.00	0.00	0.00	0.00	0.00	27.82	17.21	6.53	4.38	4.33	4.50	0.0000	0.0000	0.0000	0.0000	0.0000	0.0000	4.2974	0.6982	0.1322	0.0917	0.0370	0.0000	107.86	0.02
1990-08-02	Perennial Ryegrass	0.07	149.40	0.96	1.00	0.90	1.00	4	3	3.44	650.00	0.00	6.31	3.84	0.00	0.00	0.00	0.00	0.00	0.00	0.00	0.00	0.00	0.00	0.00	0.00	0.00	0.00	0.00	0.00	0.00	0.00	0.00	0.00	0.00	0.00	0.00	0.00	25.7	23.3	21.9	34.8	53.8	58.1	217.58	0.574	0.392	0.336	0.529	0.467	0.000	0.9575	1.0000	1.0000	0.2188	1.0000	1.0000	0.00	57.59	57.59	0.00	0.00	0.00	0.00	0.00	0.00	16.85	18.76	8.37	4.75	4.34	4.51	0.0000	0.0000	0.0000	0.0000	0.0000	0.0000	5.5252	1.1224	0.2293	0.1212	0.0509	0.0000	105.99	0.03
1990-08-03	Perennial Ryegrass	0.07	148.71	0.96	0.99	0.88	1.00	4	3	3.46	650.00	0.00	19.76	12.05	0.00	0.00	0.00	0.00	0.00	0.00	0.00	0.00	0.00	0.00	0.00	0.00	0.00	0.00	0.00	0.00	0.00	0.00	0.00	0.00	0.00	0.00	0.00	0.00	21.6	23.5	22.8	35.6	54.2	58.2	216.00	0.382	0.252	0.192	0.257	0.219	0.000	0.9577	1.0000	1.0000	0.3418	1.0000	1.0000	0.00	52.36	52.36	0.00	0.00	0.00	0.00	0.00	0.00	10.62	17.60	9.80	5.40	4.44	4.52	0.0000	0.0000	0.0000	0.0000	0.0000	0.0000	3.8430	0.9483	0.1552	0.0666	0.0200	0.0000	103.85	0.03
1990-08-04	Perennial Ryegrass	0.09	197.01	0.96	1.00	0.88	1.00	4	3	3.48	650.00	0.00	18.86	11.55	0.00	0.00	0.00	0.00	0.00	0.00	0.00	0.00	0.00	0.00	0.00	0.00	0.00	0.00	0.00	0.00	0.00	0.00	0.00	0.00	0.00	0.00	0.00	0.00	22.7	23.9	23.5	36.4	54.8	58.5	219.79	0.295	0.266	0.223	0.285	0.234	0.000	0.9583	1.0000	1.0000	0.3684	1.0000	1.0000	0.00	52.12	52.12	0.00	0.00	0.00	0.00	0.00	0.00	8.93	16.74	10.99	6.29	4.62	4.54	0.0000	0.0000	0.0000	0.0000	0.0000	0.0000	0.0000	0.0000	0.0000	0.0000	0.0000	0.0000	103.93	0.03
1990-08-05	Perennial Ryegrass	0.11	241.82	0.96	0.99	0.87	1.00	4	3	3.50	650.00	0.00	18.16	11.15	0.00	0.00	0.00	0.00	0.00	0.00	0.00	0.00	0.00	0.00	0.00	0.00	0.00	0.00	0.00	0.00	0.00	0.00	0.00	0.00	0.00	0.00	0.00	0.00	23.2	24.4	24.2	37.2	55.4	59.0	223.35	0.249	0.215	0.188	0.234	0.188	0.000	0.9588	1.0000	1.0000	0.3836	1.0000	1.0000	0.00	51.80	51.80	0.00	0.00	0.00	0.00	0.00	0.00	7.42	15.67	11.91	7.32	4.90	4.58	0.0000	0.0000	0.0000	0.0000	0.0000	0.0000	0.0000	0.0000	0.0000	0.0000	0.0000	0.0000	102.76	0.03
1990-08-06	Perennial Ryegrass	0.11	243.63	0.96	0.99	0.86	1.00	4	3	3.52	650.00	0.00	23.40	14.42	0.00	0.00	0.00	0.00	0.00	0.00	0.00	0.00	0.00	0.00	0.00	0.00	0.00	0.00	0.00	0.00	0.00	0.00	0.00	0.00	0.00	0.00	0.00	0.00	20.1	23.4	24.1	37.4	55.9	59.5	220.40	0.442	0.382	0.341	0.420	0.333	0.000	0.9593	1.0000	1.0000	0.3765	1.0000	1.0000	0.00	51.46	51.46	0.00	0.00	0.00	0.00	0.00	0.00	6.53	14.46	12.31	8.29	5.24	4.64	0.0000	0.0000	0.0000	0.0000	0.0000	0.0000	0.0000	0.0000	0.0000	0.0000	0.0000	0.0000	101.73	0.03
1990-08-07	Perennial Ryegrass	0.11	243.63	0.96	0.99	0.86	1.00	4	3	3.53	650.00	0.00	17.28	10.69	0.00	0.00	0.00	0.00	0.00	0.00	0.00	0.00	0.00	0.00	0.00	0.00	0.00	0.00	0.00	0.00	0.00	0.00	0.00	0.00	0.00	0.00	0.00	0.00	18.4	22.3	23.7	37.6	56.3	59.8	218.17	0.116	0.119	0.115	0.147	0.117	0.000	0.9599	0.5452	1.0000	0.3849	1.0000	1.0000	0.00	50.51	50.51	0.00	0.00	0.00	0.00	0.00	0.00	5.78	13.21	12.22	9.01	5.59	4.69	0.0000	0.0000	0.0000	0.0000	0.0000	0.0000	0.2642	0.2215	0.0801	0.0395	0.0072	0.0000	101.84	0.03
1990-08-08	Perennial Ryegrass	0.11	243.88	0.96	0.99	0.86	1.00	4	3	3.54	650.00	0.00	11.14	6.91	0.00	0.00	0.00	0.00	0.00	0.00	0.00	0.00	0.00	0.00	0.00	0.00	0.00	0.00	0.00	0.00	0.00	0.00	0.00	0.00	0.00	0.00	0.00	0.00	17.5	21.1	23.0	37.4	56.5	60.2	215.64	0.152	0.168	0.176	0.235	0.190	0.000	0.9600	1.0000	1.0000	0.3689	1.0000	1.0000	0.00	50.20	50.20	0.00	0.00	0.00	0.00	0.00	0.00	5.55	12.43	11.99	9.54	5.92	4.76	0.0000	0.0000	0.0000	0.0000	0.0000	0.0000	0.0005	0.0005	0.0002	0.0001	0.0000	0.0000	101.94	0.03
1990-08-09	Perennial Ryegrass	0.12	261.74	0.96	0.99	0.86	1.00	4	3	3.57	650.00	0.00	28.16	17.51	0.00	0.00	0.00	0.00	0.00	0.00	0.00	0.00	0.00	0.00	0.00	0.00	0.00	0.00	0.00	0.00	0.00	0.00	0.00	0.00	0.00	0.00	0.00	0.00	17.9	20.6	22.2	36.8	56.2	60.3	214.09	0.265	0.287	0.316	0.450	0.372	0.000	0.9603	1.0000	1.0000	0.3782	1.0000	1.0000	0.00	49.03	49.03	0.00	0.00	0.00	0.00	0.00	0.00	4.90	11.67	11.64	9.81	6.19	4.82	0.0000	0.0000	0.0000	0.0000	0.0000	0.0000	0.3051	0.2805	0.1492	0.1023	0.0237	0.0000	102.35	0.03
1990-08-10	Perennial Ryegrass	0.12	262.18	0.96	0.99	0.85	1.00	4	3	3.59	650.00	0.00	23.99	14.98	0.00	0.00	0.00	0.00	0.00	0.00	0.00	0.00	0.00	0.00	0.00	0.00	0.00	0.00	0.00	0.00	0.00	0.00	0.00	0.00	0.00	0.00	0.00	0.00	17.0	19.9	21.5	36.2	55.8	60.3	210.85	0.250	0.239	0.258	0.386	0.327	0.000	0.9609	1.0000	1.0000	0.3476	1.0000	1.0000	0.00	48.37	48.37	0.00	0.00	0.00	0.00	0.00	0.00	4.61	11.17	11.36	9.99	6.39	4.85	0.0000	0.0000	0.0000	0.0000	0.0000	0.0000	0.1481	0.1194	0.0623	0.0476	0.0112	0.0000	102.17	0.03
1990-08-11	Perennial Ryegrass	0.12	263.32	0.96	0.99	0.85	1.00	4	3	3.60	650.00	0.00	25.68	16.09	0.00	0.00	0.00	0.00	0.00	0.00	0.00	0.00	0.00	0.00	0.00	0.00	0.00	0.00	0.00	0.00	0.00	0.00	0.00	0.00	0.00	0.00	0.00	0.00	16.7	19.1	20.9	35.6	55.4	60.0	207.81	0.224	0.221	0.240	0.374	0.324	0.000	0.9613	1.0000	1.0000	0.3204	1.0000	1.0000	0.00	47.32	47.32	0.00	0.00	0.00	0.00	0.00	0.00	4.40	10.55	11.01	9.99	6.50	4.87	0.0000	0.0000	0.0000	0.0000	0.0000	0.0000	0.3005	0.2400	0.1288	0.1078	0.0264	0.0000	102.53	0.03
1990-08-12	Perennial Ryegrass	0.13	284.14	0.96	0.99	0.85	1.00	4	3	3.62	650.00	0.00	24.31	15.31	0.00	0.00	0.00	0.00	0.00	0.00	0.00	0.00	0.00	0.00	0.00	0.00	0.00	0.00	0.00	0.00	0.00	0.00	0.00	0.00	0.00	0.00	0.00	0.00	17.7	19.3	20.5	35.0	54.8	59.7	206.99	0.291	0.264	0.299	0.486	0.429	0.000	0.9612	1.0000	1.0000	0.3378	1.0000	1.0000	0.00	46.77	46.77	0.00	0.00	0.00	0.00	0.00	0.00	4.04	10.41	10.86	10.01	6.57	4.87	0.0000	0.0000	0.0000	0.0000	0.0000	0.0000	0.1111	0.0907	0.0546	0.0486	0.0132	0.0000	102.88	0.03
1990-08-13	Perennial Ryegrass	0.13	285.33	0.96	0.99	0.85	1.00	4	3	3.64	650.00	0.00	20.03	12.65	0.00	0.00	0.00	0.00	0.00	0.00	0.00	0.00	0.00	0.00	0.00	0.00	0.00	0.00	0.00	0.00	0.00	0.00	0.00	0.00	0.00	0.00	0.00	0.00	17.0	19.2	20.2	34.6	54.4	59.3	204.75	0.247	0.203	0.208	0.343	0.308	0.000	0.9617	1.0000	1.0000	0.3302	1.0000	1.0000	0.00	45.87	45.87	0.00	0.00	0.00	0.00	0.00	0.00	3.64	10.11	10.72	9.97	6.58	4.85	0.0000	0.0000	0.0000	0.0000	0.0000	0.0000	0.2766	0.2038	0.1038	0.0960	0.0247	0.0000	102.54	0.03
1990-08-14	Perennial Ryegrass	0.13	289.68	0.96	0.99	0.85	1.01	4	3	3.67	650.00	0.00	35.80	22.67	0.00	0.00	0.00	0.00	0.00	0.00	0.00	0.00	0.00	0.00	0.00	0.00	0.00	0.00	0.00	0.00	0.00	0.00	0.00	0.00	0.00	0.00	0.00	0.00	16.7	19.0	20.0	34.3	53.9	58.9	202.83	0.276	0.243	0.245	0.408	0.367	0.000	0.9621	1.0000	1.0000	0.3553	1.0000	1.0000	0.00	45.09	45.09	0.00	0.00	0.00	0.00	0.00	0.00	3.35	9.84	10.60	9.92	6.56	4.82	0.0000	0.0000	0.0000	0.0000	0.0000	0.0000	0.2042	0.1791	0.0945	0.0883	0.0239	0.0000	103.03	0.03
1990-08-15	Perennial Ryegrass	0.14	303.64	0.96	0.99	0.85	1.01	4	3	3.69	650.00	0.00	13.91	8.85	0.00	0.00	0.00	0.00	0.00	0.00	0.00	0.00	0.00	0.00	0.00	0.00	0.00	0.00	0.00	0.00	0.00	0.00	0.00	0.00	0.00	0.00	0.00	0.00	17.4	19.1	19.9	34.2	53.6	58.4	202.63	0.218	0.195	0.195	0.328	0.296	0.000	0.9627	1.0000	1.0000	0.3441	1.0000	1.0000	0.00	44.40	44.40	0.00	0.00	0.00	0.00	0.00	0.00	3.03	9.62	10.55	9.89	6.53	4.78	0.0000	0.0000	0.0000	0.0000	0.0000	0.0000	0.1796	0.1694	0.0864	0.0821	0.0212	0.0000	103.03	0.03
1990-08-16	Perennial Ryegrass	0.14	303.32	0.96	0.99	0.84	1.01	4	3	3.71	650.00	0.00	33.59	21.39	0.00	0.00	0.00	0.00	0.00	0.00	0.00	0.00	0.00	0.00	0.00	0.00	0.00	0.00	0.00	0.00	0.00	0.00	0.00	0.00	0.00	0.00	0.00	0.00	16.7	18.8	19.8	34.1	53.1	58.1	200.71	0.266	0.221	0.215	0.362	0.323	0.000	0.9631	0.9540	1.0000	0.3576	1.0000	1.0000	0.00	43.67	43.67	0.00	0.00	0.00	0.00	0.00	0.00	2.83	9.30	10.48	9.83	6.47	4.75	0.0000	0.0000	0.0000	0.0000	0.0000	0.0000	0.1993	0.1793	0.0923	0.0878	0.0229	0.0000	103.14	0.03
1990-08-17	Perennial Ryegrass	0.14	304.14	0.96	0.99	0.84	1.01	4	3	3.72	650.00	0.00	32.62	20.86	0.00	0.00	0.00	0.00	0.00	0.00	0.00	0.00	0.00	0.00	0.00	0.00	0.00	0.00	0.00	0.00	0.00	0.00	0.00	0.00	0.00	0.00	0.00	0.00	16.3	18.5	19.8	33.9	52.7	57.9	199.13	0.211	0.181	0.182	0.312	0.271	0.000	0.9634	0.8983	1.0000	0.3438	1.0000	1.0000	0.00	42.50	42.50	0.00	0.00	0.00	0.00	0.00	0.00	2.54	8.89	10.31	9.62	6.40	4.74	0.0000	0.0000	0.0000	0.0000	0.0000	0.0000	0.3441	0.3244	0.1716	0.1663	0.0410	0.0000	103.65	0.03
1990-08-18	Perennial Ryegrass	0.14	304.72	0.96	0.99	0.84	1.01	4	3	3.74	650.00	0.00	29.44	18.91	0.00	0.00	0.00	0.00	0.00	0.00	0.00	0.00	0.00	0.00	0.00	0.00	0.00	0.00	0.00	0.00	0.00	0.00	0.00	0.00	0.00	0.00	0.00	0.00	15.8	18.2	19.7	33.5	52.3	57.8	197.25	0.259	0.226	0.237	0.399	0.345	0.000	0.9635	0.7880	1.0000	0.3435	1.0000	1.0000	0.00	41.92	41.92	0.00	0.00	0.00	0.00	0.00	0.00	2.45	8.68	10.21	9.50	6.36	4.73	0.0000	0.0000	0.0000	0.0000	0.0000	0.0000	0.1306	0.1369	0.0819	0.0772	0.0203	0.0000	104.12	0.03
1990-08-19	Perennial Ryegrass	0.15	326.10	0.96	0.99	0.84	1.01	4	3	3.76	650.00	0.00	25.87	16.67	0.00	0.00	0.00	0.00	0.00	0.00	0.00	0.00	0.00	0.00	0.00	0.00	0.00	0.00	0.00	0.00	0.00	0.00	0.00	0.00	0.00	0.00	0.00	0.00	17.1	18.5	19.6	33.2	51.9	57.7	197.96	0.209	0.187	0.204	0.340	0.293	0.000	0.9638	0.8328	1.0000	0.3244	1.0000	1.0000	0.00	40.87	40.87	0.00	0.00	0.00	0.00	0.00	0.00	2.10	8.44	10.03	9.30	6.29	4.71	0.0000	0.0000	0.0000	0.0000	0.0000	0.0000	0.2561	0.2940	0.1778	0.1661	0.0424	0.0000	104.52	0.03
1990-08-20	Perennial Ryegrass	0.16	343.71	0.96	0.99	0.84	1.01	4	3	3.77	650.00	0.00	12.05	7.79	0.00	0.00	0.00	0.00	0.00	0.00	0.00	0.00	0.00	0.00	0.00	0.00	0.00	0.00	0.00	0.00	0.00	0.00	0.00	0.00	0.00	0.00	0.00	0.00	17.7	18.9	19.6	32.8	51.4	57.6	197.98	0.356	0.277	0.280	0.462	0.398	0.000	0.9640	1.0000	1.0000	0.3124	1.0000	1.0000	0.00	40.76	40.76	0.00	0.00	0.00	0.00	0.00	0.00	1.98	8.43	10.11	9.26	6.27	4.70	0.0000	0.0000	0.0000	0.0000	0.0000	0.0000	0.0000	0.0000	0.0000	0.0000	0.0000	0.0000	104.08	0.03
1990-08-21	Perennial Ryegrass	0.16	344.42	0.96	0.99	0.83	1.01	4	3	3.80	650.00	0.00	34.81	22.51	0.00	0.00	0.00	0.00	0.00	0.00	0.00	0.00	0.00	0.00	0.00	0.00	0.00	0.00	0.00	0.00	0.00	0.00	0.00	0.00	0.00	0.00	0.00	0.00	17.0	19.0	19.6	32.5	51.0	57.4	196.38	0.366	0.282	0.265	0.421	0.363	0.000	0.9642	1.0000	1.0000	0.3588	1.0000	1.0000	0.00	39.60	39.60	0.00	0.00	0.00	0.00	0.00	0.00	1.59	8.04	10.00	9.07	6.21	4.69	0.0000	0.0000	0.0000	0.0000	0.0000	0.0000	0.2792	0.3380	0.1918	0.1657	0.0458	0.0000	104.12	0.03
1990-08-22	Perennial Ryegrass	0.16	351.40	0.97	0.99	0.83	1.01	4	3	3.82	650.00	0.00	19.39	12.58	0.00	0.00	0.00	0.00	0.00	0.00	0.00	0.00	0.00	0.00	0.00	0.00	0.00	0.00	0.00	0.00	0.00	0.00	0.00	0.00	0.00	0.00	0.00	0.00	17.0	19.0	19.6	32.2	50.6	57.3	195.71	0.265	0.227	0.213	0.326	0.282	0.000	0.9649	1.0000	1.0000	0.3388	1.0000	1.0000	0.00	39.25	39.25	0.00	0.00	0.00	0.00	0.00	0.00	1.47	7.90	10.01	9.01	6.18	4.68	0.0000	0.0000	0.0000	0.0000	0.0000	0.0000	0.0520	0.0815	0.0451	0.0374	0.0099	0.0000	104.25	0.03
1990-08-23	Perennial Ryegrass	0.16	352.38	0.97	0.99	0.83	1.01	4	3	3.85	650.00	0.00	37.01	24.03	0.00	0.00	0.00	0.00	0.00	0.00	0.00	0.00	0.00	0.00	0.00	0.00	0.00	0.00	0.00	0.00	0.00	0.00	0.00	0.00	0.00	0.00	0.00	0.00	16.3	18.4	19.3	31.7	50.1	57.2	192.99	0.475	0.404	0.381	0.566	0.490	0.000	0.9653	1.0000	1.0000	0.3173	1.0000	1.0000	0.00	37.99	37.99	0.00	0.00	0.00	0.00	0.00	0.00	1.28	7.42	9.74	8.79	6.10	4.66	0.0000	0.0000	0.0000	0.0000	0.0000	0.0000	0.2414	0.3955	0.2584	0.2069	0.0641	0.0000	104.64	0.03
1990-08-24	Perennial Ryegrass	0.16	350.39	0.97	0.99	0.83	1.01	4	2	3.88	650.00	0.00	41.64	27.12	0.00	0.00	0.00	0.00	0.00	0.00	0.00	0.00	0.00	0.00	0.00	0.00	0.00	0.00	0.00	0.00	0.00	0.00	0.00	0.00	0.00	0.00	0.00	0.00	15.6	18.0	19.0	31.3	49.6	57.0	190.53	0.397	0.342	0.334	0.499	0.436	0.000	0.9657	0.9927	1.0000	0.3476	1.0000	1.0000	0.00	37.17	37.17	0.00	0.00	0.00	0.00	0.00	0.00	1.17	7.11	9.55	8.63	6.05	4.65	0.0000	0.0000	0.0000	0.0000	0.0000	0.0000	0.1312	0.2354	0.1614	0.1312	0.0403	0.0000	105.35	0.03
1990-08-25	Perennial Ryegrass	0.16	358.54	0.97	0.99	0.83	1.01	4	2	3.90	650.00	0.00	24.76	16.18	0.00	0.00	0.00	0.00	0.00	0.00	0.00	0.00	0.00	0.00	0.00	0.00	0.00	0.00	0.00	0.00	0.00	0.00	0.00	0.00	0.00	0.00	0.00	0.00	16.1	17.6	18.8	31.0	49.3	56.9	189.59	0.305	0.271	0.273	0.412	0.363	0.000	0.9662	1.0000	1.0000	0.3260	1.0000	1.0000	0.00	36.16	36.16	0.00	0.00	0.00	0.00	0.00	0.00	1.02	6.76	9.32	8.44	5.98	4.64	0.0000	0.0000	0.0000	0.0000	0.0000	0.0000	0.1579	0.3043	0.2098	0.1735	0.0516	0.0000	105.74	0.03
1990-08-26	Perennial Ryegrass	0.16	359.23	0.97	0.99	0.82	1.01	4	2	3.93	650.00	0.00	33.89	22.18	0.00	0.00	0.00	0.00	0.00	0.00	0.00	0.00	0.00	0.00	0.00	0.00	0.00	0.00	0.00	0.00	0.00	0.00	0.00	0.00	0.00	0.00	0.00	0.00	15.4	17.3	18.5	30.6	48.9	56.8	187.41	0.370	0.284	0.290	0.442	0.393	0.000	0.9666	0.9872	1.0000	0.2998	1.0000	1.0000	0.00	35.52	35.52	0.00	0.00	0.00	0.00	0.00	0.00	0.94	6.54	9.16	8.32	5.94	4.63	0.0000	0.0000	0.0000	0.0000	0.0000	0.0000	0.0968	0.1763	0.1309	0.1093	0.0341	0.0000	106.06	0.03
1990-08-27	Perennial Ryegrass	0.16	358.37	0.97	0.99	0.82	1.01	4	2	3.95	650.00	0.00	23.72	15.56	0.00	0.00	0.00	0.00	0.00	0.00	0.00	0.00	0.00	0.00	0.00	0.00	0.00	0.00	0.00	0.00	0.00	0.00	0.00	0.00	0.00	0.00	0.00	0.00	14.9	17.1	18.3	30.3	48.6	56.7	185.87	0.229	0.183	0.191	0.294	0.264	0.000	0.9670	0.8752	1.0000	0.3120	1.0000	1.0000	0.00	34.60	34.60	0.00	0.00	0.00	0.00	0.00	0.00	0.80	6.22	8.94	8.14	5.88	4.61	0.0000	0.0000	0.0000	0.0000	0.0000	0.0000	0.1413	0.2726	0.1903	0.1630	0.0467	0.0000	106.42	0.03
1990-08-28	Perennial Ryegrass	0.16	357.02	0.97	0.99	0.82	1.01	4	2	3.97	650.00	0.00	33.49	22.00	0.00	0.00	0.00	0.00	0.00	0.00	0.00	0.00	0.00	0.00	0.00	0.00	0.00	0.00	0.00	0.00	0.00	0.00	0.00	0.00	0.00	0.00	0.00	0.00	14.2	16.7	18.1	29.9	48.2	56.5	183.61	0.333	0.279	0.296	0.459	0.414	0.000	0.9674	0.8079	1.0000	0.3471	1.0000	1.0000	0.00	33.95	33.95	0.00	0.00	0.00	0.00	0.00	0.00	0.73	6.00	8.78	8.00	5.83	4.60	0.0000	0.0000	0.0000	0.0000	0.0000	0.0000	0.0715	0.1703	0.1404	0.1198	0.0396	0.0000	106.99	0.03
1990-08-29	Perennial Ryegrass	0.16	356.79	0.97	0.99	0.82	1.01	4	2	3.99	650.00	0.00	16.36	10.77	0.00	0.00	0.00	0.00	0.00	0.00	0.00	0.00	0.00	0.00	0.00	0.00	0.00	0.00	0.00	0.00	0.00	0.00	0.00	0.00	0.00	0.00	0.00	0.00	14.0	16.5	17.9	29.7	47.9	56.4	182.42	0.200	0.180	0.195	0.306	0.280	0.000	0.9678	1.0000	1.0000	0.3825	1.0000	1.0000	0.00	33.25	33.25	0.00	0.00	0.00	0.00	0.00	0.00	0.66	5.77	8.60	7.86	5.79	4.59	0.0000	0.0000	0.0000	0.0000	0.0000	0.0000	0.0738	0.1901	0.1461	0.1283	0.0390	0.0000	107.22	0.03
1990-08-30	Perennial Ryegrass	0.16	352.86	0.97	0.99	0.82	1.01	4	2	4.04	650.00	0.00	49.61	32.67	0.00	0.00	0.00	0.00	0.00	0.00	0.00	0.00	0.00	0.00	0.00	0.00	0.00	0.00	0.00	0.00	0.00	0.00	0.00	0.00	0.00	0.00	0.00	0.00	13.9	16.2	17.6	29.3	47.5	56.3	180.86	0.282	0.246	0.271	0.431	0.397	0.000	0.9682	0.9933	1.0000	0.4949	1.0000	1.0000	0.00	32.29	32.29	0.00	0.00	0.00	0.00	0.00	0.00	0.53	5.47	8.35	7.65	5.71	4.58	0.0000	0.0000	0.0000	0.0000	0.0000	0.0000	0.0810	0.2464	0.2171	0.1904	0.0652	0.0000	108.04	0.03
1990-08-31	Perennial Ryegrass	0.18	390.45	0.97	0.99	0.82	1.01	4	2	4.05	650.00	0.00	12.95	8.55	0.00	0.00	0.00	0.00	0.00	0.00	0.00	0.00	0.00	0.00	0.00	0.00	0.00	0.00	0.00	0.00	0.00	0.00	0.00	0.00	0.00	0.00	0.00	0.00	18.2	17.3	17.6	29.3	47.5	56.2	186.03	0.055	0.046	0.051	0.082	0.077	0.000	0.9691	0.7154	1.0000	0.5082	1.0000	1.0000	0.00	31.64	31.64	0.00	0.00	0.00	0.00	0.00	0.00	0.40	5.28	8.21	7.51	5.67	4.57	0.0000	0.0000	0.0000	0.0000	0.0000	0.0000	0.0558	0.1823	0.1237	0.1142	0.0296	0.0000	108.08	0.03
1990-09-01	Perennial Ryegrass	0.17	383.32	0.97	0.99	0.81	1.01	4	2	4.10	650.00	0.00	48.25	31.88	0.00	0.00	0.00	0.00	0.00	0.00	0.00	0.00	0.00	0.00	0.00	0.00	0.00	0.00	0.00	0.00	0.00	0.00	0.00	0.00	0.00	0.00	0.00	0.00	16.8	17.6	17.5	29.0	47.2	56.0	184.10	0.441	0.233	0.195	0.313	0.292	0.000	0.9694	0.7397	1.0000	0.5806	1.0000	1.0000	0.00	80.58	80.58	0.00	0.00	0.00	0.00	0.00	0.00	48.18	6.51	8.19	7.49	5.66	4.56	0.0000	0.0000	0.0000	0.0000	0.0000	0.0000	0.7960	0.0195	0.0103	0.0093	0.0030	0.0000	107.80	0.03
1990-09-02	Perennial Ryegrass	0.18	395.17	0.97	0.99	0.81	1.01	4	2	4.15	650.00	0.00	72.97	48.34	0.00	0.00	0.00	0.00	0.00	0.00	0.00	0.00	0.00	0.00	0.00	0.00	0.00	0.00	0.00	0.00	0.00	0.00	0.00	0.00	0.00	0.00	0.00	0.00	17.0	17.8	17.3	28.7	46.9	55.9	183.55	0.476	0.319	0.244	0.391	0.368	0.000	0.9701	0.9633	0.7520	0.5807	1.0000	1.0000	0.00	78.21	78.21	0.00	0.00	0.00	0.00	0.00	0.00	44.52	7.92	8.14	7.44	5.64	4.55	0.0000	0.0000	0.0000	0.0000	0.0000	0.0000	2.0089	0.0858	0.0366	0.0324	0.0114	0.0000	109.10	0.03
1990-09-03	Perennial Ryegrass	0.19	409.70	0.97	0.99	0.80	1.01	4	2	4.20	650.00	0.00	53.15	35.36	0.00	0.00	0.00	0.00	0.00	0.00	0.00	0.00	0.00	0.00	0.00	0.00	0.00	0.00	0.00	0.00	0.00	0.00	0.00	0.00	0.00	0.00	0.00	0.00	17.5	18.3	17.2	28.4	46.5	55.8	183.70	0.469	0.322	0.223	0.355	0.340	0.000	0.9710	1.0000	1.0000	0.5642	1.0000	1.0000	0.00	77.19	77.19	0.00	0.00	0.00	0.00	0.00	0.00	41.65	9.82	8.15	7.41	5.63	4.53	0.0000	0.0000	0.0000	0.0000	0.0000	0.0000	0.7463	0.0437	0.0134	0.0118	0.0041	0.0000	109.68	0.03
1990-09-04	Perennial Ryegrass	0.18	407.97	0.97	0.99	0.80	1.01	4	2	4.24	650.00	0.00	56.05	37.38	0.00	0.00	0.00	0.00	0.00	0.00	0.00	0.00	0.00	0.00	0.00	0.00	0.00	0.00	0.00	0.00	0.00	0.00	0.00	0.00	0.00	0.00	0.00	0.00	16.4	17.9	17.1	28.1	46.2	55.7	181.41	0.518	0.365	0.221	0.347	0.337	0.000	0.9718	0.7095	1.0000	0.5527	1.0000	1.0000	0.00	75.17	75.17	0.00	0.00	0.00	0.00	0.00	0.00	39.47	10.06	8.13	7.37	5.62	4.52	0.0000	0.0000	0.0000	0.0000	0.0000	0.0000	1.6937	0.1072	0.0281	0.0244	0.0086	0.0000	110.21	0.03
1990-09-05	Perennial Ryegrass	0.18	404.92	0.97	0.99	0.79	1.01	4	2	4.30	650.00	0.00	61.61	41.19	0.00	0.00	0.00	0.00	0.00	0.00	0.00	0.00	0.00	0.00	0.00	0.00	0.00	0.00	0.00	0.00	0.00	0.00	0.00	0.00	0.00	0.00	0.00	0.00	15.6	17.5	16.9	27.8	45.9	55.6	179.28	0.447	0.346	0.215	0.334	0.329	0.000	0.9724	0.8436	1.0000	0.5835	1.0000	1.0000	0.00	74.01	74.01	0.00	0.00	0.00	0.00	0.00	0.00	38.57	9.87	8.12	7.34	5.60	4.51	0.0000	0.0000	0.0000	0.0000	0.0000	0.0000	0.8902	0.0641	0.0176	0.0152	0.0054	0.0000	111.33	0.03
1990-09-06	Perennial Ryegrass	0.18	402.15	0.97	0.99	0.79	1.01	5	2	4.34	650.00	0.00	54.82	36.75	0.00	0.00	0.00	0.00	0.00	0.00	0.00	0.00	0.00	0.00	0.00	0.00	0.00	0.00	0.00	0.00	0.00	0.00	0.00	0.00	0.00	0.00	0.00	0.00	14.9	17.0	16.8	27.5	45.6	55.5	177.32	0.392	0.312	0.205	0.317	0.317	0.000	0.9731	0.8170	1.0000	0.6075	1.0000	1.0000	0.00	72.02	72.02	0.00	0.00	0.00	0.00	0.00	0.00	36.91	9.65	8.07	7.30	5.59	4.50	0.0000	0.0000	0.0000	0.0000	0.0000	0.0000	1.6385	0.1226	0.0360	0.0311	0.0110	0.0000	112.35	0.03
1990-09-07	Perennial Ryegrass	0.18	399.23	0.97	0.99	0.79	1.01	5	2	4.38	650.00	0.00	48.35	32.48	0.00	0.00	0.00	0.00	0.00	0.00	0.00	0.00	0.00	0.00	0.00	0.00	0.00	0.00	0.00	0.00	0.00	0.00	0.00	0.00	0.00	0.00	0.00	0.00	14.2	16.6	16.6	27.3	45.4	55.4	175.48	0.342	0.282	0.194	0.301	0.306	0.000	0.9738	0.5914	1.0000	0.6305	1.0000	1.0000	0.00	71.25	71.25	0.00	0.00	0.00	0.00	0.00	0.00	36.35	9.51	8.05	7.27	5.58	4.49	0.0000	0.0000	0.0000	0.0000	0.0000	0.0000	0.5345	0.0422	0.0132	0.0114	0.0041	0.0000	113.24	0.03
1990-09-08	Perennial Ryegrass	0.18	396.70	0.98	0.99	0.79	1.01	5	2	4.43	650.00	0.00	52.33	35.21	0.00	0.00	0.00	0.00	0.00	0.00	0.00	0.00	0.00	0.00	0.00	0.00	0.00	0.00	0.00	0.00	0.00	0.00	0.00	0.00	0.00	0.00	0.00	0.00	13.6	16.3	16.5	27.0	45.1	55.3	173.76	0.296	0.255	0.183	0.286	0.295	0.000	0.9744	0.7719	0.9263	0.6339	1.0000	1.0000	0.00	69.28	69.28	0.00	0.00	0.00	0.00	0.00	0.00	34.73	9.28	7.99	7.23	5.56	4.48	0.0000	0.0000	0.0000	0.0000	0.0000	0.0000	1.5905	0.1306	0.0427	0.0373	0.0133	0.0000	114.21	0.03
1990-09-09	Perennial Ryegrass	0.18	391.26	0.98	0.99	0.79	1.01	5	2	4.47	650.00	0.00	53.11	35.80	0.00	0.00	0.00	0.00	0.00	0.00	0.00	0.00	0.00	0.00	0.00	0.00	0.00	0.00	0.00	0.00	0.00	0.00	0.00	0.00	0.00	0.00	0.00	0.00	13.0	16.0	16.3	26.8	44.9	55.2	172.08	0.253	0.231	0.172	0.271	0.285	0.000	0.9750	0.6912	1.0000	0.6676	1.0000	1.0000	0.00	68.50	68.50	0.00	0.00	0.00	0.00	0.00	0.00	34.16	9.15	7.96	7.20	5.55	4.47	0.0000	0.0000	0.0000	0.0000	0.0000	0.0000	0.5322	0.0466	0.0159	0.0141	0.0050	0.0000	115.20	0.03
1990-09-10	Perennial Ryegrass	0.18	387.71	0.98	1.00	0.79	1.01	5	2	4.51	650.00	0.00	45.43	30.66	0.00	0.00	0.00	0.00	0.00	0.00	0.00	0.00	0.00	0.00	0.00	0.00	0.00	0.00	0.00	0.00	0.00	0.00	0.00	0.00	0.00	0.00	0.00	0.00	12.3	15.7	16.2	26.6	44.6	55.1	170.40	0.207	0.209	0.162	0.258	0.275	0.000	0.9757	0.4825	1.0000	0.7076	1.0000	1.0000	0.00	66.66	66.66	0.00	0.00	0.00	0.00	0.00	0.00	32.69	8.93	7.89	7.15	5.53	4.46	0.0000	0.0000	0.0000	0.0000	0.0000	0.0000	1.4501	0.1353	0.0479	0.0427	0.0154	0.0000	116.04	0.03
1990-09-11	Perennial Ryegrass	0.17	383.42	0.98	1.00	0.79	1.01	5	2	4.53	650.00	0.00	33.95	22.94	0.00	0.00	0.00	0.00	0.00	0.00	0.00	0.00	0.00	0.00	0.00	0.00	0.00	0.00	0.00	0.00	0.00	0.00	0.00	0.00	0.00	0.00	0.00	0.00	11.6	15.4	16.0	26.4	44.4	55.0	168.81	0.159	0.189	0.152	0.245	0.265	0.000	0.9761	0.4673	0.5959	0.7582	1.0000	1.0000	0.00	66.50	66.50	0.00	0.00	0.00	0.00	0.00	0.00	32.65	8.85	7.87	7.14	5.53	4.45	0.0000	0.0000	0.0000	0.0000	0.0000	0.0000	0.0130	0.0013	0.0005	0.0004	0.0002	0.0000	116.65	0.03
1990-09-12	Perennial Ryegrass	0.20	439.16	0.98	1.00	0.80	1.01	5	2	4.57	650.00	0.00	30.49	20.62	0.00	0.00	0.00	0.00	0.00	0.00	0.00	0.00	0.00	0.00	0.00	0.00	0.00	0.00	0.00	0.00	0.00	0.00	0.00	0.00	0.00	0.00	0.00	0.00	20.8	18.7	16.0	26.2	44.2	54.9	180.71	0.112	0.171	0.142	0.233	0.256	0.000	0.9765	1.0000	0.5391	0.7860	1.0000	1.0000	0.00	64.90	64.90	0.00	0.00	0.00	0.00	0.00	0.00	26.76	13.22	7.89	7.08	5.51	4.45	0.0000	0.0000	0.0000	0.0000	0.0000	0.0000	1.0304	0.2111	0.0526	0.0475	0.0173	0.0000	117.15	0.03
1990-09-13	Perennial Ryegrass	0.21	464.48	0.98	0.99	0.77	1.01	5	2	4.59	650.00	0.00	19.25	13.02	0.00	0.00	0.00	0.00	0.00	0.00	0.00	0.00	0.00	0.00	0.00	0.00	0.00	0.00	0.00	0.00	0.00	0.00	0.00	0.00	0.00	0.00	0.00	0.00	21.3	20.2	17.4	26.0	44.0	54.8	183.65	0.734	0.390	0.138	0.216	0.242	0.000	0.9770	1.0000	1.0000	0.7624	1.0000	1.0000	0.00	64.66	64.66	0.00	0.00	0.00	0.00	0.00	0.00	23.04	15.61	8.99	7.08	5.50	4.44	0.0000	0.0000	0.0000	0.0000	0.0000	0.0000	0.0000	0.0000	0.0000	0.0000	0.0000	0.0000	115.69	0.03
1990-09-14	Perennial Ryegrass	0.20	457.04	0.98	0.99	0.76	1.01	5	2	4.65	650.00	0.00	50.77	34.35	0.00	0.00	0.00	0.00	0.00	0.00	0.00	0.00	0.00	0.00	0.00	0.00	0.00	0.00	0.00	0.00	0.00	0.00	0.00	0.00	0.00	0.00	0.00	0.00	18.6	20.2	18.5	26.0	43.8	54.7	181.74	0.653	0.420	0.196	0.175	0.198	0.000	0.9774	1.0000	1.0000	0.7665	1.0000	1.0000	0.00	63.21	63.21	0.00	0.00	0.00	0.00	0.00	0.00	20.04	16.15	10.01	7.09	5.50	4.43	0.0000	0.0000	0.0000	0.0000	0.0000	0.0000	1.0321	0.1713	0.0218	0.0102	0.0035	0.0000	115.69	0.03
1990-09-15	Perennial Ryegrass	0.20	452.56	0.98	0.99	0.76	1.01	5	2	4.71	650.00	0.00	75.01	50.82	0.00	0.00	0.00	0.00	0.00	0.00	0.00	0.00	0.00	0.00	0.00	0.00	0.00	0.00	0.00	0.00	0.00	0.00	0.00	0.00	0.00	0.00	0.00	0.00	16.9	19.5	18.9	25.9	43.6	54.6	179.39	0.604	0.501	0.315	0.207	0.233	0.000	0.9783	0.7308	1.0000	0.7607	1.0000	1.0000	0.00	61.38	61.38	0.00	0.00	0.00	0.00	0.00	0.00	18.00	15.83	10.54	7.10	5.49	4.42	0.0000	0.0000	0.0000	0.0000	0.0000	0.0000	1.2506	0.3234	0.0599	0.0201	0.0072	0.0000	117.10	0.03
1990-09-16	Perennial Ryegrass	0.20	452.52	0.98	1.00	0.76	1.01	5	2	4.77	650.00	0.00	74.55	50.61	0.00	0.00	0.00	0.00	0.00	0.00	0.00	0.00	0.00	0.00	0.00	0.00	0.00	0.00	0.00	0.00	0.00	0.00	0.00	0.00	0.00	0.00	0.00	0.00	16.4	18.7	18.8	25.8	43.5	54.5	177.62	0.482	0.455	0.346	0.202	0.226	0.000	0.9790	0.7663	1.0000	0.7509	1.0000	1.0000	0.00	59.16	59.16	0.00	0.00	0.00	0.00	0.00	0.00	16.52	15.07	10.59	7.10	5.48	4.41	0.0000	0.0000	0.0000	0.0000	0.0000	0.0000	1.4816	0.4569	0.1081	0.0326	0.0115	0.0000	118.54	0.03
1990-09-17	Perennial Ryegrass	0.20	446.28	0.98	1.00	0.76	1.01	5	2	4.82	650.00	0.00	63.60	43.26	0.00	0.00	0.00	0.00	0.00	0.00	0.00	0.00	0.00	0.00	0.00	0.00	0.00	0.00	0.00	0.00	0.00	0.00	0.00	0.00	0.00	0.00	0.00	0.00	15.6	18.1	18.4	25.7	43.3	54.4	175.45	0.451	0.398	0.335	0.196	0.218	0.000	0.9797	0.5812	1.0000	0.7694	1.0000	1.0000	0.00	57.89	57.89	0.00	0.00	0.00	0.00	0.00	0.00	15.78	14.67	10.48	7.10	5.47	4.40	0.0000	0.0000	0.0000	0.0000	0.0000	0.0000	0.7996	0.2354	0.0646	0.0200	0.0069	0.0000	119.68	0.03
1990-09-18	Perennial Ryegrass	0.20	441.56	0.98	1.00	0.76	1.01	5	2	4.86	650.00	0.00	58.18	39.62	0.00	0.00	0.00	0.00	0.00	0.00	0.00	0.00	0.00	0.00	0.00	0.00	0.00	0.00	0.00	0.00	0.00	0.00	0.00	0.00	0.00	0.00	0.00	0.00	14.8	17.6	18.1	25.6	43.1	54.3	173.46	0.392	0.358	0.309	0.190	0.211	0.000	0.9802	0.5132	0.9852	0.7909	1.0000	1.0000	0.00	55.91	55.91	0.00	0.00	0.00	0.00	0.00	0.00	14.54	14.12	10.31	7.08	5.45	4.40	0.0000	0.0000	0.0000	0.0000	0.0000	0.0000	1.2791	0.3958	0.1137	0.0378	0.0129	0.0000	120.79	0.03
1990-09-19	Perennial Ryegrass	0.20	437.45	0.98	1.00	0.75	1.01	5	2	4.90	650.00	0.00	42.22	28.79	0.00	0.00	0.00	0.00	0.00	0.00	0.00	0.00	0.00	0.00	0.00	0.00	0.00	0.00	0.00	0.00	0.00	0.00	0.00	0.00	0.00	0.00	0.00	0.00	14.2	17.2	17.7	25.4	42.9	54.2	171.72	0.338	0.323	0.284	0.184	0.204	0.000	0.9807	0.4157	0.7829	0.8259	1.0000	1.0000	0.00	55.35	55.35	0.00	0.00	0.00	0.00	0.00	0.00	14.30	13.90	10.24	7.09	5.45	4.39	0.0000	0.0000	0.0000	0.0000	0.0000	0.0000	0.2618	0.0879	0.0264	0.0094	0.0032	0.0000	121.58	0.03
1990-09-20	Perennial Ryegrass	0.20	450.55	0.98	1.00	0.76	1.01	5	2	4.97	650.00	0.00	66.90	45.64	0.00	0.00	0.00	0.00	0.00	0.00	0.00	0.00	0.00	0.00	0.00	0.00	0.00	0.00	0.00	0.00	0.00	0.00	0.00	0.00	0.00	0.00	0.00	0.00	16.9	17.2	17.4	25.3	42.8	54.1	173.76	0.296	0.292	0.261	0.177	0.198	0.000	0.9810	0.9821	1.0000	0.8549	1.0000	1.0000	0.00	53.01	53.01	0.00	0.00	0.00	0.00	0.00	0.00	12.51	13.61	10.04	7.04	5.43	4.38	0.0000	0.0000	0.0000	0.0000	0.0000	0.0000	1.4043	0.5088	0.1534	0.0580	0.0195	0.0000	122.80	0.03
1990-09-21	Perennial Ryegrass	0.20	438.19	0.98	1.00	0.74	1.02	5	2	5.05	650.00	0.00	84.76	57.89	0.00	0.00	0.00	0.00	0.00	0.00	0.00	0.00	0.00	0.00	0.00	0.00	0.00	0.00	0.00	0.00	0.00	0.00	0.00	0.00	0.00	0.00	0.00	0.00	15.9	16.9	17.2	25.2	42.6	54.0	171.86	0.480	0.295	0.241	0.170	0.192	0.000	0.9819	1.0000	0.6776	0.8794	1.0000	1.0000	0.00	51.46	51.46	0.00	0.00	0.00	0.00	0.00	0.00	11.43	13.29	9.93	7.02	5.42	4.37	0.0000	0.0000	0.0000	0.0000	0.0000	0.0000	0.9865	0.2421	0.0689	0.0276	0.0093	0.0000	123.80	0.03
1990-09-22	Perennial Ryegrass	0.20	434.14	0.98	1.00	0.74	1.02	5	2	5.09	650.00	0.00	51.27	35.07	0.00	0.00	0.00	0.00	0.00	0.00	0.00	0.00	0.00	0.00	0.00	0.00	0.00	0.00	0.00	0.00	0.00	0.00	0.00	0.00	0.00	0.00	0.00	0.00	15.1	16.6	17.0	25.1	42.5	53.9	170.12	0.413	0.272	0.223	0.164	0.186	0.000	0.9828	0.5044	0.8787	0.8830	1.0000	1.0000	0.00	49.41	49.41	0.00	0.00	0.00	0.00	0.00	0.00	10.06	12.83	9.79	6.97	5.40	4.36	0.0000	0.0000	0.0000	0.0000	0.0000	0.0000	1.3306	0.3796	0.1098	0.0462	0.0154	0.0000	124.76	0.03
1990-09-23	Perennial Ryegrass	0.19	421.69	0.98	1.00	0.74	1.02	5	2	5.13	650.00	0.00	45.59	31.21	0.00	0.00	0.00	0.00	0.00	0.00	0.00	0.00	0.00	0.00	0.00	0.00	0.00	0.00	0.00	0.00	0.00	0.00	0.00	0.00	0.00	0.00	0.00	0.00	14.2	16.2	16.7	25.0	42.4	53.9	168.39	0.354	0.249	0.207	0.157	0.180	0.000	0.9832	0.5235	0.7715	0.9135	1.0000	1.0000	0.00	49.11	49.11	0.00	0.00	0.00	0.00	0.00	0.00	9.92	12.72	9.74	6.97	5.40	4.36	0.0000	0.0000	0.0000	0.0000	0.0000	0.0000	0.0595	0.0201	0.0060	0.0026	0.0009	0.0000	125.62	0.03
1990-09-24	Perennial Ryegrass	0.19	409.23	0.98	1.00	0.74	1.02	5	2	5.17	650.00	0.00	41.06	28.11	0.00	0.00	0.00	0.00	0.00	0.00	0.00	0.00	0.00	0.00	0.00	0.00	0.00	0.00	0.00	0.00	0.00	0.00	0.00	0.00	0.00	0.00	0.00	0.00	13.6	16.0	16.5	24.9	42.2	53.8	166.95	0.293	0.227	0.191	0.151	0.174	0.000	0.9836	0.7450	0.4951	0.9399	1.0000	1.0000	0.00	47.15	47.15	0.00	0.00	0.00	0.00	0.00	0.00	8.73	12.20	9.58	6.91	5.38	4.35	0.0000	0.0000	0.0000	0.0000	0.0000	0.0000	1.1192	0.4175	0.1266	0.0582	0.0194	0.0000	126.39	0.03
1990-09-25	Perennial Ryegrass	0.18	398.86	0.98	1.00	0.74	1.02	5	2	5.19	650.00	0.00	24.44	16.74	0.00	0.00	0.00	0.00	0.00	0.00	0.00	0.00	0.00	0.00	0.00	0.00	0.00	0.00	0.00	0.00	0.00	0.00	0.00	0.00	0.00	0.00	0.00	0.00	13.3	15.7	16.3	24.8	42.1	53.7	165.92	0.249	0.207	0.177	0.144	0.169	0.000	0.9839	0.5983	0.4643	0.9647	1.0000	1.0000	0.00	46.91	46.91	0.00	0.00	0.00	0.00	0.00	0.00	8.63	12.11	9.54	6.91	5.37	4.34	0.0000	0.0000	0.0000	0.0000	0.0000	0.0000	0.0000	0.0000	0.0000	0.0000	0.0000	0.0000	126.82	0.03
1990-09-26	Perennial Ryegrass	0.17	382.66	0.98	1.00	0.74	1.02	5	2	5.21	650.00	0.00	22.69	15.54	0.00	0.00	0.00	0.00	0.00	0.00	0.00	0.00	0.00	0.00	0.00	0.00	0.00	0.00	0.00	0.00	0.00	0.00	0.00	0.00	0.00	0.00	0.00	0.00	12.6	15.5	16.2	24.7	42.0	53.6	164.55	0.230	0.189	0.164	0.138	0.164	0.000	0.9841	1.0000	0.3824	0.9734	1.0000	1.0000	0.00	46.62	46.62	0.00	0.00	0.00	0.00	0.00	0.00	8.50	12.01	9.50	6.90	5.37	4.34	0.0000	0.0000	0.0000	0.0000	0.0000	0.0000	0.0350	0.0151	0.0048	0.0024	0.0008	0.0000	127.09	0.03
1990-09-27	Perennial Ryegrass	0.17	379.65	0.98	1.00	0.74	1.02	6	2	5.23	650.00	0.00	27.98	19.16	0.00	0.00	0.00	0.00	0.00	0.00	0.00	0.00	0.00	0.00	0.00	0.00	0.00	0.00	0.00	0.00	0.00	0.00	0.00	0.00	0.00	0.00	0.00	0.00	11.9	15.2	16.0	24.6	41.9	53.5	163.08	0.184	0.172	0.151	0.132	0.159	0.000	0.9844	0.3431	0.6591	0.9693	1.0000	1.0000	0.00	45.92	45.92	0.00	0.00	0.00	0.00	0.00	0.00	8.16	11.77	9.42	6.87	5.36	4.33	0.0000	0.0000	0.0000	0.0000	0.0000	0.0000	0.3290	0.1534	0.0495	0.0255	0.0086	0.0000	127.59	0.03
1990-09-28	Perennial Ryegrass	0.17	375.97	0.98	1.00	0.74	1.02	6	2	5.25	650.00	0.00	25.94	17.76	0.00	0.00	0.00	0.00	0.00	0.00	0.00	0.00	0.00	0.00	0.00	0.00	0.00	0.00	0.00	0.00	0.00	0.00	0.00	0.00	0.00	0.00	0.00	0.00	11.1	15.0	15.9	24.5	41.7	53.5	161.72	0.130	0.156	0.140	0.127	0.154	0.000	0.9845	0.7173	0.3205	0.9688	1.0000	1.0000	0.00	45.21	45.21	0.00	0.00	0.00	0.00	0.00	0.00	7.84	11.52	9.34	6.84	5.35	4.32	0.0000	0.0000	0.0000	0.0000	0.0000	0.0000	0.3218	0.1738	0.0573	0.0305	0.0103	0.0000	128.05	0.03
1990-09-29	Perennial Ryegrass	0.17	370.82	0.98	1.00	0.74	1.02	6	2	5.27	650.00	0.00	18.56	12.71	0.00	0.00	0.00	0.00	0.00	0.00	0.00	0.00	0.00	0.00	0.00	0.00	0.00	0.00	0.00	0.00	0.00	0.00	0.00	0.00	0.00	0.00	0.00	0.00	10.8	14.8	15.7	24.4	41.6	53.4	160.76	0.079	0.142	0.130	0.121	0.150	0.000	0.9847	1.0000	0.3885	0.9658	1.0000	1.0000	0.00	45.04	45.04	0.00	0.00	0.00	0.00	0.00	0.00	7.80	11.43	9.31	6.83	5.35	4.32	0.0000	0.0000	0.0000	0.0000	0.0000	0.0000	0.0340	0.0214	0.0072	0.0040	0.0013	0.0000	128.36	0.03
1990-09-30	Perennial Ryegrass	0.17	364.60	0.99	1.00	0.74	1.02	6	2	5.30	650.00	0.00	33.70	23.07	0.00	0.00	0.00	0.00	0.00	0.00	0.00	0.00	0.00	0.00	0.00	0.00	0.00	0.00	0.00	0.00	0.00	0.00	0.00	0.00	0.00	0.00	0.00	0.00	10.4	14.7	15.6	24.3	41.5	53.3	159.81	0.053	0.129	0.120	0.116	0.145	0.000	0.9849	0.6730	0.7296	0.9654	1.0000	1.0000	0.00	43.91	43.91	0.00	0.00	0.00	0.00	0.00	0.00	7.29	11.04	9.17	6.77	5.33	4.31	0.0000	0.0000	0.0000	0.0000	0.0000	0.0000	0.5048	0.3336	0.1135	0.0642	0.0217	0.0000	128.97	0.03
1990-10-01	Perennial Ryegrass	0.16	357.30	0.99	1.00	0.74	1.02	6	2	5.33	650.00	0.00	24.83	16.99	0.00	0.00	0.00	0.00	0.00	0.00	0.00	0.00	0.00	0.00	0.00	0.00	0.00	0.00	0.00	0.00	0.00	0.00	0.00	0.00	0.00	0.00	0.00	0.00	9.8	14.5	15.5	24.3	41.4	53.2	158.72	0.027	0.117	0.111	0.111	0.141	0.000	0.9852	1.0000	0.2960	0.9701	1.0000	1.0000	0.00	43.82	43.82	0.00	0.00	0.00	0.00	0.00	0.00	7.28	10.99	9.16	6.77	5.33	4.31	0.0000	0.0000	0.0000	0.0000	0.0000	0.0000	0.0000	0.0000	0.0000	0.0000	0.0000	0.0000	129.41	0.03
1990-10-02	Perennial Ryegrass	0.16	353.36	0.99	1.00	0.74	1.02	6	2	5.35	650.00	0.00	21.95	15.03	0.00	0.00	0.00	0.00	0.00	0.00	0.00	0.00	0.00	0.00	0.00	0.00	0.00	0.00	0.00	0.00	0.00	0.00	0.00	0.00	0.00	0.00	0.00	0.00	9.4	14.4	15.4	24.2	41.3	53.1	157.75	0.000	0.105	0.103	0.106	0.137	0.000	0.9854	0.9709	0.2921	0.9698	1.0000	1.0000	0.00	42.93	42.93	0.00	0.00	0.00	0.00	0.00	0.00	6.94	10.65	9.04	6.70	5.31	4.30	0.0000	0.0000	0.0000	0.0000	0.0000	0.0000	0.3471	0.2900	0.1023	0.0609	0.0207	0.0000	129.79	0.03
1990-10-03	Perennial Ryegrass	0.16	352.81	0.99	1.00	0.74	1.02	6	2	5.36	650.00	0.00	16.64	11.39	0.00	0.00	0.00	0.00	0.00	0.00	0.00	0.00	0.00	0.00	0.00	0.00	0.00	0.00	0.00	0.00	0.00	0.00	0.00	0.00	0.00	0.00	0.00	0.00	9.0	14.2	15.3	24.1	41.2	53.1	156.86	0.000	0.095	0.095	0.102	0.133	0.000	0.9856	0.6492	0.2748	0.9668	1.0000	1.0000	0.00	42.88	42.88	0.00	0.00	0.00	0.00	0.00	0.00	6.96	10.60	9.02	6.70	5.31	4.29	0.0000	0.0000	0.0000	0.0000	0.0000	0.0000	0.0000	0.0000	0.0000	0.0000	0.0000	0.0000	130.06	0.03
1990-10-04	Perennial Ryegrass	0.16	348.01	0.99	1.00	0.73	1.02	6	2	5.37	650.00	0.00	11.83	8.09	0.00	0.00	0.00	0.00	0.00	0.00	0.00	0.00	0.00	0.00	0.00	0.00	0.00	0.00	0.00	0.00	0.00	0.00	0.00	0.00	0.00	0.00	0.00	0.00	8.6	14.1	15.2	24.1	41.1	53.0	156.03	0.000	0.085	0.088	0.097	0.129	0.000	0.9857	1.0000	0.1723	0.9725	1.0000	1.0000	0.00	42.60	42.60	0.00	0.00	0.00	0.00	0.00	0.00	6.89	10.47	8.98	6.68	5.30	4.29	0.0000	0.0000	0.0000	0.0000	0.0000	0.0000	0.0790	0.0811	0.0296	0.0184	0.0063	0.0000	130.19	0.03
1990-10-05	Perennial Ryegrass	0.17	367.50	0.99	1.00	0.74	1.02	6	2	5.34	650.00	0.00	-11.88	0.00	0.00	0.00	0.00	0.00	0.00	0.00	0.00	0.00	0.00	0.00	0.00	0.00	0.00	0.00	0.00	0.00	0.00	0.00	0.00	0.00	0.00	0.00	0.00	0.00	13.8	14.0	15.1	24.0	41.1	52.9	160.91	0.000	0.076	0.081	0.093	0.126	0.000	0.9858	1.0000	0.1660	0.9798	1.0000	1.0000	0.00	42.45	42.46	0.00	0.00	0.00	0.00	0.00	0.00	6.77	10.46	8.96	6.68	5.30	4.28	0.0000	0.0000	0.0000	0.0000	0.0000	0.0000	0.0000	0.0000	0.0000	0.0000	0.0000	0.0000	129.82	0.03
1990-10-06	Perennial Ryegrass	0.16	358.19	0.99	1.00	0.72	1.02	6	2	5.37	650.00	0.00	30.02	20.52	0.00	0.00	0.00	0.00	0.00	0.00	0.00	0.00	0.00	0.00	0.00	0.00	0.00	0.00	0.00	0.00	0.00	0.00	0.00	0.00	0.00	0.00	0.00	0.00	13.0	13.9	15.0	23.9	41.0	52.9	159.73	0.269	0.071	0.075	0.089	0.122	0.000	0.9856	0.9166	0.3551	0.9792	1.0000	1.0000	0.00	40.15	40.15	0.00	0.00	0.00	0.00	0.00	0.00	5.19	10.04	8.80	6.58	5.27	4.28	0.0000	0.0000	0.0000	0.0000	0.0000	0.0000	1.4903	0.4081	0.1490	0.0964	0.0332	0.0000	129.44	0.03
1990-10-07	Perennial Ryegrass	0.16	351.19	0.99	1.00	0.72	1.02	6	2	5.39	650.00	0.00	23.50	16.06	0.00	0.00	0.00	0.00	0.00	0.00	0.00	0.00	0.00	0.00	0.00	0.00	0.00	0.00	0.00	0.00	0.00	0.00	0.00	0.00	0.00	0.00	0.00	0.00	12.2	13.9	14.9	23.9	40.9	52.8	158.50	0.212	0.066	0.070	0.085	0.119	0.000	0.9858	1.0000	0.2327	0.9788	1.0000	1.0000	0.00	38.43	38.43	0.00	0.00	0.00	0.00	0.00	0.00	4.16	9.63	8.65	6.49	5.23	4.27	0.0000	0.0000	0.0000	0.0000	0.0000	0.0000	0.9727	0.3848	0.1422	0.0938	0.0326	0.0000	129.82	0.03
1990-10-08	Perennial Ryegrass	0.18	389.29	0.99	1.00	0.73	1.03	6	2	5.40	650.00	0.00	8.53	5.83	0.00	0.00	0.00	0.00	0.00	0.00	0.00	0.00	0.00	0.00	0.00	0.00	0.00	0.00	0.00	0.00	0.00	0.00	0.00	0.00	0.00	0.00	0.00	0.00	19.1	16.0	14.9	23.8	40.8	52.7	167.33	0.152	0.061	0.065	0.082	0.116	0.000	0.9859	1.0000	0.2527	0.9775	1.0000	1.0000	0.00	38.32	38.32	0.00	0.00	0.00	0.00	0.00	0.00	3.67	10.01	8.66	6.48	5.23	4.27	0.0000	0.0000	0.0000	0.0000	0.0000	0.0000	0.0000	0.0000	0.0000	0.0000	0.0000	0.0000	129.92	0.03
1990-10-09	Perennial Ryegrass	0.17	378.10	0.99	1.00	0.70	1.03	6	2	5.46	650.00	0.00	61.17	41.79	0.00	0.00	0.00	0.00	0.00	0.00	0.00	0.00	0.00	0.00	0.00	0.00	0.00	0.00	0.00	0.00	0.00	0.00	0.00	0.00	0.00	0.00	0.00	0.00	17.2	16.8	14.9	23.8	40.7	52.7	166.01	0.634	0.212	0.062	0.078	0.112	0.000	0.9860	0.9698	0.7377	0.9781	1.0000	1.0000	0.00	37.55	37.55	0.00	0.00	0.00	0.00	0.00	0.00	2.97	9.98	8.65	6.46	5.23	4.26	0.0000	0.0000	0.0000	0.0000	0.0000	0.0000	0.4105	0.1578	0.0297	0.0199	0.0070	0.0000	129.83	0.03
1990-10-10	Perennial Ryegrass	0.18	405.18	0.99	1.00	0.71	1.03	6	2	5.49	650.00	0.00	38.19	26.11	0.00	0.00	0.00	0.00	0.00	0.00	0.00	0.00	0.00	0.00	0.00	0.00	0.00	0.00	0.00	0.00	0.00	0.00	0.00	0.00	0.00	0.00	0.00	0.00	20.3	19.0	15.3	23.7	40.7	52.6	171.51	0.506	0.264	0.062	0.075	0.109	0.000	0.9866	0.6019	0.4967	0.9786	1.0000	1.0000	0.00	36.04	36.04	0.00	0.00	0.00	0.00	0.00	0.00	1.86	9.52	8.79	6.41	5.21	4.25	0.0000	0.0000	0.0000	0.0000	0.0000	0.0000	0.6854	0.5490	0.0881	0.0566	0.0199	0.0000	130.47	0.03
1990-10-11	Perennial Ryegrass	0.18	401.36	0.99	1.00	0.69	1.03	6	2	5.54	650.00	0.00	54.39	37.19	0.00	0.00	0.00	0.00	0.00	0.00	0.00	0.00	0.00	0.00	0.00	0.00	0.00	0.00	0.00	0.00	0.00	0.00	0.00	0.00	0.00	0.00	0.00	0.00	19.0	19.7	16.3	23.7	40.6	52.5	171.84	0.718	0.422	0.089	0.072	0.106	0.000	0.9868	0.8358	0.5538	0.9854	1.0000	1.0000	0.01	35.26	35.26	0.00	0.00	0.00	0.00	0.00	0.00	1.32	8.86	9.23	6.39	5.20	4.25	0.0006	0.0000	0.0000	0.0000	0.0000	0.0000	0.2406	0.2957	0.0392	0.0202	0.0071	0.0000	130.52	0.03
1990-10-12	Perennial Ryegrass	0.18	390.06	0.99	1.00	0.68	1.03	6	2	5.59	650.00	0.00	49.65	33.97	0.00	0.00	0.00	0.00	0.00	0.00	0.00	0.00	0.00	0.00	0.00	0.00	0.00	0.00	0.00	0.00	0.00	0.00	0.00	0.00	0.00	0.00	0.00	0.00	17.2	19.3	16.9	23.7	40.5	52.5	170.01	0.631	0.472	0.161	0.070	0.104	0.000	0.9872	1.0000	0.6503	0.9844	1.0000	1.0000	0.01	33.53	33.54	0.01	0.00	0.00	0.00	0.00	0.00	0.75	7.63	9.37	6.35	5.18	4.24	0.0032	0.0000	0.0000	0.0000	0.0000	0.0000	0.4410	0.9090	0.1616	0.0566	0.0198	0.0000	131.04	0.03
1990-10-13	Perennial Ryegrass	0.17	383.48	0.99	1.00	0.68	1.03	6	2	5.63	650.00	0.00	49.94	34.17	0.00	0.00	0.00	0.00	0.00	0.00	0.00	0.00	0.00	0.00	0.00	0.00	0.00	0.00	0.00	0.00	0.00	0.00	0.00	0.00	0.00	0.00	0.00	0.00	16.1	18.5	16.9	23.6	40.5	52.4	167.98	0.503	0.441	0.203	0.069	0.101	0.000	0.9876	0.5678	0.5952	0.9822	1.0000	1.0000	0.02	32.79	32.81	0.01	0.00	0.00	0.00	0.00	0.00	0.67	7.04	9.33	6.33	5.17	4.24	0.0020	0.0000	0.0000	0.0000	0.0000	0.0000	0.1172	0.3849	0.0997	0.0294	0.0103	0.0000	132.00	0.03
1990-10-14	Perennial Ryegrass	0.17	378.94	0.99	1.00	0.68	1.03	6	2	5.66	650.00	0.00	44.13	30.21	0.00	0.00	0.00	0.00	0.00	0.00	0.00	0.00	0.00	0.00	0.00	0.00	0.00	0.00	0.00	0.00	0.00	0.00	0.00	0.00	0.00	0.00	0.00	0.00	15.3	17.9	16.7	23.6	40.4	52.3	166.26	0.428	0.383	0.204	0.068	0.098	0.000	0.9879	0.5199	0.5619	0.9800	1.0000	1.0000	0.01	31.28	31.30	0.01	0.00	0.00	0.00	0.00	0.00	0.47	6.11	9.06	6.27	5.15	4.23	0.0050	0.0000	0.0000	0.0000	0.0000	0.0000	0.2376	0.8182	0.2652	0.0778	0.0269	0.0000	132.84	0.03
1990-10-15	Perennial Ryegrass	0.17	373.70	0.99	1.00	0.68	1.03	6	2	5.68	650.00	0.00	32.09	21.97	0.00	0.00	0.00	0.00	0.00	0.00	0.00	0.00	0.00	0.00	0.00	0.00	0.00	0.00	0.00	0.00	0.00	0.00	0.00	0.00	0.00	0.00	0.00	0.00	15.6	17.4	16.6	23.6	40.3	52.3	165.74	0.372	0.340	0.192	0.067	0.096	0.000	0.9881	0.4169	0.8039	0.9848	1.0000	1.0000	0.02	31.01	31.03	0.02	0.00	0.00	0.00	0.00	0.01	0.42	5.94	9.01	6.26	5.14	4.23	0.0007	0.0000	0.0000	0.0000	0.0000	0.0000	0.0165	0.0813	0.0319	0.0099	0.0034	0.0000	133.43	0.03
1990-10-16	Perennial Ryegrass	0.17	361.82	0.99	1.00	0.67	1.03	6	2	5.72	650.00	0.00	44.78	30.66	0.00	0.00	0.00	0.00	0.00	0.00	0.00	0.00	0.00	0.00	0.00	0.00	0.00	0.00	0.00	0.00	0.00	0.00	0.00	0.00	0.00	0.00	0.00	0.00	14.6	16.9	16.4	23.6	40.3	52.2	163.96	0.392	0.306	0.181	0.066	0.093	0.000	0.9883	0.7468	0.4807	0.9879	1.0000	1.0000	0.02	29.76	29.77	0.01	0.00	0.00	0.00	0.00	0.01	0.26	5.24	8.73	6.19	5.11	4.23	0.0071	0.0000	0.0000	0.0000	0.0000	0.0000	0.1378	0.6242	0.2646	0.0854	0.0293	0.0000	134.08	0.03
1990-10-17	Perennial Ryegrass	0.16	349.61	0.99	1.00	0.67	1.03	6	2	5.74	650.00	0.00	25.81	17.68	0.00	0.00	0.00	0.00	0.00	0.00	0.00	0.00	0.00	0.00	0.00	0.00	0.00	0.00	0.00	0.00	0.00	0.00	0.00	0.00	0.00	0.00	0.00	0.00	13.5	16.5	16.2	23.6	40.2	52.1	162.21	0.320	0.276	0.169	0.065	0.091	0.000	0.9885	0.5531	0.4489	0.9902	1.0000	1.0000	0.03	29.26	29.29	0.02	0.00	0.00	0.00	0.00	0.01	0.20	4.97	8.61	6.16	5.10	4.22	0.0029	0.0000	0.0000	0.0000	0.0000	0.0000	0.0262	0.2034	0.0993	0.0339	0.0116	0.0000	134.55	0.03
1990-10-18	Perennial Ryegrass	0.16	343.48	0.99	1.00	0.67	1.03	6	2	5.76	650.00	0.00	24.88	17.04	0.00	0.00	0.00	0.00	0.00	0.00	0.00	0.00	0.00	0.00	0.00	0.00	0.00	0.00	0.00	0.00	0.00	0.00	0.00	0.00	0.00	0.00	0.00	0.00	12.9	16.2	16.1	23.5	40.2	52.1	160.98	0.246	0.248	0.157	0.063	0.089	0.000	0.9887	0.8163	0.2843	0.9919	1.0000	1.0000	0.03	28.64	28.66	0.02	0.00	0.00	0.00	0.00	0.01	0.16	4.62	8.44	6.11	5.08	4.22	0.0040	0.0000	0.0000	0.0000	0.0000	0.0000	0.0288	0.2809	0.1489	0.0533	0.0183	0.0000	135.00	0.03
1990-10-19	Perennial Ryegrass	0.18	386.94	0.99	1.00	0.68	1.03	6	2	5.72	650.00	0.00	-18.87	0.00	0.00	0.00	0.00	0.00	0.00	0.00	0.00	0.00	0.00	0.00	0.00	0.00	0.00	0.00	0.00	0.00	0.00	0.00	0.00	0.00	0.00	0.00	0.00	0.00	25.4	20.4	17.4	23.5	40.1	52.0	178.77	0.206	0.223	0.146	0.062	0.086	0.000	0.9888	1.0000	0.2968	0.9910	1.0000	1.0000	0.03	28.53	28.56	0.03	0.00	0.00	0.00	0.00	0.01	0.09	4.31	8.70	6.13	5.08	4.21	0.0000	0.0000	0.0000	0.0000	0.0000	0.0000	0.0000	0.0000	0.0000	0.0000	0.0000	0.0000	134.39	0.03
1990-10-20	Perennial Ryegrass	0.18	388.49	0.99	1.00	0.64	1.03	6	1	5.79	650.00	0.00	91.47	62.61	0.00	0.00	0.00	0.00	0.00	0.00	0.00	0.00	0.00	0.00	0.00	0.00	0.00	0.00	0.00	0.00	0.00	0.00	0.00	0.00	0.00	0.00	0.00	0.00	21.1	21.3	19.4	23.6	40.1	52.0	177.46	1.077	0.516	0.236	0.061	0.084	0.000	0.9885	0.8051	0.8293	0.9870	1.0000	1.0000	0.01	27.18	27.19	0.00	0.00	0.00	0.00	0.00	0.01	0.00	3.10	8.73	6.09	5.06	4.21	0.0252	0.0000	0.0000	0.0000	0.0000	0.0000	0.0692	0.7645	0.3311	0.0826	0.0278	0.0000	134.66	0.03
1990-10-21	Perennial Ryegrass	0.19	425.16	0.99	1.00	0.65	1.03	6	1	5.89	650.00	0.00	94.31	64.63	0.00	0.00	0.00	0.00	0.00	0.00	0.00	0.00	0.00	0.00	0.00	0.00	0.00	0.00	0.00	0.00	0.00	0.00	0.00	0.00	0.00	0.00	0.00	0.00	23.9	23.0	20.9	24.7	40.0	51.9	184.49	0.780	0.579	0.381	0.065	0.082	0.000	0.9890	1.0000	1.0000	0.9833	1.0000	1.0000	0.02	25.86	25.88	0.01	0.00	0.00	0.00	0.00	0.01	0.00	2.06	8.09	6.47	5.03	4.20	0.0483	0.0000	0.0000	0.0000	0.0000	0.0000	0.0050	0.6500	0.5005	0.0901	0.0276	0.0000	136.28	0.03
1990-10-22	Perennial Ryegrass	0.19	425.33	0.99	1.00	0.62	1.03	6	1	5.95	650.00	0.00	100.39	68.87	0.00	0.00	0.00	0.00	0.00	0.00	0.00	0.00	0.00	0.00	0.00	0.00	0.00	0.00	0.00	0.00	0.00	0.00	0.00	0.00	0.00	0.00	0.00	0.00	19.5	22.4	21.5	26.3	40.0	51.8	181.41	0.973	0.701	0.486	0.134	0.080	0.000	0.9896	0.6518	0.8567	0.9803	1.0000	1.0000	0.01	24.45	24.46	0.00	0.00	0.00	0.00	0.00	0.01	0.00	1.23	7.08	6.94	5.00	4.20	0.0527	0.0000	0.0000	0.0000	0.0000	0.0000	0.0050	0.6067	0.6041	0.1261	0.0274	0.0000	137.28	0.03
1990-10-23	Perennial Ryegrass	0.19	426.72	0.99	1.00	0.62	1.03	6	1	6.05	650.00	0.00	95.11	65.32	0.00	0.00	0.00	0.00	0.00	0.00	0.00	0.00	0.00	0.00	0.00	0.00	0.00	0.00	0.00	0.00	0.00	0.00	0.00	0.00	0.00	0.00	0.00	0.00	17.3	21.0	21.2	27.6	39.9	51.8	178.74	0.662	0.655	0.523	0.228	0.079	0.000	0.9900	0.8657	1.0000	0.9827	1.0000	1.0000	0.02	23.27	23.30	0.01	0.00	0.00	0.00	0.00	0.01	0.00	0.78	6.11	7.21	4.98	4.20	0.0359	0.0000	0.0000	0.0000	0.0000	0.0000	0.0029	0.3439	0.5912	0.1774	0.0274	0.0000	139.14	0.03
1990-10-24	Perennial Ryegrass	0.19	423.73	0.99	1.00	0.62	1.04	6	1	6.09	650.00	0.00	63.11	43.39	0.00	0.00	0.00	0.00	0.00	0.00	0.00	0.00	0.00	0.00	0.00	0.00	0.00	0.00	0.00	0.00	0.00	0.00	0.00	0.00	0.00	0.00	0.00	0.00	16.4	19.3	20.6	28.2	39.9	51.7	176.13	0.511	0.557	0.504	0.304	0.077	0.000	0.9906	0.4258	0.9030	0.9849	1.0000	1.0000	0.03	22.29	22.33	0.02	0.00	0.00	0.00	0.00	0.01	0.00	0.55	5.35	7.24	4.96	4.19	0.0295	0.0000	0.0000	0.0000	0.0000	0.0000	0.0026	0.1798	0.5039	0.2203	0.0273	0.0000	140.41	0.03
1990-10-25	Perennial Ryegrass	0.19	419.62	0.99	1.00	0.62	1.04	6	1	6.12	650.00	0.00	42.33	29.11	0.00	0.00	0.00	0.00	0.00	0.00	0.00	0.00	0.00	0.00	0.00	0.00	0.00	0.00	0.00	0.00	0.00	0.00	0.00	0.00	0.00	0.00	0.00	0.00	15.3	18.5	19.9	28.2	39.9	51.7	173.53	0.445	0.443	0.461	0.343	0.076	0.000	0.9909	0.5924	0.4981	0.9869	1.0000	1.0000	0.04	21.48	21.52	0.03	0.00	0.00	0.00	0.00	0.01	0.00	0.44	4.84	7.08	4.93	4.19	0.0304	0.0000	0.0000	0.0000	0.0000	0.0000	0.0033	0.0990	0.4089	0.2386	0.0272	0.0000	141.23	0.03
1990-10-26	Perennial Ryegrass	0.19	414.12	0.99	1.00	0.62	1.04	7	1	6.15	650.00	0.00	38.93	26.77	0.00	0.00	0.00	0.00	0.00	0.00	0.00	0.00	0.00	0.00	0.00	0.00	0.00	0.00	0.00	0.00	0.00	0.00	0.00	0.00	0.00	0.00	0.00	0.00	14.3	18.0	19.3	28.0	39.9	51.6	171.08	0.373	0.386	0.413	0.345	0.075	0.000	0.9910	0.4615	0.6372	0.9905	1.0000	1.0000	0.06	20.77	20.83	0.05	0.00	0.00	0.00	0.00	0.01	0.01	0.38	4.45	6.84	4.91	4.18	0.0312	0.0000	0.0000	0.0000	0.0000	0.0000	0.0044	0.0714	0.3302	0.2332	0.0270	0.0000	141.98	0.03
1990-10-27	Perennial Ryegrass	0.18	406.16	0.99	1.00	0.62	1.04	7	1	6.17	650.00	0.00	33.76	23.21	0.00	0.00	0.00	0.00	0.00	0.00	0.00	0.00	0.00	0.00	0.00	0.00	0.00	0.00	0.00	0.00	0.00	0.00	0.00	0.00	0.00	0.00	0.00	0.00	13.2	17.6	18.9	27.7	39.8	51.6	168.73	0.301	0.351	0.374	0.327	0.074	0.000	0.9912	0.5697	0.5249	0.9945	1.0000	1.0000	0.07	20.15	20.23	0.06	0.00	0.00	0.00	0.00	0.01	0.01	0.34	4.13	6.61	4.88	4.18	0.0309	0.0000	0.0000	0.0000	0.0000	0.0000	0.0055	0.0561	0.2752	0.2183	0.0268	0.0000	142.62	0.03
1990-10-28	Perennial Ryegrass	0.18	395.05	0.99	1.00	0.62	1.04	7	1	6.19	650.00	0.00	24.26	16.68	0.00	0.00	0.00	0.00	0.00	0.00	0.00	0.00	0.00	0.00	0.00	0.00	0.00	0.00	0.00	0.00	0.00	0.00	0.00	0.00	0.00	0.00	0.00	0.00	12.2	17.2	18.5	27.4	39.8	51.5	166.49	0.227	0.319	0.341	0.310	0.073	0.000	0.9913	0.7352	0.3693	0.9971	1.0000	1.0000	0.07	19.59	19.66	0.06	0.00	0.00	0.00	0.00	0.01	0.01	0.30	3.86	6.39	4.86	4.18	0.0202	0.0000	0.0000	0.0000	0.0000	0.0000	0.0046	0.0450	0.2332	0.2041	0.0266	0.0000	143.07	0.02
1990-10-29	Perennial Ryegrass	0.18	385.03	0.99	1.00	0.62	2.00	7	1	6.20	650.00	0.00	17.03	11.70	0.00	0.00	0.00	0.00	0.00	0.00	0.00	0.00	0.00	0.00	0.00	0.00	0.00	0.00	0.00	0.00	0.00	0.00	0.00	0.00	0.00	0.00	0.00	0.00	11.5	16.8	18.1	27.1	39.8	51.4	164.74	0.154	0.291	0.312	0.293	0.072	0.000	0.9914	1.0000	0.2659	0.9985	1.0000	1.0000	0.06	19.08	19.14	0.05	0.00	0.00	0.00	0.00	0.01	0.01	0.27	3.61	6.18	4.83	4.18	0.0126	0.0000	0.0000	0.0000	0.0000	0.0000	0.0035	0.0367	0.1999	0.1905	0.0263	0.0000	143.36	0.03
1990-10-30	Perennial Ryegrass	0.17	376.41	0.99	1.00	0.62	2.00	7	1	6.21	650.00	0.00	8.01	5.61	0.00	0.00	0.00	0.00	0.00	0.00	0.00	0.00	0.00	0.00	0.00	0.00	0.00	0.00	0.00	0.00	0.00	0.00	0.00	0.00	0.00	0.00	0.00	0.00	11.1	16.4	17.8	26.9	39.7	51.4	163.30	0.108	0.264	0.286	0.277	0.070	0.000	0.9915	1.0000	0.2385	0.9993	1.0000	1.0000	0.05	18.62	18.68	0.04	0.00	0.00	0.00	0.00	0.01	0.01	0.25	3.40	5.98	4.81	4.17	0.0086	0.0001	0.0000	0.0000	0.0000	0.0000	0.0029	0.0305	0.1730	0.1777	0.0260	0.0000	143.48	0.03
1990-10-31	Perennial Ryegrass	0.17	369.06	0.99	1.00	0.62	2.00	7	1	6.22	650.00	0.00	9.47	6.66	0.00	0.00	0.00	0.00	0.00	0.00	0.00	0.00	0.00	0.00	0.00	0.00	0.00	0.00	0.00	0.00	0.00	0.00	0.00	0.00	0.00	0.00	0.00	0.00	10.8	16.1	17.4	26.6	39.7	51.3	162.00	0.079	0.241	0.263	0.262	0.069	0.000	0.9915	1.0000	0.3225	0.9996	1.0000	1.0000	0.05	18.20	18.25	0.03	0.00	0.00	0.00	0.00	0.02	0.01	0.23	3.21	5.80	4.78	4.17	0.0059	0.0003	0.0000	0.0000	0.0000	0.0000	0.0015	0.0257	0.1509	0.1657	0.0257	0.0000	143.62	0.03
1990-11-01	Perennial Ryegrass	0.17	363.98	0.99	1.00	0.62	2.00	7	1	6.23	650.00	0.00	13.34	9.42	0.00	0.00	0.00	0.00	0.00	0.00	0.00	0.00	0.00	0.00	0.00	0.00	0.00	0.00	0.00	0.00	0.00	0.00	0.00	0.00	0.00	0.00	0.00	0.00	10.4	15.9	17.2	26.4	39.7	51.3	160.81	0.053	0.220	0.241	0.247	0.068	0.000	0.9915	1.0000	0.2488	0.9997	1.0000	1.0000	0.04	18.15	18.19	0.02	0.00	0.00	0.00	0.00	0.02	0.00	0.23	3.18	5.78	4.78	4.17	0.0000	0.0000	0.0000	0.0000	0.0000	0.0000	0.0000	0.0000	0.0000	0.0000	0.0000	0.0000	143.85	0.02
1990-11-02	Perennial Ryegrass	0.17	360.86	0.99	1.00	0.62	2.01	7	1	6.24	650.00	0.00	19.68	13.98	0.00	0.00	0.00	0.00	0.00	0.00	0.00	0.00	0.00	0.00	0.00	0.00	0.00	0.00	0.00	0.00	0.00	0.00	0.00	0.00	0.00	0.00	0.00	0.00	9.6	15.6	16.9	26.2	39.6	51.2	159.13	0.030	0.200	0.222	0.233	0.067	0.000	0.9916	0.9724	0.2557	0.9998	1.0000	1.0000	0.02	18.11	18.13	0.00	0.01	0.00	0.00	0.00	0.02	0.00	0.24	3.15	5.76	4.79	4.17	0.0000	0.0000	0.0000	0.0000	0.0000	0.0000	0.0000	0.0000	0.0000	0.0000	0.0000	0.0000	144.22	0.02
1990-11-03	Perennial Ryegrass	0.17	362.00	0.99	1.00	0.62	2.01	7	1	6.22	650.00	0.00	-8.08	0.00	0.00	0.00	0.00	0.00	0.00	0.00	0.00	0.00	0.00	0.00	0.00	0.00	0.00	0.00	0.00	0.00	0.00	0.00	0.00	0.00	0.00	0.00	0.00	0.00	9.0	15.4	16.7	26.0	39.6	51.2	157.79	0.000	0.182	0.205	0.220	0.065	0.000	0.9916	1.0000	0.1863	0.9998	1.0000	1.0000	0.03	18.08	18.10	0.00	0.01	0.00	0.00	0.00	0.02	0.00	0.25	3.12	5.75	4.79	4.17	0.0000	0.0000	0.0000	0.0000	0.0000	0.0000	0.0000	0.0000	0.0000	0.0000	0.0000	0.0000	143.97	0.02
1990-11-04	Perennial Ryegrass	0.18	406.78	0.99	1.00	0.63	2.01	7	1	6.22	650.00	0.00	14.15	10.16	0.00	0.00	0.00	0.00	0.00	0.00	0.00	0.00	0.00	0.00	0.00	0.00	0.00	0.00	0.00	0.00	0.00	0.00	0.00	0.00	0.00	0.00	0.00	0.00	20.4	18.6	16.6	25.8	39.6	51.1	172.01	0.000	0.165	0.189	0.208	0.064	0.000	0.9915	1.0000	0.2254	0.9998	1.0000	1.0000	0.13	17.79	17.92	0.11	0.01	0.00	0.00	0.00	0.02	0.03	0.23	3.00	5.60	4.76	4.16	0.0100	0.0008	0.0000	0.0000	0.0000	0.0000	0.0028	0.0191	0.1080	0.1394	0.0249	0.0000	144.20	0.02
1990-11-05	Perennial Ryegrass	0.18	386.38	0.99	1.00	0.60	2.01	7	1	6.25	650.00	0.00	47.73	34.48	0.00	0.00	0.00	0.00	0.00	0.00	0.00	0.00	0.00	0.00	0.00	0.00	0.00	0.00	0.00	0.00	0.00	0.00	0.00	0.00	0.00	0.00	0.00	0.00	17.4	19.0	16.9	25.6	39.5	51.1	169.54	0.726	0.389	0.183	0.196	0.063	0.000	0.9915	0.6078	0.5840	0.9998	1.0000	1.0000	0.04	17.45	17.49	0.01	0.01	0.00	0.00	0.00	0.02	0.00	0.19	2.89	5.46	4.74	4.16	0.1026	0.0019	0.0000	0.0000	0.0000	0.0000	0.0260	0.0370	0.1018	0.1323	0.0246	0.0000	143.92	0.02
1990-11-06	Perennial Ryegrass	0.17	384.48	0.99	1.00	0.60	2.01	7	1	6.26	650.00	0.00	31.12	22.65	0.00	0.00	0.00	0.00	0.00	0.00	0.00	0.00	0.00	0.00	0.00	0.00	0.00	0.00	0.00	0.00	0.00	0.00	0.00	0.00	0.00	0.00	0.00	0.00	16.1	18.4	16.9	25.4	39.5	51.0	167.31	0.517	0.422	0.204	0.186	0.062	0.000	0.9916	0.8728	0.3736	0.9998	1.0000	1.0000	0.08	17.14	17.22	0.05	0.01	0.00	0.00	0.00	0.02	0.01	0.16	2.77	5.33	4.72	4.16	0.0670	0.0023	0.0000	0.0000	0.0000	0.0000	0.0168	0.0342	0.1069	0.1262	0.0244	0.0000	144.51	0.02
1990-11-07	Perennial Ryegrass	0.17	375.50	0.99	1.00	0.61	2.01	7	1	6.26	650.00	0.00	27.58	20.27	0.00	0.00	0.00	0.00	0.00	0.00	0.00	0.00	0.00	0.00	0.00	0.00	0.00	0.00	0.00	0.00	0.00	0.00	0.00	0.00	0.00	0.00	0.00	0.00	15.1	17.8	16.7	25.3	39.5	51.0	165.37	0.425	0.377	0.201	0.176	0.060	0.000	0.9917	0.8563	0.4466	0.9999	1.0000	1.0000	0.10	16.86	16.95	0.06	0.01	0.00	0.00	0.00	0.02	0.02	0.13	2.65	5.20	4.69	4.16	0.0545	0.0023	0.0000	0.0000	0.0000	0.0000	0.0137	0.0250	0.1015	0.1203	0.0241	0.0000	145.07	0.02
1990-11-08	Perennial Ryegrass	0.17	365.00	0.99	1.00	0.61	2.01	7	1	6.25	650.00	0.00	15.62	11.60	0.00	0.00	0.00	0.00	0.00	0.00	0.00	0.00	0.00	0.00	0.00	0.00	0.00	0.00	0.00	0.00	0.00	0.00	0.00	0.00	0.00	0.00	0.00	0.00	14.3	17.3	16.6	25.1	39.5	50.9	163.70	0.359	0.335	0.191	0.167	0.059	0.000	0.9917	1.0000	0.3278	0.9999	1.0000	1.0000	0.11	16.59	16.70	0.08	0.01	0.00	0.00	0.00	0.02	0.02	0.12	2.55	5.08	4.67	4.16	0.0485	0.0023	0.0000	0.0000	0.0000	0.0000	0.0134	0.0189	0.0939	0.1147	0.0239	0.0000	145.37	0.02
1990-11-09	Perennial Ryegrass	0.17	363.64	0.99	1.00	0.62	2.01	7	1	6.25	650.00	0.00	17.26	13.00	0.00	0.00	0.00	0.00	0.00	0.00	0.00	0.00	0.00	0.00	0.00	0.00	0.00	0.00	0.00	0.00	0.00	0.00	0.00	0.00	0.00	0.00	0.00	0.00	16.2	16.9	16.4	25.0	39.4	50.9	164.81	0.304	0.300	0.180	0.158	0.058	0.000	0.9916	1.0000	0.3912	0.9999	1.0000	1.0000	0.16	16.59	16.76	0.12	0.02	0.00	0.00	0.00	0.02	0.03	0.12	2.53	5.08	4.67	4.16	0.0000	0.0000	0.0000	0.0000	0.0000	0.0000	0.0000	0.0000	0.0000	0.0000	0.0000	0.0000	145.67	0.02
1990-11-10	Perennial Ryegrass	0.16	355.59	0.99	1.00	0.62	2.01	7	1	6.26	650.00	0.00	41.77	31.89	0.00	0.00	0.00	0.00	0.00	0.00	0.00	0.00	0.00	0.00	0.00	0.00	0.00	0.00	0.00	0.00	0.00	0.00	0.00	0.00	0.00	0.00	0.00	0.00	15.9	16.6	16.3	24.9	39.4	50.8	163.94	0.432	0.275	0.169	0.150	0.057	0.000	0.9916	0.9612	0.3900	0.9999	1.0000	1.0000	0.13	16.61	16.74	0.09	0.02	0.00	0.00	0.00	0.02	0.06	0.12	2.53	5.07	4.67	4.16	0.0000	0.0000	0.0000	0.0000	0.0000	0.0000	0.0000	0.0000	0.0000	0.0000	0.0000	0.0000	146.20	0.02
1990-11-11	Perennial Ryegrass	0.16	348.91	0.99	1.00	0.62	2.02	7	1	6.27	650.00	0.00	34.49	26.56	0.00	0.00	0.00	0.00	0.00	0.00	0.00	0.00	0.00	0.00	0.00	0.00	0.00	0.00	0.00	0.00	0.00	0.00	0.00	0.00	0.00	0.00	0.00	0.00	14.7	16.3	16.1	24.7	39.4	50.8	162.07	0.416	0.255	0.158	0.142	0.056	0.000	0.9917	0.6024	0.4022	0.9998	1.0000	1.0000	0.11	16.62	16.73	0.07	0.02	0.00	0.00	0.00	0.02	0.07	0.13	2.52	5.07	4.67	4.15	0.0000	0.0000	0.0000	0.0000	0.0000	0.0000	0.0000	0.0000	0.0000	0.0000	0.0000	0.0000	146.80	0.02
1990-11-12	Perennial Ryegrass	0.16	338.97	0.99	1.00	0.62	2.02	7	1	6.26	650.00	0.00	20.64	15.98	0.00	0.00	0.00	0.00	0.00	0.00	0.00	0.00	0.00	0.00	0.00	0.00	0.00	0.00	0.00	0.00	0.00	0.00	0.00	0.00	0.00	0.00	0.00	0.00	13.5	16.0	16.0	24.6	39.3	50.7	160.20	0.331	0.232	0.148	0.135	0.055	0.000	0.9917	0.6505	0.2951	0.9998	1.0000	1.0000	0.09	16.61	16.71	0.05	0.03	0.00	0.00	0.00	0.02	0.07	0.13	2.51	5.07	4.67	4.15	0.0000	0.0000	0.0000	0.0000	0.0000	0.0000	0.0000	0.0000	0.0000	0.0000	0.0000	0.0000	147.22	0.02
1990-11-13	Perennial Ryegrass	0.15	323.56	0.99	1.00	0.63	2.02	7	1	6.25	650.00	0.00	14.52	11.34	0.00	0.00	0.00	0.00	0.00	0.00	0.00	0.00	0.00	0.00	0.00	0.00	0.00	0.00	0.00	0.00	0.00	0.00	0.00	0.00	0.00	0.00	0.00	0.00	12.3	15.7	15.8	24.5	39.3	50.7	158.42	0.246	0.210	0.138	0.128	0.054	0.000	0.9916	0.9570	0.2087	0.9998	1.0000	1.0000	0.11	16.56	16.68	0.06	0.03	0.00	0.00	0.00	0.02	0.03	0.14	2.51	5.07	4.67	4.15	0.0000	0.0000	0.0000	0.0000	0.0000	0.0000	0.0000	0.0000	0.0000	0.0000	0.0000	0.0000	147.51	0.02
1990-11-14	Perennial Ryegrass	0.15	317.90	0.99	1.00	0.64	2.02	7	1	6.16	650.00	0.00	-27.49	0.00	0.00	0.00	0.00	0.00	0.00	0.00	0.00	0.00	0.00	0.00	0.00	0.00	0.00	0.00	0.00	0.00	0.00	0.00	0.00	0.00	0.00	0.00	0.00	0.00	12.5	15.5	15.7	24.4	39.3	50.6	158.04	0.164	0.190	0.129	0.121	0.052	0.000	0.9915	1.0000	0.1160	0.9999	1.0000	1.0000	0.14	16.56	16.69	0.09	0.03	0.00	0.00	0.00	0.02	0.02	0.14	2.51	5.06	4.68	4.15	0.0000	0.0000	0.0000	0.0000	0.0000	0.0000	0.0000	0.0000	0.0000	0.0000	0.0000	0.0000	146.80	0.02
1990-11-15	Perennial Ryegrass	0.15	316.62	0.99	1.00	0.65	2.02	7	1	6.12	650.00	0.00	-1.55	0.00	0.00	0.00	0.00	0.00	0.00	0.00	0.00	0.00	0.00	0.00	0.00	0.00	0.00	0.00	0.00	0.00	0.00	0.00	0.00	0.00	0.00	0.00	0.00	0.00	14.6	15.3	15.6	24.3	39.3	50.6	159.66	0.176	0.172	0.120	0.115	0.051	0.000	0.9910	1.0000	0.3012	0.9999	1.0000	1.0000	0.15	16.36	16.51	0.09	0.03	0.00	0.00	0.00	0.02	0.03	0.14	2.44	4.96	4.65	4.15	0.0279	0.0025	0.0000	0.0000	0.0000	0.0000	0.0072	0.0121	0.0666	0.0949	0.0225	0.0000	146.50	0.02
1990-11-16	Perennial Ryegrass	0.14	299.15	0.99	1.00	0.65	2.02	7	1	6.09	650.00	0.00	12.75	10.47	0.00	0.00	0.00	0.00	0.00	0.00	0.00	0.00	0.00	0.00	0.00	0.00	0.00	0.00	0.00	0.00	0.00	0.00	0.00	0.00	0.00	0.00	0.00	0.00	13.4	15.1	15.5	24.2	39.2	50.5	157.93	0.322	0.159	0.112	0.109	0.050	0.000	0.9907	1.0000	0.1940	0.9999	1.0000	1.0000	0.14	16.18	16.31	0.09	0.03	0.00	0.00	0.00	0.02	0.03	0.13	2.37	4.87	4.63	4.15	0.0465	0.0022	0.0000	0.0000	0.0000	0.0000	0.0136	0.0111	0.0621	0.0909	0.0222	0.0000	146.34	0.02
1990-11-17	Perennial Ryegrass	0.13	286.98	0.99	1.00	0.65	2.02	6	2	6.06	650.00	0.00	1.37	1.14	0.00	0.00	0.00	0.00	0.00	0.00	0.00	0.00	0.00	0.00	0.00	0.00	0.00	0.00	0.00	0.00	0.00	0.00	0.00	0.00	0.00	0.00	0.00	0.00	12.3	14.9	15.4	24.1	39.2	50.5	156.38	0.235	0.146	0.104	0.104	0.049	0.000	0.9905	1.0000	0.1353	0.9999	1.0000	1.0000	0.10	16.01	16.11	0.05	0.02	0.00	0.00	0.00	0.03	0.03	0.13	2.31	4.78	4.61	4.15	0.0198	0.0020	0.0000	0.0000	0.0000	0.0000	0.0124	0.0102	0.0582	0.0874	0.0219	0.0000	146.31	0.02
1990-11-18	Perennial Ryegrass	0.13	281.72	0.99	1.00	0.66	2.02	6	2	6.04	650.00	0.00	7.47	6.29	0.00	0.00	0.00	0.00	0.00	0.00	0.00	0.00	0.00	0.00	0.00	0.00	0.00	0.00	0.00	0.00	0.00	0.00	0.00	0.00	0.00	0.00	0.00	0.00	11.2	14.7	15.3	24.1	39.2	50.5	154.94	0.158	0.132	0.097	0.099	0.048	0.000	0.9903	1.0000	0.1251	0.9998	1.0000	1.0000	0.07	15.84	15.91	0.02	0.02	0.00	0.00	0.00	0.03	0.03	0.13	2.25	4.69	4.59	4.15	0.0055	0.0018	0.0000	0.0000	0.0000	0.0000	0.0085	0.0093	0.0545	0.0840	0.0217	0.0000	146.44	0.02
1990-11-19	Perennial Ryegrass	0.13	275.56	0.99	1.00	0.66	2.02	6	2	6.02	650.00	0.00	10.56	8.95	0.00	0.00	0.00	0.00	0.00	0.00	0.00	0.00	0.00	0.00	0.00	0.00	0.00	0.00	0.00	0.00	0.00	0.00	0.00	0.00	0.00	0.00	0.00	0.00	10.3	14.5	15.2	24.0	39.2	50.4	153.56	0.087	0.120	0.090	0.094	0.047	0.000	0.9902	1.0000	0.1411	0.9998	1.0000	1.0000	0.05	15.65	15.70	0.01	0.02	0.00	0.00	0.00	0.03	0.00	0.12	2.20	4.61	4.57	4.15	0.0011	0.0016	0.0000	0.0000	0.0000	0.0000	0.0009	0.0085	0.0513	0.0809	0.0214	0.0000	146.65	0.02
1990-11-20	Perennial Ryegrass	0.13	275.39	0.99	1.00	0.67	2.02	6	2	5.97	650.00	0.00	-8.07	0.00	0.00	0.00	0.00	0.00	0.00	0.00	0.00	0.00	0.00	0.00	0.00	0.00	0.00	0.00	0.00	0.00	0.00	0.00	0.00	0.00	0.00	0.00	0.00	0.00	9.6	14.4	15.1	23.9	39.1	50.4	152.48	0.018	0.108	0.084	0.089	0.046	0.000	0.9900	1.0000	0.1094	0.9998	1.0000	1.0000	0.05	15.49	15.54	0.00	0.02	0.00	0.00	0.00	0.03	0.00	0.12	2.15	4.53	4.55	4.14	0.0000	0.0014	0.0000	0.0000	0.0000	0.0000	0.0000	0.0078	0.0484	0.0780	0.0211	0.0000	146.40	0.02
1990-11-21	Perennial Ryegrass	0.13	276.87	0.99	1.00	0.68	2.03	6	2	5.89	650.00	0.00	-28.54	0.00	0.00	0.00	0.00	0.00	0.00	0.00	0.00	0.00	0.00	0.00	0.00	0.00	0.00	0.00	0.00	0.00	0.00	0.00	0.00	0.00	0.00	0.00	0.00	0.00	8.8	14.2	15.0	23.8	39.1	50.3	151.35	0.000	0.097	0.078	0.085	0.046	0.000	0.9897	1.0000	0.0776	0.9999	1.0000	1.0000	0.05	15.34	15.39	0.00	0.02	0.00	0.00	0.00	0.03	0.00	0.11	2.10	4.46	4.53	4.14	0.0000	0.0013	0.0000	0.0000	0.0000	0.0000	0.0000	0.0072	0.0456	0.0751	0.0208	0.0000	145.68	0.02
1990-11-22	Perennial Ryegrass	0.13	278.38	0.99	1.00	0.69	2.03	6	2	5.80	650.00	0.00	-28.07	0.00	0.00	0.00	0.00	0.00	0.00	0.00	0.00	0.00	0.00	0.00	0.00	0.00	0.00	0.00	0.00	0.00	0.00	0.00	0.00	0.00	0.00	0.00	0.00	0.00	7.8	14.1	15.0	23.8	39.1	50.3	149.99	0.000	0.087	0.072	0.080	0.045	0.000	0.9890	1.0000	0.0503	0.9999	1.0000	1.0000	0.04	15.20	15.25	0.00	0.02	0.00	0.00	0.00	0.03	0.00	0.11	2.06	4.38	4.51	4.14	0.0000	0.0011	0.0000	0.0000	0.0000	0.0000	0.0000	0.0067	0.0430	0.0722	0.0205	0.0000	144.95	0.02
1990-11-23	Perennial Ryegrass	0.13	279.93	0.99	1.00	0.70	2.03	6	2	5.72	650.00	0.00	-27.89	0.00	0.00	0.00	0.00	0.00	0.00	0.00	0.00	0.00	0.00	0.00	0.00	0.00	0.00	0.00	0.00	0.00	0.00	0.00	0.00	0.00	0.00	0.00	0.00	0.00	6.9	13.9	14.9	23.7	39.1	50.2	148.71	0.000	0.076	0.067	0.077	0.044	0.000	0.9883	1.0000	0.0458	0.9998	1.0000	1.0000	0.04	15.07	15.11	0.00	0.02	0.00	0.00	0.00	0.03	0.00	0.11	2.01	4.31	4.49	4.14	0.0000	0.0010	0.0000	0.0000	0.0000	0.0000	0.0000	0.0061	0.0405	0.0694	0.0202	0.0000	144.24	0.02
1990-11-24	Perennial Ryegrass	0.13	281.52	0.99	1.00	0.71	2.03	6	2	5.66	650.00	0.00	-14.20	0.00	0.00	0.00	0.00	0.00	0.00	0.00	0.00	0.00	0.00	0.00	0.00	0.00	0.00	0.00	0.00	0.00	0.00	0.00	0.00	0.00	0.00	0.00	0.00	0.00	5.9	13.8	14.8	23.7	39.1	50.2	147.45	0.000	0.066	0.062	0.073	0.043	0.000	0.9876	1.0000	0.0631	0.9998	1.0000	1.0000	0.04	14.94	14.98	0.00	0.02	0.00	0.00	0.00	0.03	0.00	0.11	1.97	4.25	4.47	4.14	0.0000	0.0009	0.0000	0.0000	0.0000	0.0000	0.0000	0.0057	0.0383	0.0668	0.0198	0.0000	143.83	0.02
1990-11-25	Perennial Ryegrass	0.13	283.13	0.99	1.00	0.71	2.03	6	2	5.61	650.00	0.00	-10.92	0.00	0.00	0.00	0.00	0.00	0.00	0.00	0.00	0.00	0.00	0.00	0.00	0.00	0.00	0.00	0.00	0.00	0.00	0.00	0.00	0.00	0.00	0.00	0.00	0.00	5.0	13.7	14.8	23.6	39.0	50.1	146.18	0.000	0.057	0.058	0.069	0.042	0.000	0.9871	1.0000	0.0716	0.9998	1.0000	1.0000	0.04	14.81	14.85	0.00	0.01	0.00	0.00	0.00	0.03	0.00	0.11	1.94	4.18	4.45	4.14	0.0000	0.0007	0.0000	0.0000	0.0000	0.0000	0.0000	0.0053	0.0364	0.0646	0.0195	0.0000	143.51	0.02
1990-11-26	Perennial Ryegrass	0.13	284.78	0.99	1.00	0.72	2.03	6	2	5.50	650.00	0.00	-33.37	0.00	0.00	0.00	0.00	0.00	0.00	0.00	0.00	0.00	0.00	0.00	0.00	0.00	0.00	0.00	0.00	0.00	0.00	0.00	0.00	0.00	0.00	0.00	0.00	0.00	4.0	13.5	14.7	23.6	39.0	50.1	144.93	0.000	0.047	0.053	0.066	0.041	0.000	0.9866	1.0000	0.0465	0.9999	1.0000	1.0000	0.04	14.69	14.73	0.00	0.01	0.00	0.00	0.00	0.03	0.00	0.10	1.90	4.12	4.43	4.14	0.0000	0.0006	0.0000	0.0000	0.0000	0.0000	0.0000	0.0049	0.0346	0.0625	0.0193	0.0000	142.67	0.02
1990-11-27	Perennial Ryegrass	0.13	286.48	0.98	1.00	0.73	2.03	6	2	5.39	650.00	0.00	-36.38	0.00	0.00	0.00	0.00	0.00	0.00	0.00	0.00	0.00	0.00	0.00	0.00	0.00	0.00	0.00	0.00	0.00	0.00	0.00	0.00	0.00	0.00	0.00	0.00	0.00	3.1	13.4	14.6	23.5	39.0	50.1	143.70	0.000	0.038	0.049	0.063	0.040	0.000	0.9856	1.0000	0.0467	0.9999	1.0000	1.0000	0.04	14.58	14.62	0.00	0.01	0.00	0.00	0.00	0.03	0.00	0.10	1.87	4.06	4.42	4.14	0.0000	0.0005	0.0000	0.0000	0.0000	0.0000	0.0000	0.0046	0.0329	0.0602	0.0189	0.0000	141.76	0.02
1990-11-28	Perennial Ryegrass	0.13	288.25	0.98	1.00	0.74	2.03	6	2	5.27	650.00	0.00	-39.52	0.00	0.00	0.00	0.00	0.00	0.00	0.00	0.00	0.00	0.00	0.00	0.00	0.00	0.00	0.00	0.00	0.00	0.00	0.00	0.00	0.00	0.00	0.00	0.00	0.00	2.3	13.3	14.6	23.5	39.0	50.0	142.64	0.000	0.029	0.045	0.060	0.040	0.000	0.9844	1.0000	0.0434	0.9999	1.0000	1.0000	0.04	14.46	14.50	0.00	0.01	0.00	0.00	0.00	0.03	0.00	0.10	1.83	4.00	4.40	4.13	0.0000	0.0005	0.0000	0.0000	0.0000	0.0000	0.0000	0.0042	0.0312	0.0581	0.0186	0.0000	140.78	0.02
1990-11-29	Perennial Ryegrass	0.14	290.11	0.98	1.00	0.76	2.04	5	2	5.11	650.00	0.00	-52.72	0.00	0.00	0.00	0.00	0.00	0.00	0.00	0.00	0.00	0.00	0.00	0.00	0.00	0.00	0.00	0.00	0.00	0.00	0.00	0.00	0.00	0.00	0.00	0.00	0.00	2.3	13.2	14.6	23.4	39.0	50.0	142.38	0.000	0.021	0.042	0.057	0.039	0.000	0.9829	1.0000	0.0253	1.0000	1.0000	1.0000	0.04	14.36	14.40	0.00	0.01	0.00	0.00	0.00	0.03	0.00	0.10	1.80	3.94	4.38	4.13	0.0000	0.0004	0.0000	0.0000	0.0000	0.0000	0.0000	0.0039	0.0297	0.0560	0.0183	0.0000	139.50	0.02
1990-11-30	Perennial Ryegrass	0.14	292.07	0.98	1.00	0.77	2.04	5	2	4.98	650.00	0.00	-43.10	0.00	0.00	0.00	0.00	0.00	0.00	0.00	0.00	0.00	0.00	0.00	0.00	0.00	0.00	0.00	0.00	0.00	0.00	0.00	0.00	0.00	0.00	0.00	0.00	0.00	2.3	13.1	14.5	23.4	38.9	49.9	142.14	0.000	0.013	0.039	0.055	0.038	0.000	0.9809	1.0000	0.0293	1.0000	1.0000	1.0000	0.04	14.25	14.29	0.00	0.01	0.00	0.00	0.00	0.03	0.00	0.10	1.77	3.89	4.36	4.13	0.0000	0.0004	0.0000	0.0000	0.0000	0.0000	0.0000	0.0035	0.0282	0.0539	0.0179	0.0000	138.43	0.02
1990-12-01	Perennial Ryegrass	0.14	294.14	0.98	0.99	0.78	2.04	5	2	4.85	650.00	0.00	-47.54	0.00	0.00	0.00	0.00	0.00	0.00	0.00	0.00	0.00	0.00	0.00	0.00	0.00	0.00	0.00	0.00	0.00	0.00	0.00	0.00	0.00	0.00	0.00	0.00	0.00	2.3	13.0	14.5	23.3	38.9	49.9	141.91	0.000	0.006	0.036	0.052	0.037	0.000	0.9790	1.0000	0.0214	1.0000	1.0000	1.0000	0.04	14.15	14.19	0.00	0.01	0.00	0.00	0.00	0.03	0.00	0.09	1.75	3.83	4.35	4.13	0.0000	0.0004	0.0000	0.0000	0.0000	0.0000	0.0000	0.0033	0.0269	0.0520	0.0175	0.0000	137.27	0.02
1990-12-02	Perennial Ryegrass	0.15	318.69	0.97	0.99	0.79	2.04	5	2	4.71	650.00	0.00	-46.01	0.00	0.00	0.00	0.00	0.00	0.00	0.00	0.00	0.00	0.00	0.00	0.00	0.00	0.00	0.00	0.00	0.00	0.00	0.00	0.00	0.00	0.00	0.00	0.00	0.00	4.3	13.0	14.4	23.3	38.9	49.9	143.77	0.000	0.000	0.033	0.050	0.037	0.000	0.9768	1.0000	0.0301	1.0000	1.0000	1.0000	0.04	14.06	14.10	0.00	0.01	0.00	0.00	0.00	0.03	0.00	0.09	1.72	3.78	4.33	4.13	0.0000	0.0003	0.0000	0.0000	0.0000	0.0000	0.0000	0.0031	0.0256	0.0501	0.0172	0.0000	136.14	0.02
1990-12-03	Perennial Ryegrass	0.18	408.71	0.97	0.99	0.81	2.04	5	2	4.58	650.00	0.00	-40.72	0.00	0.00	0.00	0.00	0.00	0.00	0.00	0.00	0.00	0.00	0.00	0.00	0.00	0.00	0.00	0.00	0.00	0.00	0.00	0.00	0.00	0.00	0.00	0.00	0.00	24.6	18.9	14.5	23.3	38.9	49.8	169.92	0.000	0.001	0.030	0.048	0.036	0.000	0.9742	1.0000	0.0458	1.0000	1.0000	1.0000	0.20	14.06	14.26	0.16	0.02	0.00	0.00	0.00	0.03	0.08	0.10	1.70	3.73	4.31	4.14	0.0014	0.0007	0.0000	0.0000	0.0000	0.0000	0.0007	0.0032	0.0244	0.0483	0.0168	0.0000	134.47	0.02
1990-12-04	Perennial Ryegrass	0.17	374.19	0.97	0.99	0.78	2.04	5	2	4.55	650.00	0.00	35.09	33.00	0.00	0.00	0.00	0.00	0.00	0.00	0.00	0.00	0.00	0.00	0.00	0.00	0.00	0.00	0.00	0.00	0.00	0.00	0.00	0.00	0.00	0.00	0.00	0.00	19.6	20.1	15.9	23.2	38.9	49.8	167.42	1.019	0.411	0.038	0.046	0.035	0.000	0.9716	0.5632	0.4824	1.0000	1.0000	1.0000	0.05	13.90	13.95	0.00	0.02	0.00	0.00	0.00	0.03	0.00	0.10	1.68	3.69	4.30	4.14	0.1486	0.0042	0.0000	0.0000	0.0000	0.0000	0.0950	0.0171	0.0251	0.0467	0.0165	0.0000	132.83	0.02
1990-12-05	Perennial Ryegrass	0.17	376.61	0.97	0.99	0.79	2.05	5	2	4.50	650.00	0.00	22.09	20.82	0.00	0.00	0.00	0.00	0.00	0.00	0.00	0.00	0.00	0.00	0.00	0.00	0.00	0.00	0.00	0.00	0.00	0.00	0.00	0.00	0.00	0.00	0.00	0.00	16.7	19.6	16.8	23.2	38.9	49.7	164.87	0.669	0.496	0.132	0.045	0.035	0.000	0.9706	0.6084	0.3052	1.0000	1.0000	1.0000	0.10	13.82	13.93	0.05	0.02	0.00	0.00	0.00	0.03	0.03	0.08	1.64	3.65	4.28	4.14	0.1107	0.0059	0.0000	0.0000	0.0000	0.0000	0.0531	0.0199	0.0416	0.0458	0.0163	0.0000	133.24	0.02
1990-12-06	Perennial Ryegrass	0.17	364.68	0.97	0.99	0.80	2.05	5	2	4.44	650.00	0.00	16.27	15.36	0.00	0.00	0.00	0.00	0.00	0.00	0.00	0.00	0.00	0.00	0.00	0.00	0.00	0.00	0.00	0.00	0.00	0.00	0.00	0.00	0.00	0.00	0.00	0.00	15.3	18.5	16.9	23.2	38.8	49.7	162.49	0.468	0.460	0.194	0.045	0.034	0.000	0.9692	0.6628	0.2733	1.0000	1.0000	1.0000	0.15	13.73	13.87	0.09	0.03	0.00	0.00	0.00	0.03	0.05	0.08	1.59	3.60	4.27	4.14	0.0717	0.0058	0.0001	0.0000	0.0000	0.0000	0.0345	0.0165	0.0522	0.0451	0.0161	0.0000	133.60	0.02
1990-12-07	Perennial Ryegrass	0.16	342.50	0.97	0.99	0.81	2.05	5	2	4.38	650.00	0.00	12.34	11.67	0.00	0.00	0.00	0.00	0.00	0.00	0.00	0.00	0.00	0.00	0.00	0.00	0.00	0.00	0.00	0.00	0.00	0.00	0.00	0.00	0.00	0.00	0.00	0.00	14.0	17.9	16.7	23.2	38.8	49.7	160.28	0.371	0.387	0.202	0.045	0.033	0.000	0.9675	0.8730	0.2038	1.0000	1.0000	1.0000	0.17	13.63	13.81	0.11	0.03	0.00	0.00	0.00	0.03	0.06	0.08	1.53	3.56	4.25	4.14	0.0578	0.0050	0.0001	0.0000	0.0000	0.0000	0.0301	0.0131	0.0519	0.0445	0.0160	0.0000	133.85	0.02
1990-12-08	Perennial Ryegrass	0.15	322.12	0.96	0.99	0.82	2.05	5	2	4.31	650.00	0.00	7.34	6.96	0.00	0.00	0.00	0.00	0.00	0.00	0.00	0.00	0.00	0.00	0.00	0.00	0.00	0.00	0.00	0.00	0.00	0.00	0.00	0.00	0.00	0.00	0.00	0.00	12.8	17.3	16.6	23.2	38.8	49.6	158.34	0.278	0.341	0.190	0.045	0.033	0.000	0.9656	1.0000	0.1518	1.0000	1.0000	1.0000	0.18	13.63	13.81	0.11	0.03	0.01	0.00	0.00	0.03	0.10	0.09	1.51	3.54	4.24	4.15	0.0157	0.0023	0.0001	0.0000	0.0000	0.0000	0.0136	0.0057	0.0230	0.0210	0.0076	0.0000	133.96	0.02
1990-12-09	Perennial Ryegrass	0.14	304.80	0.96	0.99	0.83	2.05	5	3	4.26	650.00	0.00	15.77	14.98	0.00	0.00	0.00	0.00	0.00	0.00	0.00	0.00	0.00	0.00	0.00	0.00	0.00	0.00	0.00	0.00	0.00	0.00	0.00	0.00	0.00	0.00	0.00	0.00	11.7	16.9	16.4	23.2	38.8	49.6	156.57	0.196	0.303	0.179	0.045	0.032	0.000	0.9634	0.6950	0.2452	1.0000	1.0000	1.0000	0.11	13.67	13.78	0.04	0.04	0.01	0.00	0.00	0.03	0.11	0.11	1.51	3.54	4.25	4.15	0.0000	0.0000	0.0000	0.0000	0.0000	0.0000	0.0000	0.0000	0.0000	0.0000	0.0000	0.0000	134.29	0.02
1990-12-10	Perennial Ryegrass	0.17	383.29	0.96	0.99	0.85	2.05	4	3	4.23	650.00	0.00	16.47	15.67	0.00	0.00	0.00	0.00	0.00	0.00	0.00	0.00	0.00	0.00	0.00	0.00	0.00	0.00	0.00	0.00	0.00	0.00	0.00	0.00	0.00	0.00	0.00	0.00	22.0	19.6	17.1	23.2	38.8	49.5	170.17	0.121	0.270	0.167	0.044	0.032	0.000	0.9618	0.7616	0.2352	1.0000	1.0000	1.0000	0.20	13.57	13.77	0.12	0.04	0.01	0.00	0.00	0.03	0.08	0.13	1.48	3.50	4.23	4.15	0.0219	0.0046	0.0003	0.0000	0.0000	0.0000	0.0149	0.0137	0.0431	0.0431	0.0155	0.0000	134.60	0.02
1990-12-11	Perennial Ryegrass	0.17	369.63	0.96	0.99	0.82	2.05	4	2	4.23	650.00	0.00	44.00	41.87	0.00	0.00	0.00	0.00	0.00	0.00	0.00	0.00	0.00	0.00	0.00	0.00	0.00	0.00	0.00	0.00	0.00	0.00	0.00	0.00	0.00	0.00	0.00	0.00	18.2	19.9	18.0	23.3	38.8	49.5	167.64	0.837	0.463	0.214	0.044	0.031	0.000	0.9608	0.5256	0.4280	1.0000	1.0000	1.0000	0.09	13.40	13.49	0.01	0.04	0.01	0.00	0.00	0.03	0.01	0.12	1.43	3.46	4.22	4.15	0.0880	0.0083	0.0004	0.0000	0.0000	0.0000	0.1004	0.0248	0.0503	0.0426	0.0154	0.0000	133.11	0.02
1990-12-12	Perennial Ryegrass	0.17	368.14	0.96	0.99	0.83	2.06	4	2	4.22	650.00	0.00	31.83	30.29	0.00	0.00	0.00	0.00	0.00	0.00	0.00	0.00	0.00	0.00	0.00	0.00	0.00	0.00	0.00	0.00	0.00	0.00	0.00	0.00	0.00	0.00	0.00	0.00	16.3	19.0	18.3	23.3	38.8	49.5	165.14	0.573	0.484	0.281	0.046	0.031	0.000	0.9604	0.6149	0.2711	1.0000	1.0000	1.0000	0.14	13.28	13.43	0.06	0.04	0.01	0.00	0.00	0.03	0.02	0.10	1.38	3.43	4.20	4.15	0.0755	0.0085	0.0006	0.0000	0.0000	0.0000	0.0233	0.0231	0.0610	0.0423	0.0152	0.0000	133.76	0.02
1990-12-13	Perennial Ryegrass	0.16	355.22	0.96	0.99	0.83	2.06	4	3	4.20	650.00	0.00	27.30	25.99	0.00	0.00	0.00	0.00	0.00	0.00	0.00	0.00	0.00	0.00	0.00	0.00	0.00	0.00	0.00	0.00	0.00	0.00	0.00	0.00	0.00	0.00	0.00	0.00	15.0	18.3	18.0	23.3	38.7	49.4	162.81	0.444	0.419	0.301	0.048	0.030	0.000	0.9597	0.4607	0.3450	1.0000	1.0000	1.0000	0.16	13.16	13.32	0.08	0.04	0.02	0.00	0.00	0.03	0.02	0.10	1.31	3.39	4.19	4.16	0.0519	0.0069	0.0008	0.0000	0.0000	0.0000	0.0139	0.0172	0.0621	0.0421	0.0151	0.0000	134.42	0.02
1990-12-14	Perennial Ryegrass	0.16	340.47	0.96	0.99	0.84	2.06	4	3	4.17	650.00	0.00	20.51	19.53	0.00	0.00	0.00	0.00	0.00	0.00	0.00	0.00	0.00	0.00	0.00	0.00	0.00	0.00	0.00	0.00	0.00	0.00	0.00	0.00	0.00	0.00	0.00	0.00	13.8	17.7	17.7	23.3	38.7	49.4	160.61	0.353	0.371	0.279	0.049	0.030	0.000	0.9588	0.6709	0.2036	1.0000	1.0000	1.0000	0.17	13.06	13.23	0.08	0.04	0.02	0.00	0.00	0.03	0.03	0.09	1.26	3.35	4.17	4.16	0.0393	0.0061	0.0008	0.0000	0.0000	0.0000	0.0112	0.0139	0.0553	0.0418	0.0149	0.0000	134.89	0.02
1990-12-15	Perennial Ryegrass	0.15	326.35	0.96	0.99	0.84	2.06	4	3	4.14	650.00	0.00	16.64	15.85	0.00	0.00	0.00	0.00	0.00	0.00	0.00	0.00	0.00	0.00	0.00	0.00	0.00	0.00	0.00	0.00	0.00	0.00	0.00	0.00	0.00	0.00	0.00	0.00	12.6	17.2	17.4	23.3	38.7	49.3	158.61	0.263	0.331	0.257	0.050	0.029	0.000	0.9576	0.6472	0.2018	1.0000	1.0000	1.0000	0.16	12.96	13.12	0.07	0.04	0.02	0.00	0.00	0.03	0.03	0.09	1.21	3.31	4.16	4.16	0.0234	0.0056	0.0008	0.0000	0.0000	0.0000	0.0104	0.0119	0.0494	0.0413	0.0148	0.0000	135.24	0.02
1990-12-16	Perennial Ryegrass	0.14	310.18	0.95	0.99	0.85	2.06	4	3	4.09	650.00	0.00	14.30	13.63	0.00	0.00	0.00	0.00	0.00	0.00	0.00	0.00	0.00	0.00	0.00	0.00	0.00	0.00	0.00	0.00	0.00	0.00	0.00	0.00	0.00	0.00	0.00	0.00	11.5	16.8	17.1	23.3	38.7	49.3	156.76	0.181	0.297	0.237	0.050	0.029	0.000	0.9563	0.8719	0.1876	1.0000	1.0000	1.0000	0.15	12.86	13.01	0.06	0.04	0.02	0.00	0.00	0.03	0.02	0.09	1.17	3.27	4.15	4.16	0.0130	0.0052	0.0008	0.0000	0.0000	0.0000	0.0041	0.0108	0.0443	0.0408	0.0146	0.0000	135.53	0.02
1990-12-17	Perennial Ryegrass	0.14	299.88	0.95	0.99	0.86	2.06	4	3	4.03	650.00	0.00	7.46	7.12	0.00	0.00	0.00	0.00	0.00	0.00	0.00	0.00	0.00	0.00	0.00	0.00	0.00	0.00	0.00	0.00	0.00	0.00	0.00	0.00	0.00	0.00	0.00	0.00	10.5	16.4	16.9	23.3	38.7	49.3	155.13	0.103	0.267	0.218	0.050	0.028	0.000	0.9543	1.0000	0.1522	1.0000	1.0000	1.0000	0.13	12.77	12.89	0.03	0.05	0.02	0.00	0.00	0.03	0.01	0.10	1.14	3.24	4.13	4.16	0.0047	0.0050	0.0008	0.0000	0.0000	0.0000	0.0009	0.0103	0.0401	0.0402	0.0145	0.0000	135.61	0.02
1990-12-18	Perennial Ryegrass	0.14	297.08	0.95	0.99	0.86	2.06	4	3	3.92	650.00	0.00	-23.22	0.00	0.00	0.00	0.00	0.00	0.00	0.00	0.00	0.00	0.00	0.00	0.00	0.00	0.00	0.00	0.00	0.00	0.00	0.00	0.00	0.00	0.00	0.00	0.00	0.00	9.4	16.1	16.6	23.3	38.7	49.2	153.38	0.037	0.240	0.201	0.050	0.028	0.000	0.9522	1.0000	0.0813	1.0000	1.0000	1.0000	0.10	12.69	12.79	0.00	0.05	0.02	0.00	0.00	0.03	0.00	0.11	1.11	3.20	4.12	4.16	0.0000	0.0048	0.0008	0.0000	0.0000	0.0000	0.0000	0.0103	0.0364	0.0395	0.0143	0.0000	135.01	0.02
1990-12-19	Perennial Ryegrass	0.14	311.38	0.95	0.99	0.87	2.07	4	3	3.89	650.00	0.00	9.26	8.86	0.00	0.00	0.00	0.00	0.00	0.00	0.00	0.00	0.00	0.00	0.00	0.00	0.00	0.00	0.00	0.00	0.00	0.00	0.00	0.00	0.00	0.00	0.00	0.00	10.0	15.8	16.4	23.3	38.7	49.2	153.37	0.000	0.216	0.185	0.050	0.027	0.000	0.9480	1.0000	0.3334	1.0000	1.0000	1.0000	0.11	12.62	12.73	0.00	0.05	0.03	0.00	0.00	0.03	0.00	0.12	1.08	3.16	4.10	4.16	0.0000	0.0045	0.0008	0.0000	0.0000	0.0000	0.0000	0.0101	0.0331	0.0386	0.0141	0.0000	135.10	0.02
1990-12-20	Perennial Ryegrass	0.15	314.82	0.94	0.99	0.87	2.07	4	3	3.82	650.00	0.00	-7.50	0.00	0.00	0.00	0.00	0.00	0.00	0.00	0.00	0.00	0.00	0.00	0.00	0.00	0.00	0.00	0.00	0.00	0.00	0.00	0.00	0.00	0.00	0.00	0.00	0.00	8.8	15.5	16.2	23.3	38.7	49.2	151.70	0.000	0.196	0.170	0.049	0.027	0.000	0.9465	1.0000	0.0816	1.0000	1.0000	1.0000	0.11	12.56	12.67	0.00	0.05	0.03	0.00	0.00	0.03	0.00	0.13	1.06	3.12	4.09	4.16	0.0000	0.0042	0.0008	0.0000	0.0000	0.0000	0.0000	0.0102	0.0304	0.0379	0.0140	0.0000	134.51	0.02
1990-12-21	Perennial Ryegrass	0.15	318.35	0.94	0.99	0.88	2.07	4	3	3.77	650.00	0.00	8.07	7.73	0.00	0.00	0.00	0.00	0.00	0.00	0.00	0.00	0.00	0.00	0.00	0.00	0.00	0.00	0.00	0.00	0.00	0.00	0.00	0.00	0.00	0.00	0.00	0.00	8.0	15.2	16.1	23.3	38.6	49.1	150.33	0.000	0.176	0.156	0.048	0.026	0.000	0.9432	0.9900	0.1373	1.0000	1.0000	1.0000	0.11	12.50	12.61	0.00	0.05	0.03	0.00	0.00	0.03	0.00	0.14	1.04	3.09	4.08	4.16	0.0000	0.0038	0.0007	0.0000	0.0000	0.0000	0.0000	0.0101	0.0280	0.0371	0.0138	0.0000	134.57	0.02
1990-12-22	Perennial Ryegrass	0.15	321.93	0.94	0.99	0.88	2.07	4	3	3.67	650.00	0.00	-22.25	0.00	0.00	0.00	0.00	0.00	0.00	0.00	0.00	0.00	0.00	0.00	0.00	0.00	0.00	0.00	0.00	0.00	0.00	0.00	0.00	0.00	0.00	0.00	0.00	0.00	7.2	15.0	15.9	23.3	38.6	49.1	149.09	0.000	0.157	0.144	0.047	0.026	0.000	0.9408	1.0000	0.0763	1.0000	1.0000	1.0000	0.10	12.45	12.55	0.00	0.05	0.03	0.00	0.00	0.03	0.00	0.15	1.02	3.05	4.07	4.16	0.0000	0.0034	0.0007	0.0000	0.0000	0.0000	0.0000	0.0099	0.0259	0.0364	0.0137	0.0000	133.98	0.02
1990-12-23	Perennial Ryegrass	0.15	325.58	0.93	0.99	0.89	2.07	4	3	3.60	650.00	0.00	-14.07	0.00	0.00	0.00	0.00	0.00	0.00	0.00	0.00	0.00	0.00	0.00	0.00	0.00	0.00	0.00	0.00	0.00	0.00	0.00	0.00	0.00	0.00	0.00	0.00	0.00	6.1	14.8	15.7	23.2	38.6	49.1	147.57	0.000	0.140	0.132	0.046	0.025	0.000	0.9363	1.0000	0.0514	1.0000	1.0000	1.0000	0.10	12.39	12.49	0.00	0.05	0.03	0.00	0.00	0.03	0.00	0.15	1.00	3.02	4.05	4.16	0.0000	0.0030	0.0007	0.0000	0.0000	0.0000	0.0000	0.0094	0.0239	0.0354	0.0135	0.0000	133.53	0.02
1990-12-24	Perennial Ryegrass	0.15	329.30	0.93	0.99	0.89	2.07	4	3	3.56	650.00	0.00	-0.48	0.00	0.00	0.00	0.00	0.00	0.00	0.00	0.00	0.00	0.00	0.00	0.00	0.00	0.00	0.00	0.00	0.00	0.00	0.00	0.00	0.00	0.00	0.00	0.00	0.00	5.2	14.5	15.6	23.2	38.6	49.0	146.22	0.000	0.123	0.121	0.045	0.025	0.000	0.9325	1.0000	0.0579	1.0000	1.0000	1.0000	0.10	12.33	12.43	0.00	0.04	0.03	0.00	0.00	0.03	0.00	0.16	0.98	2.99	4.04	4.16	0.0000	0.0026	0.0006	0.0000	0.0000	0.0000	0.0000	0.0090	0.0222	0.0346	0.0133	0.0000	133.36	0.02
1990-12-25	Perennial Ryegrass	0.15	333.05	0.89	0.99	0.89	3.00	4	3	3.49	650.00	0.00	-10.87	0.00	0.00	0.00	0.00	0.00	0.00	0.00	0.00	0.00	0.00	0.00	0.00	0.00	0.00	0.00	0.00	0.00	0.00	0.00	0.00	0.00	0.00	0.00	0.00	0.00	4.6	14.3	15.5	23.2	38.6	49.0	145.21	0.000	0.108	0.112	0.043	0.025	0.000	0.9303	1.0000	0.0552	1.0000	1.0000	1.0000	0.10	12.27	12.37	0.00	0.04	0.03	0.00	0.00	0.03	0.00	0.16	0.97	2.95	4.03	4.16	0.0000	0.0022	0.0006	0.0000	0.0000	0.0000	0.0000	0.0085	0.0207	0.0339	0.0132	0.0000	133.54	0.02
1990-12-26	Perennial Ryegrass	0.16	336.86	0.84	0.99	0.93	3.00	3	4	2.96	650.00	0.00	4.43	3.46	0.00	0.00	0.00	0.00	0.00	0.00	0.00	0.00	0.00	0.00	0.00	0.00	0.00	0.00	0.00	0.00	0.00	0.00	0.00	0.00	0.00	0.00	0.00	0.00	4.1	14.1	15.3	23.2	38.6	49.0	144.27	0.000	0.093	0.103	0.042	0.024	0.000	0.8873	0.3211	0.0463	1.0000	1.0000	1.0000	0.09	12.22	12.31	0.00	0.04	0.03	0.00	0.00	0.03	0.00	0.17	0.95	2.92	4.02	4.16	0.0000	0.0019	0.0005	0.0000	0.0000	0.0000	0.0000	0.0081	0.0194	0.0331	0.0130	0.0000	132.83	0.02
1990-12-27	Perennial Ryegrass	0.16	341.27	0.79	0.99	0.95	3.00	3	4	2.46	650.00	0.00	5.59	4.51	0.00	0.00	0.00	0.00	0.00	0.00	0.00	0.00	0.00	0.00	0.00	0.00	0.00	0.00	0.00	0.00	0.00	0.00	0.00	0.00	0.00	0.00	0.00	0.00	3.5	14.0	15.2	23.2	38.6	48.9	143.41	0.000	0.080	0.094	0.041	0.024	0.000	0.8426	0.4922	0.0738	1.0000	1.0000	1.0000	0.09	12.16	12.25	0.00	0.03	0.02	0.00	0.00	0.03	0.00	0.17	0.94	2.89	4.00	4.16	0.0000	0.0016	0.0005	0.0000	0.0000	0.0000	0.0000	0.0077	0.0183	0.0325	0.0129	0.0000	132.80	0.02
1990-12-28	Perennial Ryegrass	0.16	346.23	0.71	0.99	0.96	3.00	2	5	1.99	650.00	0.00	3.00	2.50	0.00	0.00	0.00	0.00	0.00	0.00	0.00	0.00	0.00	0.00	0.00	0.00	0.00	0.00	0.00	0.00	0.00	0.00	0.00	0.00	0.00	0.00	0.00	0.00	3.1	13.8	15.1	23.1	38.6	48.9	142.60	0.000	0.067	0.086	0.040	0.023	0.000	0.7853	0.3183	0.0377	1.0000	1.0000	1.0000	0.08	12.11	12.19	0.00	0.03	0.02	0.00	0.00	0.03	0.00	0.17	0.93	2.86	3.99	4.16	0.0000	0.0014	0.0005	0.0000	0.0000	0.0000	0.0000	0.0073	0.0173	0.0319	0.0128	0.0000	132.70	0.02
1990-12-29	Perennial Ryegrass	0.16	351.72	0.64	0.99	0.97	3.00	2	5	1.64	650.00	0.00	3.41	2.94	0.00	0.00	0.00	0.00	0.00	0.00	0.00	0.00	0.00	0.00	0.00	0.00	0.00	0.00	0.00	0.00	0.00	0.00	0.00	0.00	0.00	0.00	0.00	0.00	2.6	13.6	15.0	23.1	38.6	48.8	141.85	0.000	0.056	0.079	0.039	0.023	0.000	0.7122	0.3062	0.0475	1.0000	1.0000	1.0000	0.08	12.06	12.14	0.00	0.03	0.02	0.00	0.00	0.03	0.00	0.17	0.91	2.83	3.98	4.16	0.0000	0.0012	0.0004	0.0000	0.0000	0.0000	0.0000	0.0069	0.0163	0.0313	0.0127	0.0000	132.60	0.02
1990-12-30	Perennial Ryegrass	0.16	357.87	0.57	0.99	0.98	3.01	1	5	1.34	650.00	0.00	3.38	2.98	0.00	0.00	0.00	0.00	0.00	0.00	0.00	0.00	0.00	0.00	0.00	0.00	0.00	0.00	0.00	0.00	0.00	0.00	0.00	0.00	0.00	0.00	0.00	0.00	2.3	13.5	15.0	23.1	38.6	48.8	141.25	0.000	0.045	0.073	0.038	0.023	0.000	0.6405	0.2959	0.0645	1.0000	1.0000	1.0000	0.08	12.01	12.08	0.00	0.03	0.02	0.00	0.00	0.03	0.00	0.17	0.90	2.80	3.97	4.16	0.0000	0.0011	0.0004	0.0000	0.0000	0.0000	0.0000	0.0064	0.0155	0.0307	0.0125	0.0000	132.46	0.02
1990-12-31	Perennial Ryegrass	0.17	379.45	0.49	0.99	0.98	3.01	1	6	1.08	650.00	0.00	2.81	2.53	0.00	0.00	0.00	0.00	0.00	0.00	0.00	0.00	0.00	0.00	0.00	0.00	0.00	0.00	0.00	0.00	0.00	0.00	0.00	0.00	0.00	0.00	0.00	0.00	2.3	13.4	14.9	23.1	38.5	48.8	140.98	0.000	0.035	0.067	0.036	0.022	0.000	0.5660	0.2564	0.0667	1.0000	1.0000	1.0000	0.08	11.95	12.03	0.00	0.03	0.02	0.00	0.00	0.03	0.00	0.17	0.89	2.77	3.96	4.17	0.0000	0.0010	0.0003	0.0000	0.0000	0.0000	0.0000	0.0060	0.0147	0.0301	0.0124	0.0000	132.29	0.02
1991-01-01	Perennial Ryegrass	0.18	386.18	0.43	0.99	0.98	3.01	1	6	0.89	650.00	0.00	3.34	3.07	0.00	0.00	0.00	0.00	0.00	0.00	0.00	0.00	0.00	0.00	0.00	0.00	0.00	0.00	0.00	0.00	0.00	0.00	0.00	0.00	0.00	0.00	0.00	0.00	2.3	13.3	14.8	23.1	38.5	48.7	140.73	0.000	0.026	0.061	0.035	0.022	0.000	0.4910	0.4737	0.0554	1.0000	1.0000	1.0000	0.07	11.90	11.98	0.00	0.03	0.02	0.00	0.00	0.03	0.00	0.16	0.88	2.74	3.94	4.17	0.0000	0.0009	0.0003	0.0000	0.0000	0.0000	0.0000	0.0055	0.0141	0.0295	0.0123	0.0000	131.73	0.02
1991-01-02	Perennial Ryegrass	0.18	393.12	0.36	0.99	0.99	3.01	1	6	0.72	650.00	0.00	2.65	2.47	0.00	0.00	0.00	0.00	0.00	0.00	0.00	0.00	0.00	0.00	0.00	0.00	0.00	0.00	0.00	0.00	0.00	0.00	0.00	0.00	0.00	0.00	0.00	0.00	2.3	13.2	14.7	23.1	38.5	48.7	140.49	0.000	0.018	0.056	0.034	0.022	0.000	0.4258	0.3063	0.0674	1.0000	1.0000	1.0000	0.07	11.85	11.92	0.00	0.03	0.02	0.00	0.00	0.03	0.01	0.16	0.87	2.71	3.93	4.17	0.0000	0.0009	0.0003	0.0000	0.0000	0.0000	0.0000	0.0051	0.0134	0.0290	0.0122	0.0000	131.50	0.02
1991-01-03	Perennial Ryegrass	0.18	400.24	0.31	0.99	0.99	3.01	1	6	0.59	650.00	0.00	2.02	1.90	0.00	0.00	0.00	0.00	0.00	0.00	0.00	0.00	0.00	0.00	0.00	0.00	0.00	0.00	0.00	0.00	0.00	0.00	0.00	0.00	0.00	0.00	0.00	0.00	2.3	13.1	14.7	23.0	38.5	48.7	140.27	0.000	0.011	0.051	0.033	0.021	0.000	0.3628	0.3265	0.0558	1.0000	1.0000	1.0000	0.07	11.80	11.87	0.00	0.02	0.02	0.00	0.00	0.03	0.01	0.16	0.87	2.69	3.92	4.17	0.0000	0.0008	0.0002	0.0000	0.0000	0.0000	0.0000	0.0048	0.0128	0.0284	0.0121	0.0000	131.29	0.02
1991-01-04	Perennial Ryegrass	0.18	407.50	0.26	0.99	0.99	3.01	0	6	0.47	650.00	0.00	1.63	1.55	0.00	0.00	0.00	0.00	0.00	0.00	0.00	0.00	0.00	0.00	0.00	0.00	0.00	0.00	0.00	0.00	0.00	0.00	0.00	0.00	0.00	0.00	0.00	0.00	2.3	13.0	14.6	23.0	38.5	48.7	140.07	0.000	0.005	0.047	0.032	0.021	0.000	0.3061	0.3179	0.0581	1.0000	1.0000	1.0000	0.07	11.75	11.82	0.00	0.02	0.02	0.00	0.00	0.03	0.01	0.15	0.86	2.66	3.91	4.17	0.0000	0.0007	0.0002	0.0000	0.0000	0.0000	0.0000	0.0044	0.0123	0.0279	0.0120	0.0000	131.06	0.02
1991-01-05	Perennial Ryegrass	0.30	703.72	0.21	0.99	0.99	3.01	0	6	0.38	650.00	0.00	1.60	1.54	0.00	0.00	0.00	0.00	0.00	0.00	0.00	0.00	0.00	0.00	0.00	0.00	0.00	0.00	0.00	0.00	0.00	0.00	0.00	0.00	0.00	0.00	0.00	0.00	31.4	21.3	16.6	23.0	38.5	48.6	179.51	0.000	0.001	0.043	0.031	0.021	0.000	0.2554	0.4581	0.0558	1.0000	1.0000	1.0000	0.29	11.81	12.09	0.20	0.04	0.02	0.00	0.00	0.03	0.07	0.16	0.87	2.63	3.90	4.17	0.0002	0.0012	0.0003	0.0000	0.0000	0.0000	0.0001	0.0046	0.0121	0.0274	0.0119	0.0000	130.62	0.02
1991-01-06	Perennial Ryegrass	0.29	682.48	0.19	0.99	0.98	3.01	0	6	0.34	650.00	0.00	1.83	1.78	0.00	0.00	0.00	0.00	0.00	0.00	0.00	0.00	0.00	0.00	0.00	0.00	0.00	0.00	0.00	0.00	0.00	0.00	0.00	0.00	0.00	0.00	0.00	0.00	24.8	23.7	19.8	23.1	38.5	48.6	178.53	0.556	0.215	0.069	0.012	0.008	0.000	0.2105	0.8866	1.0000	1.0000	1.0000	0.5462	0.19	11.84	12.03	0.09	0.05	0.03	0.00	0.00	0.03	0.08	0.16	0.90	2.63	3.90	4.18	0.0542	0.0040	0.0003	0.0000	0.0000	0.0000	0.0484	0.0139	0.0081	0.0099	0.0042	0.0000	122.62	0.02
1991-01-07	Perennial Ryegrass	0.28	648.06	0.17	0.99	0.98	3.01	0	6	0.31	650.00	0.00	1.59	1.54	0.00	0.00	0.00	0.00	0.00	0.00	0.00	0.00	0.00	0.00	0.00	0.00	0.00	0.00	0.00	0.00	0.00	0.00	0.00	0.00	0.00	0.00	0.00	0.00	19.9	23.2	21.3	24.5	38.5	48.6	176.08	0.604	0.437	0.238	0.023	0.012	0.000	0.1932	0.4385	1.0000	1.0000	1.0000	0.8463	0.29	11.92	12.20	0.17	0.05	0.04	0.00	0.00	0.03	0.10	0.18	0.88	2.68	3.90	4.18	0.0000	0.0000	0.0000	0.0000	0.0000	0.0000	0.0000	0.0000	0.0000	0.0000	0.0000	0.0000	121.31	0.02
1991-01-08	Perennial Ryegrass	0.26	597.68	0.15	0.99	0.98	3.01	0	6	0.27	650.00	0.00	1.32	1.28	0.00	0.00	0.00	0.00	0.00	0.00	0.00	0.00	0.00	0.00	0.00	0.00	0.00	0.00	0.00	0.00	0.00	0.00	0.00	0.00	0.00	0.00	0.00	0.00	17.6	22.0	21.7	26.1	38.5	48.5	174.40	0.270	0.279	0.199	0.047	0.008	0.000	0.1731	0.5303	1.0000	1.0000	1.0000	0.8118	0.25	11.96	12.21	0.13	0.06	0.04	0.00	0.00	0.03	0.11	0.19	0.84	2.73	3.90	4.19	0.0080	0.0018	0.0003	0.0000	0.0000	0.0000	0.0066	0.0055	0.0054	0.0035	0.0011	0.0000	121.03	0.02
1991-01-09	Perennial Ryegrass	0.24	554.64	0.13	0.99	0.98	3.02	0	6	0.23	650.00	0.00	1.04	1.02	0.00	0.00	0.00	0.00	0.00	0.00	0.00	0.00	0.00	0.00	0.00	0.00	0.00	0.00	0.00	0.00	0.00	0.00	0.00	0.00	0.00	0.00	0.00	0.00	16.6	20.2	21.3	27.4	38.5	48.5	172.53	0.248	0.292	0.250	0.101	0.010	0.000	0.1521	0.4560	1.0000	1.0000	1.0000	0.9109	0.26	11.98	12.24	0.12	0.07	0.05	0.00	0.00	0.03	0.10	0.20	0.82	2.77	3.90	4.19	0.0025	0.0007	0.0002	0.0000	0.0000	0.0000	0.0020	0.0021	0.0026	0.0022	0.0005	0.0000	120.79	0.02
1991-01-10	Perennial Ryegrass	0.23	518.44	0.11	0.99	0.98	3.02	0	6	0.19	650.00	0.00	0.77	0.76	0.00	0.00	0.00	0.00	0.00	0.00	0.00	0.00	0.00	0.00	0.00	0.00	0.00	0.00	0.00	0.00	0.00	0.00	0.00	0.00	0.00	0.00	0.00	0.00	15.5	19.1	20.7	28.1	38.6	48.5	170.48	0.225	0.243	0.249	0.142	0.011	0.000	0.1312	0.3835	1.0000	1.0000	1.0000	0.9547	0.25	12.01	12.26	0.11	0.07	0.05	0.00	0.00	0.03	0.12	0.21	0.80	2.79	3.90	4.19	0.0031	0.0009	0.0003	0.0000	0.0000	0.0000	0.0032	0.0027	0.0041	0.0045	0.0009	0.0000	120.54	0.02
1991-01-11	Perennial Ryegrass	0.23	523.55	0.09	0.99	0.98	3.02	0	6	0.16	650.00	0.00	0.56	0.55	0.00	0.00	0.00	0.00	0.00	0.00	0.00	0.00	0.00	0.00	0.00	0.00	0.00	0.00	0.00	0.00	0.00	0.00	0.00	0.00	0.00	0.00	0.00	0.00	15.7	18.6	20.1	28.2	38.6	48.4	169.60	0.253	0.282	0.308	0.219	0.015	0.000	0.1112	0.4256	1.0000	1.0000	1.0000	0.8897	0.28	12.09	12.37	0.13	0.07	0.05	0.00	0.00	0.03	0.15	0.24	0.81	2.79	3.90	4.20	0.0000	0.0000	0.0000	0.0000	0.0000	0.0000	0.0000	0.0000	0.0000	0.0000	0.0000	0.0000	120.24	0.02
1991-01-12	Perennial Ryegrass	0.22	493.77	0.08	0.98	0.98	3.02	0	6	0.13	650.00	0.00	0.39	0.38	0.00	0.00	0.00	0.00	0.00	0.00	0.00	0.00	0.00	0.00	0.00	0.00	0.00	0.00	0.00	0.00	0.00	0.00	0.00	0.00	0.00	0.00	0.00	0.00	15.0	18.3	19.7	28.2	38.6	48.4	168.23	0.160	0.157	0.171	0.139	0.009	0.000	0.0941	0.6024	1.0000	1.0000	1.0000	1.0000	0.26	12.19	12.45	0.10	0.08	0.05	0.00	0.00	0.03	0.20	0.28	0.82	2.78	3.90	4.20	0.0004	0.0001	0.0000	0.0000	0.0000	0.0000	0.0008	0.0004	0.0005	0.0008	0.0001	0.0000	118.98	0.02
1991-01-13	Perennial Ryegrass	0.21	466.38	0.07	0.98	0.98	3.02	0	6	0.11	650.00	0.00	0.23	0.23	0.00	0.00	0.00	0.00	0.00	0.00	0.00	0.00	0.00	0.00	0.00	0.00	0.00	0.00	0.00	0.00	0.00	0.00	0.00	0.00	0.00	0.00	0.00	0.00	14.3	18.1	19.5	28.1	38.6	48.4	167.02	0.117	0.125	0.134	0.114	0.008	0.000	0.0797	0.3106	1.0000	1.0000	1.0000	1.0000	0.26	12.30	12.56	0.10	0.08	0.06	0.00	0.00	0.02	0.24	0.33	0.85	2.78	3.91	4.21	0.0000	0.0000	0.0000	0.0000	0.0000	0.0000	0.0000	0.0000	0.0000	0.0000	0.0000	0.0000	118.51	0.02
1991-01-14	Perennial Ryegrass	0.20	443.86	0.06	0.98	0.98	3.02	0	6	0.09	650.00	0.00	0.08	0.08	0.00	0.00	0.00	0.00	0.00	0.00	0.00	0.00	0.00	0.00	0.00	0.00	0.00	0.00	0.00	0.00	0.00	0.00	0.00	0.00	0.00	0.00	0.00	0.00	13.1	17.9	19.2	28.0	38.6	48.3	165.23	0.111	0.130	0.139	0.123	0.009	0.000	0.0673	0.3688	1.0000	1.0000	1.0000	1.0000	0.26	12.44	12.70	0.10	0.08	0.06	0.00	0.00	0.02	0.30	0.37	0.87	2.77	3.91	4.21	0.0000	0.0000	0.0000	0.0000	0.0000	0.0000	0.0000	0.0000	0.0000	0.0000	0.0000	0.0000	118.22	0.02
1991-01-15	Perennial Ryegrass	0.19	424.92	0.05	0.98	0.98	3.02	0	6	0.08	650.00	0.00	0.03	0.03	0.00	0.00	0.00	0.00	0.00	0.00	0.00	0.00	0.00	0.00	0.00	0.00	0.00	0.00	0.00	0.00	0.00	0.00	0.00	0.00	0.00	0.00	0.00	0.00	12.3	17.7	19.0	28.0	38.7	48.3	163.90	0.059	0.092	0.099	0.090	0.007	0.000	0.0564	0.3889	1.0000	1.0000	1.0000	1.0000	0.25	12.57	12.82	0.08	0.08	0.06	0.00	0.00	0.02	0.36	0.42	0.90	2.77	3.91	4.21	0.0000	0.0000	0.0000	0.0000	0.0000	0.0000	0.0000	0.0000	0.0000	0.0000	0.0000	0.0000	117.95	0.03
1991-01-16	Perennial Ryegrass	0.19	411.59	0.04	0.98	0.98	3.02	0	6	0.07	650.00	0.00	0.07	0.07	0.00	0.00	0.00	0.00	0.00	0.00	0.00	0.00	0.00	0.00	0.00	0.00	0.00	0.00	0.00	0.00	0.00	0.00	0.00	0.00	0.00	0.00	0.00	0.00	11.2	17.5	18.9	27.9	38.7	48.3	162.39	0.040	0.082	0.088	0.082	0.007	0.000	0.0480	0.4663	1.0000	1.0000	1.0000	1.0000	0.22	12.67	12.89	0.05	0.08	0.06	0.00	0.00	0.02	0.38	0.46	0.93	2.76	3.91	4.22	0.0000	0.0000	0.0000	0.0000	0.0000	0.0000	0.0000	0.0000	0.0000	0.0000	0.0000	0.0000	117.68	0.03
1991-01-17	Perennial Ryegrass	0.18	398.11	0.04	0.98	0.98	3.02	0	6	0.06	650.00	0.00	-0.01	0.00	0.00	0.00	0.00	0.00	0.00	0.00	0.00	0.00	0.00	0.00	0.00	0.00	0.00	0.00	0.00	0.00	0.00	0.00	0.00	0.00	0.00	0.00	0.00	0.00	10.8	17.4	18.7	27.9	38.7	48.2	161.70	0.011	0.042	0.045	0.043	0.004	0.000	0.0428	0.6680	1.0000	1.0000	1.0000	1.0000	0.20	12.73	12.93	0.03	0.08	0.06	0.00	0.00	0.02	0.38	0.50	0.95	2.76	3.92	4.22	0.0000	0.0000	0.0000	0.0000	0.0000	0.0000	0.0000	0.0000	0.0000	0.0000	0.0000	0.0000	117.40	0.03
1991-01-18	Perennial Ryegrass	0.18	387.65	0.03	0.98	0.98	3.02	0	6	0.05	650.00	0.00	-0.17	0.00	0.00	0.00	0.00	0.00	0.00	0.00	0.00	0.00	0.00	0.00	0.00	0.00	0.00	0.00	0.00	0.00	0.00	0.00	0.00	0.00	0.00	0.00	0.00	0.00	9.7	17.2	18.6	27.8	38.7	48.2	160.29	0.011	0.062	0.067	0.065	0.006	0.000	0.0377	0.3843	1.0000	1.0000	1.0000	1.0000	0.17	12.75	12.92	0.00	0.08	0.07	0.00	0.00	0.02	0.35	0.53	0.97	2.75	3.92	4.22	0.0000	0.0007	0.0002	0.0000	0.0000	0.0000	0.0033	0.0045	0.0033	0.0052	0.0011	0.0000	117.13	0.03
1991-01-19	Perennial Ryegrass	0.17	380.07	0.03	0.98	0.98	3.03	0	6	0.05	650.00	0.00	-0.22	0.00	0.00	0.00	0.00	0.00	0.00	0.00	0.00	0.00	0.00	0.00	0.00	0.00	0.00	0.00	0.00	0.00	0.00	0.00	0.00	0.00	0.00	0.00	0.00	0.00	8.6	17.0	18.5	27.8	38.7	48.2	158.78	0.000	0.074	0.080	0.080	0.007	0.000	0.0324	0.5154	1.0000	1.0000	1.0000	1.0000	0.18	12.75	12.92	0.00	0.09	0.07	0.00	0.00	0.02	0.31	0.56	0.99	2.75	3.92	4.23	0.0000	0.0007	0.0002	0.0000	0.0000	0.0000	0.0019	0.0041	0.0030	0.0047	0.0010	0.0000	116.85	0.03
1991-01-20	Perennial Ryegrass	0.17	374.89	0.02	0.98	0.98	3.03	0	6	0.04	650.00	0.00	-0.29	0.00	0.00	0.00	0.00	0.00	0.00	0.00	0.00	0.00	0.00	0.00	0.00	0.00	0.00	0.00	0.00	0.00	0.00	0.00	0.00	0.00	0.00	0.00	0.00	0.00	7.6	16.9	18.3	27.7	38.8	48.2	157.41	0.000	0.074	0.082	0.083	0.008	0.000	0.0280	0.5003	1.0000	1.0000	1.0000	1.0000	0.18	12.76	12.94	0.00	0.09	0.07	0.00	0.00	0.02	0.27	0.59	1.00	2.74	3.92	4.23	0.0000	0.0006	0.0002	0.0000	0.0000	0.0000	0.0010	0.0037	0.0026	0.0041	0.0008	0.0000	116.58	0.03
1991-01-21	Perennial Ryegrass	0.24	551.32	0.02	0.99	0.99	3.03	0	6	0.04	650.00	0.00	-0.22	0.00	0.00	0.00	0.00	0.00	0.00	0.00	0.00	0.00	0.00	0.00	0.00	0.00	0.00	0.00	0.00	0.00	0.00	0.00	0.00	0.00	0.00	0.00	0.00	0.00	18.9	18.6	18.3	27.7	38.8	48.1	170.38	0.000	0.034	0.038	0.039	0.004	0.000	0.0242	0.7284	1.0000	1.0000	1.0000	1.0000	0.29	12.74	13.03	0.11	0.09	0.07	0.00	0.00	0.02	0.17	0.65	1.03	2.74	3.92	4.23	0.0003	0.0005	0.0002	0.0000	0.0000	0.0000	0.0004	0.0035	0.0023	0.0036	0.0008	0.0000	116.09	0.03
1991-01-22	Perennial Ryegrass	0.29	680.58	0.02	0.98	0.98	3.03	0	5	0.03	650.00	0.00	-0.28	0.00	0.00	0.00	0.00	0.00	0.00	0.00	0.00	0.00	0.00	0.00	0.00	0.00	0.00	0.00	0.00	0.00	0.00	0.00	0.00	0.00	0.00	0.00	0.00	0.00	24.1	22.0	20.1	27.8	38.8	48.1	180.94	0.038	0.024	0.018	0.019	0.002	0.000	0.0215	0.4535	1.0000	1.0000	1.0000	1.0000	0.30	12.82	13.12	0.12	0.09	0.07	0.00	0.00	0.02	0.15	0.66	1.11	2.75	3.92	4.24	0.0018	0.0003	0.0001	0.0000	0.0000	0.0000	0.0023	0.0023	0.0011	0.0016	0.0003	0.0000	110.41	0.03
1991-01-23	Perennial Ryegrass	0.34	835.87	0.02	0.97	0.97	3.03	0	5	0.03	650.00	0.00	-0.23	0.00	0.00	0.00	0.00	0.00	0.00	0.00	0.00	0.00	0.00	0.00	0.00	0.00	0.00	0.00	0.00	0.00	0.00	0.00	0.00	0.00	0.00	0.00	0.00	0.00	32.0	26.9	22.9	30.3	38.8	48.1	199.06	0.011	0.007	0.005	0.004	0.000	0.000	0.0190	1.0000	1.0000	1.0000	1.0000	1.0000	0.28	12.88	13.16	0.10	0.09	0.07	0.00	0.00	0.02	0.11	0.61	1.13	2.87	3.93	4.24	0.0018	0.0004	0.0001	0.0000	0.0000	0.0000	0.0020	0.0024	0.0009	0.0010	0.0002	0.0000	104.78	0.03
1991-01-24	Perennial Ryegrass	0.32	768.01	0.01	0.96	0.96	3.03	0	5	0.02	650.00	0.00	-0.40	0.00	0.00	0.00	0.00	0.00	0.00	0.00	0.00	0.00	0.00	0.00	0.00	0.00	0.00	0.00	0.00	0.00	0.00	0.00	0.00	0.00	0.00	0.00	0.00	0.00	25.3	27.3	24.5	34.1	39.0	48.0	198.31	0.027	0.017	0.011	0.008	0.001	0.000	0.0172	0.6575	1.0000	1.0000	1.0000	1.0000	0.35	12.91	13.26	0.16	0.09	0.07	0.00	0.00	0.02	0.07	0.55	1.09	3.03	3.94	4.24	0.0018	0.0004	0.0001	0.0000	0.0000	0.0000	0.0007	0.0027	0.0008	0.0008	0.0001	0.0000	99.07	0.03
1991-01-25	Perennial Ryegrass	0.30	703.96	0.01	0.96	0.96	3.03	0	5	0.02	650.00	0.00	-0.47	0.00	0.00	0.00	0.00	0.00	0.00	0.00	0.00	0.00	0.00	0.00	0.00	0.00	0.00	0.00	0.00	0.00	0.00	0.00	0.00	0.00	0.00	0.00	0.00	0.00	20.8	26.0	25.5	36.3	40.4	48.0	197.06	0.030	0.028	0.021	0.020	0.001	0.000	0.0149	0.5866	1.0000	1.0000	1.0000	1.0000	0.33	13.00	13.33	0.14	0.09	0.07	0.00	0.00	0.02	0.10	0.50	1.04	3.05	4.06	4.25	0.0012	0.0004	0.0001	0.0000	0.0000	0.0000	0.0008	0.0020	0.0008	0.0009	0.0001	0.0000	97.62	0.03
1991-01-26	Perennial Ryegrass	0.28	649.88	0.01	0.96	0.96	3.03	0	5	0.02	650.00	0.00	-0.40	0.00	0.00	0.00	0.00	0.00	0.00	0.00	0.00	0.00	0.00	0.00	0.00	0.00	0.00	0.00	0.00	0.00	0.00	0.00	0.00	0.00	0.00	0.00	0.00	0.00	18.1	24.1	25.3	37.5	42.8	48.0	195.77	0.023	0.027	0.024	0.025	0.003	0.000	0.0129	0.5845	1.0000	1.0000	1.0000	1.0000	0.32	13.11	13.43	0.14	0.09	0.07	0.00	0.00	0.02	0.14	0.48	0.99	3.00	4.25	4.25	0.0007	0.0003	0.0001	0.0000	0.0000	0.0000	0.0007	0.0015	0.0009	0.0011	0.0001	0.0000	97.39	0.03
1991-01-27	Perennial Ryegrass	0.26	605.59	0.01	0.96	0.96	3.03	0	5	0.02	650.00	0.00	-0.36	0.00	0.00	0.00	0.00	0.00	0.00	0.00	0.00	0.00	0.00	0.00	0.00	0.00	0.00	0.00	0.00	0.00	0.00	0.00	0.00	0.00	0.00	0.00	0.00	0.00	17.0	21.7	24.5	37.9	45.4	48.0	194.48	0.013	0.018	0.019	0.021	0.005	0.000	0.0114	0.4993	1.0000	1.0000	1.0000	1.0000	0.33	13.22	13.54	0.13	0.09	0.07	0.01	0.00	0.02	0.20	0.46	0.94	2.91	4.45	4.26	0.0004	0.0002	0.0001	0.0000	0.0000	0.0000	0.0006	0.0011	0.0009	0.0012	0.0001	0.0000	97.17	0.03
1991-01-28	Perennial Ryegrass	0.25	571.50	0.01	0.96	0.96	3.03	0	5	0.02	650.00	0.00	-0.35	0.00	0.00	0.00	0.00	0.00	0.00	0.00	0.00	0.00	0.00	0.00	0.00	0.00	0.00	0.00	0.00	0.00	0.00	0.00	0.00	0.00	0.00	0.00	0.00	0.00	16.3	20.2	23.3	37.7	47.8	48.0	193.26	0.012	0.015	0.018	0.023	0.007	0.000	0.0102	0.6852	1.0000	1.0000	1.0000	1.0000	0.36	13.36	13.72	0.16	0.10	0.07	0.01	0.00	0.02	0.28	0.47	0.91	2.81	4.63	4.27	0.0004	0.0002	0.0001	0.0000	0.0000	0.0000	0.0007	0.0007	0.0007	0.0011	0.0002	0.0000	96.95	0.03
1991-01-29	Perennial Ryegrass	0.24	544.46	0.01	0.96	0.96	3.04	0	5	0.01	650.00	0.00	-0.34	0.00	0.00	0.00	0.00	0.00	0.00	0.00	0.00	0.00	0.00	0.00	0.00	0.00	0.00	0.00	0.00	0.00	0.00	0.00	0.00	0.00	0.00	0.00	0.00	0.00	15.7	19.4	22.3	37.3	49.7	48.0	192.35	0.008	0.009	0.012	0.017	0.007	0.000	0.0092	0.5148	1.0000	1.0000	1.0000	1.0000	0.39	13.52	13.91	0.19	0.10	0.07	0.01	0.00	0.02	0.37	0.49	0.89	2.72	4.77	4.27	0.0004	0.0001	0.0000	0.0000	0.0000	0.0000	0.0008	0.0005	0.0005	0.0010	0.0002	0.0000	96.72	0.03
1991-01-30	Perennial Ryegrass	0.23	522.59	0.01	0.96	0.96	3.04	0	5	0.01	650.00	0.00	-0.35	0.00	0.00	0.00	0.00	0.00	0.00	0.00	0.00	0.00	0.00	0.00	0.00	0.00	0.00	0.00	0.00	0.00	0.00	0.00	0.00	0.00	0.00	0.00	0.00	0.00	14.7	19.0	21.4	36.7	51.1	48.0	191.07	0.006	0.006	0.008	0.012	0.007	0.000	0.0084	0.3120	1.0000	1.0000	1.0000	1.0000	0.43	13.68	14.12	0.22	0.10	0.08	0.01	0.00	0.02	0.47	0.52	0.88	2.65	4.87	4.29	0.0004	0.0001	0.0000	0.0000	0.0000	0.0000	0.0008	0.0004	0.0004	0.0008	0.0002	0.0000	96.50	0.03
1991-01-31	Perennial Ryegrass	0.22	499.71	0.01	0.96	0.96	3.04	0	5	0.01	650.00	0.00	-0.45	0.00	0.00	0.00	0.00	0.00	0.00	0.00	0.00	0.00	0.00	0.00	0.00	0.00	0.00	0.00	0.00	0.00	0.00	0.00	0.00	0.00	0.00	0.00	0.00	0.00	13.7	18.9	20.7	36.2	52.2	48.1	189.71	0.008	0.011	0.013	0.022	0.013	0.000	0.0076	0.5711	1.0000	1.0000	1.0000	1.0000	0.46	13.86	14.32	0.24	0.10	0.08	0.01	0.01	0.02	0.57	0.56	0.88	2.60	4.95	4.30	0.0003	0.0001	0.0000	0.0000	0.0000	0.0000	0.0007	0.0004	0.0003	0.0007	0.0002	0.0000	96.28	0.03
1991-02-01	Perennial Ryegrass	0.21	481.17	0.01	0.96	0.96	3.04	0	5	0.01	650.00	0.00	-0.44	0.00	0.00	0.00	0.00	0.00	0.00	0.00	0.00	0.00	0.00	0.00	0.00	0.00	0.00	0.00	0.00	0.00	0.00	0.00	0.00	0.00	0.00	0.00	0.00	0.00	12.7	18.7	20.3	35.7	52.9	48.2	188.43	0.004	0.007	0.008	0.014	0.010	0.000	0.0068	0.5093	1.0000	1.0000	1.0000	1.0000	0.46	14.05	14.51	0.23	0.11	0.08	0.01	0.01	0.02	0.68	0.60	0.90	2.56	5.00	4.31	0.0002	0.0001	0.0000	0.0000	0.0000	0.0000	0.0006	0.0004	0.0002	0.0006	0.0002	0.0000	96.06	0.03
1991-02-02	Perennial Ryegrass	0.21	466.53	0.01	0.96	0.96	3.04	0	5	0.01	650.00	0.00	-0.42	0.00	0.00	0.00	0.00	0.00	0.00	0.00	0.00	0.00	0.00	0.00	0.00	0.00	0.00	0.00	0.00	0.00	0.00	0.00	0.00	0.00	0.00	0.00	0.00	0.00	11.6	18.6	20.1	35.3	53.3	48.2	187.14	0.003	0.006	0.006	0.011	0.008	0.000	0.0060	0.4480	1.0000	1.0000	1.0000	1.0000	0.42	14.24	14.66	0.19	0.11	0.08	0.02	0.01	0.02	0.78	0.65	0.92	2.53	5.03	4.33	0.0001	0.0001	0.0000	0.0000	0.0000	0.0000	0.0006	0.0003	0.0002	0.0005	0.0002	0.0000	95.83	0.03
1991-02-03	Perennial Ryegrass	0.20	455.51	0.00	0.96	0.96	3.04	0	5	0.01	650.00	0.00	-0.50	0.00	0.00	0.00	0.00	0.00	0.00	0.00	0.00	0.00	0.00	0.00	0.00	0.00	0.00	0.00	0.00	0.00	0.00	0.00	0.00	0.00	0.00	0.00	0.00	0.00	10.5	18.5	19.9	35.0	53.6	48.3	185.80	0.002	0.007	0.008	0.014	0.011	0.000	0.0054	0.5272	1.0000	1.0000	1.0000	1.0000	0.40	14.38	14.78	0.16	0.10	0.08	0.02	0.01	0.02	0.81	0.70	0.96	2.52	5.05	4.34	0.0001	0.0001	0.0000	0.0000	0.0000	0.0000	0.0004	0.0003	0.0002	0.0004	0.0002	0.0000	95.61	0.03
1991-02-04	Perennial Ryegrass	0.20	448.21	0.00	0.96	0.96	3.04	0	5	0.01	650.00	0.00	-0.58	0.00	0.00	0.00	0.00	0.00	0.00	0.00	0.00	0.00	0.00	0.00	0.00	0.00	0.00	0.00	0.00	0.00	0.00	0.00	0.00	0.00	0.00	0.00	0.00	0.00	9.3	18.4	20.0	34.6	53.6	48.4	184.29	0.001	0.007	0.008	0.014	0.011	0.000	0.0048	0.5153	1.0000	1.0000	1.0000	1.0000	0.36	14.51	14.88	0.13	0.10	0.08	0.02	0.01	0.02	0.82	0.76	1.01	2.50	5.07	4.36	0.0000	0.0000	0.0000	0.0000	0.0000	0.0000	0.0003	0.0003	0.0002	0.0004	0.0002	0.0000	95.39	0.03
1991-02-05	Perennial Ryegrass	0.22	504.61	0.00	0.96	0.96	3.04	0	5	0.01	650.00	0.00	-0.68	0.00	0.00	0.00	0.00	0.00	0.00	0.00	0.00	0.00	0.00	0.00	0.00	0.00	0.00	0.00	0.00	0.00	0.00	0.00	0.00	0.00	0.00	0.00	0.00	0.00	11.7	18.3	20.0	34.5	53.5	48.5	186.48	0.000	0.007	0.008	0.014	0.012	0.000	0.0042	0.6255	1.0000	1.0000	1.0000	1.0000	0.38	14.75	15.12	0.14	0.10	0.08	0.02	0.02	0.02	0.91	0.83	1.06	2.51	5.06	4.38	0.0000	0.0000	0.0000	0.0000	0.0000	0.0000	0.0002	0.0003	0.0001	0.0003	0.0002	0.0000	95.02	0.03
1991-02-06	Perennial Ryegrass	0.26	596.57	0.00	0.96	0.96	3.04	0	4	0.01	650.00	0.00	-0.52	0.00	0.00	0.00	0.00	0.00	0.00	0.00	0.00	0.00	0.00	0.00	0.00	0.00	0.00	0.00	0.00	0.00	0.00	0.00	0.00	0.00	0.00	0.00	0.00	0.00	18.9	19.7	20.3	34.6	53.5	48.6	195.60	0.001	0.003	0.003	0.005	0.005	0.000	0.0036	0.6968	1.0000	1.0000	1.0000	1.0000	0.43	15.02	15.45	0.19	0.10	0.08	0.02	0.02	0.02	0.95	0.96	1.12	2.52	5.07	4.39	0.0001	0.0000	0.0000	0.0000	0.0000	0.0000	0.0003	0.0002	0.0001	0.0002	0.0001	0.0000	93.10	0.03
1991-02-07	Perennial Ryegrass	0.24	545.49	0.00	0.95	0.95	3.04	0	4	0.00	650.00	0.00	-0.54	0.00	0.00	0.00	0.00	0.00	0.00	0.00	0.00	0.00	0.00	0.00	0.00	0.00	0.00	0.00	0.00	0.00	0.00	0.00	0.00	0.00	0.00	0.00	0.00	0.00	17.0	19.9	20.5	34.8	53.6	48.6	194.41	0.004	0.003	0.003	0.005	0.004	0.000	0.0032	0.6838	1.0000	1.0000	1.0000	1.0000	0.47	15.32	15.78	0.23	0.10	0.07	0.02	0.02	0.02	1.05	1.03	1.19	2.54	5.09	4.41	0.0001	0.0000	0.0000	0.0000	0.0000	0.0000	0.0004	0.0001	0.0000	0.0001	0.0000	0.0000	89.73	0.03
1991-02-08	Perennial Ryegrass	0.22	502.75	0.00	0.95	0.95	3.05	0	4	0.00	650.00	0.00	-0.58	0.00	0.00	0.00	0.00	0.00	0.00	0.00	0.00	0.00	0.00	0.00	0.00	0.00	0.00	0.00	0.00	0.00	0.00	0.00	0.00	0.00	0.00	0.00	0.00	0.00	16.0	19.2	20.5	34.9	53.8	48.7	193.10	0.003	0.003	0.003	0.005	0.004	0.000	0.0028	0.7082	1.0000	1.0000	1.0000	1.0000	0.51	15.64	16.15	0.27	0.10	0.07	0.02	0.02	0.02	1.23	1.07	1.23	2.56	5.11	4.43	0.0001	0.0000	0.0000	0.0000	0.0000	0.0000	0.0003	0.0001	0.0000	0.0001	0.0000	0.0000	88.38	0.03
1991-02-09	Perennial Ryegrass	0.21	467.08	0.00	0.94	0.94	3.05	0	4	0.00	650.00	0.00	-0.60	0.00	0.00	0.00	0.00	0.00	0.00	0.00	0.00	0.00	0.00	0.00	0.00	0.00	0.00	0.00	0.00	0.00	0.00	0.00	0.00	0.00	0.00	0.00	0.00	0.00	14.9	18.9	20.4	34.9	53.9	48.8	191.75	0.004	0.004	0.004	0.006	0.005	0.000	0.0025	0.9445	1.0000	1.0000	1.0000	1.0000	0.55	15.98	16.53	0.30	0.10	0.07	0.03	0.02	0.02	1.43	1.13	1.27	2.57	5.13	4.45	0.0001	0.0000	0.0000	0.0000	0.0000	0.0000	0.0003	0.0001	0.0000	0.0001	0.0000	0.0000	88.18	0.03
1991-02-10	Perennial Ryegrass	0.20	436.51	0.00	0.94	0.94	3.05	0	4	0.00	650.00	0.00	-0.48	0.00	0.00	0.00	0.00	0.00	0.00	0.00	0.00	0.00	0.00	0.00	0.00	0.00	0.00	0.00	0.00	0.00	0.00	0.00	0.00	0.00	0.00	0.00	0.00	0.00	14.2	18.7	20.1	34.8	54.0	49.0	190.79	0.001	0.002	0.002	0.003	0.003	0.000	0.0021	1.0000	1.0000	1.0000	1.0000	1.0000	0.57	16.31	16.88	0.31	0.11	0.08	0.03	0.03	0.03	1.64	1.18	1.30	2.58	5.14	4.48	0.0000	0.0000	0.0000	0.0000	0.0000	0.0000	0.0002	0.0001	0.0000	0.0001	0.0000	0.0000	87.98	0.03
1991-02-11	Perennial Ryegrass	0.19	410.44	0.00	0.94	0.94	3.05	0	4	0.00	650.00	0.00	-0.54	0.00	0.00	0.00	0.00	0.00	0.00	0.00	0.00	0.00	0.00	0.00	0.00	0.00	0.00	0.00	0.00	0.00	0.00	0.00	0.00	0.00	0.00	0.00	0.00	0.00	13.4	18.6	20.0	34.7	54.0	49.1	189.78	0.001	0.002	0.002	0.003	0.003	0.000	0.0019	1.0000	1.0000	1.0000	1.0000	1.0000	0.59	16.64	17.23	0.32	0.11	0.08	0.03	0.03	0.03	1.84	1.23	1.33	2.58	5.15	4.50	0.0000	0.0000	0.0000	0.0000	0.0000	0.0000	0.0002	0.0001	0.0000	0.0001	0.0000	0.0000	87.78	0.03
1991-02-12	Perennial Ryegrass	0.18	388.43	0.00	0.94	0.94	3.05	0	4	0.00	650.00	0.00	-0.59	0.00	0.00	0.00	0.00	0.00	0.00	0.00	0.00	0.00	0.00	0.00	0.00	0.00	0.00	0.00	0.00	0.00	0.00	0.00	0.00	0.00	0.00	0.00	0.00	0.00	12.5	18.5	20.0	34.5	54.0	49.2	188.69	0.001	0.001	0.002	0.003	0.002	0.000	0.0017	1.0000	1.0000	1.0000	1.0000	1.0000	0.57	16.95	17.52	0.29	0.11	0.08	0.03	0.03	0.03	2.02	1.29	1.38	2.58	5.16	4.52	0.0000	0.0000	0.0000	0.0000	0.0000	0.0000	0.0002	0.0001	0.0000	0.0000	0.0000	0.0000	87.58	0.03
1991-02-13	Perennial Ryegrass	0.17	370.47	0.00	0.94	0.94	3.05	0	4	0.00	650.00	0.00	-0.56	0.00	0.00	0.00	0.00	0.00	0.00	0.00	0.00	0.00	0.00	0.00	0.00	0.00	0.00	0.00	0.00	0.00	0.00	0.00	0.00	0.00	0.00	0.00	0.00	0.00	11.4	18.4	20.0	34.5	53.8	49.3	187.34	0.001	0.002	0.002	0.004	0.003	0.000	0.0015	1.0000	1.0000	1.0000	1.0000	1.0000	0.51	17.22	17.73	0.22	0.11	0.08	0.03	0.03	0.03	2.16	1.34	1.42	2.60	5.16	4.54	0.0000	0.0000	0.0000	0.0000	0.0000	0.0000	0.0001	0.0001	0.0000	0.0000	0.0000	0.0000	87.38	0.03
1991-02-14	Perennial Ryegrass	0.16	356.40	0.00	0.94	0.94	3.05	0	4	0.00	650.00	0.00	-0.58	0.00	0.00	0.00	0.00	0.00	0.00	0.00	0.00	0.00	0.00	0.00	0.00	0.00	0.00	0.00	0.00	0.00	0.00	0.00	0.00	0.00	0.00	0.00	0.00	0.00	10.1	18.3	20.0	34.5	53.6	49.3	185.79	0.000	0.001	0.002	0.003	0.002	0.000	0.0013	0.9187	1.0000	1.0000	1.0000	1.0000	0.47	17.38	17.85	0.18	0.12	0.08	0.03	0.03	0.03	2.18	1.40	1.47	2.62	5.15	4.56	0.0000	0.0000	0.0000	0.0000	0.0000	0.0000	0.0001	0.0001	0.0000	0.0000	0.0000	0.0000	87.18	0.03
1991-02-15	Perennial Ryegrass	0.18	402.19	0.00	0.94	0.94	3.05	0	4	0.00	650.00	0.00	-0.52	0.00	0.00	0.00	0.00	0.00	0.00	0.00	0.00	0.00	0.00	0.00	0.00	0.00	0.00	0.00	0.00	0.00	0.00	0.00	0.00	0.00	0.00	0.00	0.00	0.00	13.3	18.2	20.0	34.5	53.4	49.4	188.88	0.000	0.001	0.001	0.002	0.001	0.000	0.0012	1.0000	1.0000	1.0000	1.0000	1.0000	0.56	17.71	18.26	0.26	0.12	0.08	0.03	0.03	0.03	2.35	1.47	1.52	2.64	5.15	4.57	0.0000	0.0000	0.0000	0.0000	0.0000	0.0000	0.0000	0.0000	0.0000	0.0000	0.0000	0.0000	86.79	0.03
1991-02-16	Perennial Ryegrass	0.17	382.24	0.00	0.94	0.94	3.05	0	4	0.00	650.00	0.00	-0.46	0.00	0.00	0.00	0.00	0.00	0.00	0.00	0.00	0.00	0.00	0.00	0.00	0.00	0.00	0.00	0.00	0.00	0.00	0.00	0.00	0.00	0.00	0.00	0.00	0.00	12.5	18.1	20.0	34.5	53.2	49.5	187.82	0.001	0.001	0.001	0.002	0.002	0.000	0.0010	1.0000	1.0000	1.0000	1.0000	1.0000	0.56	18.02	18.58	0.26	0.12	0.08	0.04	0.03	0.03	2.52	1.53	1.56	2.66	5.15	4.59	0.0000	0.0000	0.0000	0.0000	0.0000	0.0000	0.0001	0.0000	0.0000	0.0000	0.0000	0.0000	85.48	0.03
1991-02-17	Perennial Ryegrass	0.17	372.10	0.00	0.94	0.94	3.05	0	4	0.00	650.00	0.00	-0.37	0.00	0.00	0.00	0.00	0.00	0.00	0.00	0.00	0.00	0.00	0.00	0.00	0.00	0.00	0.00	0.00	0.00	0.00	0.00	0.00	0.00	0.00	0.00	0.00	0.00	11.5	18.0	20.0	34.5	53.1	49.5	186.65	0.000	0.001	0.001	0.001	0.001	0.000	0.0009	1.0000	1.0000	1.0000	1.0000	1.0000	0.53	18.28	18.82	0.22	0.12	0.09	0.04	0.04	0.03	2.66	1.58	1.61	2.68	5.15	4.61	0.0000	0.0000	0.0000	0.0000	0.0000	0.0000	0.0001	0.0000	0.0000	0.0000	0.0000	0.0000	84.65	0.03
1991-02-18	Perennial Ryegrass	0.16	358.86	0.00	0.94	0.94	3.06	0	4	0.00	650.00	0.00	-0.44	0.00	0.00	0.00	0.00	0.00	0.00	0.00	0.00	0.00	0.00	0.00	0.00	0.00	0.00	0.00	0.00	0.00	0.00	0.00	0.00	0.00	0.00	0.00	0.00	0.00	10.5	18.0	20.0	34.5	52.9	49.6	185.49	0.000	0.001	0.001	0.001	0.001	0.000	0.0009	1.0000	1.0000	1.0000	1.0000	1.0000	0.51	18.44	18.95	0.19	0.12	0.09	0.04	0.04	0.03	2.70	1.63	1.64	2.70	5.14	4.62	0.0000	0.0000	0.0000	0.0000	0.0000	0.0000	0.0001	0.0000	0.0000	0.0000	0.0000	0.0000	84.46	0.03
1991-02-19	Perennial Ryegrass	0.16	347.97	0.00	0.94	0.94	3.06	0	4	0.00	650.00	0.00	-0.48	0.00	0.00	0.00	0.00	0.00	0.00	0.00	0.00	0.00	0.00	0.00	0.00	0.00	0.00	0.00	0.00	0.00	0.00	0.00	0.00	0.00	0.00	0.00	0.00	0.00	9.8	17.9	20.0	34.5	52.7	49.7	184.64	0.000	0.001	0.001	0.002	0.001	0.000	0.0008	1.0000	1.0000	1.0000	1.0000	1.0000	0.48	18.57	19.05	0.15	0.13	0.09	0.04	0.04	0.03	2.72	1.68	1.68	2.71	5.14	4.64	0.0000	0.0000	0.0000	0.0000	0.0000	0.0000	0.0000	0.0000	0.0000	0.0000	0.0000	0.0000	84.27	0.03
1991-02-20	Perennial Ryegrass	0.16	340.07	0.00	0.94	0.94	3.06	0	4	0.00	650.00	0.00	-0.42	0.00	0.00	0.00	0.00	0.00	0.00	0.00	0.00	0.00	0.00	0.00	0.00	0.00	0.00	0.00	0.00	0.00	0.00	0.00	0.00	0.00	0.00	0.00	0.00	0.00	9.3	17.9	20.0	34.5	52.5	49.7	183.89	0.000	0.000	0.001	0.001	0.001	0.000	0.0007	1.0000	1.0000	1.0000	1.0000	1.0000	0.45	18.69	19.14	0.11	0.13	0.09	0.04	0.04	0.03	2.74	1.72	1.71	2.73	5.13	4.65	0.0000	0.0000	0.0000	0.0000	0.0000	0.0000	0.0000	0.0000	0.0000	0.0000	0.0000	0.0000	84.08	0.03
1991-02-21	Perennial Ryegrass	0.15	332.74	0.00	0.94	0.94	3.06	0	4	0.00	650.00	0.00	-0.49	0.00	0.00	0.00	0.00	0.00	0.00	0.00	0.00	0.00	0.00	0.00	0.00	0.00	0.00	0.00	0.00	0.00	0.00	0.00	0.00	0.00	0.00	0.00	0.00	0.00	8.8	17.8	20.0	34.5	52.4	49.7	183.19	0.000	0.000	0.001	0.001	0.001	0.000	0.0006	1.0000	1.0000	1.0000	1.0000	1.0000	0.43	18.81	19.24	0.08	0.13	0.09	0.04	0.04	0.03	2.75	1.77	1.75	2.75	5.13	4.67	0.0000	0.0000	0.0000	0.0000	0.0000	0.0000	0.0000	0.0000	0.0000	0.0000	0.0000	0.0000	83.88	0.03
1991-02-22	Perennial Ryegrass	0.16	355.82	0.00	0.94	0.94	3.06	0	4	0.00	650.00	0.00	-0.52	0.00	0.00	0.00	0.00	0.00	0.00	0.00	0.00	0.00	0.00	0.00	0.00	0.00	0.00	0.00	0.00	0.00	0.00	0.00	0.00	0.00	0.00	0.00	0.00	0.00	9.8	17.8	20.0	34.5	52.2	49.8	184.04	0.000	0.001	0.001	0.001	0.001	0.000	0.0006	1.0000	1.0000	1.0000	1.0000	1.0000	0.40	18.95	19.35	0.05	0.14	0.10	0.04	0.04	0.03	2.77	1.82	1.78	2.77	5.13	4.68	0.0000	0.0000	0.0000	0.0000	0.0000	0.0000	0.0000	0.0000	0.0000	0.0000	0.0000	0.0000	83.59	0.03
1991-02-23	Perennial Ryegrass	0.16	347.45	0.00	0.93	0.93	3.06	0	4	0.00	650.00	0.00	-0.48	0.00	0.00	0.00	0.00	0.00	0.00	0.00	0.00	0.00	0.00	0.00	0.00	0.00	0.00	0.00	0.00	0.00	0.00	0.00	0.00	0.00	0.00	0.00	0.00	0.00	9.3	17.7	20.0	34.5	52.0	49.8	183.41	0.000	0.000	0.000	0.001	0.000	0.000	0.0005	1.0000	1.0000	1.0000	1.0000	1.0000	0.37	19.09	19.46	0.01	0.14	0.10	0.05	0.04	0.03	2.79	1.87	1.82	2.79	5.13	4.70	0.0000	0.0000	0.0000	0.0000	0.0000	0.0000	0.0000	0.0000	0.0000	0.0000	0.0000	0.0000	82.90	0.03
1991-02-24	Perennial Ryegrass	0.16	341.48	0.00	0.93	0.93	3.06	0	4	0.00	650.00	0.00	-0.51	0.00	0.00	0.00	0.00	0.00	0.00	0.00	0.00	0.00	0.00	0.00	0.00	0.00	0.00	0.00	0.00	0.00	0.00	0.00	0.00	0.00	0.00	0.00	0.00	0.00	8.6	17.7	20.0	34.5	51.9	49.9	182.54	0.000	0.000	0.000	0.001	0.001	0.000	0.0005	1.0000	1.0000	1.0000	1.0000	1.0000	0.36	19.20	19.57	0.00	0.14	0.10	0.05	0.04	0.04	2.79	1.92	1.86	2.81	5.12	4.71	0.0000	0.0000	0.0000	0.0000	0.0000	0.0000	0.0000	0.0000	0.0000	0.0000	0.0000	0.0000	82.37	0.03
1991-02-25	Perennial Ryegrass	0.16	337.82	0.00	0.93	0.93	3.06	0	4	0.00	650.00	0.00	-0.53	0.00	0.00	0.00	0.00	0.00	0.00	0.00	0.00	0.00	0.00	0.00	0.00	0.00	0.00	0.00	0.00	0.00	0.00	0.00	0.00	0.00	0.00	0.00	0.00	0.00	8.2	17.6	20.0	34.5	51.7	49.9	181.93	0.000	0.000	0.001	0.001	0.001	0.000	0.0004	1.0000	1.0000	1.0000	1.0000	1.0000	0.36	19.33	19.70	0.00	0.14	0.10	0.05	0.05	0.04	2.79	1.97	1.90	2.83	5.12	4.73	0.0000	0.0000	0.0000	0.0000	0.0000	0.0000	0.0000	0.0000	0.0000	0.0000	0.0000	0.0000	82.19	0.03
1991-02-26	Perennial Ryegrass	0.15	336.50	0.00	0.93	0.93	3.06	0	4	0.00	650.00	0.00	-0.58	0.00	0.00	0.00	0.00	0.00	0.00	0.00	0.00	0.00	0.00	0.00	0.00	0.00	0.00	0.00	0.00	0.00	0.00	0.00	0.00	0.00	0.00	0.00	0.00	0.00	7.9	17.5	20.0	34.5	51.5	49.9	181.36	0.000	0.000	0.001	0.001	0.001	0.000	0.0004	1.0000	1.0000	1.0000	1.0000	1.0000	0.36	19.49	19.85	0.00	0.14	0.09	0.05	0.05	0.04	2.80	2.03	1.94	2.85	5.13	4.74	0.0000	0.0000	0.0000	0.0000	0.0000	0.0000	0.0000	0.0000	0.0000	0.0000	0.0000	0.0000	82.00	0.03
1991-02-27	Perennial Ryegrass	0.15	336.50	0.00	0.93	0.93	3.06	0	4	0.00	650.00	0.00	-0.42	0.00	0.00	0.00	0.00	0.00	0.00	0.00	0.00	0.00	0.00	0.00	0.00	0.00	0.00	0.00	0.00	0.00	0.00	0.00	0.00	0.00	0.00	0.00	0.00	0.00	7.5	17.5	20.0	34.5	51.4	50.0	180.82	0.000	0.000	0.000	0.000	0.000	0.000	0.0003	1.0000	1.0000	1.0000	1.0000	1.0000	0.36	19.63	19.99	0.00	0.14	0.10	0.05	0.05	0.04	2.81	2.09	1.98	2.87	5.13	4.76	0.0000	0.0000	0.0000	0.0000	0.0000	0.0000	0.0000	0.0000	0.0000	0.0000	0.0000	0.0000	81.81	0.03
1991-02-28	Perennial Ryegrass	0.16	337.45	0.00	0.93	0.93	3.07	0	4	0.00	650.00	0.00	-0.41	0.00	0.00	0.00	0.00	0.00	0.00	0.00	0.00	0.00	0.00	0.00	0.00	0.00	0.00	0.00	0.00	0.00	0.00	0.00	0.00	0.00	0.00	0.00	0.00	0.00	7.2	17.4	20.0	34.5	51.2	50.0	180.30	0.000	0.000	0.000	0.000	0.000	0.000	0.0003	1.0000	1.0000	1.0000	1.0000	1.0000	0.36	19.77	20.13	0.00	0.14	0.10	0.05	0.05	0.04	2.82	2.14	2.02	2.89	5.13	4.77	0.0000	0.0000	0.0000	0.0000	0.0000	0.0000	0.0000	0.0000	0.0000	0.0000	0.0000	0.0000	81.63	0.03
1991-03-01	Perennial Ryegrass	0.16	340.58	0.00	0.93	0.93	3.07	0	4	0.00	650.00	0.00	-0.34	0.00	0.00	0.00	0.00	0.00	0.00	0.00	0.00	0.00	0.00	0.00	0.00	0.00	0.00	0.00	0.00	0.00	0.00	0.00	0.00	0.00	0.00	0.00	0.00	0.00	6.9	17.4	20.0	34.5	51.0	50.0	179.80	0.000	0.000	0.000	0.001	0.000	0.000	0.0003	1.0000	1.0000	1.0000	1.0000	1.0000	0.37	19.90	20.27	0.00	0.14	0.10	0.05	0.05	0.04	2.84	2.18	2.05	2.91	5.13	4.78	0.0000	0.0000	0.0000	0.0000	0.0000	0.0000	0.0000	0.0000	0.0000	0.0000	0.0000	0.0000	81.45	0.03
1991-03-02	Perennial Ryegrass	0.16	344.85	0.00	0.93	0.93	3.07	0	4	0.00	650.00	0.00	-0.30	0.00	0.00	0.00	0.00	0.00	0.00	0.00	0.00	0.00	0.00	0.00	0.00	0.00	0.00	0.00	0.00	0.00	0.00	0.00	0.00	0.00	0.00	0.00	0.00	0.00	6.6	17.3	20.0	34.5	50.9	50.0	179.32	0.000	0.000	0.000	0.000	0.000	0.000	0.0002	1.0000	1.0000	1.0000	1.0000	1.0000	0.38	20.02	20.39	0.00	0.14	0.10	0.05	0.05	0.04	2.87	2.22	2.08	2.93	5.12	4.79	0.0000	0.0000	0.0000	0.0000	0.0000	0.0000	0.0000	0.0000	0.0000	0.0000	0.0000	0.0000	81.26	0.03
1991-03-03	Perennial Ryegrass	0.16	349.47	0.00	0.93	0.93	3.07	0	4	0.00	650.00	0.00	-0.36	0.00	0.00	0.00	0.00	0.00	0.00	0.00	0.00	0.00	0.00	0.00	0.00	0.00	0.00	0.00	0.00	0.00	0.00	0.00	0.00	0.00	0.00	0.00	0.00	0.00	6.4	17.2	20.0	34.5	50.7	50.0	178.86	0.000	0.000	0.000	0.000	0.000	0.000	0.0002	1.0000	1.0000	1.0000	1.0000	1.0000	0.39	20.12	20.50	0.00	0.15	0.10	0.05	0.05	0.04	2.89	2.25	2.11	2.94	5.12	4.80	0.0000	0.0000	0.0000	0.0000	0.0000	0.0000	0.0000	0.0000	0.0000	0.0000	0.0000	0.0000	81.08	0.03
1991-03-04	Perennial Ryegrass	0.16	354.08	0.00	0.93	0.93	3.07	0	4	0.00	650.00	0.00	-0.40	0.00	0.00	0.00	0.00	0.00	0.00	0.00	0.00	0.00	0.00	0.00	0.00	0.00	0.00	0.00	0.00	0.00	0.00	0.00	0.00	0.00	0.00	0.00	0.00	0.00	6.1	17.2	20.0	34.5	50.6	50.1	178.41	0.000	0.000	0.000	0.000	0.000	0.000	0.0002	1.0000	1.0000	1.0000	1.0000	1.0000	0.39	20.23	20.62	0.00	0.15	0.10	0.05	0.05	0.04	2.92	2.28	2.13	2.96	5.12	4.82	0.0000	0.0000	0.0000	0.0000	0.0000	0.0000	0.0000	0.0000	0.0000	0.0000	0.0000	0.0000	80.89	0.03
1991-03-05	Perennial Ryegrass	0.16	358.68	0.00	0.93	0.93	3.07	0	4	0.00	650.00	0.00	-0.45	0.00	0.00	0.00	0.00	0.00	0.00	0.00	0.00	0.00	0.00	0.00	0.00	0.00	0.00	0.00	0.00	0.00	0.00	0.00	0.00	0.00	0.00	0.00	0.00	0.00	5.9	17.1	20.0	34.5	50.4	50.1	177.98	0.000	0.000	0.000	0.000	0.000	0.000	0.0002	1.0000	1.0000	1.0000	1.0000	1.0000	0.40	20.36	20.75	0.00	0.15	0.10	0.05	0.05	0.04	2.95	2.32	2.16	2.98	5.12	4.83	0.0000	0.0000	0.0000	0.0000	0.0000	0.0000	0.0000	0.0000	0.0000	0.0000	0.0000	0.0000	80.71	0.03
1991-03-06	Perennial Ryegrass	0.17	363.27	0.00	0.93	0.93	3.07	0	4	0.00	650.00	0.00	-0.55	0.00	0.00	0.00	0.00	0.00	0.00	0.00	0.00	0.00	0.00	0.00	0.00	0.00	0.00	0.00	0.00	0.00	0.00	0.00	0.00	0.00	0.00	0.00	0.00	0.00	5.7	17.0	20.0	34.4	50.3	50.1	177.56	0.000	0.000	0.000	0.000	0.000	0.000	0.0002	1.0000	1.0000	1.0000	1.0000	1.0000	0.40	20.51	20.90	0.00	0.15	0.10	0.05	0.05	0.04	2.98	2.37	2.20	3.00	5.12	4.84	0.0000	0.0000	0.0000	0.0000	0.0000	0.0000	0.0000	0.0000	0.0000	0.0000	0.0000	0.0000	80.53	0.03
1991-03-07	Perennial Ryegrass	0.17	367.85	0.00	0.93	0.93	3.07	0	4	0.00	650.00	0.00	-0.56	0.00	0.00	0.00	0.00	0.00	0.00	0.00	0.00	0.00	0.00	0.00	0.00	0.00	0.00	0.00	0.00	0.00	0.00	0.00	0.00	0.00	0.00	0.00	0.00	0.00	5.5	17.0	20.0	34.4	50.2	50.1	177.15	0.000	0.000	0.000	0.000	0.000	0.000	0.0002	1.0000	1.0000	1.0000	1.0000	1.0000	0.39	20.69	21.07	0.00	0.14	0.10	0.05	0.05	0.04	3.01	2.43	2.25	3.02	5.13	4.85	0.0000	0.0000	0.0000	0.0000	0.0000	0.0000	0.0000	0.0000	0.0000	0.0000	0.0000	0.0000	80.35	0.03
1991-03-08	Perennial Ryegrass	0.17	372.41	0.00	0.93	0.93	3.07	0	4	0.00	650.00	0.00	-0.55	0.00	0.00	0.00	0.00	0.00	0.00	0.00	0.00	0.00	0.00	0.00	0.00	0.00	0.00	0.00	0.00	0.00	0.00	0.00	0.00	0.00	0.00	0.00	0.00	0.00	5.3	16.9	20.0	34.4	50.1	50.1	176.75	0.000	0.000	0.000	0.000	0.000	0.000	0.0001	1.0000	1.0000	1.0000	1.0000	1.0000	0.38	20.88	21.26	0.00	0.14	0.10	0.05	0.05	0.04	3.04	2.50	2.30	3.04	5.14	4.87	0.0000	0.0000	0.0000	0.0000	0.0000	0.0000	0.0000	0.0000	0.0000	0.0000	0.0000	0.0000	80.17	0.03
1991-03-09	Perennial Ryegrass	0.17	380.57	0.00	0.93	0.93	3.07	0	4	0.00	650.00	0.00	-0.47	0.00	0.00	0.00	0.00	0.00	0.00	0.00	0.00	0.00	0.00	0.00	0.00	0.00	0.00	0.00	0.00	0.00	0.00	0.00	0.00	0.00	0.00	0.00	0.00	0.00	5.1	16.9	20.0	34.3	49.9	50.1	176.36	0.000	0.000	0.000	0.000	0.000	0.000	0.0001	1.0000	1.0000	1.0000	1.0000	1.0000	0.37	21.09	21.45	0.00	0.13	0.09	0.05	0.05	0.04	3.07	2.57	2.35	3.07	5.15	4.89	0.0000	0.0000	0.0000	0.0000	0.0000	0.0000	0.0000	0.0000	0.0000	0.0000	0.0000	0.0000	79.97	0.03
1991-03-10	Perennial Ryegrass	0.18	385.11	0.00	0.93	0.93	3.08	0	4	0.00	650.00	0.00	-0.37	0.00	0.00	0.00	0.00	0.00	0.00	0.00	0.00	0.00	0.00	0.00	0.00	0.00	0.00	0.00	0.00	0.00	0.00	0.00	0.00	0.00	0.00	0.00	0.00	0.00	5.0	16.8	20.0	34.3	49.8	50.1	175.98	0.000	0.000	0.000	0.000	0.000	0.000	0.0001	1.0000	1.0000	1.0000	1.0000	1.0000	0.37	21.27	21.63	0.00	0.14	0.09	0.05	0.05	0.04	3.10	2.63	2.39	3.09	5.16	4.90	0.0000	0.0000	0.0000	0.0000	0.0000	0.0000	0.0000	0.0000	0.0000	0.0000	0.0000	0.0000	79.74	0.03
1991-03-11	Perennial Ryegrass	0.18	389.63	0.00	0.92	0.92	3.08	0	4	0.00	650.00	0.00	-0.38	0.00	0.00	0.00	0.00	0.00	0.00	0.00	0.00	0.00	0.00	0.00	0.00	0.00	0.00	0.00	0.00	0.00	0.00	0.00	0.00	0.00	0.00	0.00	0.00	0.00	4.8	16.8	20.0	34.2	49.7	50.1	175.61	0.000	0.000	0.000	0.000	0.000	0.000	0.0001	1.0000	1.0000	1.0000	1.0000	1.0000	0.37	21.43	21.80	0.00	0.14	0.09	0.05	0.05	0.04	3.13	2.68	2.43	3.11	5.17	4.91	0.0000	0.0000	0.0000	0.0000	0.0000	0.0000	0.0000	0.0000	0.0000	0.0000	0.0000	0.0000	79.52	0.03
1991-03-12	Perennial Ryegrass	0.18	394.15	0.00	0.92	0.92	3.08	0	4	0.00	650.00	0.00	-0.34	0.00	0.00	0.00	0.00	0.00	0.00	0.00	0.00	0.00	0.00	0.00	0.00	0.00	0.00	0.00	0.00	0.00	0.00	0.00	0.00	0.00	0.00	0.00	0.00	0.00	4.6	16.7	20.0	34.2	49.6	50.1	175.25	0.000	0.000	0.000	0.000	0.000	0.000	0.0001	1.0000	1.0000	1.0000	1.0000	1.0000	0.38	21.56	21.95	0.00	0.14	0.10	0.05	0.05	0.04	3.17	2.72	2.46	3.12	5.18	4.92	0.0000	0.0000	0.0000	0.0000	0.0000	0.0000	0.0000	0.0000	0.0000	0.0000	0.0000	0.0000	79.34	0.03
1991-03-13	Perennial Ryegrass	0.18	398.65	0.00	0.92	0.92	3.08	0	4	0.00	650.00	0.00	-0.32	0.00	0.00	0.00	0.00	0.00	0.00	0.00	0.00	0.00	0.00	0.00	0.00	0.00	0.00	0.00	0.00	0.00	0.00	0.00	0.00	0.00	0.00	0.00	0.00	0.00	4.5	16.7	20.0	34.1	49.5	50.1	174.89	0.000	0.000	0.000	0.000	0.000	0.000	0.0001	1.0000	1.0000	1.0000	1.0000	1.0000	0.39	21.68	22.08	0.00	0.15	0.10	0.06	0.05	0.04	3.20	2.75	2.48	3.13	5.18	4.93	0.0000	0.0000	0.0000	0.0000	0.0000	0.0000	0.0000	0.0000	0.0000	0.0000	0.0000	0.0000	79.16	0.03
1991-03-14	Perennial Ryegrass	0.19	418.59	0.00	0.92	0.92	3.08	0	4	0.00	650.00	0.00	-0.38	0.00	0.00	0.00	0.00	0.00	0.00	0.00	0.00	0.00	0.00	0.00	0.00	0.00	0.00	0.00	0.00	0.00	0.00	0.00	0.00	0.00	0.00	0.00	0.00	0.00	4.6	16.6	20.0	34.0	49.4	50.1	174.77	0.000	0.000	0.000	0.000	0.000	0.000	0.0001	1.0000	1.0000	1.0000	1.0000	1.0000	0.40	21.79	22.20	0.00	0.15	0.10	0.06	0.06	0.04	3.23	2.78	2.51	3.14	5.18	4.94	0.0000	0.0000	0.0000	0.0000	0.0000	0.0000	0.0000	0.0000	0.0000	0.0000	0.0000	0.0000	78.93	0.03
1991-03-15	Perennial Ryegrass	0.19	430.01	0.00	0.92	0.92	3.08	0	4	0.00	650.00	0.00	-0.38	0.00	0.00	0.00	0.00	0.00	0.00	0.00	0.00	0.00	0.00	0.00	0.00	0.00	0.00	0.00	0.00	0.00	0.00	0.00	0.00	0.00	0.00	0.00	0.00	0.00	4.5	16.6	20.0	34.0	49.3	50.1	174.51	0.000	0.000	0.000	0.000	0.000	0.000	0.0001	1.0000	1.0000	1.0000	1.0000	1.0000	0.41	21.91	22.32	0.00	0.15	0.10	0.06	0.06	0.04	3.27	2.81	2.53	3.16	5.19	4.95	0.0000	0.0000	0.0000	0.0000	0.0000	0.0000	0.0000	0.0000	0.0000	0.0000	0.0000	0.0000	78.50	0.03
1991-03-16	Perennial Ryegrass	0.20	434.44	0.00	0.92	0.92	3.08	0	4	0.00	650.00	0.00	-0.37	0.00	0.00	0.00	0.00	0.00	0.00	0.00	0.00	0.00	0.00	0.00	0.00	0.00	0.00	0.00	0.00	0.00	0.00	0.00	0.00	0.00	0.00	0.00	0.00	0.00	4.4	16.5	20.0	33.9	49.2	50.1	174.17	0.000	0.000	0.000	0.000	0.000	0.000	0.0001	1.0000	1.0000	1.0000	1.0000	1.0000	0.41	22.03	22.45	0.00	0.15	0.10	0.06	0.06	0.04	3.30	2.85	2.56	3.17	5.20	4.96	0.0000	0.0000	0.0000	0.0000	0.0000	0.0000	0.0000	0.0000	0.0000	0.0000	0.0000	0.0000	78.04	0.03
1991-03-17	Perennial Ryegrass	0.20	438.85	0.00	0.92	0.92	3.08	0	4	0.00	650.00	0.00	-0.39	0.00	0.00	0.00	0.00	0.00	0.00	0.00	0.00	0.00	0.00	0.00	0.00	0.00	0.00	0.00	0.00	0.00	0.00	0.00	0.00	0.00	0.00	0.00	0.00	0.00	4.2	16.5	20.0	33.8	49.1	50.1	173.84	0.000	0.000	0.000	0.000	0.000	0.000	0.0001	1.0000	1.0000	1.0000	1.0000	1.0000	0.42	22.17	22.58	0.00	0.15	0.10	0.06	0.06	0.04	3.34	2.89	2.59	3.18	5.20	4.97	0.0000	0.0000	0.0000	0.0000	0.0000	0.0000	0.0000	0.0000	0.0000	0.0000	0.0000	0.0000	77.78	0.03
1991-03-18	Perennial Ryegrass	0.20	443.25	0.00	0.92	0.92	3.08	0	4	0.00	650.00	0.00	-0.41	0.00	0.00	0.00	0.00	0.00	0.00	0.00	0.00	0.00	0.00	0.00	0.00	0.00	0.00	0.00	0.00	0.00	0.00	0.00	0.00	0.00	0.00	0.00	0.00	0.00	4.1	16.4	20.0	33.8	49.1	50.1	173.51	0.000	0.000	0.000	0.000	0.000	0.000	0.0001	1.0000	1.0000	1.0000	1.0000	1.0000	0.42	22.31	22.73	0.00	0.15	0.10	0.06	0.06	0.04	3.37	2.93	2.62	3.19	5.21	4.99	0.0000	0.0000	0.0000	0.0000	0.0000	0.0000	0.0000	0.0000	0.0000	0.0000	0.0000	0.0000	77.61	0.03
1991-03-19	Perennial Ryegrass	0.20	447.64	0.00	0.92	0.92	3.08	0	4	0.00	650.00	0.00	-0.44	0.00	0.00	0.00	0.00	0.00	0.00	0.00	0.00	0.00	0.00	0.00	0.00	0.00	0.00	0.00	0.00	0.00	0.00	0.00	0.00	0.00	0.00	0.00	0.00	0.00	4.0	16.4	20.0	33.7	49.0	50.1	173.19	0.000	0.000	0.000	0.000	0.000	0.000	0.0000	1.0000	1.0000	1.0000	1.0000	1.0000	0.42	22.46	22.87	0.00	0.15	0.10	0.06	0.06	0.04	3.41	2.97	2.65	3.21	5.22	5.00	0.0000	0.0000	0.0000	0.0000	0.0000	0.0000	0.0000	0.0000	0.0000	0.0000	0.0000	0.0000	77.43	0.03
1991-03-20	Perennial Ryegrass	0.20	452.02	0.00	0.92	0.92	3.09	0	4	0.00	650.00	0.00	-0.38	0.00	0.00	0.00	0.00	0.00	0.00	0.00	0.00	0.00	0.00	0.00	0.00	0.00	0.00	0.00	0.00	0.00	0.00	0.00	0.00	0.00	0.00	0.00	0.00	0.00	3.9	16.4	20.0	33.6	48.9	50.1	172.87	0.000	0.000	0.000	0.000	0.000	0.000	0.0000	1.0000	1.0000	1.0000	1.0000	1.0000	0.42	22.60	23.02	0.00	0.15	0.10	0.06	0.06	0.04	3.45	3.02	2.68	3.22	5.23	5.01	0.0000	0.0000	0.0000	0.0000	0.0000	0.0000	0.0000	0.0000	0.0000	0.0000	0.0000	0.0000	77.26	0.03
1991-03-21	Perennial Ryegrass	0.20	456.39	0.00	0.92	0.92	3.09	0	4	0.00	650.00	0.00	-0.36	0.00	0.00	0.00	0.00	0.00	0.00	0.00	0.00	0.00	0.00	0.00	0.00	0.00	0.00	0.00	0.00	0.00	0.00	0.00	0.00	0.00	0.00	0.00	0.00	0.00	3.8	16.3	20.0	33.6	48.8	50.1	172.56	0.000	0.000	0.000	0.000	0.000	0.000	0.0000	1.0000	1.0000	1.0000	1.0000	1.0000	0.42	22.74	23.16	0.00	0.15	0.10	0.06	0.06	0.04	3.48	3.05	2.71	3.24	5.24	5.02	0.0000	0.0000	0.0000	0.0000	0.0000	0.0000	0.0000	0.0000	0.0000	0.0000	0.0000	0.0000	77.09	0.03
1991-03-22	Perennial Ryegrass	0.21	460.74	0.00	0.92	0.92	3.09	0	4	0.00	650.00	0.00	-0.23	0.00	0.00	0.00	0.00	0.00	0.00	0.00	0.00	0.00	0.00	0.00	0.00	0.00	0.00	0.00	0.00	0.00	0.00	0.00	0.00	0.00	0.00	0.00	0.00	0.00	3.7	16.3	20.0	33.5	48.7	50.1	172.25	0.000	0.000	0.000	0.000	0.000	0.000	0.0000	1.0000	1.0000	1.0000	1.0000	1.0000	0.42	22.86	23.28	0.00	0.16	0.11	0.06	0.06	0.04	3.52	3.08	2.73	3.25	5.25	5.03	0.0000	0.0000	0.0000	0.0000	0.0000	0.0000	0.0000	0.0000	0.0000	0.0000	0.0000	0.0000	76.91	0.03
1991-03-23	Perennial Ryegrass	0.21	465.09	0.00	0.92	0.92	3.09	0	4	0.00	650.00	0.00	-0.30	0.00	0.00	0.00	0.00	0.00	0.00	0.00	0.00	0.00	0.00	0.00	0.00	0.00	0.00	0.00	0.00	0.00	0.00	0.00	0.00	0.00	0.00	0.00	0.00	0.00	3.6	16.2	20.0	33.4	48.7	50.1	171.95	0.000	0.000	0.000	0.000	0.000	0.000	0.0000	1.0000	1.0000	1.0000	1.0000	1.0000	0.43	22.96	23.39	0.00	0.16	0.11	0.06	0.06	0.04	3.56	3.11	2.75	3.25	5.25	5.04	0.0000	0.0000	0.0000	0.0000	0.0000	0.0000	0.0000	0.0000	0.0000	0.0000	0.0000	0.0000	76.74	0.03
1991-03-24	Perennial Ryegrass	0.21	469.42	0.00	0.92	0.92	3.09	0	4	0.00	650.00	0.00	-0.27	0.00	0.00	0.00	0.00	0.00	0.00	0.00	0.00	0.00	0.00	0.00	0.00	0.00	0.00	0.00	0.00	0.00	0.00	0.00	0.00	0.00	0.00	0.00	0.00	0.00	3.5	16.2	20.0	33.3	48.6	50.1	171.65	0.000	0.000	0.000	0.000	0.000	0.000	0.0000	1.0000	1.0000	1.0000	1.0000	1.0000	0.44	23.05	23.49	0.00	0.16	0.11	0.06	0.06	0.04	3.60	3.13	2.77	3.26	5.25	5.04	0.0000	0.0000	0.0000	0.0000	0.0000	0.0000	0.0000	0.0000	0.0000	0.0000	0.0000	0.0000	76.57	0.03
1991-03-25	Perennial Ryegrass	0.21	473.75	0.00	0.92	0.92	3.09	0	4	0.00	650.00	0.00	-0.32	0.00	0.00	0.00	0.00	0.00	0.00	0.00	0.00	0.00	0.00	0.00	0.00	0.00	0.00	0.00	0.00	0.00	0.00	0.00	0.00	0.00	0.00	0.00	0.00	0.00	3.4	16.2	20.0	33.3	48.5	50.1	171.36	0.000	0.000	0.000	0.000	0.000	0.000	0.0000	1.0000	1.0000	1.0000	1.0000	1.0000	0.44	23.14	23.58	0.00	0.16	0.11	0.06	0.06	0.04	3.64	3.15	2.78	3.27	5.26	5.05	0.0000	0.0000	0.0000	0.0000	0.0000	0.0000	0.0000	0.0000	0.0000	0.0000	0.0000	0.0000	76.40	0.03
1991-03-26	Perennial Ryegrass	0.21	478.06	0.00	0.92	0.92	3.09	0	4	0.00	650.00	0.00	-0.32	0.00	0.00	0.00	0.00	0.00	0.00	0.00	0.00	0.00	0.00	0.00	0.00	0.00	0.00	0.00	0.00	0.00	0.00	0.00	0.00	0.00	0.00	0.00	0.00	0.00	3.3	16.1	20.0	33.2	48.4	50.1	171.07	0.000	0.000	0.000	0.000	0.000	0.000	0.0000	1.0000	1.0000	1.0000	1.0000	1.0000	0.45	23.24	23.69	0.00	0.17	0.11	0.06	0.06	0.04	3.68	3.17	2.80	3.28	5.26	5.06	0.0000	0.0000	0.0000	0.0000	0.0000	0.0000	0.0000	0.0000	0.0000	0.0000	0.0000	0.0000	76.23	0.03
1991-03-27	Perennial Ryegrass	0.21	482.36	0.00	0.92	0.92	3.09	0	4	0.00	650.00	0.00	-0.33	0.00	0.00	0.00	0.00	0.00	0.00	0.00	0.00	0.00	0.00	0.00	0.00	0.00	0.00	0.00	0.00	0.00	0.00	0.00	0.00	0.00	0.00	0.00	0.00	0.00	3.2	16.1	19.9	33.1	48.4	50.1	170.78	0.000	0.000	0.000	0.000	0.000	0.000	0.0000	1.0000	1.0000	1.0000	1.0000	1.0000	0.45	23.35	23.80	0.00	0.17	0.11	0.06	0.06	0.04	3.71	3.19	2.82	3.29	5.27	5.07	0.0000	0.0000	0.0000	0.0000	0.0000	0.0000	0.0000	0.0000	0.0000	0.0000	0.0000	0.0000	76.06	0.03
1991-03-28	Perennial Ryegrass	0.22	486.65	0.00	0.91	0.91	3.09	0	4	0.00	650.00	0.00	-0.30	0.00	0.00	0.00	0.00	0.00	0.00	0.00	0.00	0.00	0.00	0.00	0.00	0.00	0.00	0.00	0.00	0.00	0.00	0.00	0.00	0.00	0.00	0.00	0.00	0.00	3.1	16.1	19.9	33.1	48.3	50.1	170.50	0.000	0.000	0.000	0.000	0.000	0.000	0.0000	1.0000	1.0000	1.0000	1.0000	1.0000	0.45	23.46	23.91	0.00	0.17	0.11	0.06	0.06	0.04	3.75	3.22	2.84	3.30	5.28	5.07	0.0000	0.0000	0.0000	0.0000	0.0000	0.0000	0.0000	0.0000	0.0000	0.0000	0.0000	0.0000	75.89	0.03
1991-03-29	Perennial Ryegrass	0.24	560.41	0.00	0.92	0.92	3.09	0	4	0.00	650.00	0.00	-0.34	0.00	0.00	0.00	0.00	0.00	0.00	0.00	0.00	0.00	0.00	0.00	0.00	0.00	0.00	0.00	0.00	0.00	0.00	0.00	0.00	0.00	0.00	0.00	0.00	0.00	12.4	16.1	19.9	33.0	48.2	50.0	179.74	0.000	0.000	0.000	0.000	0.000	0.000	0.0000	1.0000	1.0000	1.0000	1.0000	1.0000	0.55	23.51	24.06	0.10	0.17	0.11	0.06	0.06	0.04	3.70	3.27	2.86	3.31	5.29	5.08	0.0000	0.0000	0.0000	0.0000	0.0000	0.0000	0.0000	0.0000	0.0000	0.0000	0.0000	0.0000	75.31	0.03
1991-03-30	Perennial Ryegrass	0.26	591.65	0.00	0.90	0.90	0.00	0	3	0.00	650.00	0.00	-0.31	0.00	0.00	0.00	0.00	0.00	0.00	0.00	0.00	0.00	0.00	0.00	0.00	0.00	0.00	0.00	0.00	0.00	0.00	0.00	0.00	0.00	0.00	0.00	0.00	0.00	16.9	16.4	19.9	32.9	48.2	50.0	184.31	0.000	0.000	0.000	0.000	0.000	0.000	0.0000	1.0000	1.0000	1.0000	1.0000	1.0000	0.59	23.66	24.26	0.14	0.17	0.11	0.07	0.06	0.04	3.70	3.37	2.88	3.32	5.30	5.09	0.0000	0.0000	0.0000	0.0000	0.0000	0.0000	0.0000	0.0000	0.0000	0.0000	0.0000	0.0000	73.48	0.03
1991-03-31	Perennial Ryegrass	0.24	559.92	0.01	0.89	0.89	0.01	0	3	0.02	650.00	0.00	-9.39	9.78	0.00	0.00	0.00	0.00	0.00	0.00	0.00	0.00	0.00	0.00	0.00	0.00	0.00	0.00	0.00	0.00	0.00	0.00	0.00	0.00	0.00	0.00	0.00	0.00	16.2	16.6	19.9	32.9	48.1	50.0	183.62	0.000	0.000	0.000	0.000	0.000	0.000	0.0000	1.0000	0.9984	1.0000	0.9984	1.0000	0.62	23.80	24.42	0.17	0.17	0.11	0.07	0.06	0.04	3.74	3.43	2.90	3.33	5.30	5.10	0.0000	0.0000	0.0000	0.0000	0.0000	0.0000	0.0000	0.0000	0.0000	0.0000	0.0000	0.0000	71.41	0.02
1991-04-01	Perennial Ryegrass	0.24	554.71	0.02	0.90	0.89	0.01	0	3	0.03	650.00	0.00	-7.23	9.33	0.00	0.00	0.00	0.00	0.00	0.00	0.00	0.00	0.00	0.00	0.00	0.00	0.00	0.00	0.00	0.00	0.00	0.00	0.00	0.00	0.00	0.00	0.00	0.00	17.2	17.2	19.9	32.8	48.0	50.0	185.10	0.005	0.003	0.005	0.007	0.005	0.000	0.0111	1.0000	0.9992	0.9999	0.9992	1.0000	0.63	23.81	24.44	0.18	0.17	0.11	0.07	0.07	0.04	3.60	3.56	2.91	3.33	5.31	5.11	0.0043	0.0010	0.0004	0.0002	0.0000	0.0000	0.0846	0.0192	0.0095	0.0084	0.0029	0.0000	70.50	0.03
1991-04-02	Perennial Ryegrass	0.24	539.85	0.03	0.89	0.89	0.03	0	3	0.05	650.00	0.00	-0.67	11.08	0.00	0.00	0.00	0.00	0.00	0.00	0.00	0.00	0.00	0.00	0.00	0.00	0.00	0.00	0.00	0.00	0.00	0.00	0.00	0.00	0.00	0.00	0.00	0.00	16.4	17.3	19.8	32.8	47.9	50.0	184.26	0.013	0.007	0.010	0.016	0.010	0.000	0.0227	0.9394	0.9995	0.9999	0.9995	1.0000	0.68	23.74	24.42	0.22	0.17	0.11	0.07	0.07	0.04	3.49	3.59	2.91	3.33	5.31	5.11	0.0091	0.0016	0.0006	0.0003	0.0001	0.0000	0.1411	0.0317	0.0135	0.0120	0.0041	0.0000	70.42	0.03
1991-04-03	Perennial Ryegrass	0.23	524.08	0.04	0.89	0.89	0.06	0	3	0.07	650.00	0.00	1.50	12.95	0.00	0.00	0.00	0.00	0.00	0.00	0.00	0.00	0.00	0.00	0.00	0.00	0.00	0.00	0.00	0.00	0.00	0.00	0.00	0.00	0.00	0.00	0.00	0.00	15.7	17.4	19.8	32.7	47.9	50.0	183.37	0.027	0.019	0.025	0.038	0.024	0.000	0.0320	1.0000	0.9997	0.9999	0.9997	1.0000	0.72	23.71	24.43	0.25	0.18	0.12	0.07	0.07	0.04	3.45	3.59	2.91	3.33	5.31	5.12	0.0076	0.0014	0.0005	0.0002	0.0000	0.0000	0.1012	0.0280	0.0116	0.0102	0.0036	0.0000	70.22	0.03
1991-04-04	Perennial Ryegrass	0.22	500.14	0.06	0.89	0.89	0.08	0	3	0.09	650.00	0.00	2.48	13.73	0.00	0.00	0.00	0.00	0.00	0.00	0.00	0.00	0.00	0.00	0.00	0.00	0.00	0.00	0.00	0.00	0.00	0.00	0.00	0.00	0.00	0.00	0.00	0.00	15.5	17.4	19.8	32.6	47.8	50.0	182.96	0.036	0.028	0.037	0.056	0.036	0.000	0.0438	0.8736	0.9998	0.9999	0.9998	1.0000	0.74	23.60	24.34	0.26	0.18	0.12	0.07	0.07	0.04	3.36	3.58	2.91	3.32	5.31	5.13	0.0130	0.0027	0.0009	0.0004	0.0001	0.0000	0.1604	0.0512	0.0211	0.0186	0.0067	0.0000	70.46	0.03
1991-04-05	Perennial Ryegrass	0.21	476.71	0.07	0.89	0.89	0.09	0	3	0.11	650.00	0.00	2.16	13.21	0.00	0.00	0.00	0.00	0.00	0.00	0.00	0.00	0.00	0.00	0.00	0.00	0.00	0.00	0.00	0.00	0.00	0.00	0.00	0.00	0.00	0.00	0.00	0.00	15.4	17.4	19.7	32.5	47.7	50.0	182.63	0.034	0.027	0.035	0.053	0.034	0.000	0.0570	0.6601	0.9999	0.9999	0.9999	1.0000	0.77	23.59	24.36	0.29	0.18	0.12	0.07	0.07	0.04	3.34	3.58	2.91	3.32	5.31	5.14	0.0097	0.0019	0.0006	0.0003	0.0001	0.0000	0.1077	0.0362	0.0148	0.0130	0.0047	0.0000	70.71	0.03
1991-04-06	Perennial Ryegrass	0.20	448.03	0.09	0.89	0.88	0.10	0	3	0.14	650.00	0.00	6.27	16.98	0.00	0.00	0.00	0.00	0.00	0.00	0.00	0.00	0.00	0.00	0.00	0.00	0.00	0.00	0.00	0.00	0.00	0.00	0.00	0.00	0.00	0.00	0.00	0.00	15.3	17.3	19.7	32.4	47.5	49.9	182.14	0.062	0.050	0.066	0.098	0.063	0.000	0.0696	0.8843	0.9999	0.9999	0.9999	1.0000	0.78	23.44	24.22	0.30	0.18	0.12	0.07	0.07	0.04	3.22	3.55	2.91	3.30	5.31	5.14	0.0206	0.0040	0.0013	0.0006	0.0001	0.0000	0.2125	0.0739	0.0307	0.0270	0.0102	0.0000	71.03	0.03
1991-04-07	Perennial Ryegrass	0.19	433.12	0.11	0.90	0.88	0.11	0	3	0.17	650.00	0.00	8.26	18.57	0.00	0.00	0.00	0.00	0.00	0.00	0.00	0.00	0.00	0.00	0.00	0.00	0.00	0.00	0.00	0.00	0.00	0.00	0.00	0.00	0.00	0.00	0.00	0.00	15.2	17.3	19.6	32.2	47.4	49.9	181.70	0.053	0.043	0.056	0.084	0.054	0.000	0.0865	0.8517	0.9999	0.9999	0.9999	1.0000	0.83	23.33	24.16	0.35	0.18	0.12	0.07	0.07	0.04	3.14	3.53	2.90	3.29	5.31	5.15	0.0234	0.0040	0.0013	0.0006	0.0001	0.0000	0.2036	0.0733	0.0302	0.0265	0.0100	0.0000	71.41	0.03
1991-04-08	Perennial Ryegrass	0.19	420.75	0.13	0.90	0.88	0.12	0	3	0.21	650.00	0.00	10.58	20.53	0.00	0.00	0.00	0.00	0.00	0.00	0.00	0.00	0.00	0.00	0.00	0.00	0.00	0.00	0.00	0.00	0.00	0.00	0.00	0.00	0.00	0.00	0.00	0.00	15.1	17.3	19.5	32.1	47.3	49.9	181.27	0.050	0.042	0.054	0.081	0.052	0.000	0.1055	0.8051	0.9999	0.9999	0.9999	1.0000	0.86	23.12	23.98	0.38	0.18	0.12	0.07	0.07	0.04	3.01	3.48	2.89	3.27	5.31	5.16	0.0347	0.0054	0.0017	0.0008	0.0002	0.0000	0.2641	0.0979	0.0403	0.0354	0.0134	0.0000	71.87	0.03
1991-04-09	Perennial Ryegrass	0.19	409.64	0.15	0.90	0.88	0.14	0	3	0.24	650.00	0.00	11.05	20.73	0.00	0.00	0.00	0.00	0.00	0.00	0.00	0.00	0.00	0.00	0.00	0.00	0.00	0.00	0.00	0.00	0.00	0.00	0.00	0.00	0.00	0.00	0.00	0.00	15.0	17.3	19.5	32.0	47.2	49.9	180.82	0.054	0.045	0.059	0.087	0.056	0.000	0.1257	0.6874	1.0000	0.9999	1.0000	1.0000	0.89	22.94	23.84	0.40	0.19	0.12	0.07	0.07	0.04	2.90	3.43	2.88	3.26	5.31	5.17	0.0339	0.0051	0.0016	0.0008	0.0002	0.0000	0.2329	0.0901	0.0374	0.0329	0.0127	0.0000	72.34	0.03
1991-04-10	Perennial Ryegrass	0.18	400.63	0.17	0.90	0.88	0.16	0	3	0.28	650.00	0.00	13.55	22.84	0.00	0.00	0.00	0.00	0.00	0.00	0.00	0.00	0.00	0.00	0.00	0.00	0.00	0.00	0.00	0.00	0.00	0.00	0.00	0.00	0.00	0.00	0.00	0.00	14.9	17.2	19.4	31.9	47.1	49.9	180.27	0.072	0.062	0.079	0.118	0.076	0.000	0.1455	0.6102	1.0000	0.9999	1.0000	1.0000	0.91	22.65	23.56	0.42	0.19	0.12	0.07	0.07	0.04	2.74	3.35	2.85	3.23	5.30	5.18	0.0463	0.0067	0.0022	0.0010	0.0002	0.0000	0.2904	0.1168	0.0497	0.0439	0.0176	0.0000	72.87	0.03
1991-04-11	Perennial Ryegrass	0.18	396.78	0.19	0.90	0.88	0.17	0	3	0.32	650.00	0.00	11.86	20.98	0.00	0.00	0.00	0.00	0.00	0.00	0.00	0.00	0.00	0.00	0.00	0.00	0.00	0.00	0.00	0.00	0.00	0.00	0.00	0.00	0.00	0.00	0.00	0.00	14.7	17.1	19.3	31.7	47.0	49.9	179.77	0.063	0.054	0.070	0.104	0.067	0.000	0.1653	0.6327	1.0000	0.9999	1.0000	1.0000	0.93	22.44	23.37	0.43	0.19	0.12	0.07	0.07	0.04	2.63	3.30	2.83	3.21	5.29	5.18	0.0379	0.0055	0.0018	0.0008	0.0002	0.0000	0.2214	0.0930	0.0397	0.0352	0.0141	0.0000	73.32	0.03
1991-04-12	Perennial Ryegrass	0.18	387.01	0.21	0.91	0.88	0.19	0	3	0.36	650.00	0.00	12.90	21.72	0.00	0.00	0.00	0.00	0.00	0.00	0.00	0.00	0.00	0.00	0.00	0.00	0.00	0.00	0.00	0.00	0.00	0.00	0.00	0.00	0.00	0.00	0.00	0.00	14.6	17.1	19.2	31.6	46.8	49.9	179.24	0.067	0.059	0.075	0.112	0.073	0.000	0.1859	0.5161	1.0000	0.9999	1.0000	1.0000	0.93	22.16	23.09	0.43	0.19	0.12	0.07	0.07	0.04	2.49	3.22	2.80	3.18	5.28	5.19	0.0474	0.0069	0.0022	0.0011	0.0002	0.0000	0.2602	0.1129	0.0489	0.0435	0.0179	0.0000	73.76	0.03
1991-04-13	Perennial Ryegrass	0.17	375.35	0.23	0.91	0.88	0.20	0	3	0.40	650.00	0.00	15.22	23.64	0.00	0.00	0.00	0.00	0.00	0.00	0.00	0.00	0.00	0.00	0.00	0.00	0.00	0.00	0.00	0.00	0.00	0.00	0.00	0.00	0.00	0.00	0.00	0.00	14.5	17.0	19.1	31.4	46.7	49.8	178.51	0.102	0.090	0.115	0.172	0.111	0.000	0.2052	0.5641	1.0000	0.9999	1.0000	1.0000	0.94	21.90	22.84	0.44	0.19	0.12	0.07	0.07	0.04	2.37	3.14	2.78	3.15	5.27	5.20	0.0473	0.0070	0.0024	0.0011	0.0003	0.0000	0.2452	0.1122	0.0511	0.0461	0.0204	0.0000	74.21	0.03
1991-04-14	Perennial Ryegrass	0.19	409.64	0.25	0.91	0.88	0.20	0	3	0.44	650.00	0.00	5.00	13.92	0.00	0.00	0.00	0.00	0.00	0.00	0.00	0.00	0.00	0.00	0.00	0.00	0.00	0.00	0.00	0.00	0.00	0.00	0.00	0.00	0.00	0.00	0.00	0.00	17.2	17.4	19.1	31.3	46.6	49.8	181.37	0.047	0.041	0.053	0.079	0.052	0.000	0.2265	1.0000	1.0000	0.9998	1.0000	1.0000	0.98	21.86	22.83	0.47	0.19	0.13	0.08	0.07	0.04	2.30	3.18	2.77	3.14	5.27	5.20	0.0268	0.0039	0.0012	0.0006	0.0001	0.0000	0.1265	0.0611	0.0261	0.0234	0.0096	0.0000	74.34	0.03
1991-04-15	Perennial Ryegrass	0.18	400.00	0.26	0.91	0.87	0.22	1	3	0.47	650.00	0.00	9.92	18.21	0.00	0.00	0.00	0.00	0.00	0.00	0.00	0.00	0.00	0.00	0.00	0.00	0.00	0.00	0.00	0.00	0.00	0.00	0.00	0.00	0.00	0.00	0.00	0.00	16.5	17.4	19.0	31.2	46.5	49.8	180.43	0.068	0.041	0.048	0.071	0.046	0.000	0.2453	0.3257	1.0000	0.9998	1.0000	1.0000	0.98	21.73	22.72	0.47	0.20	0.13	0.08	0.07	0.04	2.19	3.17	2.77	3.13	5.27	5.21	0.0444	0.0042	0.0012	0.0006	0.0001	0.0000	0.1990	0.0647	0.0251	0.0224	0.0092	0.0000	74.25	0.03
1991-04-16	Perennial Ryegrass	0.18	395.06	0.29	0.91	0.87	0.25	1	3	0.52	650.00	0.00	29.96	36.32	0.00	0.00	0.00	0.00	0.00	0.00	0.00	0.00	0.00	0.00	0.00	0.00	0.00	0.00	0.00	0.00	0.00	0.00	0.00	0.00	0.00	0.00	0.00	0.00	15.7	17.3	18.9	31.0	46.3	49.8	179.05	0.161	0.111	0.126	0.187	0.121	0.000	0.2596	0.6345	1.0000	0.9997	1.0000	1.0000	0.96	21.30	22.26	0.44	0.20	0.13	0.08	0.07	0.04	1.95	3.06	2.73	3.09	5.26	5.21	0.0820	0.0093	0.0028	0.0014	0.0003	0.0000	0.3457	0.1393	0.0579	0.0525	0.0246	0.0000	74.51	0.03
1991-04-17	Perennial Ryegrass	0.18	391.39	0.31	0.91	0.87	0.29	1	3	0.59	650.00	0.00	40.24	45.23	0.00	0.00	0.00	0.00	0.00	0.00	0.00	0.00	0.00	0.00	0.00	0.00	0.00	0.00	0.00	0.00	0.00	0.00	0.00	0.00	0.00	0.00	0.00	0.00	14.9	17.1	18.7	30.7	46.1	49.8	177.29	0.236	0.179	0.203	0.303	0.197	0.000	0.2851	0.7743	1.0000	0.9996	1.0000	0.8961	0.95	20.91	21.86	0.43	0.19	0.13	0.08	0.07	0.04	1.78	2.95	2.69	3.04	5.23	5.22	0.0699	0.0094	0.0031	0.0016	0.0005	0.0000	0.2746	0.1376	0.0641	0.0594	0.0321	0.0000	75.66	0.03
1991-04-18	Perennial Ryegrass	0.17	384.67	0.34	0.91	0.87	0.31	1	3	0.64	650.00	0.00	25.34	31.27	0.00	0.00	0.00	0.00	0.00	0.00	0.00	0.00	0.00	0.00	0.00	0.00	0.00	0.00	0.00	0.00	0.00	0.00	0.00	0.00	0.00	0.00	0.00	0.00	14.7	17.0	18.6	30.5	45.9	49.7	176.43	0.136	0.114	0.131	0.195	0.128	0.000	0.3143	0.5457	1.0000	0.9996	1.0000	1.0000	0.94	20.62	21.56	0.43	0.19	0.13	0.08	0.07	0.04	1.66	2.86	2.66	3.01	5.21	5.23	0.0560	0.0083	0.0026	0.0013	0.0004	0.0000	0.2082	0.1182	0.0527	0.0487	0.0244	0.0000	76.53	0.03
1991-04-19	Perennial Ryegrass	0.17	375.67	0.37	0.92	0.87	0.32	1	3	0.71	650.00	0.00	38.77	40.36	0.00	0.00	0.00	0.00	0.00	0.00	0.00	0.00	0.00	0.00	0.00	0.00	0.00	0.00	0.00	0.00	0.00	0.00	0.00	0.00	0.00	0.00	0.00	0.00	14.4	16.7	18.3	30.1	45.7	49.7	174.99	0.248	0.208	0.241	0.361	0.238	0.000	0.3373	0.9765	1.0000	0.9996	1.0000	0.5707	0.94	20.31	21.25	0.42	0.19	0.13	0.08	0.07	0.04	1.56	2.76	2.61	2.96	5.19	5.23	0.0551	0.0088	0.0032	0.0016	0.0005	0.0000	0.1949	0.1213	0.0637	0.0605	0.0366	0.0000	77.53	0.03
1991-04-20	Perennial Ryegrass	0.17	371.82	0.38	0.92	0.87	0.35	1	3	0.75	650.00	0.00	22.22	27.83	0.00	0.00	0.00	0.00	0.00	0.00	0.00	0.00	0.00	0.00	0.00	0.00	0.00	0.00	0.00	0.00	0.00	0.00	0.00	0.00	0.00	0.00	0.00	0.00	14.2	16.6	18.2	29.9	45.5	49.7	174.14	0.132	0.112	0.131	0.197	0.131	0.000	0.3663	0.4004	1.0000	0.9995	1.0000	1.0000	0.96	20.11	21.07	0.44	0.19	0.13	0.08	0.07	0.04	1.49	2.69	2.59	2.93	5.17	5.24	0.0505	0.0076	0.0025	0.0012	0.0003	0.0000	0.1645	0.1007	0.0478	0.0451	0.0239	0.0000	78.34	0.03
1991-04-21	Perennial Ryegrass	0.17	365.21	0.41	0.92	0.87	0.36	1	3	0.83	650.00	0.00	35.21	37.45	0.00	0.00	0.00	0.00	0.00	0.00	0.00	0.00	0.00	0.00	0.00	0.00	0.00	0.00	0.00	0.00	0.00	0.00	0.00	0.00	0.00	0.00	0.00	0.00	13.9	16.3	18.0	29.6	45.2	49.7	172.61	0.257	0.219	0.257	0.389	0.261	0.000	0.3839	0.9804	1.0000	0.9995	1.0000	0.6811	0.96	19.87	20.83	0.45	0.20	0.13	0.08	0.07	0.04	1.43	2.62	2.55	2.89	5.14	5.24	0.0519	0.0083	0.0032	0.0017	0.0006	0.0000	0.1599	0.1070	0.0618	0.0600	0.0396	0.0000	79.18	0.03
1991-04-22	Perennial Ryegrass	0.17	365.50	0.43	0.93	0.87	0.40	1	3	0.87	650.00	0.00	28.74	31.93	0.00	0.00	0.00	0.00	0.00	0.00	0.00	0.00	0.00	0.00	0.00	0.00	0.00	0.00	0.00	0.00	0.00	0.00	0.00	0.00	0.00	0.00	0.00	0.00	13.7	16.2	17.8	29.3	45.0	49.6	171.67	0.145	0.124	0.147	0.225	0.153	0.000	0.4135	0.4634	1.0000	0.9992	1.0000	0.7319	0.99	19.70	20.69	0.47	0.20	0.13	0.08	0.07	0.04	1.39	2.56	2.52	2.86	5.12	5.24	0.0479	0.0070	0.0024	0.0012	0.0004	0.0000	0.1357	0.0880	0.0454	0.0439	0.0255	0.0000	80.14	0.03
1991-04-23	Perennial Ryegrass	0.17	365.72	0.44	0.93	0.87	0.48	1	3	0.91	650.00	0.00	31.22	32.31	0.00	0.00	0.00	0.00	0.00	0.00	0.00	0.00	0.00	0.00	0.00	0.00	0.00	0.00	0.00	0.00	0.00	0.00	0.00	0.00	0.00	0.00	0.00	0.00	13.4	16.0	17.6	29.0	44.7	49.6	170.22	0.233	0.203	0.243	0.373	0.254	0.000	0.4295	0.7002	1.0000	0.9989	1.0000	0.5829	1.01	19.50	20.51	0.49	0.20	0.13	0.08	0.07	0.04	1.35	2.49	2.48	2.82	5.09	5.25	0.0497	0.0075	0.0030	0.0016	0.0005	0.0000	0.1324	0.0921	0.0563	0.0558	0.0386	0.0000	80.94	0.02
1991-04-24	Perennial Ryegrass	0.17	363.58	0.46	0.93	0.87	0.51	1	3	0.96	650.00	0.00	28.53	30.88	0.00	0.00	0.00	0.00	0.00	0.00	0.00	0.00	0.00	0.00	0.00	0.00	0.00	0.00	0.00	0.00	0.00	0.00	0.00	0.00	0.00	0.00	0.00	0.00	13.1	15.8	17.4	28.6	44.5	49.6	168.87	0.210	0.185	0.224	0.347	0.240	0.000	0.4435	0.5761	1.0000	0.9989	1.0000	0.6993	1.01	19.32	20.33	0.49	0.20	0.13	0.08	0.07	0.04	1.33	2.44	2.45	2.78	5.07	5.25	0.0462	0.0071	0.0028	0.0015	0.0005	0.0000	0.1199	0.0840	0.0519	0.0521	0.0365	0.0000	81.73	0.02
1991-04-25	Perennial Ryegrass	0.19	422.24	0.48	0.93	0.87	0.52	1	3	1.01	650.00	0.00	30.37	29.54	0.00	0.00	0.00	0.00	0.00	0.00	0.00	0.00	0.00	0.00	0.00	0.00	0.00	0.00	0.00	0.00	0.00	0.00	0.00	0.00	0.00	0.00	0.00	0.00	17.7	16.7	17.2	28.3	44.2	49.6	173.55	0.213	0.191	0.233	0.365	0.256	0.000	0.4621	1.0000	1.0000	0.9986	1.0000	0.4231	1.00	19.14	20.14	0.48	0.20	0.13	0.08	0.07	0.04	1.22	2.46	2.42	2.74	5.04	5.26	0.0426	0.0069	0.0028	0.0015	0.0005	0.0000	0.1037	0.0821	0.0519	0.0527	0.0390	0.0000	82.26	0.02
1991-04-26	Perennial Ryegrass	0.21	461.30	0.50	0.93	0.86	0.54	1	3	1.07	650.00	0.00	17.95	22.78	0.00	0.00	0.00	0.00	0.00	0.00	0.00	0.00	0.00	0.00	0.00	0.00	0.00	0.00	0.00	0.00	0.00	0.00	0.00	0.00	0.00	0.00	0.00	0.00	19.0	18.4	17.0	28.0	43.9	49.5	175.89	0.539	0.257	0.221	0.347	0.247	0.000	0.4798	1.0000	1.0000	0.9979	1.0000	1.0000	0.93	18.81	19.74	0.41	0.20	0.13	0.08	0.07	0.04	0.95	2.49	2.40	2.71	5.00	5.26	0.0943	0.0086	0.0027	0.0015	0.0005	0.0000	0.2069	0.1051	0.0493	0.0500	0.0377	0.0000	81.56	0.02
1991-04-27	Perennial Ryegrass	0.20	447.88	0.52	0.93	0.85	0.55	1	3	1.14	650.00	0.00	38.72	37.62	0.00	0.00	0.00	0.00	0.00	0.00	0.00	0.00	0.00	0.00	0.00	0.00	0.00	0.00	0.00	0.00	0.00	0.00	0.00	0.00	0.00	0.00	0.00	0.00	17.3	18.8	17.1	27.7	43.7	49.5	174.14	0.492	0.297	0.166	0.255	0.185	0.000	0.4984	0.8597	1.0000	0.9977	1.0000	0.6037	0.85	18.48	19.33	0.34	0.19	0.13	0.08	0.07	0.04	0.76	2.39	2.41	2.68	4.98	5.26	0.0931	0.0116	0.0023	0.0012	0.0004	0.0000	0.1992	0.1377	0.0408	0.0400	0.0283	0.0000	81.04	0.02
1991-04-28	Perennial Ryegrass	0.20	437.68	0.54	0.93	0.85	0.57	1	3	1.19	650.00	0.00	31.29	31.60	0.00	0.00	0.00	0.00	0.00	0.00	0.00	0.00	0.00	0.00	0.00	0.00	0.00	0.00	0.00	0.00	0.00	0.00	0.00	0.00	0.00	0.00	0.00	0.00	16.6	18.4	17.1	27.6	43.6	49.5	172.74	0.267	0.210	0.114	0.163	0.119	0.000	0.5202	0.5396	1.0000	0.9974	1.0000	0.6480	0.82	18.25	19.07	0.32	0.19	0.13	0.08	0.07	0.04	0.69	2.26	2.40	2.66	4.97	5.27	0.0616	0.0114	0.0019	0.0009	0.0003	0.0000	0.1281	0.1295	0.0341	0.0314	0.0202	0.0000	81.39	0.02
1991-04-29	Perennial Ryegrass	0.19	426.62	0.55	0.93	0.84	0.59	1	3	1.24	650.00	0.00	27.97	28.82	0.00	0.00	0.00	0.00	0.00	0.00	0.00	0.00	0.00	0.00	0.00	0.00	0.00	0.00	0.00	0.00	0.00	0.00	0.00	0.00	0.00	0.00	0.00	0.00	16.0	18.1	17.1	27.5	43.5	49.4	171.50	0.211	0.175	0.100	0.140	0.102	0.000	0.5356	0.5004	1.0000	0.9972	1.0000	0.6686	0.81	18.06	18.87	0.30	0.19	0.13	0.08	0.06	0.04	0.64	2.14	2.40	2.65	4.96	5.27	0.0504	0.0103	0.0018	0.0009	0.0002	0.0000	0.1022	0.1124	0.0323	0.0291	0.0183	0.0000	82.12	0.02
1991-04-30	Perennial Ryegrass	0.19	417.05	0.57	0.93	0.84	0.60	1	3	1.30	650.00	0.00	30.52	29.61	0.00	0.00	0.00	0.00	0.00	0.00	0.00	0.00	0.00	0.00	0.00	0.00	0.00	0.00	0.00	0.00	0.00	0.00	0.00	0.00	0.00	0.00	0.00	0.00	15.4	17.5	16.9	27.2	43.2	49.4	169.69	0.420	0.355	0.216	0.298	0.218	0.000	0.5498	1.0000	1.0000	0.9969	1.0000	0.5545	0.80	17.83	18.63	0.30	0.19	0.13	0.08	0.06	0.04	0.61	2.03	2.37	2.62	4.93	5.27	0.0480	0.0109	0.0027	0.0013	0.0004	0.0000	0.0933	0.1154	0.0473	0.0426	0.0332	0.0000	82.83	0.02
1991-05-01	Perennial Ryegrass	0.18	404.26	0.58	0.93	0.84	0.62	1	3	1.36	650.00	0.00	27.05	27.05	0.00	0.00	0.00	0.00	0.00	0.00	0.00	0.00	0.00	0.00	0.00	0.00	0.00	0.00	0.00	0.00	0.00	0.00	0.00	0.00	0.00	0.00	0.00	0.00	14.9	17.2	16.8	27.0	43.0	49.4	168.28	0.308	0.260	0.167	0.230	0.170	0.000	0.5671	1.0000	1.0000	0.9970	1.0000	0.6004	0.80	17.67	18.47	0.30	0.19	0.13	0.08	0.06	0.04	0.58	1.95	2.36	2.59	4.91	5.27	0.0415	0.0092	0.0023	0.0010	0.0003	0.0000	0.0774	0.0935	0.0394	0.0354	0.0261	0.0000	83.51	0.02
1991-05-02	Perennial Ryegrass	0.18	395.36	0.59	0.94	0.84	0.64	2	3	1.40	650.00	0.00	25.92	25.03	0.00	0.00	0.00	0.00	0.00	0.00	0.00	0.00	0.00	0.00	0.00	0.00	0.00	0.00	0.00	0.00	0.00	0.00	0.00	0.00	0.00	0.00	0.00	0.00	14.4	16.8	16.7	26.8	42.9	49.3	166.99	0.260	0.219	0.148	0.203	0.152	0.000	0.5840	0.5827	1.0000	0.9968	1.0000	0.4970	0.81	17.54	18.35	0.32	0.19	0.13	0.07	0.06	0.04	0.57	1.88	2.34	2.58	4.90	5.28	0.0392	0.0083	0.0021	0.0009	0.0003	0.0000	0.0680	0.0809	0.0361	0.0324	0.0236	0.0000	84.21	0.02
1991-05-03	Perennial Ryegrass	0.18	393.79	0.60	0.94	0.84	0.69	2	3	1.43	650.00	0.00	25.14	23.33	0.00	0.00	0.00	0.00	0.00	0.00	0.00	0.00	0.00	0.00	0.00	0.00	0.00	0.00	0.00	0.00	0.00	0.00	0.00	0.00	0.00	0.00	0.00	0.00	14.0	16.5	16.5	26.6	42.7	49.3	165.59	0.279	0.240	0.169	0.232	0.175	0.000	0.5949	0.7166	1.0000	0.9953	1.0000	0.3931	0.84	17.42	18.25	0.35	0.19	0.13	0.07	0.06	0.04	0.56	1.82	2.32	2.55	4.88	5.28	0.0398	0.0081	0.0022	0.0010	0.0003	0.0000	0.0623	0.0758	0.0384	0.0347	0.0267	0.0000	84.80	0.02
1991-05-04	Perennial Ryegrass	0.18	391.46	0.61	0.94	0.84	0.75	2	3	1.46	650.00	0.00	23.35	22.50	0.00	0.00	0.00	0.00	0.00	0.00	0.00	0.00	0.00	0.00	0.00	0.00	0.00	0.00	0.00	0.00	0.00	0.00	0.00	0.00	0.00	0.00	0.00	0.00	13.5	16.2	16.4	26.4	42.5	49.3	164.20	0.272	0.239	0.174	0.241	0.184	0.000	0.6033	0.5191	1.0000	0.9941	1.0000	0.4689	0.86	17.30	18.15	0.37	0.19	0.13	0.07	0.06	0.04	0.56	1.76	2.30	2.53	4.85	5.28	0.0388	0.0077	0.0022	0.0010	0.0003	0.0000	0.0569	0.0697	0.0387	0.0351	0.0280	0.0000	85.36	0.02
1991-05-05	Perennial Ryegrass	0.18	387.12	0.62	0.94	0.84	0.81	2	3	1.49	650.00	0.00	21.81	21.86	0.00	0.00	0.00	0.00	0.00	0.00	0.00	0.00	0.00	0.00	0.00	0.00	0.00	0.00	0.00	0.00	0.00	0.00	0.00	0.00	0.00	0.00	0.00	0.00	13.0	15.9	16.2	26.2	42.3	49.3	162.88	0.244	0.222	0.167	0.233	0.180	0.000	0.6108	0.4379	1.0000	0.9940	1.0000	0.5427	0.86	17.20	18.06	0.38	0.19	0.13	0.07	0.06	0.04	0.57	1.72	2.28	2.51	4.83	5.28	0.0361	0.0072	0.0021	0.0009	0.0003	0.0000	0.0518	0.0630	0.0370	0.0339	0.0274	0.0000	85.88	0.02
1991-05-06	Perennial Ryegrass	0.17	382.05	0.63	0.94	0.84	0.86	2	3	1.53	650.00	0.00	20.13	21.19	0.00	0.00	0.00	0.00	0.00	0.00	0.00	0.00	0.00	0.00	0.00	0.00	0.00	0.00	0.00	0.00	0.00	0.00	0.00	0.00	0.00	0.00	0.00	0.00	12.6	15.6	16.1	26.0	42.1	49.2	161.65	0.213	0.201	0.156	0.220	0.172	0.000	0.6189	0.4332	1.0000	0.9944	1.0000	0.6271	0.86	17.12	17.97	0.38	0.19	0.12	0.07	0.05	0.04	0.58	1.68	2.27	2.49	4.81	5.29	0.0324	0.0066	0.0019	0.0009	0.0003	0.0000	0.0473	0.0568	0.0348	0.0322	0.0263	0.0000	86.38	0.02
1991-05-07	Perennial Ryegrass	0.17	373.65	0.64	0.94	0.84	0.89	2	3	1.57	650.00	0.00	19.41	21.00	0.00	0.00	0.00	0.00	0.00	0.00	0.00	0.00	0.00	0.00	0.00	0.00	0.00	0.00	0.00	0.00	0.00	0.00	0.00	0.00	0.00	0.00	0.00	0.00	12.3	15.4	15.9	25.8	42.0	49.2	160.51	0.184	0.182	0.146	0.208	0.165	0.000	0.6277	0.4430	0.8407	0.9955	1.0000	0.6820	0.83	17.05	17.88	0.36	0.19	0.12	0.06	0.05	0.04	0.59	1.65	2.25	2.47	4.80	5.29	0.0278	0.0061	0.0018	0.0008	0.0003	0.0000	0.0436	0.0516	0.0328	0.0306	0.0252	0.0000	86.88	0.02
1991-05-08	Perennial Ryegrass	0.18	390.45	0.65	0.94	0.84	0.91	2	3	1.60	650.00	0.00	19.45	20.17	0.00	0.00	0.00	0.00	0.00	0.00	0.00	0.00	0.00	0.00	0.00	0.00	0.00	0.00	0.00	0.00	0.00	0.00	0.00	0.00	0.00	0.00	0.00	0.00	13.9	15.2	15.8	25.6	41.8	49.2	161.42	0.158	0.166	0.136	0.197	0.158	0.000	0.6365	0.5168	1.0000	0.9956	1.0000	0.6014	0.85	17.01	17.86	0.40	0.19	0.12	0.06	0.05	0.04	0.62	1.63	2.24	2.45	4.78	5.29	0.0273	0.0055	0.0016	0.0007	0.0003	0.0000	0.0407	0.0473	0.0308	0.0292	0.0242	0.0000	87.28	0.02
1991-05-09	Perennial Ryegrass	0.18	399.68	0.66	0.94	0.84	0.92	2	3	1.65	650.00	0.00	18.03	19.57	0.00	0.00	0.00	0.00	0.00	0.00	0.00	0.00	0.00	0.00	0.00	0.00	0.00	0.00	0.00	0.00	0.00	0.00	0.00	0.00	0.00	0.00	0.00	0.00	14.5	15.1	15.7	25.5	41.7	49.1	161.57	0.220	0.124	0.104	0.152	0.124	0.000	0.6454	1.0000	1.0000	0.9926	1.0000	0.6696	0.86	16.96	17.82	0.42	0.18	0.11	0.06	0.05	0.04	0.62	1.61	2.23	2.44	4.77	5.29	0.0409	0.0048	0.0013	0.0006	0.0002	0.0000	0.0579	0.0416	0.0257	0.0246	0.0194	0.0000	87.24	0.02
1991-05-10	Perennial Ryegrass	0.18	396.76	0.66	0.94	0.83	0.95	2	3	1.68	650.00	0.00	21.21	19.56	0.00	0.00	0.00	0.00	0.00	0.00	0.00	0.00	0.00	0.00	0.00	0.00	0.00	0.00	0.00	0.00	0.00	0.00	0.00	0.00	0.00	0.00	0.00	0.00	13.8	14.9	15.6	25.3	41.5	49.1	160.22	0.316	0.144	0.121	0.179	0.147	0.000	0.6556	0.5686	1.0000	0.9900	1.0000	0.4095	0.85	16.88	17.73	0.42	0.18	0.11	0.06	0.05	0.04	0.60	1.59	2.22	2.43	4.75	5.30	0.0489	0.0048	0.0014	0.0006	0.0002	0.0000	0.0671	0.0416	0.0277	0.0268	0.0224	0.0000	87.31	0.02
1991-05-11	Perennial Ryegrass	0.18	395.16	0.67	0.94	0.83	1.00	2	3	1.71	650.00	0.00	18.74	18.12	0.00	0.00	0.00	0.00	0.00	0.00	0.00	0.00	0.00	0.00	0.00	0.00	0.00	0.00	0.00	0.00	0.00	0.00	0.00	0.00	0.00	0.00	0.00	0.00	13.1	14.7	15.5	25.2	41.4	49.1	159.01	0.256	0.129	0.109	0.164	0.136	0.000	0.6621	0.4759	1.0000	0.9872	1.0000	0.4647	0.85	16.81	17.66	0.43	0.17	0.10	0.06	0.05	0.04	0.60	1.57	2.20	2.41	4.73	5.30	0.0422	0.0044	0.0012	0.0006	0.0002	0.0000	0.0565	0.0387	0.0256	0.0251	0.0210	0.0000	87.62	0.02
1991-05-12	Perennial Ryegrass	0.18	392.65	0.67	0.94	0.83	1.00	2	3	1.73	650.00	0.00	17.88	17.27	0.00	0.00	0.00	0.00	0.00	0.00	0.00	0.00	0.00	0.00	0.00	0.00	0.00	0.00	0.00	0.00	0.00	0.00	0.00	0.00	0.00	0.00	0.00	0.00	12.5	14.6	15.4	25.0	41.2	49.0	157.85	0.220	0.122	0.105	0.161	0.135	0.000	0.6679	0.4840	0.9936	0.9848	1.0000	0.4502	0.82	16.74	17.56	0.42	0.17	0.10	0.05	0.04	0.04	0.59	1.54	2.19	2.39	4.72	5.30	0.0354	0.0041	0.0012	0.0006	0.0002	0.0000	0.0485	0.0366	0.0247	0.0245	0.0208	0.0000	88.02	0.02
1991-05-13	Perennial Ryegrass	0.18	389.71	0.68	0.95	0.83	1.00	2	3	1.76	650.00	0.00	16.20	16.51	0.00	0.00	0.00	0.00	0.00	0.00	0.00	0.00	0.00	0.00	0.00	0.00	0.00	0.00	0.00	0.00	0.00	0.00	0.00	0.00	0.00	0.00	0.00	0.00	12.0	14.5	15.3	24.9	41.1	49.0	156.79	0.171	0.108	0.095	0.147	0.125	0.000	0.6736	0.4139	1.0000	0.9830	1.0000	0.5145	0.79	16.67	17.46	0.39	0.16	0.10	0.05	0.04	0.04	0.59	1.52	2.17	2.38	4.70	5.30	0.0285	0.0037	0.0011	0.0005	0.0002	0.0000	0.0413	0.0339	0.0229	0.0230	0.0194	0.0000	88.39	0.02
1991-05-14	Perennial Ryegrass	0.18	386.80	0.68	0.95	0.83	1.00	2	3	1.78	650.00	0.00	15.41	15.88	0.00	0.00	0.00	0.00	0.00	0.00	0.00	0.00	0.00	0.00	0.00	0.00	0.00	0.00	0.00	0.00	0.00	0.00	0.00	0.00	0.00	0.00	0.00	0.00	11.5	14.3	15.2	24.8	41.0	49.0	155.82	0.140	0.102	0.092	0.145	0.125	0.000	0.6790	0.4623	0.9328	0.9812	1.0000	0.5176	0.75	16.61	17.36	0.36	0.16	0.09	0.05	0.04	0.04	0.59	1.50	2.16	2.36	4.69	5.30	0.0229	0.0034	0.0010	0.0005	0.0002	0.0000	0.0360	0.0320	0.0221	0.0225	0.0193	0.0000	88.74	0.02
1991-05-15	Perennial Ryegrass	0.17	382.85	0.69	0.95	0.83	1.00	2	3	1.81	650.00	0.00	15.03	15.47	0.00	0.00	0.00	0.00	0.00	0.00	0.00	0.00	0.00	0.00	0.00	0.00	0.00	0.00	0.00	0.00	0.00	0.00	0.00	0.00	0.00	0.00	0.00	0.00	11.2	14.2	15.1	24.7	40.9	48.9	155.01	0.107	0.093	0.085	0.137	0.120	0.000	0.6845	0.5274	0.7856	0.9805	1.0000	0.5113	0.70	16.57	17.26	0.33	0.15	0.09	0.05	0.04	0.04	0.60	1.49	2.15	2.35	4.68	5.31	0.0181	0.0031	0.0009	0.0005	0.0002	0.0000	0.0316	0.0300	0.0210	0.0215	0.0185	0.0000	89.08	0.02
1991-05-16	Perennial Ryegrass	0.17	379.96	0.70	0.95	0.83	1.00	2	3	1.84	650.00	0.00	14.46	14.79	0.00	0.00	0.00	0.00	0.00	0.00	0.00	0.00	0.00	0.00	0.00	0.00	0.00	0.00	0.00	0.00	0.00	0.00	0.00	0.00	0.00	0.00	0.00	0.00	10.9	14.1	15.1	24.6	40.8	48.9	154.26	0.083	0.084	0.080	0.130	0.115	0.000	0.6897	0.6458	0.9809	0.9779	1.0000	0.4887	0.65	16.52	17.17	0.30	0.14	0.09	0.05	0.04	0.04	0.60	1.47	2.14	2.34	4.66	5.31	0.0146	0.0028	0.0008	0.0004	0.0002	0.0000	0.0286	0.0282	0.0199	0.0206	0.0179	0.0000	89.39	0.02
1991-05-17	Perennial Ryegrass	0.17	377.20	0.70	0.95	0.83	1.00	2	2	1.86	650.00	0.00	13.07	14.47	0.00	0.00	0.00	0.00	0.00	0.00	0.00	0.00	0.00	0.00	0.00	0.00	0.00	0.00	0.00	0.00	0.00	0.00	0.00	0.00	0.00	0.00	0.00	0.00	10.6	14.0	15.0	24.5	40.7	48.9	153.57	0.062	0.076	0.074	0.123	0.110	0.000	0.6955	0.3489	0.9562	0.9765	1.0000	0.5773	0.60	16.48	17.08	0.26	0.14	0.08	0.05	0.04	0.04	0.61	1.45	2.13	2.33	4.65	5.31	0.0116	0.0026	0.0008	0.0004	0.0001	0.0000	0.0259	0.0266	0.0189	0.0198	0.0172	0.0000	89.72	0.02
1991-05-18	Perennial Ryegrass	0.17	374.55	0.70	0.95	0.83	1.00	2	2	1.89	650.00	0.00	12.66	13.98	0.00	0.00	0.00	0.00	0.00	0.00	0.00	0.00	0.00	0.00	0.00	0.00	0.00	0.00	0.00	0.00	0.00	0.00	0.00	0.00	0.00	0.00	0.00	0.00	10.4	13.9	14.9	24.4	40.5	48.8	152.92	0.043	0.069	0.069	0.117	0.106	0.000	0.7001	0.3976	0.9385	0.9743	1.0000	0.5647	0.55	16.44	16.99	0.22	0.13	0.08	0.04	0.04	0.04	0.61	1.44	2.12	2.32	4.64	5.31	0.0089	0.0023	0.0007	0.0004	0.0001	0.0000	0.0234	0.0251	0.0179	0.0190	0.0166	0.0000	90.02	0.02
1991-05-19	Perennial Ryegrass	0.17	370.60	0.71	0.95	0.82	1.00	2	2	1.91	650.00	0.00	11.82	14.04	0.00	0.00	0.00	0.00	0.00	0.00	0.00	0.00	0.00	0.00	0.00	0.00	0.00	0.00	0.00	0.00	0.00	0.00	0.00	0.00	0.00	0.00	0.00	0.00	10.2	13.8	14.9	24.3	40.5	48.8	152.32	0.026	0.062	0.064	0.111	0.102	0.000	0.7048	0.5921	0.5794	0.9749	1.0000	0.6518	0.50	16.38	16.89	0.19	0.12	0.08	0.04	0.04	0.04	0.60	1.43	2.11	2.30	4.63	5.31	0.0068	0.0021	0.0006	0.0003	0.0001	0.0000	0.0208	0.0237	0.0171	0.0183	0.0160	0.0000	90.31	0.02
1991-05-20	Perennial Ryegrass	0.19	413.80	0.71	0.95	0.83	1.00	2	2	1.94	650.00	0.00	11.69	10.94	0.00	0.00	0.00	0.00	0.00	0.00	0.00	0.00	0.00	0.00	0.00	0.00	0.00	0.00	0.00	0.00	0.00	0.00	0.00	0.00	0.00	0.00	0.00	0.00	15.1	13.8	14.8	24.2	40.4	48.8	156.99	0.011	0.056	0.060	0.106	0.098	0.000	0.7097	0.8622	0.7549	0.9742	1.0000	0.5483	0.54	16.35	16.88	0.23	0.12	0.07	0.04	0.03	0.04	0.60	1.42	2.10	2.29	4.62	5.31	0.0076	0.0019	0.0006	0.0003	0.0001	0.0000	0.0188	0.0226	0.0163	0.0177	0.0155	0.0000	90.39	0.02
1991-05-21	Perennial Ryegrass	0.22	494.28	0.72	0.95	0.82	1.00	2	2	1.96	650.00	0.00	12.84	10.35	0.00	0.00	0.00	0.00	0.00	0.00	0.00	0.00	0.00	0.00	0.00	0.00	0.00	0.00	0.00	0.00	0.00	0.00	0.00	0.00	0.00	0.00	0.00	0.00	23.2	18.8	14.9	24.1	40.3	48.7	170.09	0.215	0.034	0.034	0.061	0.057	0.000	0.7142	1.0000	1.0000	0.9716	1.0000	0.7457	0.55	16.29	16.83	0.24	0.13	0.07	0.04	0.03	0.04	0.46	1.51	2.11	2.29	4.61	5.31	0.0273	0.0020	0.0005	0.0002	0.0001	0.0000	0.0514	0.0222	0.0132	0.0142	0.0110	0.0000	89.39	0.02
1991-05-22	Perennial Ryegrass	0.24	544.84	0.73	0.94	0.80	1.01	2	2	2.00	650.00	0.00	23.90	17.06	0.00	0.00	0.00	0.00	0.00	0.00	0.00	0.00	0.00	0.00	0.00	0.00	0.00	0.00	0.00	0.00	0.00	0.00	0.00	0.00	0.00	0.00	0.00	0.00	25.3	21.8	17.7	24.1	40.2	48.7	177.93	0.670	0.297	0.046	0.071	0.067	0.000	0.7192	1.0000	1.0000	0.9746	1.0000	0.5626	0.47	16.09	16.56	0.15	0.13	0.08	0.04	0.03	0.04	0.27	1.34	2.28	2.28	4.60	5.32	0.0790	0.0080	0.0006	0.0003	0.0001	0.0000	0.1279	0.0786	0.0160	0.0149	0.0119	0.0000	87.46	0.02
1991-05-23	Perennial Ryegrass	0.23	532.14	0.73	0.94	0.77	1.01	2	2	2.04	650.00	0.00	24.09	17.19	0.00	0.00	0.00	0.00	0.00	0.00	0.00	0.00	0.00	0.00	0.00	0.00	0.00	0.00	0.00	0.00	0.00	0.00	0.00	0.00	0.00	0.00	0.00	0.00	21.5	22.5	19.9	24.3	40.2	48.7	177.09	0.292	0.168	0.070	0.026	0.024	0.000	0.7264	0.7659	1.0000	0.9741	1.0000	0.5521	0.42	15.87	16.30	0.10	0.13	0.08	0.04	0.03	0.04	0.15	1.15	2.37	2.30	4.60	5.32	0.0764	0.0128	0.0011	0.0002	0.0001	0.0000	0.1002	0.1081	0.0305	0.0120	0.0081	0.0000	85.86	0.02
1991-05-24	Perennial Ryegrass	0.23	521.25	0.74	0.94	0.77	1.01	2	2	2.06	650.00	0.00	20.40	14.55	0.00	0.00	0.00	0.00	0.00	0.00	0.00	0.00	0.00	0.00	0.00	0.00	0.00	0.00	0.00	0.00	0.00	0.00	0.00	0.00	0.00	0.00	0.00	0.00	19.0	21.9	20.9	25.2	40.2	48.7	175.82	0.362	0.301	0.187	0.048	0.040	0.000	0.7325	0.7781	1.0000	0.9745	1.0000	0.3816	0.42	15.69	16.11	0.10	0.13	0.09	0.04	0.03	0.04	0.11	0.96	2.31	2.40	4.59	5.32	0.0390	0.0150	0.0022	0.0002	0.0001	0.0000	0.0384	0.1093	0.0552	0.0143	0.0094	0.0000	85.60	0.02
1991-05-25	Perennial Ryegrass	0.23	509.79	0.74	0.94	0.77	1.01	2	2	2.09	650.00	0.00	17.81	12.69	0.00	0.00	0.00	0.00	0.00	0.00	0.00	0.00	0.00	0.00	0.00	0.00	0.00	0.00	0.00	0.00	0.00	0.00	0.00	0.00	0.00	0.00	0.00	0.00	17.7	21.0	21.1	26.3	40.2	48.6	174.89	0.205	0.203	0.157	0.054	0.029	0.000	0.7371	0.5903	1.0000	0.9764	1.0000	0.5568	0.44	15.55	15.99	0.12	0.13	0.09	0.04	0.03	0.04	0.09	0.83	2.21	2.51	4.59	5.32	0.0283	0.0130	0.0025	0.0003	0.0001	0.0000	0.0217	0.0827	0.0584	0.0170	0.0085	0.0000	85.87	0.02
1991-05-26	Perennial Ryegrass	0.22	497.48	0.74	0.94	0.77	1.01	2	2	2.11	650.00	0.00	16.99	12.11	0.00	0.00	0.00	0.00	0.00	0.00	0.00	0.00	0.00	0.00	0.00	0.00	0.00	0.00	0.00	0.00	0.00	0.00	0.00	0.00	0.00	0.00	0.00	0.00	16.8	20.2	20.9	27.2	40.1	48.6	173.81	0.201	0.209	0.185	0.085	0.032	0.000	0.7413	0.4554	1.0000	0.9793	1.0000	0.5381	0.47	15.43	15.90	0.14	0.13	0.10	0.04	0.03	0.04	0.09	0.75	2.10	2.59	4.58	5.32	0.0269	0.0114	0.0028	0.0004	0.0001	0.0000	0.0171	0.0640	0.0598	0.0220	0.0088	0.0000	86.14	0.02
1991-05-27	Perennial Ryegrass	0.22	490.34	0.75	0.94	0.77	1.01	2	2	2.13	650.00	0.00	17.16	12.22	0.00	0.00	0.00	0.00	0.00	0.00	0.00	0.00	0.00	0.00	0.00	0.00	0.00	0.00	0.00	0.00	0.00	0.00	0.00	0.00	0.00	0.00	0.00	0.00	16.4	19.1	20.3	27.6	40.1	48.6	172.14	0.344	0.359	0.345	0.202	0.062	0.000	0.7449	0.9813	1.0000	0.9778	1.0000	0.2440	0.51	15.30	15.81	0.17	0.13	0.10	0.05	0.03	0.04	0.10	0.68	1.99	2.63	4.58	5.32	0.0301	0.0108	0.0035	0.0006	0.0001	0.0000	0.0177	0.0545	0.0683	0.0335	0.0115	0.0000	86.41	0.02
1991-05-28	Perennial Ryegrass	0.21	481.10	0.75	0.94	0.77	1.01	2	2	2.15	650.00	0.00	15.35	10.92	0.00	0.00	0.00	0.00	0.00	0.00	0.00	0.00	0.00	0.00	0.00	0.00	0.00	0.00	0.00	0.00	0.00	0.00	0.00	0.00	0.00	0.00	0.00	0.00	16.2	18.6	19.9	27.7	40.1	48.5	171.06	0.220	0.208	0.217	0.151	0.041	0.000	0.7483	1.0000	1.0000	0.9761	1.0000	0.2932	0.54	15.21	15.76	0.19	0.13	0.10	0.05	0.03	0.04	0.11	0.65	1.93	2.62	4.57	5.32	0.0305	0.0086	0.0029	0.0006	0.0001	0.0000	0.0176	0.0395	0.0527	0.0302	0.0095	0.0000	86.63	0.02
1991-05-29	Perennial Ryegrass	0.21	471.25	0.76	0.94	0.77	1.01	2	2	2.18	650.00	0.00	16.19	11.51	0.00	0.00	0.00	0.00	0.00	0.00	0.00	0.00	0.00	0.00	0.00	0.00	0.00	0.00	0.00	0.00	0.00	0.00	0.00	0.00	0.00	0.00	0.00	0.00	15.9	18.3	19.5	27.6	40.0	48.5	169.78	0.301	0.275	0.289	0.219	0.058	0.000	0.7518	1.0000	1.0000	0.9760	1.0000	0.3719	0.56	15.12	15.68	0.20	0.14	0.10	0.05	0.03	0.04	0.12	0.63	1.87	2.60	4.57	5.32	0.0319	0.0086	0.0031	0.0008	0.0001	0.0000	0.0189	0.0374	0.0546	0.0358	0.0111	0.0000	86.86	0.02
1991-05-30	Perennial Ryegrass	0.21	462.99	0.76	0.94	0.77	1.01	2	2	2.19	650.00	0.00	14.60	10.38	0.00	0.00	0.00	0.00	0.00	0.00	0.00	0.00	0.00	0.00	0.00	0.00	0.00	0.00	0.00	0.00	0.00	0.00	0.00	0.00	0.00	0.00	0.00	0.00	15.5	18.0	19.2	27.5	40.0	48.5	168.63	0.209	0.187	0.195	0.155	0.041	0.000	0.7557	0.6583	1.0000	0.9737	1.0000	0.3300	0.58	15.05	15.63	0.22	0.14	0.11	0.06	0.03	0.04	0.13	0.61	1.83	2.58	4.56	5.32	0.0319	0.0078	0.0026	0.0007	0.0001	0.0000	0.0189	0.0322	0.0436	0.0302	0.0096	0.0000	87.07	0.02
1991-05-31	Perennial Ryegrass	0.21	460.05	0.76	0.94	0.76	1.01	2	2	2.21	650.00	0.00	13.59	9.65	0.00	0.00	0.00	0.00	0.00	0.00	0.00	0.00	0.00	0.00	0.00	0.00	0.00	0.00	0.00	0.00	0.00	0.00	0.00	0.00	0.00	0.00	0.00	0.00	15.1	17.7	18.9	27.4	40.0	48.4	167.40	0.236	0.216	0.224	0.185	0.050	0.000	0.7586	0.6356	1.0000	0.9685	1.0000	0.3293	0.61	14.97	15.58	0.24	0.15	0.11	0.06	0.03	0.04	0.14	0.59	1.79	2.56	4.56	5.33	0.0334	0.0078	0.0027	0.0007	0.0001	0.0000	0.0190	0.0307	0.0436	0.0323	0.0103	0.0000	87.25	0.02
1991-06-01	Perennial Ryegrass	0.20	457.74	0.76	0.94	0.76	1.01	2	2	2.23	650.00	0.00	13.56	9.62	0.00	0.00	0.00	0.00	0.00	0.00	0.00	0.00	0.00	0.00	0.00	0.00	0.00	0.00	0.00	0.00	0.00	0.00	0.00	0.00	0.00	0.00	0.00	0.00	14.6	17.4	18.5	27.2	39.9	48.4	165.92	0.293	0.273	0.283	0.242	0.066	0.000	0.7610	0.6482	1.0000	0.9643	1.0000	0.3156	0.64	14.89	15.52	0.26	0.15	0.11	0.06	0.03	0.04	0.15	0.58	1.75	2.54	4.55	5.33	0.0346	0.0079	0.0030	0.0009	0.0001	0.0000	0.0193	0.0300	0.0465	0.0367	0.0118	0.0000	87.43	0.02
1991-06-02	Perennial Ryegrass	0.20	450.87	0.77	0.94	0.76	1.01	2	2	2.24	650.00	0.00	12.48	8.85	0.00	0.00	0.00	0.00	0.00	0.00	0.00	0.00	0.00	0.00	0.00	0.00	0.00	0.00	0.00	0.00	0.00	0.00	0.00	0.00	0.00	0.00	0.00	0.00	14.3	17.1	18.3	27.0	39.9	48.4	165.04	0.165	0.158	0.164	0.145	0.040	0.000	0.7634	0.8783	1.0000	0.9653	1.0000	0.3946	0.65	14.83	15.48	0.27	0.15	0.11	0.06	0.03	0.04	0.16	0.57	1.72	2.52	4.54	5.33	0.0307	0.0069	0.0023	0.0007	0.0001	0.0000	0.0178	0.0249	0.0343	0.0283	0.0094	0.0000	87.58	0.02
1991-06-03	Perennial Ryegrass	0.20	441.00	0.77	0.95	0.76	1.01	2	2	2.27	650.00	0.00	13.14	9.32	0.00	0.00	0.00	0.00	0.00	0.00	0.00	0.00	0.00	0.00	0.00	0.00	0.00	0.00	0.00	0.00	0.00	0.00	0.00	0.00	0.00	0.00	0.00	0.00	14.3	16.9	18.1	26.9	39.9	48.3	164.50	0.149	0.143	0.149	0.135	0.038	0.000	0.7662	1.0000	1.0000	0.9680	1.0000	0.6448	0.65	14.78	15.43	0.26	0.15	0.11	0.06	0.02	0.04	0.17	0.56	1.69	2.50	4.54	5.33	0.0283	0.0066	0.0022	0.0007	0.0001	0.0000	0.0178	0.0232	0.0318	0.0272	0.0092	0.0000	87.73	0.02
1991-06-04	Perennial Ryegrass	0.20	436.71	0.77	0.95	0.76	1.01	2	2	2.28	650.00	0.00	12.48	8.85	0.00	0.00	0.00	0.00	0.00	0.00	0.00	0.00	0.00	0.00	0.00	0.00	0.00	0.00	0.00	0.00	0.00	0.00	0.00	0.00	0.00	0.00	0.00	0.00	13.9	16.7	17.9	26.8	39.8	48.3	163.45	0.186	0.168	0.176	0.163	0.046	0.000	0.7700	0.6850	1.0000	0.9646	1.0000	0.3264	0.66	14.73	15.40	0.27	0.16	0.11	0.06	0.02	0.04	0.18	0.55	1.66	2.48	4.53	5.33	0.0309	0.0067	0.0023	0.0007	0.0001	0.0000	0.0193	0.0227	0.0328	0.0291	0.0099	0.0000	87.89	0.02
1991-06-05	Perennial Ryegrass	0.20	434.03	0.77	0.95	0.76	1.01	2	2	2.30	650.00	0.00	11.54	8.18	0.00	0.00	0.00	0.00	0.00	0.00	0.00	0.00	0.00	0.00	0.00	0.00	0.00	0.00	0.00	0.00	0.00	0.00	0.00	0.00	0.00	0.00	0.00	0.00	13.6	16.5	17.7	26.7	39.8	48.3	162.52	0.165	0.155	0.162	0.154	0.044	0.000	0.7723	0.7275	1.0000	0.9592	1.0000	0.3363	0.69	14.69	15.37	0.29	0.16	0.12	0.06	0.02	0.04	0.19	0.54	1.64	2.46	4.53	5.33	0.0305	0.0064	0.0022	0.0007	0.0001	0.0000	0.0187	0.0213	0.0305	0.0280	0.0097	0.0000	88.01	0.02
1991-06-06	Perennial Ryegrass	0.20	455.93	0.78	0.95	0.76	1.01	3	2	2.32	650.00	0.00	11.86	8.39	0.00	0.00	0.00	0.00	0.00	0.00	0.00	0.00	0.00	0.00	0.00	0.00	0.00	0.00	0.00	0.00	0.00	0.00	0.00	0.00	0.00	0.00	0.00	0.00	16.7	16.4	17.5	26.5	39.8	48.3	165.26	0.145	0.140	0.148	0.144	0.042	0.000	0.7744	1.0000	1.0000	0.9591	1.0000	0.5042	0.69	14.65	15.33	0.29	0.16	0.12	0.06	0.02	0.04	0.19	0.54	1.62	2.44	4.52	5.33	0.0282	0.0061	0.0021	0.0007	0.0001	0.0000	0.0180	0.0201	0.0284	0.0269	0.0095	0.0000	88.07	0.02
1991-06-07	Perennial Ryegrass	0.23	532.18	0.78	0.95	0.76	1.01	3	2	2.35	650.00	0.00	13.16	9.31	0.00	0.00	0.00	0.00	0.00	0.00	0.00	0.00	0.00	0.00	0.00	0.00	0.00	0.00	0.00	0.00	0.00	0.00	0.00	0.00	0.00	0.00	0.00	0.00	30.4	22.8	19.8	26.5	39.8	48.2	187.66	0.300	0.153	0.155	0.154	0.045	0.000	0.7774	1.0000	1.0000	0.9615	1.0000	0.9161	0.63	14.59	15.22	0.23	0.16	0.12	0.06	0.02	0.04	0.14	0.52	1.65	2.43	4.52	5.33	0.0439	0.0062	0.0021	0.0007	0.0001	0.0000	0.0259	0.0195	0.0290	0.0275	0.0098	0.0000	87.41	0.02
1991-06-08	Perennial Ryegrass	0.24	553.22	0.79	0.94	0.73	1.01	3	2	2.38	650.00	0.00	15.56	11.00	0.00	0.00	0.00	0.00	0.00	0.00	0.00	0.00	0.00	0.00	0.00	0.00	0.00	0.00	0.00	0.00	0.00	0.00	0.00	0.00	0.00	0.00	0.00	0.00	28.0	25.7	22.3	28.5	39.8	48.2	192.55	0.252	0.121	0.072	0.043	0.012	0.000	0.7811	1.0000	1.0000	0.9640	1.0000	1.0000	0.42	14.42	14.84	0.04	0.14	0.12	0.06	0.02	0.04	0.03	0.42	1.56	2.56	4.51	5.33	0.1703	0.0196	0.0026	0.0005	0.0000	0.0000	0.0996	0.0545	0.0333	0.0210	0.0071	0.0000	85.53	0.02
1991-06-09	Perennial Ryegrass	0.26	596.19	0.79	0.94	0.71	1.01	3	2	2.41	650.00	0.00	20.67	14.61	0.00	0.00	0.00	0.00	0.00	0.00	0.00	0.00	0.00	0.00	0.00	0.00	0.00	0.00	0.00	0.00	0.00	0.00	0.00	0.00	0.00	0.00	0.00	0.00	28.6	27.5	24.1	32.2	39.8	48.2	200.48	0.650	0.460	0.300	0.187	0.036	0.000	0.7854	1.0000	1.0000	0.9672	1.0000	0.7460	0.38	14.25	14.63	0.02	0.12	0.11	0.06	0.02	0.03	0.00	0.29	1.36	2.75	4.51	5.33	0.0467	0.0297	0.0049	0.0009	0.0000	0.0000	0.0035	0.0693	0.0563	0.0385	0.0090	0.0000	84.17	0.02
1991-06-10	Perennial Ryegrass	0.27	643.15	0.79	0.94	0.69	1.02	3	2	2.44	650.00	0.00	13.43	9.49	0.00	0.00	0.00	0.00	0.00	0.00	0.00	0.00	0.00	0.00	0.00	0.00	0.00	0.00	0.00	0.00	0.00	0.00	0.00	0.00	0.00	0.00	0.00	0.00	29.0	28.9	26.3	35.5	40.7	48.1	208.59	0.246	0.192	0.133	0.110	0.014	0.000	0.7907	1.0000	1.0000	0.9637	1.0000	1.0000	0.35	14.11	14.46	0.02	0.09	0.11	0.07	0.02	0.03	0.00	0.19	1.17	2.83	4.59	5.33	0.0498	0.0319	0.0056	0.0012	0.0000	0.0000	0.0038	0.0601	0.0568	0.0477	0.0074	0.0000	82.86	0.02
1991-06-11	Perennial Ryegrass	0.30	700.29	0.80	0.93	0.68	1.02	3	2	2.47	650.00	0.00	16.11	11.37	0.00	0.00	0.00	0.00	0.00	0.00	0.00	0.00	0.00	0.00	0.00	0.00	0.00	0.00	0.00	0.00	0.00	0.00	0.00	0.00	0.00	0.00	0.00	0.00	31.3	30.4	28.1	37.9	43.6	48.1	219.43	0.684	0.572	0.445	0.402	0.057	0.000	0.7942	1.0000	1.0000	0.9645	1.0000	1.0000	0.32	13.92	14.24	0.02	0.07	0.10	0.07	0.03	0.03	0.00	0.11	0.94	2.74	4.79	5.33	0.0507	0.0319	0.0085	0.0020	0.0001	0.0000	0.0039	0.0474	0.0746	0.0789	0.0121	0.0000	81.49	0.02
1991-06-12	Perennial Ryegrass	0.32	766.07	0.80	0.93	0.65	1.02	3	1	2.50	650.00	0.00	19.34	13.65	0.00	0.00	0.00	0.00	0.00	0.00	0.00	0.00	0.00	0.00	0.00	0.00	0.00	0.00	0.00	0.00	0.00	0.00	0.00	0.00	0.00	0.00	0.00	0.00	37.1	32.6	31.8	40.8	48.6	48.1	239.07	0.196	0.160	0.130	0.122	0.030	0.000	0.7982	1.0000	1.0000	0.9527	1.0000	0.9340	0.28	13.75	14.03	0.01	0.05	0.09	0.07	0.03	0.03	0.00	0.06	0.71	2.54	5.10	5.34	0.0512	0.0291	0.0093	0.0020	0.0001	0.0000	0.0036	0.0311	0.0672	0.0729	0.0129	0.0000	80.05	0.02
1991-06-13	Perennial Ryegrass	0.32	766.47	0.81	0.93	0.61	1.02	3	1	2.54	650.00	0.00	24.21	17.09	0.00	0.00	0.00	0.00	0.00	0.00	0.00	0.00	0.00	0.00	0.00	0.00	0.00	0.00	0.00	0.00	0.00	0.00	0.00	0.00	0.00	0.00	0.00	0.00	28.6	31.9	32.2	43.1	54.1	48.4	238.15	0.202	0.146	0.133	0.117	0.045	0.000	0.8026	0.7386	1.0000	0.9548	1.0000	0.5611	0.24	13.55	13.79	0.00	0.03	0.08	0.06	0.04	0.03	0.00	0.02	0.50	2.29	5.38	5.36	0.0661	0.0291	0.0144	0.0025	0.0001	0.0000	0.0047	0.0230	0.0839	0.0844	0.0213	0.0000	78.70	0.02
1991-06-14	Perennial Ryegrass	0.32	768.31	0.81	0.93	0.61	1.02	3	1	2.57	650.00	0.00	21.32	15.04	0.00	0.00	0.00	0.00	0.00	0.00	0.00	0.00	0.00	0.00	0.00	0.00	0.00	0.00	0.00	0.00	0.00	0.00	0.00	0.00	0.00	0.00	0.00	0.00	23.6	29.3	31.3	44.1	57.7	51.2	237.20	0.160	0.162	0.156	0.152	0.079	0.000	0.8068	0.8788	1.0000	0.9557	1.0000	0.4960	0.25	13.36	13.61	0.02	0.02	0.07	0.06	0.04	0.04	0.00	0.01	0.34	1.99	5.38	5.63	0.0503	0.0187	0.0133	0.0030	0.0003	0.0000	0.0033	0.0102	0.0624	0.0909	0.0343	0.0000	78.43	0.02
1991-06-15	Perennial Ryegrass	0.32	765.07	0.81	0.93	0.61	1.02	3	1	2.60	650.00	0.00	18.13	12.78	0.00	0.00	0.00	0.00	0.00	0.00	0.00	0.00	0.00	0.00	0.00	0.00	0.00	0.00	0.00	0.00	0.00	0.00	0.00	0.00	0.00	0.00	0.00	0.00	20.6	26.5	29.6	43.9	59.6	55.5	235.60	0.263	0.316	0.336	0.359	0.218	0.000	0.8106	1.0000	1.0000	0.9470	1.0000	0.7731	0.26	13.18	13.44	0.04	0.02	0.06	0.06	0.04	0.04	0.00	0.01	0.25	1.70	5.21	6.01	0.0298	0.0117	0.0109	0.0034	0.0004	0.0000	0.0019	0.0043	0.0411	0.0907	0.0509	0.0000	78.74	0.02
1991-06-16	Perennial Ryegrass	0.31	756.62	0.82	0.93	0.61	1.02	3	1	2.62	650.00	0.00	17.22	12.14	0.00	0.00	0.00	0.00	0.00	0.00	0.00	0.00	0.00	0.00	0.00	0.00	0.00	0.00	0.00	0.00	0.00	0.00	0.00	0.00	0.00	0.00	0.00	0.00	18.5	23.9	27.4	42.7	60.5	59.3	232.33	0.323	0.412	0.477	0.560	0.378	0.000	0.8143	1.0000	1.0000	0.9524	1.0000	0.3309	0.28	12.92	13.20	0.05	0.03	0.06	0.06	0.04	0.04	0.00	0.01	0.19	1.45	4.96	6.30	0.0220	0.0084	0.0082	0.0034	0.0006	0.0000	0.0014	0.0023	0.0251	0.0816	0.0639	0.0000	79.06	0.02
1991-06-17	Perennial Ryegrass	0.31	745.18	0.82	0.93	0.61	1.02	3	1	2.64	650.00	0.00	14.09	9.92	0.00	0.00	0.00	0.00	0.00	0.00	0.00	0.00	0.00	0.00	0.00	0.00	0.00	0.00	0.00	0.00	0.00	0.00	0.00	0.00	0.00	0.00	0.00	0.00	17.5	22.2	25.6	41.5	60.7	61.5	228.99	0.097	0.125	0.153	0.198	0.147	0.000	0.8172	0.6154	1.0000	0.9530	1.0000	0.4515	0.30	12.55	12.85	0.06	0.04	0.06	0.06	0.05	0.04	0.00	0.01	0.15	1.26	4.71	6.41	0.0180	0.0066	0.0055	0.0028	0.0005	0.0000	0.0013	0.0016	0.0138	0.0588	0.0502	0.0000	79.30	0.02
1991-06-18	Perennial Ryegrass	0.31	739.41	0.82	0.93	0.61	1.02	3	1	2.65	650.00	0.00	11.33	7.98	0.00	0.00	0.00	0.00	0.00	0.00	0.00	0.00	0.00	0.00	0.00	0.00	0.00	0.00	0.00	0.00	0.00	0.00	0.00	0.00	0.00	0.00	0.00	0.00	17.0	20.9	24.1	40.2	60.2	62.6	225.01	0.086	0.105	0.132	0.186	0.147	0.000	0.8194	0.8149	1.0000	0.9376	1.0000	0.2975	0.34	12.13	12.47	0.09	0.04	0.06	0.06	0.05	0.04	0.01	0.01	0.13	1.12	4.45	6.41	0.0201	0.0058	0.0042	0.0025	0.0005	0.0000	0.0022	0.0013	0.0090	0.0476	0.0483	0.0000	79.49	0.02
1991-06-19	Perennial Ryegrass	0.31	736.46	0.82	0.93	0.61	1.02	3	1	2.66	650.00	0.00	9.39	6.61	0.00	0.00	0.00	0.00	0.00	0.00	0.00	0.00	0.00	0.00	0.00	0.00	0.00	0.00	0.00	0.00	0.00	0.00	0.00	0.00	0.00	0.00	0.00	0.00	16.9	19.9	22.8	38.9	59.4	63.0	220.99	0.069	0.079	0.100	0.151	0.126	0.000	0.8210	1.0000	1.0000	0.9087	1.0000	0.3246	0.37	11.71	12.08	0.11	0.05	0.06	0.06	0.05	0.04	0.01	0.01	0.12	1.01	4.22	6.33	0.0222	0.0052	0.0033	0.0022	0.0005	0.0000	0.0029	0.0012	0.0062	0.0382	0.0438	0.0000	79.62	0.02
1991-06-20	Perennial Ryegrass	0.30	726.55	0.82	0.93	0.61	1.02	3	1	2.68	650.00	0.00	9.45	6.65	0.00	0.00	0.00	0.00	0.00	0.00	0.00	0.00	0.00	0.00	0.00	0.00	0.00	0.00	0.00	0.00	0.00	0.00	0.00	0.00	0.00	0.00	0.00	0.00	16.9	19.2	21.8	37.7	58.4	62.8	216.86	0.102	0.102	0.130	0.208	0.181	0.000	0.8224	1.0000	1.0000	0.9021	1.0000	0.3457	0.37	11.32	11.68	0.10	0.06	0.06	0.06	0.05	0.04	0.02	0.01	0.12	0.93	4.02	6.21	0.0206	0.0048	0.0028	0.0021	0.0005	0.0000	0.0035	0.0012	0.0048	0.0326	0.0424	0.0000	79.75	0.02
1991-06-21	Perennial Ryegrass	0.30	710.20	0.83	0.93	0.61	1.02	3	1	2.69	650.00	0.00	9.36	6.58	0.00	0.00	0.00	0.00	0.00	0.00	0.00	0.00	0.00	0.00	0.00	0.00	0.00	0.00	0.00	0.00	0.00	0.00	0.00	0.00	0.00	0.00	0.00	0.00	16.8	18.8	21.0	36.7	57.4	62.4	213.12	0.100	0.090	0.112	0.189	0.169	0.000	0.8240	1.0000	1.0000	0.9089	1.0000	0.3093	0.35	10.97	11.32	0.07	0.06	0.07	0.06	0.05	0.04	0.02	0.02	0.11	0.87	3.86	6.09	0.0144	0.0046	0.0024	0.0019	0.0005	0.0000	0.0037	0.0012	0.0039	0.0274	0.0381	0.0000	79.87	0.02
1991-06-22	Perennial Ryegrass	0.30	704.05	0.83	0.93	0.60	1.02	3	1	2.70	650.00	0.00	8.20	5.76	0.00	0.00	0.00	0.00	0.00	0.00	0.00	0.00	0.00	0.00	0.00	0.00	0.00	0.00	0.00	0.00	0.00	0.00	0.00	0.00	0.00	0.00	0.00	0.00	16.5	18.7	20.3	35.8	56.5	61.7	209.48	0.136	0.117	0.140	0.243	0.222	0.000	0.8255	0.5910	1.0000	0.8945	1.0000	0.2885	0.37	10.67	11.04	0.08	0.07	0.07	0.06	0.05	0.04	0.02	0.02	0.11	0.83	3.73	5.96	0.0158	0.0047	0.0022	0.0018	0.0006	0.0000	0.0039	0.0013	0.0034	0.0249	0.0374	0.0000	79.99	0.02
1991-06-23	Perennial Ryegrass	0.30	706.82	0.83	0.93	0.61	1.02	3	1	2.71	650.00	0.00	8.75	6.15	0.00	0.00	0.00	0.00	0.00	0.00	0.00	0.00	0.00	0.00	0.00	0.00	0.00	0.00	0.00	0.00	0.00	0.00	0.00	0.00	0.00	0.00	0.00	0.00	17.4	19.0	20.0	35.0	55.4	60.9	207.78	0.245	0.214	0.238	0.428	0.396	0.000	0.8266	1.0000	1.0000	0.8884	1.0000	0.2838	0.37	10.42	10.79	0.07	0.07	0.07	0.06	0.05	0.04	0.02	0.02	0.11	0.80	3.62	5.85	0.0141	0.0051	0.0023	0.0019	0.0007	0.0000	0.0038	0.0016	0.0035	0.0253	0.0436	0.0000	80.06	0.02
1991-06-24	Perennial Ryegrass	0.29	692.53	0.83	0.93	0.60	1.02	3	1	2.73	650.00	0.00	7.95	5.58	0.00	0.00	0.00	0.00	0.00	0.00	0.00	0.00	0.00	0.00	0.00	0.00	0.00	0.00	0.00	0.00	0.00	0.00	0.00	0.00	0.00	0.00	0.00	0.00	17.1	19.0	20.0	34.7	54.8	60.2	205.69	0.098	0.079	0.080	0.141	0.132	0.000	0.8279	1.0000	1.0000	0.8851	1.0000	0.5167	0.37	10.24	10.61	0.06	0.08	0.07	0.06	0.06	0.05	0.02	0.03	0.11	0.78	3.56	5.76	0.0129	0.0054	0.0019	0.0015	0.0005	0.0000	0.0042	0.0017	0.0027	0.0188	0.0284	0.0000	79.91	0.02
1991-06-25	Perennial Ryegrass	0.29	676.78	0.83	0.93	0.60	1.02	3	1	2.74	650.00	0.00	9.71	6.81	0.00	0.00	0.00	0.00	0.00	0.00	0.00	0.00	0.00	0.00	0.00	0.00	0.00	0.00	0.00	0.00	0.00	0.00	0.00	0.00	0.00	0.00	0.00	0.00	16.7	18.7	19.8	34.2	54.2	59.5	203.11	0.239	0.204	0.203	0.354	0.327	0.000	0.8294	1.0000	1.0000	0.9082	1.0000	0.3230	0.38	10.09	10.47	0.06	0.08	0.08	0.06	0.06	0.05	0.00	0.03	0.11	0.76	3.50	5.68	0.0137	0.0062	0.0023	0.0017	0.0006	0.0000	0.0009	0.0022	0.0033	0.0212	0.0366	0.0000	79.92	0.02
1991-06-26	Perennial Ryegrass	0.28	663.19	0.83	0.93	0.60	1.02	3	1	2.75	650.00	0.00	9.92	6.96	0.00	0.00	0.00	0.00	0.00	0.00	0.00	0.00	0.00	0.00	0.00	0.00	0.00	0.00	0.00	0.00	0.00	0.00	0.00	0.00	0.00	0.00	0.00	0.00	16.3	18.4	19.7	33.9	53.5	59.0	200.89	0.226	0.192	0.195	0.337	0.312	0.000	0.8310	0.9963	1.0000	0.9251	1.0000	0.2461	0.40	9.99	10.39	0.07	0.09	0.08	0.06	0.06	0.05	0.00	0.03	0.12	0.76	3.44	5.63	0.0139	0.0062	0.0023	0.0017	0.0006	0.0000	0.0009	0.0024	0.0034	0.0203	0.0346	0.0000	80.06	0.02
1991-06-27	Perennial Ryegrass	0.28	659.56	0.83	0.93	0.60	1.02	3	1	2.76	650.00	0.00	7.91	5.54	0.00	0.00	0.00	0.00	0.00	0.00	0.00	0.00	0.00	0.00	0.00	0.00	0.00	0.00	0.00	0.00	0.00	0.00	0.00	0.00	0.00	0.00	0.00	0.00	16.0	18.2	19.7	33.7	53.1	58.4	199.05	0.198	0.170	0.180	0.307	0.277	0.000	0.8325	0.9026	1.0000	0.9025	1.0000	0.1751	0.44	9.93	10.37	0.10	0.09	0.08	0.06	0.06	0.05	0.01	0.04	0.13	0.76	3.41	5.58	0.0193	0.0061	0.0023	0.0016	0.0006	0.0000	0.0021	0.0025	0.0035	0.0195	0.0317	0.0000	80.18	0.02
1991-06-28	Perennial Ryegrass	0.29	672.65	0.83	0.93	0.60	1.02	3	1	2.77	650.00	0.00	8.20	5.75	0.00	0.00	0.00	0.00	0.00	0.00	0.00	0.00	0.00	0.00	0.00	0.00	0.00	0.00	0.00	0.00	0.00	0.00	0.00	0.00	0.00	0.00	0.00	0.00	18.1	19.0	19.8	33.5	52.6	58.1	201.07	0.204	0.178	0.195	0.329	0.295	0.000	0.8334	0.6708	1.0000	0.9052	1.0000	0.2782	0.46	9.89	10.35	0.11	0.10	0.08	0.06	0.06	0.05	0.02	0.04	0.14	0.76	3.38	5.56	0.0202	0.0061	0.0024	0.0017	0.0006	0.0000	0.0029	0.0027	0.0037	0.0196	0.0319	0.0000	80.22	0.02
1991-06-29	Perennial Ryegrass	0.29	681.41	0.84	0.93	0.59	1.02	3	1	2.78	650.00	0.00	8.57	6.00	0.00	0.00	0.00	0.00	0.00	0.00	0.00	0.00	0.00	0.00	0.00	0.00	0.00	0.00	0.00	0.00	0.00	0.00	0.00	0.00	0.00	0.00	0.00	0.00	19.1	19.8	20.1	33.6	52.3	57.9	202.73	0.244	0.180	0.174	0.284	0.252	0.000	0.8344	1.0000	1.0000	0.8865	1.0000	0.3834	0.47	9.86	10.33	0.11	0.10	0.09	0.06	0.06	0.05	0.02	0.05	0.14	0.76	3.35	5.54	0.0296	0.0074	0.0024	0.0016	0.0006	0.0000	0.0052	0.0035	0.0038	0.0186	0.0290	0.0000	79.87	0.02
1991-06-30	Perennial Ryegrass	0.28	667.54	0.84	0.93	0.58	1.02	3	1	2.80	650.00	0.00	8.93	6.25	0.00	0.00	0.00	0.00	0.00	0.00	0.00	0.00	0.00	0.00	0.00	0.00	0.00	0.00	0.00	0.00	0.00	0.00	0.00	0.00	0.00	0.00	0.00	0.00	17.8	19.9	20.3	33.9	52.0	57.8	201.68	0.214	0.160	0.144	0.225	0.193	0.000	0.8358	0.7249	1.0000	0.8916	1.0000	0.2928	0.44	9.84	10.28	0.08	0.10	0.09	0.06	0.06	0.05	0.02	0.05	0.14	0.76	3.33	5.54	0.0264	0.0086	0.0025	0.0015	0.0005	0.0000	0.0062	0.0043	0.0039	0.0179	0.0255	0.0000	79.47	0.02
1991-07-01	Perennial Ryegrass	0.28	662.56	0.84	0.93	0.57	1.02	3	1	2.80	650.00	0.00	7.18	5.03	0.00	0.00	0.00	0.00	0.00	0.00	0.00	0.00	0.00	0.00	0.00	0.00	0.00	0.00	0.00	0.00	0.00	0.00	0.00	0.00	0.00	0.00	0.00	0.00	17.1	19.6	20.4	34.3	51.8	57.7	200.96	0.095	0.083	0.076	0.118	0.097	0.000	0.8370	0.5171	1.0000	0.8721	1.0000	0.3985	0.46	9.82	10.28	0.09	0.10	0.09	0.06	0.07	0.05	0.02	0.05	0.14	0.76	3.32	5.53	0.0231	0.0084	0.0024	0.0015	0.0004	0.0000	0.0050	0.0043	0.0037	0.0168	0.0206	0.0000	79.38	0.02
1991-07-02	Perennial Ryegrass	0.28	657.20	0.84	0.93	0.57	1.02	3	1	2.81	650.00	0.00	6.93	4.85	0.00	0.00	0.00	0.00	0.00	0.00	0.00	0.00	0.00	0.00	0.00	0.00	0.00	0.00	0.00	0.00	0.00	0.00	0.00	0.00	0.00	0.00	0.00	0.00	16.9	19.1	20.3	34.4	51.9	57.6	200.21	0.088	0.081	0.079	0.124	0.097	0.000	0.8378	0.4605	1.0000	0.8578	1.0000	0.4193	0.47	9.80	10.27	0.10	0.10	0.09	0.06	0.07	0.05	0.02	0.05	0.14	0.75	3.31	5.52	0.0225	0.0081	0.0025	0.0015	0.0004	0.0000	0.0049	0.0042	0.0038	0.0173	0.0205	0.0000	79.44	0.02
1991-07-03	Perennial Ryegrass	0.28	646.97	0.84	0.93	0.57	1.03	3	1	2.82	650.00	0.00	7.53	5.26	0.00	0.00	0.00	0.00	0.00	0.00	0.00	0.00	0.00	0.00	0.00	0.00	0.00	0.00	0.00	0.00	0.00	0.00	0.00	0.00	0.00	0.00	0.00	0.00	16.8	18.8	20.1	34.4	51.9	57.4	199.50	0.111	0.099	0.102	0.164	0.128	0.000	0.8387	0.6982	1.0000	0.8638	1.0000	0.2938	0.46	9.78	10.24	0.09	0.10	0.09	0.06	0.07	0.05	0.02	0.06	0.14	0.74	3.31	5.51	0.0188	0.0074	0.0026	0.0016	0.0005	0.0000	0.0050	0.0039	0.0039	0.0178	0.0219	0.0000	79.53	0.02
1991-07-04	Perennial Ryegrass	0.28	668.23	0.84	0.93	0.58	1.03	3	1	2.83	650.00	0.00	7.01	4.90	0.00	0.00	0.00	0.00	0.00	0.00	0.00	0.00	0.00	0.00	0.00	0.00	0.00	0.00	0.00	0.00	0.00	0.00	0.00	0.00	0.00	0.00	0.00	0.00	19.7	20.0	20.4	34.4	51.9	57.3	203.77	0.149	0.127	0.134	0.222	0.173	0.000	0.8396	1.0000	1.0000	0.8369	1.0000	0.4443	0.47	9.75	10.22	0.09	0.10	0.09	0.06	0.07	0.05	0.02	0.06	0.14	0.72	3.30	5.50	0.0200	0.0071	0.0026	0.0017	0.0005	0.0000	0.0048	0.0039	0.0040	0.0183	0.0240	0.0000	79.51	0.02
1991-07-05	Perennial Ryegrass	0.28	669.27	0.84	0.93	0.56	1.03	3	1	2.84	650.00	0.00	7.81	5.46	0.00	0.00	0.00	0.00	0.00	0.00	0.00	0.00	0.00	0.00	0.00	0.00	0.00	0.00	0.00	0.00	0.00	0.00	0.00	0.00	0.00	0.00	0.00	0.00	19.1	20.4	20.7	34.6	52.1	57.2	203.99	0.222	0.159	0.146	0.233	0.182	0.000	0.8407	1.0000	1.0000	0.8099	1.0000	0.4185	0.45	9.72	10.17	0.08	0.10	0.09	0.06	0.07	0.05	0.02	0.06	0.14	0.71	3.30	5.50	0.0298	0.0089	0.0028	0.0017	0.0005	0.0000	0.0071	0.0049	0.0042	0.0181	0.0245	0.0000	79.07	0.02
1991-07-06	Perennial Ryegrass	0.28	661.85	0.84	0.93	0.55	1.03	3	1	2.85	650.00	0.00	7.14	4.99	0.00	0.00	0.00	0.00	0.00	0.00	0.00	0.00	0.00	0.00	0.00	0.00	0.00	0.00	0.00	0.00	0.00	0.00	0.00	0.00	0.00	0.00	0.00	0.00	18.0	20.3	20.9	34.8	52.3	57.1	203.45	0.103	0.084	0.076	0.117	0.091	0.000	0.8419	0.7664	1.0000	0.7866	1.0000	0.3008	0.44	9.69	10.13	0.06	0.10	0.09	0.06	0.07	0.05	0.02	0.05	0.14	0.70	3.29	5.49	0.0210	0.0092	0.0027	0.0016	0.0004	0.0000	0.0053	0.0051	0.0041	0.0164	0.0205	0.0000	78.78	0.02
1991-07-07	Perennial Ryegrass	0.28	659.22	0.84	0.93	0.55	1.03	3	1	2.86	650.00	0.00	6.20	4.33	0.00	0.00	0.00	0.00	0.00	0.00	0.00	0.00	0.00	0.00	0.00	0.00	0.00	0.00	0.00	0.00	0.00	0.00	0.00	0.00	0.00	0.00	0.00	0.00	17.2	19.9	20.8	34.9	52.7	57.0	202.60	0.118	0.108	0.102	0.156	0.122	0.000	0.8428	0.6432	1.0000	0.7496	1.0000	0.3426	0.44	9.66	10.11	0.07	0.09	0.09	0.06	0.07	0.05	0.02	0.05	0.14	0.68	3.29	5.48	0.0200	0.0089	0.0029	0.0017	0.0005	0.0000	0.0042	0.0049	0.0043	0.0169	0.0223	0.0000	78.76	0.02
1991-07-08	Perennial Ryegrass	0.30	701.51	0.84	0.93	0.56	1.03	3	1	2.87	650.00	0.00	5.46	3.81	0.00	0.00	0.00	0.00	0.00	0.00	0.00	0.00	0.00	0.00	0.00	0.00	0.00	0.00	0.00	0.00	0.00	0.00	0.00	0.00	0.00	0.00	0.00	0.00	24.3	22.5	21.9	35.4	53.4	56.9	214.30	0.073	0.070	0.069	0.108	0.085	0.000	0.8435	1.0000	1.0000	0.6985	1.0000	0.5161	0.44	9.63	10.07	0.07	0.09	0.09	0.06	0.07	0.05	0.01	0.05	0.14	0.66	3.29	5.48	0.0172	0.0078	0.0027	0.0016	0.0005	0.0000	0.0030	0.0041	0.0040	0.0160	0.0212	0.0000	78.67	0.02
1991-07-09	Perennial Ryegrass	0.31	738.94	0.85	0.93	0.54	1.03	3	1	2.88	650.00	0.00	7.81	5.44	0.00	0.00	0.00	0.00	0.00	0.00	0.00	0.00	0.00	0.00	0.00	0.00	0.00	0.00	0.00	0.00	0.00	0.00	0.00	0.00	0.00	0.00	0.00	0.00	29.2	25.9	23.8	36.4	54.3	57.2	226.90	0.281	0.186	0.155	0.218	0.173	0.000	0.8443	1.0000	1.0000	0.6803	1.0000	0.8654	0.39	9.59	9.98	0.03	0.08	0.09	0.06	0.07	0.05	0.01	0.04	0.13	0.63	3.28	5.50	0.0326	0.0123	0.0035	0.0018	0.0006	0.0000	0.0061	0.0060	0.0049	0.0175	0.0258	0.0000	77.81	0.02
1991-07-10	Perennial Ryegrass	0.33	788.84	0.85	0.93	0.52	1.03	3	1	2.89	650.00	0.00	6.66	4.64	0.00	0.00	0.00	0.00	0.00	0.00	0.00	0.00	0.00	0.00	0.00	0.00	0.00	0.00	0.00	0.00	0.00	0.00	0.00	0.00	0.00	0.00	0.00	0.00	36.8	32.5	32.9	43.5	57.7	59.1	262.57	0.494	0.332	0.252	0.306	0.239	0.000	0.8456	1.0000	1.0000	0.6391	1.0000	0.9838	0.34	9.46	9.80	0.00	0.07	0.08	0.06	0.07	0.05	0.00	0.02	0.10	0.58	3.19	5.58	0.0234	0.0195	0.0049	0.0020	0.0007	0.0000	0.0007	0.0064	0.0056	0.0183	0.0293	0.0000	76.52	0.02
1991-07-11	Perennial Ryegrass	0.34	835.01	0.85	0.92	0.49	1.03	3	1	2.90	650.00	0.00	7.11	4.95	0.00	0.00	0.00	0.00	0.00	0.00	0.00	0.00	0.00	0.00	0.00	0.00	0.00	0.00	0.00	0.00	0.00	0.00	0.00	0.00	0.00	0.00	0.00	0.00	37.2	32.7	33.1	50.9	62.7	62.2	278.75	0.154	0.112	0.109	0.103	0.064	0.000	0.8467	1.0000	1.0000	0.6243	1.0000	1.0000	0.28	9.13	9.42	0.00	0.03	0.07	0.06	0.07	0.05	0.00	0.01	0.06	0.48	2.98	5.60	0.0267	0.0374	0.0162	0.0032	0.0006	0.0000	0.0008	0.0087	0.0134	0.0249	0.0261	0.0000	75.04	0.02
1991-07-12	Perennial Ryegrass	0.35	861.98	0.85	0.92	0.46	1.03	3	1	2.92	650.00	0.00	10.83	7.54	0.00	0.00	0.00	0.00	0.00	0.00	0.00	0.00	0.00	0.00	0.00	0.00	0.00	0.00	0.00	0.00	0.00	0.00	0.00	0.00	0.00	0.00	0.00	0.00	33.2	32.7	33.1	50.7	65.7	65.2	280.69	0.088	0.064	0.062	0.079	0.046	0.000	0.8479	1.0000	1.0000	0.6157	1.0000	0.8571	0.25	8.64	8.89	0.00	0.02	0.06	0.05	0.07	0.05	0.00	0.00	0.04	0.38	2.71	5.51	0.0293	0.0201	0.0136	0.0051	0.0009	0.0000	0.0009	0.0038	0.0091	0.0343	0.0327	0.0000	73.78	0.02
1991-07-13	Perennial Ryegrass	0.35	866.00	0.85	0.92	0.44	1.03	3	1	2.93	650.00	0.00	8.95	6.23	0.00	0.00	0.00	0.00	0.00	0.00	0.00	0.00	0.00	0.00	0.00	0.00	0.00	0.00	0.00	0.00	0.00	0.00	0.00	0.00	0.00	0.00	0.00	0.00	26.8	31.2	32.7	49.2	66.9	67.5	274.24	0.139	0.118	0.115	0.145	0.095	0.000	0.8495	1.0000	1.0000	0.5522	1.0000	0.8269	0.23	8.05	8.28	0.00	0.01	0.05	0.05	0.07	0.05	0.00	0.00	0.03	0.29	2.41	5.31	0.0323	0.0120	0.0114	0.0047	0.0011	0.0000	0.0010	0.0018	0.0064	0.0268	0.0366	0.0000	73.05	0.02
1991-07-14	Perennial Ryegrass	0.36	877.82	0.85	0.92	0.44	1.03	3	1	2.94	650.00	0.00	7.54	5.24	0.00	0.00	0.00	0.00	0.00	0.00	0.00	0.00	0.00	0.00	0.00	0.00	0.00	0.00	0.00	0.00	0.00	0.00	0.00	0.00	0.00	0.00	0.00	0.00	24.1	29.2	31.6	47.9	67.0	69.0	268.80	0.074	0.080	0.082	0.100	0.072	0.000	0.8508	0.6446	1.0000	0.5561	1.0000	0.5952	0.23	7.44	7.67	0.01	0.01	0.04	0.05	0.07	0.05	0.00	0.00	0.02	0.23	2.14	5.05	0.0237	0.0071	0.0091	0.0039	0.0011	0.0000	0.0007	0.0008	0.0043	0.0190	0.0345	0.0000	72.86	0.02
1991-07-15	Perennial Ryegrass	0.35	876.47	0.85	0.92	0.43	1.03	3	1	2.95	650.00	0.00	6.37	4.43	0.00	0.00	0.00	0.00	0.00	0.00	0.00	0.00	0.00	0.00	0.00	0.00	0.00	0.00	0.00	0.00	0.00	0.00	0.00	0.00	0.00	0.00	0.00	0.00	20.9	26.7	30.0	46.5	66.6	69.6	260.28	0.078	0.089	0.097	0.120	0.092	0.000	0.8517	0.5393	1.0000	0.5449	1.0000	0.5125	0.23	6.85	7.07	0.02	0.01	0.04	0.04	0.07	0.05	0.00	0.00	0.02	0.19	1.90	4.75	0.0197	0.0054	0.0069	0.0034	0.0011	0.0000	0.0007	0.0005	0.0028	0.0141	0.0313	0.0000	72.73	0.02
1991-07-16	Perennial Ryegrass	0.35	874.23	0.85	0.92	0.43	1.03	3	1	2.95	650.00	0.00	5.19	3.61	0.00	0.00	0.00	0.00	0.00	0.00	0.00	0.00	0.00	0.00	0.00	0.00	0.00	0.00	0.00	0.00	0.00	0.00	0.00	0.00	0.00	0.00	0.00	0.00	19.1	24.5	28.1	44.8	65.6	69.7	251.76	0.086	0.109	0.127	0.163	0.129	0.000	0.8523	0.6131	1.0000	0.5256	1.0000	0.3798	0.23	6.30	6.53	0.03	0.01	0.03	0.04	0.07	0.05	0.00	0.00	0.01	0.16	1.69	4.44	0.0140	0.0044	0.0051	0.0030	0.0011	0.0000	0.0005	0.0004	0.0018	0.0105	0.0277	0.0000	72.70	0.02
1991-07-17	Perennial Ryegrass	0.35	872.60	0.85	0.92	0.43	1.03	3	1	2.96	650.00	0.00	4.15	2.89	0.00	0.00	0.00	0.00	0.00	0.00	0.00	0.00	0.00	0.00	0.00	0.00	0.00	0.00	0.00	0.00	0.00	0.00	0.00	0.00	0.00	0.00	0.00	0.00	17.8	22.5	26.1	42.8	64.1	69.2	242.57	0.195	0.248	0.305	0.413	0.340	0.000	0.8528	1.0000	1.0000	0.4670	1.0000	0.2929	0.25	5.80	6.05	0.04	0.02	0.03	0.04	0.06	0.05	0.00	0.00	0.01	0.13	1.51	4.15	0.0141	0.0037	0.0039	0.0027	0.0012	0.0000	0.0007	0.0003	0.0012	0.0084	0.0267	0.0000	72.73	0.02
1991-07-18	Perennial Ryegrass	0.35	869.52	0.85	0.92	0.42	1.03	3	1	2.96	650.00	0.00	3.55	2.47	0.00	0.00	0.00	0.00	0.00	0.00	0.00	0.00	0.00	0.00	0.00	0.00	0.00	0.00	0.00	0.00	0.00	0.00	0.00	0.00	0.00	0.00	0.00	0.00	17.0	21.1	24.4	41.0	62.5	68.2	234.29	0.147	0.179	0.227	0.327	0.280	0.000	0.8532	1.0000	1.0000	0.4339	1.0000	0.2464	0.26	5.38	5.64	0.05	0.02	0.03	0.04	0.06	0.05	0.00	0.00	0.01	0.12	1.37	3.88	0.0133	0.0032	0.0029	0.0022	0.0010	0.0000	0.0009	0.0003	0.0008	0.0062	0.0216	0.0000	72.75	0.02
1991-07-19	Perennial Ryegrass	0.35	860.49	0.85	0.92	0.42	1.03	3	1	2.96	650.00	0.00	3.92	2.72	0.00	0.00	0.00	0.00	0.00	0.00	0.00	0.00	0.00	0.00	0.00	0.00	0.00	0.00	0.00	0.00	0.00	0.00	0.00	0.00	0.00	0.00	0.00	0.00	16.8	19.8	22.8	39.2	60.8	67.0	226.44	0.191	0.221	0.281	0.430	0.380	0.000	0.8536	1.0000	1.0000	0.4773	1.0000	0.2452	0.25	5.03	5.28	0.04	0.03	0.04	0.04	0.06	0.05	0.00	0.00	0.01	0.10	1.26	3.64	0.0090	0.0031	0.0023	0.0020	0.0010	0.0000	0.0009	0.0003	0.0007	0.0050	0.0198	0.0000	72.78	0.02
1991-07-20	Perennial Ryegrass	0.35	852.88	0.85	0.92	0.42	1.03	3	1	2.97	650.00	0.00	4.28	2.97	0.00	0.00	0.00	0.00	0.00	0.00	0.00	0.00	0.00	0.00	0.00	0.00	0.00	0.00	0.00	0.00	0.00	0.00	0.00	0.00	0.00	0.00	0.00	0.00	16.5	19.0	21.6	37.7	59.2	65.6	219.68	0.187	0.185	0.243	0.394	0.358	0.000	0.8540	1.0000	1.0000	0.5065	1.0000	0.2674	0.27	4.74	5.00	0.04	0.03	0.04	0.04	0.06	0.05	0.00	0.00	0.01	0.10	1.18	3.44	0.0092	0.0029	0.0019	0.0018	0.0009	0.0000	0.0004	0.0003	0.0005	0.0040	0.0168	0.0000	72.82	0.02
1991-07-21	Perennial Ryegrass	0.35	848.27	0.85	0.92	0.42	1.03	3	1	2.97	650.00	0.00	3.45	2.39	0.00	0.00	0.00	0.00	0.00	0.00	0.00	0.00	0.00	0.00	0.00	0.00	0.00	0.00	0.00	0.00	0.00	0.00	0.00	0.00	0.00	0.00	0.00	0.00	16.3	18.6	20.8	36.4	57.7	64.2	214.00	0.197	0.182	0.231	0.393	0.365	0.000	0.8544	1.0000	1.0000	0.4869	1.0000	0.3329	0.28	4.51	4.80	0.05	0.04	0.04	0.04	0.06	0.05	0.00	0.01	0.01	0.09	1.12	3.28	0.0108	0.0029	0.0017	0.0016	0.0009	0.0000	0.0007	0.0004	0.0005	0.0034	0.0149	0.0000	72.85	0.02
1991-07-22	Perennial Ryegrass	0.34	845.19	0.86	0.92	0.42	1.03	3	1	2.98	650.00	0.00	3.35	2.32	0.00	0.00	0.00	0.00	0.00	0.00	0.00	0.00	0.00	0.00	0.00	0.00	0.00	0.00	0.00	0.00	0.00	0.00	0.00	0.00	0.00	0.00	0.00	0.00	16.9	18.7	20.2	35.6	56.5	62.8	210.62	0.135	0.120	0.143	0.253	0.238	0.000	0.8548	1.0000	1.0000	0.4457	1.0000	0.8512	0.29	4.34	4.64	0.05	0.04	0.04	0.04	0.06	0.05	0.00	0.01	0.01	0.09	1.08	3.15	0.0103	0.0030	0.0015	0.0014	0.0007	0.0000	0.0010	0.0004	0.0004	0.0028	0.0117	0.0000	72.86	0.02
1991-07-23	Perennial Ryegrass	0.34	842.42	0.86	0.92	0.42	1.03	3	1	2.98	650.00	0.00	2.99	2.07	0.00	0.00	0.00	0.00	0.00	0.00	0.00	0.00	0.00	0.00	0.00	0.00	0.00	0.00	0.00	0.00	0.00	0.00	0.00	0.00	0.00	0.00	0.00	0.00	16.5	18.5	19.8	34.9	55.5	61.6	206.74	0.197	0.163	0.178	0.322	0.303	0.000	0.8553	1.0000	1.0000	0.4000	1.0000	0.2364	0.32	4.22	4.53	0.06	0.05	0.05	0.04	0.06	0.05	0.01	0.01	0.02	0.09	1.05	3.06	0.0145	0.0034	0.0015	0.0014	0.0007	0.0000	0.0014	0.0006	0.0005	0.0027	0.0117	0.0000	72.82	0.02
1991-07-24	Perennial Ryegrass	0.34	838.52	0.86	0.92	0.42	1.03	3	1	2.98	650.00	0.00	2.98	2.06	0.00	0.00	0.00	0.00	0.00	0.00	0.00	0.00	0.00	0.00	0.00	0.00	0.00	0.00	0.00	0.00	0.00	0.00	0.00	0.00	0.00	0.00	0.00	0.00	16.2	18.2	19.8	34.1	54.6	60.5	203.53	0.220	0.185	0.198	0.359	0.338	0.000	0.8555	1.0000	1.0000	0.3604	1.0000	0.4062	0.32	4.13	4.45	0.06	0.05	0.05	0.04	0.06	0.05	0.01	0.01	0.02	0.09	1.03	2.98	0.0136	0.0035	0.0015	0.0013	0.0007	0.0000	0.0016	0.0006	0.0005	0.0025	0.0115	0.0000	72.80	0.02
1991-07-25	Perennial Ryegrass	0.34	832.99	0.86	0.92	0.42	1.03	3	1	2.99	650.00	0.00	2.89	2.00	0.00	0.00	0.00	0.00	0.00	0.00	0.00	0.00	0.00	0.00	0.00	0.00	0.00	0.00	0.00	0.00	0.00	0.00	0.00	0.00	0.00	0.00	0.00	0.00	15.8	18.1	19.8	34.0	53.8	59.7	201.24	0.139	0.117	0.130	0.223	0.213	0.000	0.8559	0.7437	1.0000	0.3450	1.0000	0.3722	0.32	4.07	4.39	0.05	0.05	0.05	0.04	0.06	0.05	0.01	0.01	0.02	0.09	1.01	2.93	0.0108	0.0033	0.0014	0.0012	0.0006	0.0000	0.0015	0.0006	0.0005	0.0023	0.0092	0.0000	72.82	0.02
1991-07-26	Perennial Ryegrass	0.34	832.31	0.86	0.92	0.42	1.03	3	1	2.99	650.00	0.00	2.33	1.61	0.00	0.00	0.00	0.00	0.00	0.00	0.00	0.00	0.00	0.00	0.00	0.00	0.00	0.00	0.00	0.00	0.00	0.00	0.00	0.00	0.00	0.00	0.00	0.00	15.5	17.9	19.7	33.9	53.4	58.9	199.29	0.157	0.136	0.156	0.266	0.243	0.000	0.8561	0.9235	1.0000	0.3037	1.0000	0.2954	0.33	4.03	4.37	0.07	0.05	0.05	0.04	0.06	0.05	0.01	0.01	0.02	0.09	1.00	2.90	0.0121	0.0034	0.0015	0.0012	0.0006	0.0000	0.0015	0.0007	0.0005	0.0025	0.0092	0.0000	72.82	0.02
1991-07-27	Perennial Ryegrass	0.34	834.53	0.86	0.92	0.42	1.03	3	1	2.99	650.00	0.00	2.28	1.58	0.00	0.00	0.00	0.00	0.00	0.00	0.00	0.00	0.00	0.00	0.00	0.00	0.00	0.00	0.00	0.00	0.00	0.00	0.00	0.00	0.00	0.00	0.00	0.00	15.8	17.7	19.6	33.6	53.0	58.4	198.11	0.195	0.174	0.204	0.347	0.313	0.000	0.8563	1.0000	1.0000	0.2592	1.0000	0.4878	0.35	4.01	4.36	0.07	0.06	0.05	0.04	0.06	0.05	0.01	0.01	0.02	0.10	1.00	2.87	0.0131	0.0034	0.0016	0.0013	0.0007	0.0000	0.0016	0.0007	0.0006	0.0027	0.0101	0.0000	72.82	0.02
1991-07-28	Perennial Ryegrass	0.34	829.65	0.86	0.92	0.42	1.03	3	1	2.99	650.00	0.00	2.66	1.84	0.00	0.00	0.00	0.00	0.00	0.00	0.00	0.00	0.00	0.00	0.00	0.00	0.00	0.00	0.00	0.00	0.00	0.00	0.00	0.00	0.00	0.00	0.00	0.00	15.4	17.6	19.6	33.4	52.6	58.1	196.61	0.174	0.142	0.169	0.286	0.257	0.000	0.8565	1.0000	1.0000	0.2613	1.0000	0.3874	0.34	4.00	4.34	0.06	0.06	0.05	0.05	0.06	0.05	0.01	0.01	0.02	0.10	0.99	2.86	0.0120	0.0033	0.0015	0.0012	0.0006	0.0000	0.0017	0.0007	0.0006	0.0026	0.0090	0.0000	72.78	0.02
1991-07-29	Perennial Ryegrass	0.34	820.55	0.86	0.92	0.41	1.03	3	1	3.00	650.00	0.00	3.46	2.39	0.00	0.00	0.00	0.00	0.00	0.00	0.00	0.00	0.00	0.00	0.00	0.00	0.00	0.00	0.00	0.00	0.00	0.00	0.00	0.00	0.00	0.00	0.00	0.00	14.9	17.3	19.3	33.0	52.0	57.9	194.48	0.291	0.245	0.298	0.502	0.447	0.000	0.8568	1.0000	1.0000	0.2938	1.0000	0.4335	0.32	3.99	4.32	0.04	0.06	0.06	0.05	0.07	0.05	0.01	0.01	0.02	0.10	0.98	2.86	0.0080	0.0036	0.0018	0.0014	0.0008	0.0000	0.0017	0.0009	0.0008	0.0032	0.0121	0.0000	72.77	0.02
1991-07-30	Perennial Ryegrass	0.33	811.04	0.86	0.92	0.41	1.03	3	1	3.00	650.00	0.00	3.27	2.26	0.00	0.00	0.00	0.00	0.00	0.00	0.00	0.00	0.00	0.00	0.00	0.00	0.00	0.00	0.00	0.00	0.00	0.00	0.00	0.00	0.00	0.00	0.00	0.00	14.7	17.2	19.2	32.8	51.7	57.8	193.36	0.139	0.122	0.151	0.254	0.226	0.000	0.8571	1.0000	1.0000	0.3192	1.0000	0.5209	0.32	3.99	4.30	0.03	0.06	0.06	0.05	0.07	0.05	0.00	0.02	0.03	0.11	0.98	2.85	0.0053	0.0033	0.0015	0.0011	0.0006	0.0000	0.0006	0.0008	0.0007	0.0025	0.0081	0.0000	72.80	0.02
1991-07-31	Perennial Ryegrass	0.33	807.63	0.86	0.92	0.41	1.03	3	1	3.01	650.00	0.00	2.85	1.97	0.00	0.00	0.00	0.00	0.00	0.00	0.00	0.00	0.00	0.00	0.00	0.00	0.00	0.00	0.00	0.00	0.00	0.00	0.00	0.00	0.00	0.00	0.00	0.00	15.2	17.1	19.2	32.7	51.5	57.6	193.45	0.073	0.065	0.082	0.138	0.122	0.000	0.8575	1.0000	1.0000	0.3032	1.0000	0.9440	0.33	3.99	4.31	0.04	0.07	0.06	0.05	0.07	0.05	0.00	0.02	0.03	0.11	0.98	2.85	0.0050	0.0032	0.0014	0.0010	0.0005	0.0000	0.0004	0.0008	0.0006	0.0023	0.0065	0.0000	72.80	0.02
1991-08-01	Perennial Ryegrass	0.33	800.78	0.86	0.92	0.41	1.03	3	1	3.01	650.00	0.00	3.40	2.34	0.00	0.00	0.00	0.00	0.00	0.00	0.00	0.00	0.00	0.00	0.00	0.00	0.00	0.00	0.00	0.00	0.00	0.00	0.00	0.00	0.00	0.00	0.00	0.00	14.9	17.0	19.1	32.6	51.2	57.5	192.44	0.127	0.100	0.127	0.213	0.188	0.000	0.8579	1.0000	1.0000	0.3345	1.0000	0.4642	0.34	3.99	4.32	0.04	0.07	0.06	0.05	0.07	0.05	0.00	0.02	0.03	0.11	0.98	2.84	0.0066	0.0034	0.0015	0.0011	0.0005	0.0000	0.0002	0.0009	0.0007	0.0025	0.0073	0.0000	72.77	0.02
1991-08-02	Perennial Ryegrass	0.33	796.97	0.86	0.92	0.41	1.03	3	1	3.01	650.00	0.00	2.88	1.99	0.00	0.00	0.00	0.00	0.00	0.00	0.00	0.00	0.00	0.00	0.00	0.00	0.00	0.00	0.00	0.00	0.00	0.00	0.00	0.00	0.00	0.00	0.00	0.00	14.5	16.9	19.1	32.4	51.0	57.4	191.27	0.134	0.109	0.140	0.235	0.206	0.000	0.8583	0.7814	1.0000	0.3336	1.0000	0.3579	0.36	3.99	4.35	0.06	0.07	0.06	0.05	0.07	0.05	0.00	0.02	0.03	0.12	0.98	2.84	0.0086	0.0035	0.0016	0.0011	0.0005	0.0000	0.0006	0.0010	0.0008	0.0026	0.0075	0.0000	72.76	0.02
1991-08-03	Perennial Ryegrass	0.33	792.07	0.86	0.92	0.41	1.03	3	1	3.01	650.00	0.00	3.27	2.25	0.00	0.00	0.00	0.00	0.00	0.00	0.00	0.00	0.00	0.00	0.00	0.00	0.00	0.00	0.00	0.00	0.00	0.00	0.00	0.00	0.00	0.00	0.00	0.00	14.0	16.7	18.8	32.0	50.6	57.3	189.45	0.223	0.192	0.248	0.416	0.364	0.000	0.8585	1.0000	1.0000	0.3592	1.0000	0.2714	0.38	3.99	4.37	0.07	0.08	0.06	0.05	0.07	0.05	0.01	0.02	0.04	0.12	0.97	2.84	0.0097	0.0038	0.0019	0.0013	0.0007	0.0000	0.0009	0.0012	0.0010	0.0032	0.0102	0.0000	72.79	0.02
1991-08-04	Perennial Ryegrass	0.33	794.51	0.86	0.92	0.41	1.03	3	1	3.02	650.00	0.00	4.48	3.09	0.00	0.00	0.00	0.00	0.00	0.00	0.00	0.00	0.00	0.00	0.00	0.00	0.00	0.00	0.00	0.00	0.00	0.00	0.00	0.00	0.00	0.00	0.00	0.00	17.2	17.2	18.6	31.5	50.0	57.1	191.60	0.283	0.260	0.339	0.572	0.503	0.000	0.8588	1.0000	1.0000	0.4563	1.0000	0.2742	0.37	3.99	4.35	0.05	0.08	0.07	0.05	0.07	0.05	0.00	0.03	0.04	0.12	0.97	2.83	0.0069	0.0041	0.0022	0.0016	0.0009	0.0000	0.0003	0.0014	0.0012	0.0037	0.0131	0.0000	72.78	0.02
1991-08-05	Perennial Ryegrass	0.34	822.42	0.86	0.92	0.41	1.03	3	1	3.03	650.00	0.00	5.07	3.49	0.00	0.00	0.00	0.00	0.00	0.00	0.00	0.00	0.00	0.00	0.00	0.00	0.00	0.00	0.00	0.00	0.00	0.00	0.00	0.00	0.00	0.00	0.00	0.00	28.6	22.5	20.3	31.6	49.5	57.0	209.45	0.505	0.291	0.320	0.541	0.481	0.000	0.8593	1.0000	0.9657	0.5028	1.0000	0.8504	0.36	3.99	4.35	0.04	0.08	0.07	0.05	0.07	0.05	0.00	0.03	0.04	0.12	0.96	2.83	0.0113	0.0047	0.0021	0.0015	0.0009	0.0000	0.0006	0.0016	0.0013	0.0036	0.0126	0.0000	72.43	0.02
1991-08-06	Perennial Ryegrass	0.33	814.48	0.86	0.91	0.38	1.03	3	1	3.04	650.00	0.00	7.06	4.86	0.00	0.00	0.00	0.00	0.00	0.00	0.00	0.00	0.00	0.00	0.00	0.00	0.00	0.00	0.00	0.00	0.00	0.00	0.00	0.00	0.00	0.00	0.00	0.00	22.9	23.5	21.8	32.8	49.3	56.9	207.16	0.761	0.388	0.259	0.318	0.270	0.000	0.8600	1.0000	1.0000	0.5049	1.0000	0.3437	0.33	3.99	4.32	0.01	0.08	0.07	0.05	0.07	0.05	0.00	0.03	0.05	0.13	0.96	2.83	0.0480	0.0121	0.0024	0.0012	0.0006	0.0000	0.0025	0.0040	0.0015	0.0029	0.0081	0.0000	71.70	0.02
1991-08-07	Perennial Ryegrass	0.34	836.38	0.86	0.91	0.38	1.03	3	1	3.04	650.00	0.00	6.15	4.23	0.00	0.00	0.00	0.00	0.00	0.00	0.00	0.00	0.00	0.00	0.00	0.00	0.00	0.00	0.00	0.00	0.00	0.00	0.00	0.00	0.00	0.00	0.00	0.00	24.7	24.6	23.2	34.5	49.4	56.7	213.13	0.592	0.481	0.360	0.406	0.296	0.000	0.8608	1.0000	1.0000	0.5126	1.0000	0.3289	0.35	3.99	4.34	0.03	0.07	0.07	0.05	0.07	0.05	0.00	0.02	0.05	0.13	0.96	2.82	0.0257	0.0135	0.0033	0.0015	0.0006	0.0000	0.0014	0.0043	0.0021	0.0036	0.0085	0.0000	71.39	0.02
1991-08-08	Perennial Ryegrass	0.34	833.78	0.86	0.91	0.36	1.03	3	1	3.05	650.00	0.00	5.35	3.68	0.00	0.00	0.00	0.00	0.00	0.00	0.00	0.00	0.00	0.00	0.00	0.00	0.00	0.00	0.00	0.00	0.00	0.00	0.00	0.00	0.00	0.00	0.00	0.00	21.1	24.0	23.8	35.9	50.4	56.6	211.83	0.368	0.291	0.230	0.258	0.163	0.000	0.8614	1.0000	1.0000	0.4392	1.0000	0.2993	0.33	3.99	4.32	0.03	0.06	0.07	0.05	0.07	0.05	0.00	0.02	0.05	0.13	0.97	2.82	0.0330	0.0143	0.0036	0.0015	0.0005	0.0000	0.0023	0.0043	0.0023	0.0035	0.0063	0.0000	71.04	0.02
1991-08-09	Perennial Ryegrass	0.34	828.73	0.86	0.91	0.36	1.03	3	1	3.05	650.00	0.00	4.21	2.90	0.00	0.00	0.00	0.00	0.00	0.00	0.00	0.00	0.00	0.00	0.00	0.00	0.00	0.00	0.00	0.00	0.00	0.00	0.00	0.00	0.00	0.00	0.00	0.00	19.0	22.8	23.7	36.7	52.0	56.5	210.82	0.152	0.150	0.134	0.156	0.097	0.000	0.8619	0.6834	1.0000	0.4179	1.0000	0.4228	0.33	3.99	4.32	0.03	0.06	0.07	0.05	0.07	0.06	0.00	0.02	0.04	0.13	0.98	2.82	0.0156	0.0113	0.0037	0.0015	0.0004	0.0000	0.0006	0.0032	0.0023	0.0036	0.0057	0.0000	70.86	0.02
1991-08-10	Perennial Ryegrass	0.34	823.88	0.86	0.91	0.36	1.03	3	1	3.06	650.00	0.00	3.52	2.42	0.00	0.00	0.00	0.00	0.00	0.00	0.00	0.00	0.00	0.00	0.00	0.00	0.00	0.00	0.00	0.00	0.00	0.00	0.00	0.00	0.00	0.00	0.00	0.00	17.7	21.6	23.2	37.0	53.7	56.5	209.68	0.140	0.153	0.152	0.190	0.124	0.000	0.8623	0.6473	1.0000	0.4160	1.0000	0.3534	0.33	3.98	4.31	0.03	0.05	0.07	0.05	0.07	0.06	0.00	0.02	0.04	0.12	0.98	2.82	0.0112	0.0086	0.0037	0.0017	0.0005	0.0000	0.0007	0.0024	0.0022	0.0038	0.0067	0.0000	70.89	0.02
1991-08-11	Perennial Ryegrass	0.34	818.93	0.86	0.91	0.36	1.03	3	1	3.06	650.00	0.00	3.35	2.30	0.00	0.00	0.00	0.00	0.00	0.00	0.00	0.00	0.00	0.00	0.00	0.00	0.00	0.00	0.00	0.00	0.00	0.00	0.00	0.00	0.00	0.00	0.00	0.00	16.9	20.5	22.4	36.7	54.6	57.0	208.12	0.215	0.241	0.257	0.347	0.250	0.000	0.8625	1.0000	1.0000	0.4000	1.0000	0.3423	0.33	3.98	4.31	0.03	0.05	0.07	0.05	0.07	0.06	0.00	0.01	0.04	0.12	0.97	2.83	0.0094	0.0068	0.0035	0.0018	0.0007	0.0000	0.0007	0.0019	0.0020	0.0041	0.0090	0.0000	70.92	0.02
1991-08-12	Perennial Ryegrass	0.33	812.44	0.86	0.91	0.36	1.03	3	1	3.06	650.00	0.00	3.91	2.69	0.00	0.00	0.00	0.00	0.00	0.00	0.00	0.00	0.00	0.00	0.00	0.00	0.00	0.00	0.00	0.00	0.00	0.00	0.00	0.00	0.00	0.00	0.00	0.00	16.4	19.1	21.2	35.8	54.6	57.8	204.86	0.442	0.478	0.533	0.775	0.603	0.000	0.8629	1.0000	1.0000	0.4080	1.0000	0.2303	0.33	3.97	4.29	0.03	0.05	0.06	0.05	0.07	0.06	0.00	0.01	0.04	0.11	0.95	2.85	0.0085	0.0060	0.0037	0.0022	0.0011	0.0000	0.0003	0.0016	0.0021	0.0050	0.0149	0.0000	70.96	0.02
1991-08-13	Perennial Ryegrass	0.33	806.37	0.86	0.91	0.36	1.03	3	1	3.07	650.00	0.00	4.29	2.94	0.00	0.00	0.00	0.00	0.00	0.00	0.00	0.00	0.00	0.00	0.00	0.00	0.00	0.00	0.00	0.00	0.00	0.00	0.00	0.00	0.00	0.00	0.00	0.00	15.9	18.5	20.4	35.0	54.3	58.2	202.20	0.337	0.323	0.382	0.599	0.499	0.000	0.8632	1.0000	1.0000	0.4519	1.0000	0.2356	0.34	3.95	4.29	0.04	0.05	0.06	0.05	0.07	0.06	0.00	0.02	0.04	0.11	0.93	2.85	0.0092	0.0046	0.0029	0.0019	0.0010	0.0000	0.0004	0.0013	0.0017	0.0041	0.0128	0.0000	71.01	0.02
1991-08-14	Perennial Ryegrass	0.33	801.90	0.86	0.91	0.36	1.03	3	1	3.07	650.00	0.00	4.02	2.76	0.00	0.00	0.00	0.00	0.00	0.00	0.00	0.00	0.00	0.00	0.00	0.00	0.00	0.00	0.00	0.00	0.00	0.00	0.00	0.00	0.00	0.00	0.00	0.00	16.1	18.2	19.7	34.2	53.7	58.2	200.19	0.365	0.344	0.398	0.664	0.578	0.000	0.8636	1.0000	1.0000	0.4454	1.0000	0.2256	0.34	3.94	4.28	0.05	0.06	0.07	0.05	0.07	0.06	0.00	0.02	0.04	0.11	0.92	2.85	0.0091	0.0045	0.0027	0.0019	0.0011	0.0000	0.0004	0.0013	0.0016	0.0041	0.0139	0.0000	71.04	0.02
1991-08-15	Perennial Ryegrass	0.33	797.12	0.86	0.91	0.36	1.03	3	1	3.08	650.00	0.00	4.02	2.76	0.00	0.00	0.00	0.00	0.00	0.00	0.00	0.00	0.00	0.00	0.00	0.00	0.00	0.00	0.00	0.00	0.00	0.00	0.00	0.00	0.00	0.00	0.00	0.00	16.6	18.0	19.6	33.8	53.1	58.0	199.18	0.282	0.238	0.264	0.462	0.414	0.000	0.8639	1.0000	1.0000	0.4450	1.0000	0.3646	0.35	3.93	4.28	0.04	0.06	0.07	0.05	0.07	0.06	0.00	0.02	0.04	0.11	0.91	2.84	0.0091	0.0041	0.0022	0.0016	0.0008	0.0000	0.0004	0.0012	0.0013	0.0035	0.0109	0.0000	71.01	0.02
1991-08-16	Perennial Ryegrass	0.33	794.30	0.86	0.91	0.35	1.03	3	1	3.08	650.00	0.00	3.00	2.06	0.00	0.00	0.00	0.00	0.00	0.00	0.00	0.00	0.00	0.00	0.00	0.00	0.00	0.00	0.00	0.00	0.00	0.00	0.00	0.00	0.00	0.00	0.00	0.00	16.1	17.8	19.6	33.6	52.7	57.9	197.79	0.180	0.135	0.153	0.264	0.235	0.000	0.8643	0.6476	1.0000	0.3960	1.0000	0.3016	0.37	3.93	4.30	0.06	0.06	0.07	0.05	0.07	0.06	0.00	0.02	0.04	0.12	0.91	2.84	0.0135	0.0039	0.0019	0.0014	0.0006	0.0000	0.0009	0.0012	0.0012	0.0030	0.0081	0.0000	70.95	0.02
1991-08-17	Perennial Ryegrass	0.33	792.55	0.86	0.91	0.35	1.03	3	1	3.08	650.00	0.00	2.70	1.85	0.00	0.00	0.00	0.00	0.00	0.00	0.00	0.00	0.00	0.00	0.00	0.00	0.00	0.00	0.00	0.00	0.00	0.00	0.00	0.00	0.00	0.00	0.00	0.00	15.7	17.7	19.5	33.5	52.4	57.8	196.46	0.160	0.126	0.145	0.249	0.220	0.000	0.8645	0.5803	1.0000	0.3651	1.0000	0.3376	0.39	3.94	4.33	0.08	0.07	0.07	0.05	0.07	0.06	0.01	0.02	0.05	0.12	0.91	2.83	0.0157	0.0039	0.0019	0.0013	0.0006	0.0000	0.0013	0.0013	0.0012	0.0030	0.0077	0.0000	70.94	0.02
1991-08-18	Perennial Ryegrass	0.33	788.27	0.86	0.91	0.35	1.03	3	1	3.08	650.00	0.00	3.32	2.27	0.00	0.00	0.00	0.00	0.00	0.00	0.00	0.00	0.00	0.00	0.00	0.00	0.00	0.00	0.00	0.00	0.00	0.00	0.00	0.00	0.00	0.00	0.00	0.00	15.0	17.4	19.3	33.0	51.8	57.6	194.14	0.316	0.261	0.308	0.524	0.459	0.000	0.8647	0.9695	1.0000	0.3654	1.0000	0.2209	0.40	3.93	4.33	0.08	0.07	0.07	0.05	0.07	0.06	0.01	0.02	0.05	0.12	0.90	2.83	0.0154	0.0043	0.0023	0.0016	0.0009	0.0000	0.0016	0.0014	0.0016	0.0038	0.0113	0.0000	70.96	0.02
1991-08-19	Perennial Ryegrass	0.32	784.50	0.87	0.91	0.35	1.03	3	1	3.09	650.00	0.00	3.14	2.15	0.00	0.00	0.00	0.00	0.00	0.00	0.00	0.00	0.00	0.00	0.00	0.00	0.00	0.00	0.00	0.00	0.00	0.00	0.00	0.00	0.00	0.00	0.00	0.00	14.4	17.1	19.1	32.6	51.3	57.5	191.98	0.274	0.241	0.290	0.492	0.433	0.000	0.8650	0.8981	1.0000	0.3773	1.0000	0.2387	0.41	3.93	4.34	0.09	0.07	0.07	0.05	0.07	0.06	0.01	0.03	0.05	0.12	0.90	2.83	0.0146	0.0042	0.0022	0.0016	0.0008	0.0000	0.0018	0.0014	0.0015	0.0036	0.0107	0.0000	70.99	0.02
1991-08-20	Perennial Ryegrass	0.33	789.65	0.87	0.91	0.35	1.03	3	1	3.09	650.00	0.00	3.87	2.65	0.00	0.00	0.00	0.00	0.00	0.00	0.00	0.00	0.00	0.00	0.00	0.00	0.00	0.00	0.00	0.00	0.00	0.00	0.00	0.00	0.00	0.00	0.00	0.00	17.9	18.0	18.8	32.0	50.7	57.4	194.81	0.309	0.289	0.355	0.603	0.533	0.000	0.8652	1.0000	1.0000	0.4330	1.0000	0.2615	0.39	3.93	4.32	0.07	0.07	0.07	0.05	0.07	0.06	0.01	0.03	0.05	0.12	0.89	2.82	0.0108	0.0043	0.0024	0.0017	0.0010	0.0000	0.0018	0.0016	0.0017	0.0040	0.0126	0.0000	70.99	0.02
1991-08-21	Perennial Ryegrass	0.32	785.87	0.87	0.91	0.34	1.03	3	1	3.09	650.00	0.00	3.49	2.39	0.00	0.00	0.00	0.00	0.00	0.00	0.00	0.00	0.00	0.00	0.00	0.00	0.00	0.00	0.00	0.00	0.00	0.00	0.00	0.00	0.00	0.00	0.00	0.00	17.5	18.5	18.8	31.9	50.5	57.3	194.65	0.132	0.083	0.081	0.136	0.122	0.000	0.8655	1.0000	1.0000	0.3978	1.0000	0.3058	0.39	3.94	4.33	0.07	0.08	0.07	0.05	0.07	0.06	0.01	0.03	0.05	0.13	0.89	2.82	0.0192	0.0045	0.0015	0.0011	0.0005	0.0000	0.0034	0.0017	0.0011	0.0025	0.0056	0.0000	70.73	0.02
1991-08-22	Perennial Ryegrass	0.32	784.86	0.87	0.91	0.34	1.03	3	1	3.10	650.00	0.00	4.03	2.75	0.00	0.00	0.00	0.00	0.00	0.00	0.00	0.00	0.00	0.00	0.00	0.00	0.00	0.00	0.00	0.00	0.00	0.00	0.00	0.00	0.00	0.00	0.00	0.00	17.9	19.1	19.0	31.6	50.1	57.1	194.75	0.393	0.289	0.253	0.422	0.374	0.000	0.8658	1.0000	1.0000	0.4012	1.0000	0.2774	0.39	3.93	4.32	0.06	0.08	0.07	0.05	0.07	0.06	0.01	0.03	0.06	0.13	0.89	2.82	0.0163	0.0058	0.0021	0.0014	0.0007	0.0000	0.0033	0.0023	0.0016	0.0034	0.0095	0.0000	70.57	0.02
1991-08-23	Perennial Ryegrass	0.32	783.84	0.87	0.91	0.34	1.03	3	1	3.10	650.00	0.00	4.84	3.31	0.00	0.00	0.00	0.00	0.00	0.00	0.00	0.00	0.00	0.00	0.00	0.00	0.00	0.00	0.00	0.00	0.00	0.00	0.00	0.00	0.00	0.00	0.00	0.00	19.0	19.7	19.5	31.1	49.6	57.0	196.04	0.551	0.424	0.349	0.545	0.485	0.000	0.8662	1.0000	1.0000	0.4606	1.0000	0.3061	0.37	3.92	4.30	0.04	0.08	0.07	0.05	0.07	0.06	0.00	0.03	0.06	0.13	0.88	2.81	0.0135	0.0068	0.0025	0.0016	0.0009	0.0000	0.0006	0.0028	0.0020	0.0038	0.0117	0.0000	70.44	0.02
1991-08-24	Perennial Ryegrass	0.32	779.92	0.87	0.91	0.33	1.03	3	1	3.10	650.00	0.00	3.65	2.49	0.00	0.00	0.00	0.00	0.00	0.00	0.00	0.00	0.00	0.00	0.00	0.00	0.00	0.00	0.00	0.00	0.00	0.00	0.00	0.00	0.00	0.00	0.00	0.00	17.5	19.7	19.9	31.1	49.4	56.9	194.47	0.301	0.224	0.185	0.247	0.221	0.000	0.8666	0.8083	1.0000	0.4108	1.0000	0.2704	0.38	3.93	4.31	0.05	0.08	0.08	0.05	0.07	0.06	0.00	0.03	0.06	0.13	0.88	2.81	0.0189	0.0069	0.0021	0.0011	0.0005	0.0000	0.0013	0.0029	0.0017	0.0027	0.0067	0.0000	70.20	0.02
1991-08-25	Perennial Ryegrass	0.32	773.34	0.87	0.91	0.33	1.03	3	1	3.11	650.00	0.00	3.68	2.51	0.00	0.00	0.00	0.00	0.00	0.00	0.00	0.00	0.00	0.00	0.00	0.00	0.00	0.00	0.00	0.00	0.00	0.00	0.00	0.00	0.00	0.00	0.00	0.00	16.7	19.1	19.9	31.0	49.1	56.7	192.61	0.307	0.273	0.241	0.301	0.265	0.000	0.8669	0.7348	1.0000	0.4164	1.0000	0.2728	0.38	3.93	4.31	0.05	0.08	0.08	0.05	0.07	0.06	0.01	0.03	0.06	0.13	0.88	2.81	0.0134	0.0069	0.0024	0.0012	0.0006	0.0000	0.0014	0.0029	0.0020	0.0029	0.0073	0.0000	70.14	0.02
1991-08-26	Perennial Ryegrass	0.32	769.26	0.87	0.91	0.33	1.03	3	1	3.11	650.00	0.00	3.35	2.28	0.00	0.00	0.00	0.00	0.00	0.00	0.00	0.00	0.00	0.00	0.00	0.00	0.00	0.00	0.00	0.00	0.00	0.00	0.00	0.00	0.00	0.00	0.00	0.00	16.1	18.7	19.7	30.8	48.8	56.6	190.74	0.287	0.262	0.254	0.314	0.272	0.000	0.8672	0.5915	1.0000	0.4198	1.0000	0.3043	0.40	3.93	4.32	0.06	0.08	0.08	0.05	0.07	0.06	0.01	0.03	0.07	0.14	0.88	2.80	0.0145	0.0062	0.0025	0.0012	0.0006	0.0000	0.0017	0.0026	0.0021	0.0030	0.0074	0.0000	70.18	0.02
1991-08-27	Perennial Ryegrass	0.33	790.99	0.87	0.91	0.33	1.03	3	1	3.11	650.00	0.00	3.54	2.42	0.00	0.00	0.00	0.00	0.00	0.00	0.00	0.00	0.00	0.00	0.00	0.00	0.00	0.00	0.00	0.00	0.00	0.00	0.00	0.00	0.00	0.00	0.00	0.00	23.8	21.5	20.5	31.1	48.4	56.5	201.73	0.429	0.396	0.397	0.500	0.433	0.000	0.8674	1.0000	1.0000	0.4177	1.0000	0.1908	0.40	3.93	4.33	0.07	0.08	0.08	0.05	0.07	0.06	0.01	0.03	0.07	0.14	0.88	2.80	0.0153	0.0062	0.0029	0.0015	0.0008	0.0000	0.0018	0.0026	0.0025	0.0038	0.0106	0.0000	70.15	0.02
1991-08-28	Perennial Ryegrass	0.32	779.03	0.87	0.91	0.31	1.03	3	1	3.12	650.00	0.00	5.03	3.43	0.00	0.00	0.00	0.00	0.00	0.00	0.00	0.00	0.00	0.00	0.00	0.00	0.00	0.00	0.00	0.00	0.00	0.00	0.00	0.00	0.00	0.00	0.00	0.00	20.5	21.8	21.3	32.0	48.2	56.4	200.24	0.431	0.265	0.205	0.231	0.186	0.000	0.8677	1.0000	1.0000	0.4458	1.0000	0.6285	0.36	3.93	4.28	0.03	0.07	0.08	0.05	0.07	0.06	0.01	0.03	0.07	0.14	0.88	2.80	0.0265	0.0093	0.0026	0.0011	0.0005	0.0000	0.0047	0.0038	0.0022	0.0029	0.0059	0.0000	69.71	0.02
1991-08-29	Perennial Ryegrass	0.32	781.72	0.87	0.91	0.31	1.03	3	1	3.12	650.00	0.00	4.07	2.78	0.00	0.00	0.00	0.00	0.00	0.00	0.00	0.00	0.00	0.00	0.00	0.00	0.00	0.00	0.00	0.00	0.00	0.00	0.00	0.00	0.00	0.00	0.00	0.00	20.0	21.9	21.8	33.2	48.1	56.2	201.17	0.393	0.332	0.275	0.307	0.220	0.000	0.8683	1.0000	1.0000	0.4295	1.0000	0.2741	0.36	3.92	4.28	0.04	0.07	0.08	0.05	0.07	0.06	0.00	0.03	0.07	0.15	0.88	2.79	0.0174	0.0096	0.0031	0.0013	0.0005	0.0000	0.0008	0.0038	0.0027	0.0035	0.0064	0.0000	69.53	0.02
1991-08-30	Perennial Ryegrass	0.33	790.61	0.87	0.91	0.31	1.03	3	1	3.13	650.00	0.00	3.78	2.58	0.00	0.00	0.00	0.00	0.00	0.00	0.00	0.00	0.00	0.00	0.00	0.00	0.00	0.00	0.00	0.00	0.00	0.00	0.00	0.00	0.00	0.00	0.00	0.00	21.8	22.6	22.4	34.4	48.2	56.1	205.52	0.368	0.326	0.286	0.336	0.212	0.000	0.8686	1.0000	1.0000	0.3910	1.0000	0.3035	0.35	3.92	4.27	0.03	0.07	0.07	0.05	0.07	0.06	0.00	0.03	0.07	0.15	0.89	2.79	0.0142	0.0092	0.0033	0.0015	0.0005	0.0000	0.0009	0.0034	0.0028	0.0039	0.0063	0.0000	69.38	0.02
1991-08-31	Perennial Ryegrass	0.32	784.93	0.87	0.91	0.29	1.03	3	0	3.13	650.00	0.00	4.02	2.74	0.00	0.00	0.00	0.00	0.00	0.00	0.00	0.00	0.00	0.00	0.00	0.00	0.00	0.00	0.00	0.00	0.00	0.00	0.00	0.00	0.00	0.00	0.00	0.00	19.0	22.0	22.4	35.2	48.7	56.0	203.34	0.449	0.364	0.317	0.388	0.220	0.000	0.8689	1.0000	1.0000	0.3726	1.0000	0.2377	0.34	3.91	4.26	0.03	0.06	0.07	0.05	0.07	0.06	0.00	0.02	0.06	0.15	0.89	2.79	0.0177	0.0099	0.0036	0.0017	0.0005	0.0000	0.0006	0.0035	0.0030	0.0045	0.0064	0.0000	69.08	0.02
1991-09-01	Perennial Ryegrass	0.32	779.49	0.87	0.91	0.29	1.03	3	0	3.16	650.00	0.00	39.48	26.87	0.00	0.00	0.00	0.00	0.00	0.00	0.00	0.00	0.00	0.00	0.00	0.00	0.00	0.00	0.00	0.00	0.00	0.00	0.00	0.00	0.00	0.00	0.00	0.00	17.3	20.9	22.0	35.4	49.5	55.9	201.15	0.347	0.345	0.324	0.418	0.236	0.000	0.8692	0.9145	1.0000	0.3694	1.0000	1.0000	0.35	45.23	45.58	0.04	0.06	0.07	0.05	0.07	0.06	39.37	1.83	0.19	0.16	0.90	2.78	0.0082	0.0058	0.0025	0.0012	0.0004	0.0000	8.4961	0.1685	0.0062	0.0035	0.0048	0.0000	69.60	0.02
1991-09-02	Perennial Ryegrass	0.32	775.69	0.87	0.91	0.29	1.03	3	0	3.18	650.00	0.00	25.64	17.47	0.00	0.00	0.00	0.00	0.00	0.00	0.00	0.00	0.00	0.00	0.00	0.00	0.00	0.00	0.00	0.00	0.00	0.00	0.00	0.00	0.00	0.00	0.00	0.00	16.8	19.7	21.5	35.4	50.2	55.8	199.35	0.238	0.256	0.260	0.359	0.213	0.000	0.8718	0.7070	1.0000	0.3690	1.0000	1.0000	0.38	44.65	45.03	0.06	0.07	0.07	0.06	0.07	0.06	38.52	2.02	0.26	0.17	0.91	2.78	0.0009	0.0005	0.0002	0.0001	0.0000	0.0000	0.5716	0.0150	0.0008	0.0004	0.0005	0.0000	70.14	0.02
1991-09-03	Perennial Ryegrass	0.32	764.08	0.88	0.91	0.29	1.03	3	0	3.22	650.00	0.00	45.79	31.22	0.00	0.00	0.00	0.00	0.00	0.00	0.00	0.00	0.00	0.00	0.00	0.00	0.00	0.00	0.00	0.00	0.00	0.00	0.00	0.00	0.00	0.00	0.00	0.00	16.1	18.7	20.5	34.7	50.4	55.8	196.22	0.473	0.469	0.522	0.773	0.488	0.000	0.8735	1.0000	1.0000	0.4433	1.0000	1.0000	0.39	43.06	43.45	0.05	0.07	0.08	0.06	0.07	0.06	36.98	1.93	0.28	0.18	0.92	2.78	0.0023	0.0014	0.0008	0.0005	0.0002	0.0000	1.5534	0.0368	0.0028	0.0015	0.0025	0.0000	70.95	0.02
1991-09-04	Perennial Ryegrass	0.31	752.91	0.88	0.91	0.29	1.04	4	0	3.25	650.00	0.00	37.10	25.33	0.00	0.00	0.00	0.00	0.00	0.00	0.00	0.00	0.00	0.00	0.00	0.00	0.00	0.00	0.00	0.00	0.00	0.00	0.00	0.00	0.00	0.00	0.00	0.00	15.5	18.4	19.9	34.2	50.3	55.7	193.96	0.287	0.268	0.306	0.489	0.333	0.000	0.8768	0.6379	1.0000	0.5237	1.0000	1.0000	0.42	42.83	43.25	0.07	0.08	0.08	0.06	0.07	0.06	36.76	1.91	0.28	0.18	0.92	2.78	0.0005	0.0002	0.0001	0.0001	0.0000	0.0000	0.2388	0.0051	0.0004	0.0002	0.0003	0.0000	71.73	0.02
1991-09-05	Perennial Ryegrass	0.31	737.18	0.88	0.92	0.29	1.04	4	0	3.29	650.00	0.00	33.81	23.10	0.00	0.00	0.00	0.00	0.00	0.00	0.00	0.00	0.00	0.00	0.00	0.00	0.00	0.00	0.00	0.00	0.00	0.00	0.00	0.00	0.00	0.00	0.00	0.00	14.8	18.0	19.7	33.7	50.0	55.6	191.81	0.261	0.257	0.282	0.481	0.337	0.000	0.8793	0.5694	1.0000	0.6361	1.0000	1.0000	0.44	41.16	41.60	0.08	0.09	0.08	0.06	0.07	0.06	35.12	1.86	0.28	0.19	0.93	2.78	0.0040	0.0018	0.0008	0.0006	0.0002	0.0000	1.6457	0.0367	0.0027	0.0017	0.0026	0.0000	72.39	0.02
1991-09-06	Perennial Ryegrass	0.30	720.39	0.89	0.92	0.29	1.04	4	0	3.33	650.00	0.00	52.80	36.11	0.00	0.00	0.00	0.00	0.00	0.00	0.00	0.00	0.00	0.00	0.00	0.00	0.00	0.00	0.00	0.00	0.00	0.00	0.00	0.00	0.00	0.00	0.00	0.00	14.0	17.6	19.4	32.9	49.4	55.5	188.95	0.339	0.352	0.400	0.671	0.478	0.000	0.8818	0.6088	1.0000	0.7366	1.0000	1.0000	0.48	40.80	41.29	0.10	0.10	0.09	0.06	0.07	0.06	34.76	1.85	0.29	0.19	0.94	2.78	0.0012	0.0005	0.0002	0.0002	0.0001	0.0000	0.3721	0.0091	0.0008	0.0005	0.0009	0.0000	73.38	0.02
1991-09-07	Perennial Ryegrass	0.30	705.82	0.89	0.92	0.29	1.04	4	0	3.38	650.00	0.00	56.38	38.61	0.00	0.00	0.00	0.00	0.00	0.00	0.00	0.00	0.00	0.00	0.00	0.00	0.00	0.00	0.00	0.00	0.00	0.00	0.00	0.00	0.00	0.00	0.00	0.00	13.3	17.2	19.1	32.3	49.0	55.4	186.25	0.283	0.322	0.378	0.627	0.458	0.000	0.8854	0.5726	1.0000	0.8085	1.0000	1.0000	0.52	38.39	38.92	0.14	0.10	0.09	0.06	0.07	0.06	32.40	1.78	0.29	0.20	0.94	2.78	0.0104	0.0038	0.0018	0.0012	0.0005	0.0000	2.3888	0.0627	0.0057	0.0036	0.0063	0.0000	74.50	0.02
1991-09-08	Perennial Ryegrass	0.29	689.95	0.89	0.92	0.29	1.04	4	0	3.43	650.00	0.00	40.19	27.56	0.00	0.00	0.00	0.00	0.00	0.00	0.00	0.00	0.00	0.00	0.00	0.00	0.00	0.00	0.00	0.00	0.00	0.00	0.00	0.00	0.00	0.00	0.00	0.00	13.2	17.0	18.9	32.0	48.7	55.3	185.16	0.120	0.154	0.186	0.307	0.229	0.000	0.8890	0.6735	1.0000	0.8528	1.0000	1.0000	0.57	38.46	39.03	0.16	0.12	0.09	0.06	0.08	0.06	32.44	1.79	0.30	0.20	0.95	2.78	0.0000	0.0000	0.0000	0.0000	0.0000	0.0000	0.0000	0.0000	0.0000	0.0000	0.0000	0.0000	75.31	0.02
1991-09-09	Perennial Ryegrass	0.29	674.96	0.90	0.93	0.29	1.04	4	0	3.50	650.00	0.00	75.92	52.10	0.00	0.00	0.00	0.00	0.00	0.00	0.00	0.00	0.00	0.00	0.00	0.00	0.00	0.00	0.00	0.00	0.00	0.00	0.00	0.00	0.00	0.00	0.00	0.00	12.6	16.7	18.6	31.4	48.3	55.2	182.87	0.216	0.272	0.334	0.549	0.414	0.000	0.8924	0.8346	1.0000	0.8844	1.0000	1.0000	0.57	35.56	36.13	0.16	0.12	0.10	0.06	0.08	0.06	29.60	1.71	0.30	0.21	0.95	2.78	0.0160	0.0059	0.0026	0.0017	0.0007	0.0000	2.8671	0.0817	0.0082	0.0052	0.0087	0.0000	76.70	0.02
1991-09-10	Perennial Ryegrass	0.29	696.71	0.90	0.93	0.30	1.04	4	0	3.54	650.00	0.00	32.23	22.16	0.00	0.00	0.00	0.00	0.00	0.00	0.00	0.00	0.00	0.00	0.00	0.00	0.00	0.00	0.00	0.00	0.00	0.00	0.00	0.00	0.00	0.00	0.00	0.00	26.0	21.1	19.8	31.1	47.9	55.1	201.19	0.159	0.229	0.286	0.471	0.362	0.000	0.8976	1.0000	1.0000	0.8526	1.0000	1.0000	0.64	35.50	36.14	0.22	0.13	0.10	0.07	0.08	0.06	23.85	6.87	0.82	0.22	0.96	2.78	0.0000	0.0000	0.0000	0.0000	0.0000	0.0000	0.0000	0.0000	0.0000	0.0000	0.0000	0.0000	77.43	0.02
1991-09-11	Perennial Ryegrass	0.29	692.55	0.90	0.93	0.27	1.04	4	0	3.61	650.00	0.00	58.33	40.12	0.00	0.00	0.00	0.00	0.00	0.00	0.00	0.00	0.00	0.00	0.00	0.00	0.00	0.00	0.00	0.00	0.00	0.00	0.00	0.00	0.00	0.00	0.00	0.00	22.5	22.5	21.1	31.8	47.6	55.0	200.55	0.937	0.476	0.342	0.433	0.331	0.000	0.9003	1.0000	1.0000	0.8305	1.0000	1.0000	0.64	33.27	33.91	0.21	0.13	0.10	0.07	0.08	0.06	18.00	9.38	1.83	0.31	0.97	2.78	0.0243	0.0024	0.0005	0.0003	0.0001	0.0000	2.0185	0.1683	0.0094	0.0012	0.0013	0.0000	77.95	0.02
1991-09-12	Perennial Ryegrass	0.29	687.57	0.91	0.93	0.27	1.04	4	0	3.65	650.00	0.00	53.97	37.16	0.00	0.00	0.00	0.00	0.00	0.00	0.00	0.00	0.00	0.00	0.00	0.00	0.00	0.00	0.00	0.00	0.00	0.00	0.00	0.00	0.00	0.00	0.00	0.00	19.4	22.1	21.8	33.0	47.4	55.0	198.61	0.424	0.323	0.242	0.271	0.186	0.000	0.9043	0.5881	1.0000	0.7940	1.0000	1.0000	0.67	32.66	33.32	0.23	0.13	0.10	0.07	0.08	0.06	15.73	10.00	2.69	0.49	0.97	2.78	0.0078	0.0014	0.0003	0.0001	0.0000	0.0000	0.5084	0.1013	0.0070	0.0008	0.0004	0.0000	78.80	0.02
1991-09-13	Perennial Ryegrass	0.29	684.16	0.91	0.93	0.27	1.04	4	0	3.71	650.00	0.00	78.72	54.25	0.00	0.00	0.00	0.00	0.00	0.00	0.00	0.00	0.00	0.00	0.00	0.00	0.00	0.00	0.00	0.00	0.00	0.00	0.00	0.00	0.00	0.00	0.00	0.00	17.5	21.0	21.7	34.0	47.3	54.9	196.27	0.418	0.406	0.348	0.401	0.241	0.000	0.9070	0.7773	1.0000	0.7539	1.0000	1.0000	0.65	29.76	30.42	0.22	0.13	0.10	0.07	0.08	0.06	12.80	9.36	3.17	0.68	0.98	2.78	0.0393	0.0093	0.0023	0.0009	0.0003	0.0000	2.1692	0.6585	0.0692	0.0090	0.0034	0.0000	80.31	0.02
1991-09-14	Perennial Ryegrass	0.29	675.20	0.91	0.94	0.27	1.04	4	0	3.77	650.00	0.00	72.82	50.26	0.00	0.00	0.00	0.00	0.00	0.00	0.00	0.00	0.00	0.00	0.00	0.00	0.00	0.00	0.00	0.00	0.00	0.00	0.00	0.00	0.00	0.00	0.00	0.00	16.6	19.7	21.1	34.2	47.2	54.8	193.62	0.426	0.457	0.439	0.560	0.302	0.000	0.9104	0.9178	1.0000	0.7706	1.0000	1.0000	0.64	28.90	29.55	0.21	0.13	0.10	0.07	0.08	0.06	12.13	8.80	3.38	0.84	0.99	2.78	0.0111	0.0033	0.0010	0.0005	0.0001	0.0000	0.6217	0.2208	0.0332	0.0057	0.0017	0.0000	81.76	0.02
1991-09-15	Perennial Ryegrass	0.28	661.17	0.92	0.94	0.27	1.04	4	0	3.84	650.00	0.00	62.53	43.21	0.00	0.00	0.00	0.00	0.00	0.00	0.00	0.00	0.00	0.00	0.00	0.00	0.00	0.00	0.00	0.00	0.00	0.00	0.00	0.00	0.00	0.00	0.00	0.00	17.2	19.4	20.5	34.0	47.1	54.7	192.88	0.460	0.468	0.497	0.704	0.370	0.000	0.9142	0.8536	1.0000	0.8289	1.0000	1.0000	0.56	26.37	26.93	0.14	0.12	0.10	0.07	0.08	0.06	9.89	8.38	3.41	0.92	1.00	2.77	0.0257	0.0097	0.0035	0.0019	0.0005	0.0000	1.7840	0.6323	0.1172	0.0248	0.0067	0.0000	83.02	0.02
1991-09-16	Perennial Ryegrass	0.28	646.74	0.92	0.94	0.26	2.00	4	0	3.93	650.00	0.00	97.22	67.24	0.00	0.00	0.00	0.00	0.00	0.00	0.00	0.00	0.00	0.00	0.00	0.00	0.00	0.00	0.00	0.00	0.00	0.00	0.00	0.00	0.00	0.00	0.00	0.00	17.1	19.2	20.1	33.7	46.8	54.6	191.69	0.501	0.446	0.455	0.692	0.365	0.000	0.9179	1.0000	1.0000	0.8550	1.0000	1.0000	0.52	24.96	25.48	0.10	0.12	0.10	0.07	0.08	0.06	8.49	8.23	3.48	0.98	1.00	2.77	0.0119	0.0055	0.0020	0.0011	0.0003	0.0000	0.9976	0.3551	0.0663	0.0159	0.0041	0.0000	84.79	0.02
1991-09-17	Perennial Ryegrass	0.28	651.96	0.93	0.95	0.26	2.00	4	0	3.99	650.00	0.00	55.58	39.24	0.00	0.00	0.00	0.00	0.00	0.00	0.00	0.00	0.00	0.00	0.00	0.00	0.00	0.00	0.00	0.00	0.00	0.00	0.00	0.00	0.00	0.00	0.00	0.00	20.3	20.4	20.5	33.8	46.7	54.5	196.27	0.339	0.297	0.291	0.458	0.240	0.000	0.9227	1.0000	1.0000	0.8280	1.0000	1.0000	0.50	21.58	22.08	0.09	0.11	0.10	0.07	0.08	0.06	5.32	7.75	3.71	1.04	1.00	2.77	0.0378	0.0147	0.0046	0.0028	0.0007	0.0000	2.2101	0.9570	0.1710	0.0422	0.0090	0.0000	85.90	0.03
1991-09-18	Perennial Ryegrass	0.27	640.12	0.93	0.95	0.25	2.00	4	0	4.06	650.00	0.00	62.57	44.21	0.00	0.00	0.00	0.00	0.00	0.00	0.00	0.00	0.00	0.00	0.00	0.00	0.00	0.00	0.00	0.00	0.00	0.00	0.00	0.00	0.00	0.00	0.00	0.00	18.2	20.3	20.6	33.9	46.4	54.4	193.87	0.650	0.468	0.407	0.609	0.311	0.000	0.9258	1.0000	1.0000	0.8289	1.0000	1.0000	0.45	18.35	18.80	0.05	0.10	0.10	0.07	0.08	0.06	2.87	6.74	3.84	1.12	1.00	2.77	0.0411	0.0155	0.0046	0.0026	0.0007	0.0000	2.0711	0.9585	0.1785	0.0435	0.0090	0.0000	86.85	0.03
1991-09-19	Perennial Ryegrass	0.27	630.28	0.93	0.95	0.25	2.00	4	0	4.14	650.00	0.00	91.75	64.92	0.00	0.00	0.00	0.00	0.00	0.00	0.00	0.00	0.00	0.00	0.00	0.00	0.00	0.00	0.00	0.00	0.00	0.00	0.00	0.00	0.00	0.00	0.00	0.00	17.0	19.8	20.5	33.9	46.3	54.3	191.90	0.401	0.355	0.320	0.473	0.234	0.000	0.9290	1.0000	1.0000	0.8116	1.0000	1.0000	0.48	18.05	18.54	0.08	0.11	0.10	0.07	0.08	0.06	2.63	6.46	3.97	1.22	1.01	2.77	0.0043	0.0023	0.0007	0.0004	0.0001	0.0000	0.1425	0.1304	0.0281	0.0071	0.0013	0.0000	88.63	0.03
1991-09-20	Perennial Ryegrass	0.27	623.22	0.94	0.95	0.25	2.00	5	0	4.21	650.00	0.00	81.69	57.89	0.00	0.00	0.00	0.00	0.00	0.00	0.00	0.00	0.00	0.00	0.00	0.00	0.00	0.00	0.00	0.00	0.00	0.00	0.00	0.00	0.00	0.00	0.00	0.00	16.3	18.8	20.0	33.6	46.0	54.3	188.99	0.493	0.476	0.455	0.686	0.332	0.000	0.9327	0.9056	0.9123	0.7876	1.0000	1.0000	0.46	16.06	16.52	0.07	0.10	0.09	0.06	0.08	0.06	1.84	5.42	3.79	1.23	1.01	2.77	0.0328	0.0162	0.0056	0.0033	0.0009	0.0000	0.8622	0.8577	0.2227	0.0608	0.0111	0.0000	90.37	0.03
1991-09-21	Perennial Ryegrass	0.27	624.64	0.94	0.95	0.25	2.00	5	0	4.28	650.00	0.00	79.55	56.44	0.00	0.00	0.00	0.00	0.00	0.00	0.00	0.00	0.00	0.00	0.00	0.00	0.00	0.00	0.00	0.00	0.00	0.00	0.00	0.00	0.00	0.00	0.00	0.00	19.9	20.0	20.2	33.4	45.8	54.2	193.59	0.381	0.349	0.365	0.574	0.278	0.000	0.9357	1.0000	1.0000	0.7893	1.0000	1.0000	0.42	14.73	15.15	0.04	0.09	0.09	0.06	0.08	0.06	1.17	4.78	3.76	1.25	1.00	2.77	0.0175	0.0121	0.0049	0.0030	0.0008	0.0000	0.4719	0.6069	0.1978	0.0580	0.0100	0.0000	91.99	0.03
1991-09-22	Perennial Ryegrass	0.26	615.61	0.94	0.96	0.24	2.00	5	0	4.34	650.00	0.00	72.84	51.76	0.00	0.00	0.00	0.00	0.00	0.00	0.00	0.00	0.00	0.00	0.00	0.00	0.00	0.00	0.00	0.00	0.00	0.00	0.00	0.00	0.00	0.00	0.00	0.00	17.5	19.9	20.3	33.2	45.6	54.1	190.64	0.626	0.442	0.391	0.587	0.282	0.000	0.9389	0.6517	1.0000	0.7950	1.0000	1.0000	0.40	13.21	13.61	0.03	0.08	0.09	0.06	0.08	0.06	0.53	3.96	3.68	1.27	1.00	2.77	0.0360	0.0150	0.0051	0.0030	0.0008	0.0000	0.5636	0.6874	0.2065	0.0601	0.0102	0.0000	93.27	0.03
1991-09-23	Perennial Ryegrass	0.26	609.61	0.94	0.96	0.24	2.00	5	0	4.41	650.00	0.00	89.74	63.85	0.00	0.00	0.00	0.00	0.00	0.00	0.00	0.00	0.00	0.00	0.00	0.00	0.00	0.00	0.00	0.00	0.00	0.00	0.00	0.00	0.00	0.00	0.00	0.00	16.5	18.9	20.0	32.9	45.4	54.0	187.68	0.526	0.482	0.438	0.644	0.306	0.000	0.9410	0.8264	1.0000	0.7928	1.0000	1.0000	0.40	12.17	12.56	0.04	0.08	0.08	0.06	0.08	0.06	0.36	3.26	3.51	1.27	1.00	2.77	0.0279	0.0139	0.0052	0.0030	0.0008	0.0000	0.2123	0.5705	0.2094	0.0620	0.0107	0.0000	95.06	0.02
1991-09-24	Perennial Ryegrass	0.26	597.48	0.95	0.96	0.24	2.00	5	0	4.46	650.00	0.00	72.43	51.58	0.00	0.00	0.00	0.00	0.00	0.00	0.00	0.00	0.00	0.00	0.00	0.00	0.00	0.00	0.00	0.00	0.00	0.00	0.00	0.00	0.00	0.00	0.00	0.00	15.7	18.4	19.6	32.2	45.2	53.9	184.94	0.453	0.414	0.419	0.622	0.297	0.000	0.9436	0.6426	1.0000	0.8298	1.0000	1.0000	0.40	11.38	11.78	0.06	0.07	0.08	0.06	0.08	0.06	0.25	2.83	3.32	1.21	1.00	2.77	0.0284	0.0112	0.0049	0.0029	0.0008	0.0000	0.1204	0.4116	0.1913	0.0583	0.0105	0.0000	96.61	0.02
1991-09-25	Perennial Ryegrass	0.25	582.10	0.95	0.96	0.24	2.00	5	0	4.51	650.00	0.00	47.74	34.06	0.00	0.00	0.00	0.00	0.00	0.00	0.00	0.00	0.00	0.00	0.00	0.00	0.00	0.00	0.00	0.00	0.00	0.00	0.00	0.00	0.00	0.00	0.00	0.00	16.1	18.0	19.3	31.6	45.0	53.9	183.79	0.341	0.322	0.334	0.497	0.246	0.000	0.9457	0.6135	1.0000	0.8817	1.0000	1.0000	0.42	10.75	11.17	0.07	0.07	0.08	0.06	0.08	0.06	0.17	2.51	3.15	1.16	1.00	2.77	0.0304	0.0100	0.0044	0.0026	0.0007	0.0000	0.0667	0.3230	0.1632	0.0505	0.0095	0.0000	97.64	0.02
1991-09-26	Perennial Ryegrass	0.26	590.34	0.95	0.96	0.24	2.00	5	0	4.57	650.00	0.00	52.07	37.24	0.00	0.00	0.00	0.00	0.00	0.00	0.00	0.00	0.00	0.00	0.00	0.00	0.00	0.00	0.00	0.00	0.00	0.00	0.00	0.00	0.00	0.00	0.00	0.00	25.9	21.9	20.5	31.7	44.8	53.8	198.53	0.425	0.349	0.369	0.546	0.280	0.000	0.9474	1.0000	1.0000	0.8796	1.0000	1.0000	0.41	10.26	10.67	0.06	0.07	0.08	0.06	0.07	0.06	0.10	2.07	3.13	1.20	1.00	2.77	0.0295	0.0095	0.0043	0.0026	0.0008	0.0000	0.0436	0.2519	0.1615	0.0524	0.0102	0.0000	98.60	0.02
1991-09-27	Perennial Ryegrass	0.25	576.89	0.95	0.96	0.23	2.00	5	0	4.66	650.00	0.00	104.03	74.53	0.00	0.00	0.00	0.00	0.00	0.00	0.00	0.00	0.00	0.00	0.00	0.00	0.00	0.00	0.00	0.00	0.00	0.00	0.00	0.00	0.00	0.00	0.00	0.00	20.7	22.3	21.4	32.4	44.6	53.7	195.05	1.096	0.613	0.447	0.540	0.266	0.000	0.9494	1.0000	1.0000	0.8958	1.0000	1.0000	0.33	9.51	9.84	0.00	0.06	0.08	0.06	0.07	0.06	0.00	1.44	2.97	1.33	1.00	2.77	0.1016	0.0202	0.0054	0.0026	0.0007	0.0000	0.0739	0.4306	0.1958	0.0586	0.0099	0.0000	100.21	0.02
1991-09-28	Perennial Ryegrass	0.25	577.50	0.95	0.97	0.23	2.01	5	0	4.74	650.00	0.00	97.37	69.94	0.00	0.00	0.00	0.00	0.00	0.00	0.00	0.00	0.00	0.00	0.00	0.00	0.00	0.00	0.00	0.00	0.00	0.00	0.00	0.00	0.00	0.00	0.00	0.00	17.8	21.2	21.5	33.1	44.4	53.6	191.62	0.752	0.649	0.517	0.592	0.263	0.000	0.9525	0.7627	1.0000	0.9111	1.0000	1.0000	0.36	8.91	9.26	0.04	0.06	0.08	0.06	0.07	0.06	0.00	1.00	2.70	1.44	1.00	2.77	0.0791	0.0199	0.0064	0.0028	0.0007	0.0000	0.0078	0.3364	0.2165	0.0702	0.0100	0.0000	102.24	0.02
1991-09-29	Perennial Ryegrass	0.25	570.02	0.96	0.97	0.23	2.01	5	0	4.80	650.00	0.00	76.28	54.95	0.00	0.00	0.00	0.00	0.00	0.00	0.00	0.00	0.00	0.00	0.00	0.00	0.00	0.00	0.00	0.00	0.00	0.00	0.00	0.00	0.00	0.00	0.00	0.00	16.5	19.8	21.0	33.4	44.3	53.5	188.45	0.549	0.575	0.522	0.634	0.256	0.000	0.9549	0.5985	0.9883	0.9314	1.0000	1.0000	0.38	8.44	8.81	0.06	0.05	0.08	0.06	0.07	0.06	0.01	0.75	2.43	1.49	1.00	2.77	0.0559	0.0155	0.0065	0.0031	0.0007	0.0000	0.0056	0.2051	0.2021	0.0795	0.0099	0.0000	103.91	0.02
1991-09-30	Perennial Ryegrass	0.24	556.32	0.96	0.97	0.23	2.01	5	0	4.85	650.00	0.00	54.57	39.46	0.00	0.00	0.00	0.00	0.00	0.00	0.00	0.00	0.00	0.00	0.00	0.00	0.00	0.00	0.00	0.00	0.00	0.00	0.00	0.00	0.00	0.00	0.00	0.00	15.6	18.8	20.4	33.3	44.2	53.5	185.71	0.387	0.409	0.418	0.561	0.215	0.000	0.9567	0.4584	1.0000	0.9529	1.0000	1.0000	0.39	8.08	8.47	0.08	0.06	0.07	0.05	0.07	0.06	0.01	0.61	2.23	1.47	1.00	2.77	0.0460	0.0118	0.0057	0.0031	0.0007	0.0000	0.0047	0.1228	0.1653	0.0792	0.0092	0.0000	105.11	0.02
1991-10-01	Perennial Ryegrass	0.24	543.25	0.96	0.97	0.23	2.01	5	0	4.89	650.00	0.00	64.72	47.03	0.00	0.00	0.00	0.00	0.00	0.00	0.00	0.00	0.00	0.00	0.00	0.00	0.00	0.00	0.00	0.00	0.00	0.00	0.00	0.00	0.00	0.00	0.00	0.00	14.7	18.3	19.7	32.8	44.0	53.4	182.88	0.391	0.407	0.445	0.650	0.246	0.000	0.9580	0.6555	0.7383	0.9636	1.0000	1.0000	0.41	7.80	8.21	0.09	0.06	0.07	0.05	0.07	0.06	0.02	0.53	2.07	1.41	1.00	2.77	0.0453	0.0105	0.0053	0.0032	0.0007	0.0000	0.0099	0.0880	0.1434	0.0795	0.0099	0.0000	106.49	0.02
1991-10-02	Perennial Ryegrass	0.23	523.11	0.96	0.97	0.24	2.01	5	0	4.93	650.00	0.00	43.18	31.49	0.00	0.00	0.00	0.00	0.00	0.00	0.00	0.00	0.00	0.00	0.00	0.00	0.00	0.00	0.00	0.00	0.00	0.00	0.00	0.00	0.00	0.00	0.00	0.00	13.9	17.8	19.3	32.1	43.8	53.3	180.27	0.331	0.370	0.397	0.618	0.240	0.000	0.9593	0.4702	0.9581	0.9792	1.0000	1.0000	0.44	7.56	8.00	0.11	0.07	0.08	0.05	0.07	0.06	0.02	0.47	1.95	1.34	1.00	2.77	0.0462	0.0105	0.0048	0.0030	0.0007	0.0000	0.0067	0.0707	0.1199	0.0726	0.0098	0.0000	107.43	0.02
1991-10-03	Perennial Ryegrass	0.22	501.41	0.96	0.97	0.24	2.01	5	0	4.96	650.00	0.00	41.54	30.48	0.00	0.00	0.00	0.00	0.00	0.00	0.00	0.00	0.00	0.00	0.00	0.00	0.00	0.00	0.00	0.00	0.00	0.00	0.00	0.00	0.00	0.00	0.00	0.00	13.0	17.4	19.0	31.4	43.7	53.3	177.71	0.275	0.337	0.372	0.573	0.233	0.000	0.9603	0.4034	0.9513	0.9874	1.0000	1.0000	0.46	7.38	7.83	0.13	0.07	0.08	0.05	0.07	0.06	0.03	0.43	1.86	1.28	1.01	2.77	0.0414	0.0105	0.0046	0.0029	0.0007	0.0000	0.0094	0.0583	0.1069	0.0646	0.0097	0.0000	108.33	0.02
1991-10-04	Perennial Ryegrass	0.21	478.63	0.96	0.97	0.24	2.01	5	0	4.99	650.00	0.00	33.00	31.94	0.00	0.00	0.00	0.00	0.00	0.00	0.00	0.00	0.00	0.00	0.00	0.00	0.00	0.00	0.00	0.00	0.00	0.00	0.00	0.00	0.00	0.00	0.00	0.00	12.2	17.0	18.6	30.8	43.5	53.2	175.28	0.213	0.307	0.348	0.533	0.227	0.000	0.9611	0.3574	1.0000	0.9930	1.0000	1.0000	0.44	7.23	7.68	0.11	0.08	0.08	0.06	0.06	0.06	0.04	0.40	1.77	1.23	1.01	2.78	0.0279	0.0105	0.0044	0.0027	0.0006	0.0000	0.0109	0.0496	0.0956	0.0581	0.0096	0.0000	109.27	0.02
1991-10-05	Perennial Ryegrass	0.20	457.78	0.96	0.97	0.25	2.01	5	0	5.02	650.00	0.00	30.07	35.25	0.00	0.00	0.00	0.00	0.00	0.00	0.00	0.00	0.00	0.00	0.00	0.00	0.00	0.00	0.00	0.00	0.00	0.00	0.00	0.00	0.00	0.00	0.00	0.00	11.3	16.7	18.3	30.2	43.3	53.1	173.00	0.152	0.281	0.325	0.497	0.220	0.000	0.9618	0.5395	0.6518	0.9960	1.0000	1.0000	0.42	7.11	7.53	0.08	0.09	0.08	0.06	0.06	0.06	0.04	0.39	1.70	1.18	1.01	2.78	0.0155	0.0105	0.0042	0.0026	0.0006	0.0000	0.0086	0.0431	0.0854	0.0524	0.0094	0.0000	110.29	0.02
1991-10-06	Perennial Ryegrass	0.20	442.84	0.96	0.97	0.26	2.01	6	0	5.06	650.00	0.00	31.66	39.25	0.00	0.00	0.00	0.00	0.00	0.00	0.00	0.00	0.00	0.00	0.00	0.00	0.00	0.00	0.00	0.00	0.00	0.00	0.00	0.00	0.00	0.00	0.00	0.00	13.4	16.4	18.0	29.7	43.2	53.0	173.73	0.093	0.257	0.303	0.464	0.213	0.000	0.9626	0.9378	0.5609	0.9974	1.0000	1.0000	0.55	7.02	7.57	0.20	0.10	0.08	0.06	0.06	0.06	0.05	0.38	1.64	1.15	1.02	2.79	0.0315	0.0103	0.0040	0.0024	0.0006	0.0000	0.0079	0.0382	0.0763	0.0474	0.0092	0.0000	111.41	0.02
1991-10-07	Perennial Ryegrass	0.19	424.99	0.96	0.97	0.26	2.01	6	0	5.08	650.00	0.00	39.49	29.75	0.00	0.00	0.00	0.00	0.00	0.00	0.00	0.00	0.00	0.00	0.00	0.00	0.00	0.00	0.00	0.00	0.00	0.00	0.00	0.00	0.00	0.00	0.00	0.00	12.5	16.1	17.8	29.3	43.0	53.0	171.57	0.237	0.236	0.282	0.434	0.207	0.000	0.9638	0.9278	0.4042	0.9978	1.0000	1.0000	0.55	6.97	7.52	0.19	0.10	0.09	0.06	0.06	0.06	0.09	0.37	1.59	1.11	1.02	2.79	0.0540	0.0099	0.0038	0.0023	0.0005	0.0000	0.0244	0.0344	0.0686	0.0431	0.0090	0.0000	112.17	0.02
1991-10-08	Perennial Ryegrass	0.19	413.48	0.96	0.97	0.26	2.01	6	0	5.10	650.00	0.00	39.14	29.80	0.00	0.00	0.00	0.00	0.00	0.00	0.00	0.00	0.00	0.00	0.00	0.00	0.00	0.00	0.00	0.00	0.00	0.00	0.00	0.00	0.00	0.00	0.00	0.00	11.6	15.8	17.5	28.8	42.8	52.9	169.55	0.174	0.217	0.263	0.406	0.200	0.000	0.9643	0.8186	0.4093	0.9977	1.0000	1.0000	0.54	6.92	7.45	0.17	0.11	0.09	0.06	0.06	0.06	0.12	0.36	1.54	1.08	1.02	2.79	0.0374	0.0097	0.0037	0.0022	0.0005	0.0000	0.0243	0.0317	0.0626	0.0399	0.0088	0.0000	113.03	0.02
1991-10-09	Perennial Ryegrass	0.18	407.93	0.97	0.97	0.27	2.02	6	0	5.14	650.00	0.00	37.72	47.20	0.00	0.00	0.00	0.00	0.00	0.00	0.00	0.00	0.00	0.00	0.00	0.00	0.00	0.00	0.00	0.00	0.00	0.00	0.00	0.00	0.00	0.00	0.00	0.00	11.1	15.6	17.2	28.5	42.7	52.8	167.95	0.115	0.199	0.244	0.381	0.194	0.000	0.9648	0.5925	0.5820	0.9971	1.0000	1.0000	0.52	6.85	7.37	0.15	0.11	0.09	0.06	0.06	0.06	0.13	0.36	1.49	1.05	1.02	2.80	0.0264	0.0092	0.0035	0.0021	0.0005	0.0000	0.0215	0.0291	0.0574	0.0370	0.0087	0.0000	114.39	0.02
1991-10-10	Perennial Ryegrass	0.18	398.82	0.97	0.98	0.27	2.02	6	0	5.16	650.00	0.00	37.22	28.58	0.00	0.00	0.00	0.00	0.00	0.00	0.00	0.00	0.00	0.00	0.00	0.00	0.00	0.00	0.00	0.00	0.00	0.00	0.00	0.00	0.00	0.00	0.00	0.00	10.7	15.4	17.0	28.1	42.5	52.8	166.49	0.079	0.182	0.227	0.357	0.187	0.000	0.9657	0.8893	0.3675	0.9970	1.0000	1.0000	0.47	6.78	7.25	0.10	0.11	0.09	0.06	0.05	0.06	0.13	0.35	1.45	1.02	1.02	2.80	0.0153	0.0084	0.0033	0.0020	0.0005	0.0000	0.0185	0.0263	0.0520	0.0340	0.0085	0.0000	115.25	0.02
1991-10-11	Perennial Ryegrass	0.18	391.75	0.97	0.98	0.28	2.02	6	0	5.18	650.00	0.00	24.47	37.44	0.00	0.00	0.00	0.00	0.00	0.00	0.00	0.00	0.00	0.00	0.00	0.00	0.00	0.00	0.00	0.00	0.00	0.00	0.00	0.00	0.00	0.00	0.00	0.00	10.3	15.2	16.8	27.8	42.4	52.7	165.16	0.049	0.167	0.211	0.335	0.181	0.000	0.9662	0.5364	0.5133	0.9970	1.0000	1.0000	0.43	6.70	7.13	0.06	0.10	0.09	0.06	0.05	0.06	0.13	0.34	1.41	1.00	1.02	2.80	0.0082	0.0078	0.0032	0.0019	0.0004	0.0000	0.0154	0.0243	0.0481	0.0318	0.0083	0.0000	116.34	0.02
1991-10-12	Perennial Ryegrass	0.17	382.10	0.97	0.98	0.29	2.02	6	0	5.18	650.00	0.00	17.44	13.55	0.00	0.00	0.00	0.00	0.00	0.00	0.00	0.00	0.00	0.00	0.00	0.00	0.00	0.00	0.00	0.00	0.00	0.00	0.00	0.00	0.00	0.00	0.00	0.00	10.0	15.0	16.6	27.4	42.2	52.6	163.93	0.023	0.153	0.197	0.315	0.176	0.000	0.9668	0.6454	0.3322	0.9978	1.0000	1.0000	0.37	6.63	7.00	0.01	0.10	0.09	0.06	0.05	0.06	0.12	0.34	1.38	0.98	1.02	2.80	0.0007	0.0071	0.0030	0.0018	0.0004	0.0000	0.0122	0.0223	0.0439	0.0294	0.0081	0.0000	116.76	0.02
1991-10-13	Perennial Ryegrass	0.17	370.78	0.97	0.98	0.30	2.02	6	1	5.17	650.00	0.00	16.52	12.98	0.00	0.00	0.00	0.00	0.00	0.00	0.00	0.00	0.00	0.00	0.00	0.00	0.00	0.00	0.00	0.00	0.00	0.00	0.00	0.00	0.00	0.00	0.00	0.00	9.7	14.8	16.4	27.1	42.1	52.6	162.80	0.001	0.140	0.183	0.296	0.170	0.000	0.9668	0.7504	0.3038	0.9984	1.0000	1.0000	0.36	6.52	6.87	0.00	0.10	0.09	0.06	0.05	0.06	0.05	0.33	1.35	0.96	1.02	2.80	0.0000	0.0065	0.0028	0.0017	0.0004	0.0000	0.0047	0.0209	0.0409	0.0276	0.0079	0.0000	117.12	0.02
1991-10-14	Perennial Ryegrass	0.17	362.47	0.97	0.98	0.31	2.02	6	1	5.17	650.00	0.00	18.86	15.03	0.00	0.00	0.00	0.00	0.00	0.00	0.00	0.00	0.00	0.00	0.00	0.00	0.00	0.00	0.00	0.00	0.00	0.00	0.00	0.00	0.00	0.00	0.00	0.00	9.5	14.7	16.3	26.9	42.0	52.5	161.74	0.000	0.127	0.170	0.279	0.164	0.000	0.9667	0.9241	0.2582	0.9988	1.0000	1.0000	0.35	6.43	6.78	0.00	0.10	0.09	0.06	0.05	0.06	0.00	0.33	1.33	0.94	1.02	2.80	0.0000	0.0060	0.0026	0.0016	0.0004	0.0000	0.0000	0.0199	0.0383	0.0261	0.0078	0.0000	117.54	0.02
1991-10-15	Perennial Ryegrass	0.17	362.97	0.97	0.98	0.32	2.02	6	1	5.16	650.00	0.00	13.83	11.18	0.00	0.00	0.00	0.00	0.00	0.00	0.00	0.00	0.00	0.00	0.00	0.00	0.00	0.00	0.00	0.00	0.00	0.00	0.00	0.00	0.00	0.00	0.00	0.00	9.2	14.5	16.1	26.6	41.9	52.4	160.73	0.000	0.116	0.158	0.262	0.159	0.000	0.9666	0.9064	0.2216	0.9991	1.0000	1.0000	0.34	6.40	6.74	0.00	0.09	0.09	0.06	0.05	0.06	0.00	0.33	1.31	0.92	1.03	2.81	0.0000	0.0055	0.0025	0.0016	0.0004	0.0000	0.0000	0.0191	0.0360	0.0248	0.0077	0.0000	117.86	0.02
1991-10-16	Perennial Ryegrass	0.17	363.50	0.97	0.98	0.33	2.02	6	1	5.14	650.00	0.00	9.30	7.61	0.00	0.00	0.00	0.00	0.00	0.00	0.00	0.00	0.00	0.00	0.00	0.00	0.00	0.00	0.00	0.00	0.00	0.00	0.00	0.00	0.00	0.00	0.00	0.00	9.0	14.4	16.0	26.4	41.7	52.4	159.79	0.000	0.105	0.147	0.247	0.154	0.000	0.9664	1.0000	0.2322	0.9991	1.0000	1.0000	0.33	6.37	6.70	0.00	0.09	0.08	0.05	0.05	0.06	0.00	0.33	1.29	0.91	1.03	2.81	0.0000	0.0049	0.0023	0.0015	0.0004	0.0000	0.0000	0.0182	0.0339	0.0235	0.0076	0.0000	118.06	0.02
1991-10-17	Perennial Ryegrass	0.17	364.04	0.97	0.98	0.33	2.02	6	1	5.15	650.00	0.00	18.84	15.62	0.00	0.00	0.00	0.00	0.00	0.00	0.00	0.00	0.00	0.00	0.00	0.00	0.00	0.00	0.00	0.00	0.00	0.00	0.00	0.00	0.00	0.00	0.00	0.00	8.8	14.2	15.8	26.2	41.6	52.3	158.89	0.000	0.095	0.137	0.233	0.149	0.000	0.9662	0.5999	0.2910	0.9987	1.0000	1.0000	0.32	6.33	6.65	0.00	0.08	0.08	0.05	0.05	0.06	0.00	0.33	1.27	0.89	1.03	2.81	0.0000	0.0045	0.0021	0.0014	0.0003	0.0000	0.0000	0.0173	0.0319	0.0223	0.0075	0.0000	118.49	0.02
1991-10-18	Perennial Ryegrass	0.17	364.60	0.97	0.98	0.34	2.02	6	1	5.14	650.00	0.00	15.36	12.79	0.00	0.00	0.00	0.00	0.00	0.00	0.00	0.00	0.00	0.00	0.00	0.00	0.00	0.00	0.00	0.00	0.00	0.00	0.00	0.00	0.00	0.00	0.00	0.00	8.6	14.1	15.7	26.0	41.5	52.2	158.04	0.000	0.086	0.127	0.219	0.144	0.000	0.9662	0.8551	0.2091	0.9986	1.0000	1.0000	0.31	6.30	6.61	0.00	0.08	0.08	0.05	0.04	0.06	0.00	0.33	1.25	0.88	1.03	2.82	0.0000	0.0040	0.0020	0.0013	0.0003	0.0000	0.0000	0.0165	0.0301	0.0212	0.0073	0.0000	118.85	0.02
1991-10-19	Perennial Ryegrass	0.17	365.17	0.97	0.98	0.35	2.02	6	1	5.13	650.00	0.00	10.86	9.11	0.00	0.00	0.00	0.00	0.00	0.00	0.00	0.00	0.00	0.00	0.00	0.00	0.00	0.00	0.00	0.00	0.00	0.00	0.00	0.00	0.00	0.00	0.00	0.00	8.4	14.0	15.6	25.8	41.4	52.2	157.24	0.000	0.077	0.118	0.207	0.140	0.000	0.9662	0.7988	0.2132	0.9987	1.0000	1.0000	0.30	6.26	6.56	0.00	0.07	0.08	0.05	0.04	0.06	0.00	0.33	1.23	0.86	1.03	2.82	0.0000	0.0036	0.0018	0.0012	0.0003	0.0000	0.0000	0.0157	0.0285	0.0202	0.0072	0.0000	119.09	0.02
1991-10-20	Perennial Ryegrass	0.17	365.77	0.97	0.98	0.36	2.02	6	1	5.11	650.00	0.00	4.15	3.51	0.00	0.00	0.00	0.00	0.00	0.00	0.00	0.00	0.00	0.00	0.00	0.00	0.00	0.00	0.00	0.00	0.00	0.00	0.00	0.00	0.00	0.00	0.00	0.00	8.2	13.9	15.5	25.6	41.3	52.1	156.47	0.000	0.069	0.110	0.195	0.135	0.000	0.9660	1.0000	0.1884	0.9990	1.0000	1.0000	0.29	6.23	6.52	0.00	0.07	0.07	0.05	0.04	0.06	0.00	0.32	1.21	0.85	1.03	2.82	0.0000	0.0033	0.0017	0.0011	0.0003	0.0000	0.0000	0.0149	0.0270	0.0193	0.0071	0.0000	119.17	0.02
1991-10-21	Perennial Ryegrass	0.17	367.75	0.96	0.98	0.37	2.03	6	1	5.04	650.00	0.00	-25.04	0.00	0.00	0.00	0.00	0.00	0.00	0.00	0.00	0.00	0.00	0.00	0.00	0.00	0.00	0.00	0.00	0.00	0.00	0.00	0.00	0.00	0.00	0.00	0.00	0.00	8.1	13.8	15.4	25.4	41.2	52.1	155.88	0.000	0.061	0.102	0.184	0.131	0.000	0.9656	1.0000	0.1737	0.9994	1.0000	1.0000	0.28	6.20	6.48	0.00	0.06	0.07	0.05	0.04	0.06	0.00	0.32	1.20	0.84	1.03	2.82	0.0000	0.0029	0.0015	0.0011	0.0003	0.0000	0.0000	0.0142	0.0256	0.0184	0.0070	0.0000	118.60	0.02
1991-10-22	Perennial Ryegrass	0.17	368.41	0.96	0.98	0.38	2.03	6	1	5.03	650.00	0.00	12.67	10.98	0.00	0.00	0.00	0.00	0.00	0.00	0.00	0.00	0.00	0.00	0.00	0.00	0.00	0.00	0.00	0.00	0.00	0.00	0.00	0.00	0.00	0.00	0.00	0.00	7.9	13.7	15.3	25.2	41.1	52.0	155.19	0.000	0.054	0.095	0.174	0.127	0.000	0.9640	0.9421	0.1941	0.9994	1.0000	1.0000	0.27	6.18	6.44	0.00	0.06	0.07	0.04	0.04	0.06	0.00	0.32	1.18	0.83	1.03	2.82	0.0000	0.0026	0.0014	0.0010	0.0003	0.0000	0.0000	0.0135	0.0242	0.0175	0.0068	0.0000	118.78	0.02
1991-10-23	Perennial Ryegrass	0.17	369.10	0.96	0.98	0.39	2.03	5	1	5.00	650.00	0.00	-0.97	0.00	0.00	0.00	0.00	0.00	0.00	0.00	0.00	0.00	0.00	0.00	0.00	0.00	0.00	0.00	0.00	0.00	0.00	0.00	0.00	0.00	0.00	0.00	0.00	0.00	7.8	13.6	15.2	25.1	41.0	51.9	154.53	0.000	0.048	0.088	0.165	0.123	0.000	0.9637	1.0000	0.1402	0.9994	1.0000	1.0000	0.25	6.15	6.41	0.00	0.05	0.06	0.04	0.04	0.06	0.00	0.31	1.17	0.82	1.03	2.83	0.0000	0.0023	0.0013	0.0009	0.0003	0.0000	0.0000	0.0129	0.0231	0.0168	0.0067	0.0000	118.73	0.02
1991-10-24	Perennial Ryegrass	0.18	388.93	0.96	0.98	0.41	2.03	5	1	4.98	650.00	0.00	10.59	9.34	0.00	0.00	0.00	0.00	0.00	0.00	0.00	0.00	0.00	0.00	0.00	0.00	0.00	0.00	0.00	0.00	0.00	0.00	0.00	0.00	0.00	0.00	0.00	0.00	13.7	13.6	15.1	25.0	40.9	51.9	160.11	0.000	0.042	0.082	0.156	0.119	0.000	0.9630	0.9010	0.2052	0.9994	1.0000	1.0000	0.44	6.17	6.61	0.19	0.05	0.06	0.04	0.04	0.06	0.04	0.31	1.16	0.81	1.03	2.83	0.0102	0.0020	0.0012	0.0009	0.0003	0.0000	0.0021	0.0123	0.0220	0.0161	0.0066	0.0000	118.93	0.02
1991-10-25	Perennial Ryegrass	0.18	384.96	0.96	0.98	0.41	2.03	5	1	4.97	650.00	0.00	21.80	19.35	0.00	0.00	0.00	0.00	0.00	0.00	0.00	0.00	0.00	0.00	0.00	0.00	0.00	0.00	0.00	0.00	0.00	0.00	0.00	0.00	0.00	0.00	0.00	0.00	16.8	14.3	15.0	24.8	40.8	51.8	163.59	0.260	0.040	0.076	0.147	0.116	0.000	0.9626	0.6928	0.3595	0.9994	1.0000	1.0000	0.45	6.18	6.63	0.21	0.05	0.06	0.04	0.04	0.06	0.07	0.31	1.14	0.80	1.03	2.83	0.0582	0.0021	0.0011	0.0008	0.0002	0.0000	0.0194	0.0122	0.0210	0.0155	0.0065	0.0000	118.98	0.02
1991-10-26	Perennial Ryegrass	0.17	379.47	0.96	0.98	0.40	2.03	5	1	4.98	650.00	0.00	31.94	28.52	0.00	0.00	0.00	0.00	0.00	0.00	0.00	0.00	0.00	0.00	0.00	0.00	0.00	0.00	0.00	0.00	0.00	0.00	0.00	0.00	0.00	0.00	0.00	0.00	16.8	15.0	15.0	24.7	40.7	51.8	163.95	0.477	0.092	0.071	0.139	0.112	0.000	0.9625	0.7710	0.4135	0.9992	1.0000	1.0000	0.42	6.16	6.58	0.17	0.06	0.05	0.04	0.04	0.06	0.07	0.31	1.13	0.79	1.03	2.83	0.1116	0.0032	0.0010	0.0007	0.0002	0.0000	0.0438	0.0157	0.0202	0.0149	0.0064	0.0000	119.33	0.02
1991-10-27	Perennial Ryegrass	0.17	368.31	0.96	0.98	0.41	2.03	5	1	4.98	650.00	0.00	27.50	24.64	0.00	0.00	0.00	0.00	0.00	0.00	0.00	0.00	0.00	0.00	0.00	0.00	0.00	0.00	0.00	0.00	0.00	0.00	0.00	0.00	0.00	0.00	0.00	0.00	15.4	14.9	14.9	24.6	40.6	51.7	162.18	0.475	0.142	0.068	0.132	0.109	0.000	0.9627	0.6875	0.3236	0.9990	1.0000	1.0000	0.40	6.13	6.53	0.16	0.06	0.05	0.04	0.04	0.06	0.07	0.30	1.12	0.78	1.03	2.83	0.1000	0.0043	0.0009	0.0007	0.0002	0.0000	0.0422	0.0190	0.0196	0.0144	0.0063	0.0000	119.82	0.02
1991-10-28	Perennial Ryegrass	0.16	359.76	0.96	0.98	0.41	2.03	5	1	4.98	650.00	0.00	24.78	22.28	0.00	0.00	0.00	0.00	0.00	0.00	0.00	0.00	0.00	0.00	0.00	0.00	0.00	0.00	0.00	0.00	0.00	0.00	0.00	0.00	0.00	0.00	0.00	0.00	14.4	14.8	14.9	24.5	40.6	51.7	160.73	0.379	0.134	0.064	0.125	0.106	0.000	0.9627	0.5744	0.3654	0.9988	1.0000	1.0000	0.42	6.11	6.52	0.17	0.07	0.05	0.04	0.03	0.06	0.08	0.29	1.11	0.77	1.03	2.84	0.0766	0.0043	0.0009	0.0007	0.0002	0.0000	0.0321	0.0179	0.0189	0.0138	0.0062	0.0000	120.43	0.02
1991-10-29	Perennial Ryegrass	0.16	345.05	0.96	0.98	0.43	2.03	5	1	4.96	650.00	0.00	17.13	15.45	0.00	0.00	0.00	0.00	0.00	0.00	0.00	0.00	0.00	0.00	0.00	0.00	0.00	0.00	0.00	0.00	0.00	0.00	0.00	0.00	0.00	0.00	0.00	0.00	13.3	14.6	14.8	24.4	40.5	51.6	159.20	0.308	0.125	0.061	0.118	0.103	0.000	0.9627	0.7822	0.2759	0.9990	1.0000	1.0000	0.42	6.09	6.50	0.18	0.07	0.05	0.03	0.03	0.06	0.09	0.29	1.09	0.76	1.03	2.84	0.0602	0.0042	0.0008	0.0006	0.0002	0.0000	0.0277	0.0168	0.0183	0.0134	0.0061	0.0000	120.85	0.02
1991-10-30	Perennial Ryegrass	0.15	336.72	0.96	0.98	0.44	2.03	5	1	4.94	650.00	0.00	10.08	9.13	0.00	0.00	0.00	0.00	0.00	0.00	0.00	0.00	0.00	0.00	0.00	0.00	0.00	0.00	0.00	0.00	0.00	0.00	0.00	0.00	0.00	0.00	0.00	0.00	16.3	14.9	14.8	24.3	40.4	51.5	162.21	0.231	0.114	0.057	0.112	0.100	0.000	0.9624	1.0000	0.1999	0.9993	1.0000	1.0000	0.41	6.08	6.49	0.17	0.07	0.04	0.03	0.03	0.06	0.10	0.28	1.08	0.75	1.03	2.84	0.0434	0.0042	0.0008	0.0006	0.0002	0.0000	0.0237	0.0159	0.0177	0.0129	0.0060	0.0000	121.07	0.02
1991-10-31	Perennial Ryegrass	0.15	314.33	0.96	0.98	0.45	2.04	5	1	4.91	650.00	0.00	13.93	12.68	0.00	0.00	0.00	0.00	0.00	0.00	0.00	0.00	0.00	0.00	0.00	0.00	0.00	0.00	0.00	0.00	0.00	0.00	0.00	0.00	0.00	0.00	0.00	0.00	15.5	14.8	14.7	24.2	40.3	51.5	161.04	0.441	0.133	0.055	0.106	0.097	0.000	0.9617	1.0000	0.3027	0.9995	1.0000	1.0000	0.38	6.06	6.43	0.14	0.07	0.04	0.03	0.03	0.06	0.09	0.28	1.07	0.74	1.03	2.84	0.0792	0.0048	0.0007	0.0005	0.0002	0.0000	0.0482	0.0170	0.0172	0.0125	0.0059	0.0000	121.02	0.02
1991-11-01	Perennial Ryegrass	0.14	306.97	0.96	0.98	0.45	2.04	5	1	4.92	650.00	0.00	31.93	29.21	0.00	0.00	0.00	0.00	0.00	0.00	0.00	0.00	0.00	0.00	0.00	0.00	0.00	0.00	0.00	0.00	0.00	0.00	0.00	0.00	0.00	0.00	0.00	0.00	14.4	14.7	14.7	24.1	40.3	51.4	159.64	0.383	0.127	0.052	0.101	0.094	0.000	0.9611	0.9303	0.3270	0.9992	1.0000	1.0000	0.42	6.04	6.46	0.19	0.08	0.04	0.03	0.03	0.06	0.10	0.28	1.06	0.73	1.03	2.85	0.0828	0.0047	0.0007	0.0005	0.0002	0.0000	0.0422	0.0163	0.0167	0.0121	0.0058	0.0000	121.74	0.02
1991-11-02	Perennial Ryegrass	0.14	294.56	0.96	0.98	0.46	2.04	5	1	4.91	650.00	0.00	22.10	20.24	0.00	0.00	0.00	0.00	0.00	0.00	0.00	0.00	0.00	0.00	0.00	0.00	0.00	0.00	0.00	0.00	0.00	0.00	0.00	0.00	0.00	0.00	0.00	0.00	13.5	14.5	14.7	24.0	40.2	51.4	158.32	0.311	0.118	0.049	0.096	0.091	0.000	0.9614	0.7467	0.3863	0.9992	1.0000	1.0000	0.44	6.04	6.48	0.21	0.08	0.04	0.03	0.03	0.06	0.12	0.27	1.05	0.73	1.03	2.85	0.0715	0.0045	0.0006	0.0005	0.0002	0.0000	0.0373	0.0156	0.0163	0.0117	0.0057	0.0000	122.31	0.02
1991-11-03	Perennial Ryegrass	0.14	306.13	0.96	0.98	0.49	2.04	5	1	4.87	650.00	0.00	-3.41	0.00	0.00	0.00	0.00	0.00	0.00	0.00	0.00	0.00	0.00	0.00	0.00	0.00	0.00	0.00	0.00	0.00	0.00	0.00	0.00	0.00	0.00	0.00	0.00	0.00	20.5	18.1	14.7	23.9	40.1	51.3	168.71	0.244	0.108	0.047	0.091	0.088	0.000	0.9612	1.0000	0.2340	0.9994	1.0000	1.0000	0.44	6.05	6.49	0.20	0.09	0.04	0.03	0.03	0.06	0.12	0.29	1.04	0.72	1.03	2.85	0.0543	0.0049	0.0006	0.0004	0.0002	0.0000	0.0299	0.0158	0.0159	0.0114	0.0056	0.0000	122.18	0.02
1991-11-04	Perennial Ryegrass	0.13	288.83	0.96	0.98	0.48	2.04	5	1	4.86	650.00	0.00	27.87	25.67	0.00	0.00	0.00	0.00	0.00	0.00	0.00	0.00	0.00	0.00	0.00	0.00	0.00	0.00	0.00	0.00	0.00	0.00	0.00	0.00	0.00	0.00	0.00	0.00	18.2	19.0	15.2	23.9	40.1	51.3	167.55	0.733	0.357	0.051	0.087	0.086	0.000	0.9600	1.0000	0.3701	0.9995	1.0000	1.0000	0.32	5.96	6.27	0.08	0.09	0.04	0.03	0.03	0.06	0.05	0.27	1.04	0.71	1.03	2.85	0.1656	0.0129	0.0006	0.0004	0.0002	0.0000	0.0969	0.0380	0.0162	0.0110	0.0055	0.0000	122.06	0.02
1991-11-05	Perennial Ryegrass	0.13	274.32	0.96	0.98	0.49	2.04	5	1	4.85	650.00	0.00	31.19	28.81	0.00	0.00	0.00	0.00	0.00	0.00	0.00	0.00	0.00	0.00	0.00	0.00	0.00	0.00	0.00	0.00	0.00	0.00	0.00	0.00	0.00	0.00	0.00	0.00	16.4	18.5	15.4	23.8	40.0	51.2	165.43	0.572	0.418	0.081	0.083	0.084	0.000	0.9597	0.7428	0.3338	0.9995	1.0000	1.0000	0.33	5.90	6.23	0.09	0.09	0.04	0.02	0.03	0.06	0.05	0.24	1.03	0.70	1.02	2.86	0.0851	0.0155	0.0008	0.0004	0.0001	0.0000	0.0395	0.0413	0.0193	0.0107	0.0055	0.0000	122.66	0.02
1991-11-06	Perennial Ryegrass	0.12	262.24	0.96	0.98	0.50	2.04	5	1	4.85	650.00	0.00	33.28	30.79	0.00	0.00	0.00	0.00	0.00	0.00	0.00	0.00	0.00	0.00	0.00	0.00	0.00	0.00	0.00	0.00	0.00	0.00	0.00	0.00	0.00	0.00	0.00	0.00	15.4	17.9	15.4	23.8	40.0	51.2	163.62	0.450	0.388	0.098	0.079	0.081	0.000	0.9595	0.8232	0.4079	0.9995	1.0000	1.0000	0.37	5.88	6.25	0.14	0.09	0.04	0.02	0.03	0.06	0.06	0.22	1.02	0.70	1.02	2.86	0.0764	0.0141	0.0009	0.0004	0.0001	0.0000	0.0310	0.0341	0.0209	0.0105	0.0054	0.0000	123.49	0.02
1991-11-07	Perennial Ryegrass	0.12	247.96	0.96	0.98	0.51	2.04	5	1	4.82	650.00	0.00	15.30	14.17	0.00	0.00	0.00	0.00	0.00	0.00	0.00	0.00	0.00	0.00	0.00	0.00	0.00	0.00	0.00	0.00	0.00	0.00	0.00	0.00	0.00	0.00	0.00	0.00	14.2	17.3	15.4	23.7	39.9	51.1	161.61	0.380	0.342	0.098	0.076	0.079	0.000	0.9594	1.0000	0.1814	0.9996	1.0000	1.0000	0.41	5.87	6.27	0.17	0.09	0.04	0.02	0.03	0.06	0.08	0.21	1.01	0.69	1.02	2.86	0.0742	0.0124	0.0009	0.0003	0.0001	0.0000	0.0321	0.0276	0.0206	0.0102	0.0053	0.0000	123.90	0.02
1991-11-08	Perennial Ryegrass	0.11	242.42	0.96	0.98	0.52	2.04	5	1	4.81	650.00	0.00	21.78	20.21	0.00	0.00	0.00	0.00	0.00	0.00	0.00	0.00	0.00	0.00	0.00	0.00	0.00	0.00	0.00	0.00	0.00	0.00	0.00	0.00	0.00	0.00	0.00	0.00	13.0	16.8	15.3	23.7	39.9	51.1	159.81	0.291	0.303	0.096	0.073	0.077	0.000	0.9587	0.7674	0.2235	0.9994	1.0000	1.0000	0.46	5.87	6.32	0.22	0.09	0.04	0.02	0.02	0.06	0.10	0.20	0.99	0.68	1.02	2.86	0.0692	0.0111	0.0009	0.0003	0.0001	0.0000	0.0303	0.0230	0.0200	0.0100	0.0053	0.0000	124.45	0.02
1991-11-09	Perennial Ryegrass	0.11	237.87	0.96	0.98	0.53	2.04	5	1	4.81	650.00	0.00	20.77	19.28	0.00	0.00	0.00	0.00	0.00	0.00	0.00	0.00	0.00	0.00	0.00	0.00	0.00	0.00	0.00	0.00	0.00	0.00	0.00	0.00	0.00	0.00	0.00	0.00	12.0	16.4	15.3	23.6	39.8	51.0	158.16	0.213	0.269	0.092	0.070	0.075	0.000	0.9584	0.8570	0.1972	0.9992	1.0000	1.0000	0.46	5.86	6.32	0.22	0.09	0.04	0.02	0.02	0.06	0.12	0.19	0.98	0.68	1.02	2.87	0.0517	0.0101	0.0009	0.0003	0.0001	0.0000	0.0272	0.0198	0.0194	0.0098	0.0052	0.0000	124.98	0.02
1991-11-10	Perennial Ryegrass	0.11	234.30	0.96	0.98	0.54	2.04	5	1	4.80	650.00	0.00	17.86	16.59	0.00	0.00	0.00	0.00	0.00	0.00	0.00	0.00	0.00	0.00	0.00	0.00	0.00	0.00	0.00	0.00	0.00	0.00	0.00	0.00	0.00	0.00	0.00	0.00	11.1	16.1	15.2	23.6	39.8	51.0	156.64	0.141	0.240	0.089	0.067	0.073	0.000	0.9582	0.9671	0.1555	0.9991	1.0000	1.0000	0.43	5.86	6.29	0.19	0.10	0.04	0.02	0.02	0.06	0.14	0.19	0.97	0.67	1.02	2.87	0.0337	0.0092	0.0009	0.0003	0.0001	0.0000	0.0229	0.0174	0.0187	0.0095	0.0051	0.0000	125.43	0.02
1991-11-11	Perennial Ryegrass	0.11	231.18	0.96	0.98	0.55	2.05	5	1	4.79	650.00	0.00	16.15	15.02	0.00	0.00	0.00	0.00	0.00	0.00	0.00	0.00	0.00	0.00	0.00	0.00	0.00	0.00	0.00	0.00	0.00	0.00	0.00	0.00	0.00	0.00	0.00	0.00	10.1	15.7	15.1	23.5	39.7	50.9	155.20	0.074	0.214	0.084	0.065	0.071	0.000	0.9579	0.9518	0.1554	0.9989	1.0000	1.0000	0.39	5.83	6.22	0.15	0.10	0.04	0.02	0.02	0.06	0.13	0.19	0.96	0.66	1.02	2.87	0.0198	0.0086	0.0009	0.0003	0.0001	0.0000	0.0165	0.0155	0.0180	0.0093	0.0050	0.0000	125.82	0.02
1991-11-12	Perennial Ryegrass	0.11	227.50	0.96	0.98	0.55	2.05	5	1	4.77	650.00	0.00	8.54	7.94	0.00	0.00	0.00	0.00	0.00	0.00	0.00	0.00	0.00	0.00	0.00	0.00	0.00	0.00	0.00	0.00	0.00	0.00	0.00	0.00	0.00	0.00	0.00	0.00	9.3	15.4	15.1	23.5	39.7	50.9	153.84	0.010	0.192	0.080	0.062	0.069	0.000	0.9576	1.0000	0.1242	0.9989	1.0000	1.0000	0.35	5.80	6.15	0.11	0.10	0.04	0.02	0.02	0.06	0.12	0.18	0.94	0.66	1.02	2.87	0.0109	0.0078	0.0008	0.0003	0.0001	0.0000	0.0112	0.0141	0.0173	0.0091	0.0050	0.0000	126.01	0.02
1991-11-13	Perennial Ryegrass	0.10	221.73	0.96	0.98	0.57	2.05	5	1	4.74	650.00	0.00	0.81	0.76	0.00	0.00	0.00	0.00	0.00	0.00	0.00	0.00	0.00	0.00	0.00	0.00	0.00	0.00	0.00	0.00	0.00	0.00	0.00	0.00	0.00	0.00	0.00	0.00	8.5	15.2	15.0	23.5	39.6	50.8	152.57	0.000	0.171	0.075	0.060	0.067	0.000	0.9570	1.0000	0.1202	0.9990	1.0000	1.0000	0.31	5.77	6.08	0.07	0.10	0.04	0.02	0.02	0.06	0.11	0.18	0.93	0.65	1.02	2.87	0.0062	0.0071	0.0008	0.0002	0.0001	0.0000	0.0095	0.0130	0.0167	0.0089	0.0049	0.0000	125.98	0.02
1991-11-14	Perennial Ryegrass	0.10	217.70	0.96	0.98	0.58	2.05	5	1	4.71	650.00	0.00	2.41	2.25	0.00	0.00	0.00	0.00	0.00	0.00	0.00	0.00	0.00	0.00	0.00	0.00	0.00	0.00	0.00	0.00	0.00	0.00	0.00	0.00	0.00	0.00	0.00	0.00	7.8	14.9	14.9	23.4	39.6	50.8	151.47	0.000	0.152	0.071	0.058	0.065	0.000	0.9559	1.0000	0.1375	0.9989	1.0000	1.0000	0.27	5.75	6.02	0.04	0.09	0.04	0.02	0.02	0.06	0.11	0.19	0.92	0.64	1.02	2.88	0.0026	0.0064	0.0007	0.0002	0.0001	0.0000	0.0069	0.0120	0.0160	0.0087	0.0049	0.0000	125.99	0.02
1991-11-15	Perennial Ryegrass	0.10	213.60	0.95	0.98	0.59	2.05	5	1	4.66	650.00	0.00	-13.23	0.00	0.00	0.00	0.00	0.00	0.00	0.00	0.00	0.00	0.00	0.00	0.00	0.00	0.00	0.00	0.00	0.00	0.00	0.00	0.00	0.00	0.00	0.00	0.00	0.00	7.3	14.7	14.9	23.4	39.6	50.7	150.51	0.000	0.135	0.066	0.055	0.064	0.000	0.9550	1.0000	0.1050	0.9991	1.0000	1.0000	0.23	5.74	5.97	0.01	0.09	0.04	0.02	0.02	0.06	0.10	0.19	0.91	0.64	1.02	2.88	0.0005	0.0057	0.0007	0.0002	0.0001	0.0000	0.0052	0.0112	0.0154	0.0085	0.0048	0.0000	125.64	0.02
1991-11-16	Perennial Ryegrass	0.10	207.39	0.95	0.98	0.60	2.05	5	1	4.59	650.00	0.00	-16.72	0.00	0.00	0.00	0.00	0.00	0.00	0.00	0.00	0.00	0.00	0.00	0.00	0.00	0.00	0.00	0.00	0.00	0.00	0.00	0.00	0.00	0.00	0.00	0.00	0.00	6.5	14.5	14.8	23.4	39.5	50.7	149.30	0.000	0.119	0.062	0.053	0.062	0.000	0.9534	1.0000	0.0925	0.9993	1.0000	1.0000	0.22	5.69	5.91	0.00	0.09	0.04	0.02	0.02	0.06	0.07	0.19	0.90	0.63	1.02	2.88	0.0000	0.0050	0.0007	0.0002	0.0001	0.0000	0.0028	0.0106	0.0147	0.0083	0.0047	0.0000	125.18	0.02
1991-11-17	Perennial Ryegrass	0.10	205.14	0.95	0.98	0.61	2.05	5	1	4.55	650.00	0.00	-3.73	0.00	0.00	0.00	0.00	0.00	0.00	0.00	0.00	0.00	0.00	0.00	0.00	0.00	0.00	0.00	0.00	0.00	0.00	0.00	0.00	0.00	0.00	0.00	0.00	0.00	5.5	14.3	14.8	23.3	39.5	50.6	148.02	0.000	0.104	0.058	0.051	0.061	0.000	0.9512	1.0000	0.0815	0.9994	1.0000	1.0000	0.21	5.66	5.87	0.00	0.08	0.04	0.02	0.02	0.06	0.05	0.19	0.89	0.63	1.02	2.88	0.0000	0.0044	0.0006	0.0002	0.0001	0.0000	0.0014	0.0099	0.0141	0.0081	0.0047	0.0000	125.00	0.02
1991-11-18	Perennial Ryegrass	0.10	202.22	0.95	0.98	0.62	2.05	5	1	4.50	650.00	0.00	-12.32	0.00	0.00	0.00	0.00	0.00	0.00	0.00	0.00	0.00	0.00	0.00	0.00	0.00	0.00	0.00	0.00	0.00	0.00	0.00	0.00	0.00	0.00	0.00	0.00	0.00	4.7	14.1	14.7	23.3	39.4	50.6	146.77	0.000	0.090	0.054	0.050	0.059	0.000	0.9499	1.0000	0.0777	0.9995	1.0000	1.0000	0.20	5.63	5.83	0.00	0.08	0.04	0.01	0.02	0.06	0.03	0.20	0.88	0.62	1.02	2.88	0.0000	0.0039	0.0006	0.0002	0.0001	0.0000	0.0005	0.0094	0.0136	0.0080	0.0046	0.0000	124.65	0.02
1991-11-19	Perennial Ryegrass	0.10	203.51	0.94	0.98	0.64	2.05	5	1	4.41	650.00	0.00	-30.32	0.00	0.00	0.00	0.00	0.00	0.00	0.00	0.00	0.00	0.00	0.00	0.00	0.00	0.00	0.00	0.00	0.00	0.00	0.00	0.00	0.00	0.00	0.00	0.00	0.00	4.4	13.9	14.7	23.3	39.4	50.5	146.18	0.000	0.076	0.050	0.048	0.058	0.000	0.9479	1.0000	0.0490	0.9997	1.0000	1.0000	0.19	5.59	5.79	0.00	0.07	0.03	0.01	0.02	0.06	0.00	0.20	0.88	0.62	1.02	2.89	0.0000	0.0033	0.0005	0.0002	0.0001	0.0000	0.0000	0.0090	0.0131	0.0078	0.0045	0.0000	123.89	0.02
1991-11-20	Perennial Ryegrass	0.10	205.14	0.94	0.98	0.64	2.05	5	1	4.34	650.00	0.00	-22.24	0.00	0.00	0.00	0.00	0.00	0.00	0.00	0.00	0.00	0.00	0.00	0.00	0.00	0.00	0.00	0.00	0.00	0.00	0.00	0.00	0.00	0.00	0.00	0.00	0.00	4.0	13.8	14.6	23.2	39.4	50.5	145.48	0.000	0.064	0.047	0.046	0.056	0.000	0.9446	1.0000	0.0838	0.9997	1.0000	1.0000	0.18	5.59	5.77	0.00	0.06	0.03	0.01	0.02	0.06	0.00	0.20	0.87	0.61	1.02	2.89	0.0000	0.0028	0.0005	0.0002	0.0001	0.0000	0.0000	0.0085	0.0126	0.0076	0.0045	0.0000	123.15	0.02
1991-11-21	Perennial Ryegrass	0.10	206.81	0.94	0.98	0.65	2.06	5	2	4.29	650.00	0.00	-12.20	0.00	0.00	0.00	0.00	0.00	0.00	0.00	0.00	0.00	0.00	0.00	0.00	0.00	0.00	0.00	0.00	0.00	0.00	0.00	0.00	0.00	0.00	0.00	0.00	0.00	3.2	13.6	14.6	23.2	39.3	50.4	144.37	0.000	0.053	0.043	0.044	0.055	0.000	0.9420	1.0000	0.0607	0.9997	1.0000	1.0000	0.18	5.58	5.75	0.00	0.06	0.03	0.01	0.02	0.05	0.00	0.21	0.86	0.60	1.01	2.89	0.0000	0.0024	0.0005	0.0002	0.0001	0.0000	0.0000	0.0080	0.0121	0.0074	0.0044	0.0000	122.75	0.02
1991-11-22	Perennial Ryegrass	0.10	208.52	0.94	0.98	0.66	2.06	5	2	4.23	650.00	0.00	-16.53	0.00	0.00	0.00	0.00	0.00	0.00	0.00	0.00	0.00	0.00	0.00	0.00	0.00	0.00	0.00	0.00	0.00	0.00	0.00	0.00	0.00	0.00	0.00	0.00	0.00	2.6	13.5	14.5	23.2	39.3	50.4	143.45	0.000	0.043	0.040	0.043	0.053	0.000	0.9400	1.0000	0.0629	0.9997	1.0000	1.0000	0.17	5.57	5.73	0.00	0.05	0.03	0.01	0.02	0.05	0.00	0.21	0.85	0.60	1.01	2.89	0.0000	0.0020	0.0004	0.0002	0.0001	0.0000	0.0000	0.0076	0.0116	0.0072	0.0043	0.0000	122.29	0.02
1991-11-23	Perennial Ryegrass	0.10	210.29	0.93	0.98	0.68	2.06	5	2	4.15	650.00	0.00	-26.70	0.00	0.00	0.00	0.00	0.00	0.00	0.00	0.00	0.00	0.00	0.00	0.00	0.00	0.00	0.00	0.00	0.00	0.00	0.00	0.00	0.00	0.00	0.00	0.00	0.00	2.3	13.3	14.5	23.2	39.3	50.4	142.92	0.000	0.033	0.037	0.041	0.052	0.000	0.9372	1.0000	0.0404	0.9998	1.0000	1.0000	0.16	5.55	5.71	0.00	0.05	0.03	0.01	0.02	0.05	0.00	0.20	0.85	0.59	1.01	2.89	0.0000	0.0018	0.0004	0.0001	0.0001	0.0000	0.0000	0.0071	0.0112	0.0071	0.0043	0.0000	121.60	0.02
1991-11-24	Perennial Ryegrass	0.10	212.14	0.93	0.98	0.69	2.06	4	2	4.05	650.00	0.00	-33.87	0.00	0.00	0.00	0.00	0.00	0.00	0.00	0.00	0.00	0.00	0.00	0.00	0.00	0.00	0.00	0.00	0.00	0.00	0.00	0.00	0.00	0.00	0.00	0.00	0.00	2.3	13.2	14.4	23.1	39.2	50.3	142.67	0.000	0.024	0.034	0.040	0.051	0.000	0.9336	1.0000	0.0369	0.9999	1.0000	1.0000	0.16	5.54	5.69	0.00	0.05	0.03	0.01	0.02	0.05	0.00	0.20	0.84	0.59	1.01	2.90	0.0000	0.0016	0.0004	0.0001	0.0001	0.0000	0.0000	0.0065	0.0108	0.0069	0.0042	0.0000	120.74	0.02
1991-11-25	Perennial Ryegrass	0.10	214.10	0.92	0.98	0.70	2.06	4	2	3.94	650.00	0.00	-38.72	0.00	0.00	0.00	0.00	0.00	0.00	0.00	0.00	0.00	0.00	0.00	0.00	0.00	0.00	0.00	0.00	0.00	0.00	0.00	0.00	0.00	0.00	0.00	0.00	0.00	2.3	13.1	14.4	23.1	39.2	50.3	142.43	0.000	0.016	0.031	0.039	0.050	0.000	0.9288	1.0000	0.0325	0.9999	1.0000	1.0000	0.15	5.52	5.68	0.00	0.04	0.03	0.01	0.02	0.05	0.00	0.20	0.83	0.58	1.01	2.90	0.0000	0.0014	0.0003	0.0001	0.0001	0.0000	0.0000	0.0060	0.0104	0.0067	0.0041	0.0000	119.77	0.02
1991-11-26	Perennial Ryegrass	0.12	265.99	0.92	0.98	0.72	2.06	4	2	3.85	650.00	0.00	-32.92	0.00	0.00	0.00	0.00	0.00	0.00	0.00	0.00	0.00	0.00	0.00	0.00	0.00	0.00	0.00	0.00	0.00	0.00	0.00	0.00	0.00	0.00	0.00	0.00	0.00	9.3	13.1	14.4	23.1	39.2	50.2	149.27	0.000	0.008	0.029	0.037	0.049	0.000	0.9233	1.0000	0.0743	1.0000	1.0000	1.0000	0.15	5.51	5.66	0.00	0.04	0.03	0.01	0.02	0.05	0.00	0.19	0.83	0.58	1.01	2.90	0.0000	0.0013	0.0003	0.0001	0.0001	0.0000	0.0000	0.0055	0.0100	0.0066	0.0041	0.0000	118.84	0.02
1991-11-27	Perennial Ryegrass	0.13	268.21	0.91	0.97	0.71	2.06	4	2	3.77	650.00	0.00	-24.82	0.00	0.00	0.00	0.00	0.00	0.00	0.00	0.00	0.00	0.00	0.00	0.00	0.00	0.00	0.00	0.00	0.00	0.00	0.00	0.00	0.00	0.00	0.00	0.00	0.00	8.4	13.1	14.3	23.1	39.2	50.2	148.18	0.000	0.006	0.026	0.036	0.047	0.000	0.9179	1.0000	0.0266	1.0000	1.0000	1.0000	0.15	5.50	5.65	0.00	0.04	0.03	0.01	0.02	0.05	0.00	0.19	0.82	0.57	1.01	2.91	0.0000	0.0013	0.0003	0.0001	0.0001	0.0000	0.0000	0.0053	0.0096	0.0064	0.0040	0.0000	116.97	0.02
1991-11-28	Perennial Ryegrass	0.13	270.47	0.91	0.97	0.72	2.06	4	2	3.70	650.00	0.00	-21.73	0.00	0.00	0.00	0.00	0.00	0.00	0.00	0.00	0.00	0.00	0.00	0.00	0.00	0.00	0.00	0.00	0.00	0.00	0.00	0.00	0.00	0.00	0.00	0.00	0.00	7.6	13.0	14.3	23.1	39.1	50.1	147.25	0.000	0.004	0.024	0.035	0.046	0.000	0.9136	1.0000	0.0436	1.0000	1.0000	1.0000	0.15	5.48	5.63	0.00	0.04	0.02	0.01	0.02	0.05	0.00	0.18	0.81	0.57	1.01	2.91	0.0000	0.0012	0.0003	0.0001	0.0001	0.0000	0.0000	0.0050	0.0093	0.0062	0.0039	0.0000	116.14	0.02
1991-11-29	Perennial Ryegrass	0.13	274.87	0.90	0.97	0.73	2.07	4	2	3.62	650.00	0.00	-27.92	0.00	0.00	0.00	0.00	0.00	0.00	0.00	0.00	0.00	0.00	0.00	0.00	0.00	0.00	0.00	0.00	0.00	0.00	0.00	0.00	0.00	0.00	0.00	0.00	0.00	6.8	13.0	14.3	23.0	39.1	50.1	146.34	0.000	0.001	0.022	0.034	0.045	0.000	0.9093	1.0000	0.0195	1.0000	1.0000	1.0000	0.14	5.47	5.61	0.00	0.04	0.02	0.01	0.01	0.05	0.00	0.18	0.80	0.56	1.01	2.91	0.0000	0.0011	0.0003	0.0001	0.0001	0.0000	0.0000	0.0047	0.0090	0.0061	0.0039	0.0000	115.42	0.02
1991-11-30	Perennial Ryegrass	0.13	277.39	0.90	0.97	0.73	3.00	4	2	3.58	650.00	0.00	-12.95	0.00	0.00	0.00	0.00	0.00	0.00	0.00	0.00	0.00	0.00	0.00	0.00	0.00	0.00	0.00	0.00	0.00	0.00	0.00	0.00	0.00	0.00	0.00	0.00	0.00	6.3	13.0	14.3	23.0	39.1	50.0	145.69	0.000	0.001	0.020	0.033	0.044	0.000	0.9042	1.0000	0.0510	0.9999	1.0000	1.0000	0.14	5.46	5.60	0.00	0.04	0.02	0.01	0.01	0.05	0.00	0.17	0.80	0.56	1.01	2.91	0.0000	0.0011	0.0003	0.0001	0.0001	0.0000	0.0000	0.0046	0.0087	0.0060	0.0038	0.0000	114.95	0.02
1991-12-01	Perennial Ryegrass	0.13	279.94	0.88	0.97	0.79	3.00	3	2	3.22	650.00	0.00	3.02	2.17	0.00	0.00	0.00	0.00	0.00	0.00	0.00	0.00	0.00	0.00	0.00	0.00	0.00	0.00	0.00	0.00	0.00	0.00	0.00	0.00	0.00	0.00	0.00	0.00	5.2	13.0	14.2	23.0	39.1	50.0	144.55	0.000	0.001	0.019	0.032	0.043	0.000	0.9013	0.3812	0.0292	0.9999	1.0000	1.0000	0.14	5.44	5.58	0.00	0.04	0.02	0.01	0.01	0.05	0.00	0.17	0.79	0.56	1.01	2.91	0.0000	0.0010	0.0003	0.0001	0.0001	0.0000	0.0000	0.0044	0.0084	0.0058	0.0038	0.0000	114.75	0.02
1991-12-02	Perennial Ryegrass	0.13	282.99	0.84	0.98	0.85	3.00	3	3	2.81	650.00	0.00	2.58	1.91	0.00	0.00	0.00	0.00	0.00	0.00	0.00	0.00	0.00	0.00	0.00	0.00	0.00	0.00	0.00	0.00	0.00	0.00	0.00	0.00	0.00	0.00	0.00	0.00	4.1	13.0	14.2	23.0	39.0	50.0	143.35	0.000	0.001	0.017	0.031	0.042	0.000	0.8753	0.3905	0.0265	0.9999	1.0000	1.0000	0.14	5.43	5.57	0.00	0.04	0.02	0.01	0.01	0.05	0.00	0.17	0.78	0.55	1.01	2.92	0.0000	0.0010	0.0002	0.0001	0.0001	0.0000	0.0000	0.0043	0.0082	0.0058	0.0037	0.0000	114.69	0.02
1991-12-03	Perennial Ryegrass	0.14	296.42	0.80	0.98	0.88	3.00	3	3	2.46	650.00	0.00	2.45	1.87	0.00	0.00	0.00	0.00	0.00	0.00	0.00	0.00	0.00	0.00	0.00	0.00	0.00	0.00	0.00	0.00	0.00	0.00	0.00	0.00	0.00	0.00	0.00	0.00	3.9	13.0	14.2	23.0	39.0	49.9	143.05	0.000	0.001	0.016	0.030	0.041	0.000	0.8368	0.4544	0.0268	0.9999	1.0000	1.0000	0.13	5.42	5.55	0.00	0.04	0.02	0.01	0.01	0.05	0.00	0.16	0.78	0.55	1.01	2.92	0.0000	0.0010	0.0002	0.0001	0.0001	0.0000	0.0000	0.0042	0.0081	0.0057	0.0037	0.0000	114.64	0.02
1991-12-04	Perennial Ryegrass	0.14	300.47	0.75	0.98	0.91	3.00	2	3	2.18	650.00	0.00	2.79	2.19	0.00	0.00	0.00	0.00	0.00	0.00	0.00	0.00	0.00	0.00	0.00	0.00	0.00	0.00	0.00	0.00	0.00	0.00	0.00	0.00	0.00	0.00	0.00	0.00	3.2	13.0	14.2	23.0	39.0	49.9	142.29	0.000	0.001	0.015	0.029	0.041	0.000	0.7961	0.6309	0.0192	0.9999	1.0000	1.0000	0.13	5.40	5.53	0.00	0.04	0.02	0.01	0.01	0.05	0.00	0.16	0.77	0.54	1.01	2.92	0.0000	0.0010	0.0002	0.0001	0.0001	0.0000	0.0000	0.0041	0.0079	0.0056	0.0037	0.0000	114.34	0.02
1991-12-05	Perennial Ryegrass	0.14	304.90	0.72	0.98	0.92	3.01	2	4	1.96	650.00	0.00	2.39	1.93	0.00	0.00	0.00	0.00	0.00	0.00	0.00	0.00	0.00	0.00	0.00	0.00	0.00	0.00	0.00	0.00	0.00	0.00	0.00	0.00	0.00	0.00	0.00	0.00	2.6	13.0	14.2	23.0	39.0	49.8	141.58	0.000	0.001	0.013	0.028	0.040	0.000	0.7544	0.3142	0.0340	0.9999	1.0000	1.0000	0.13	5.39	5.52	0.00	0.03	0.02	0.01	0.01	0.05	0.00	0.16	0.76	0.54	1.01	2.92	0.0000	0.0009	0.0002	0.0001	0.0000	0.0000	0.0000	0.0040	0.0077	0.0056	0.0037	0.0000	114.21	0.02
1991-12-06	Perennial Ryegrass	0.14	309.63	0.68	0.98	0.93	3.01	2	4	1.75	650.00	0.00	2.34	1.93	0.00	0.00	0.00	0.00	0.00	0.00	0.00	0.00	0.00	0.00	0.00	0.00	0.00	0.00	0.00	0.00	0.00	0.00	0.00	0.00	0.00	0.00	0.00	0.00	2.2	13.0	14.2	22.9	38.9	49.8	141.07	0.000	0.001	0.012	0.027	0.039	0.000	0.7168	0.4009	0.0290	0.9999	1.0000	1.0000	0.13	5.37	5.50	0.00	0.03	0.02	0.01	0.01	0.05	0.00	0.15	0.76	0.53	1.01	2.92	0.0000	0.0009	0.0002	0.0001	0.0000	0.0000	0.0000	0.0039	0.0076	0.0055	0.0037	0.0000	114.10	0.02
1991-12-07	Perennial Ryegrass	0.15	314.62	0.62	0.98	0.94	3.01	2	4	1.51	650.00	0.00	2.24	1.88	0.00	0.00	0.00	0.00	0.00	0.00	0.00	0.00	0.00	0.00	0.00	0.00	0.00	0.00	0.00	0.00	0.00	0.00	0.00	0.00	0.00	0.00	0.00	0.00	2.2	13.0	14.1	22.9	38.9	49.8	140.99	0.000	0.001	0.011	0.027	0.038	0.000	0.6767	0.4707	0.0266	0.9999	1.0000	1.0000	0.13	5.36	5.49	0.00	0.03	0.02	0.01	0.01	0.05	0.00	0.15	0.75	0.53	1.01	2.93	0.0000	0.0009	0.0002	0.0001	0.0000	0.0000	0.0000	0.0038	0.0075	0.0054	0.0036	0.0000	113.96	0.02
1991-12-08	Perennial Ryegrass	0.15	319.94	0.56	0.98	0.95	3.01	1	4	1.28	650.00	0.00	1.68	1.44	0.00	0.00	0.00	0.00	0.00	0.00	0.00	0.00	0.00	0.00	0.00	0.00	0.00	0.00	0.00	0.00	0.00	0.00	0.00	0.00	0.00	0.00	0.00	0.00	2.2	13.0	14.1	22.9	38.9	49.7	140.91	0.000	0.001	0.010	0.026	0.037	0.000	0.6217	0.3958	0.0242	1.0000	1.0000	1.0000	0.13	5.35	5.47	0.00	0.03	0.02	0.01	0.01	0.05	0.00	0.15	0.74	0.53	1.01	2.93	0.0000	0.0008	0.0002	0.0001	0.0000	0.0000	0.0000	0.0037	0.0073	0.0054	0.0036	0.0000	113.80	0.02
1991-12-09	Perennial Ryegrass	0.15	325.56	0.50	0.98	0.96	3.01	1	5	1.08	650.00	0.00	1.33	1.17	0.00	0.00	0.00	0.00	0.00	0.00	0.00	0.00	0.00	0.00	0.00	0.00	0.00	0.00	0.00	0.00	0.00	0.00	0.00	0.00	0.00	0.00	0.00	0.00	2.2	13.0	14.1	22.9	38.9	49.7	140.83	0.000	0.001	0.009	0.025	0.036	0.000	0.5595	0.3792	0.0239	1.0000	1.0000	1.0000	0.12	5.34	5.46	0.00	0.03	0.02	0.01	0.01	0.05	0.00	0.14	0.74	0.52	1.01	2.93	0.0000	0.0008	0.0002	0.0001	0.0000	0.0000	0.0000	0.0036	0.0072	0.0053	0.0036	0.0000	113.64	0.02
1991-12-10	Perennial Ryegrass	0.24	558.69	0.44	0.98	0.97	3.01	1	5	0.91	650.00	0.00	1.55	1.39	0.00	0.00	0.00	0.00	0.00	0.00	0.00	0.00	0.00	0.00	0.00	0.00	0.00	0.00	0.00	0.00	0.00	0.00	0.00	0.00	0.00	0.00	0.00	0.00	27.6	19.6	14.8	22.9	38.9	49.6	173.39	0.000	0.001	0.009	0.025	0.036	0.000	0.5003	0.7469	0.0498	1.0000	1.0000	1.0000	0.43	5.47	5.90	0.26	0.07	0.02	0.01	0.01	0.05	0.11	0.16	0.74	0.52	1.00	2.94	0.0003	0.0018	0.0002	0.0001	0.0000	0.0000	0.0001	0.0040	0.0072	0.0052	0.0036	0.0000	113.18	0.02
1991-12-11	Perennial Ryegrass	0.24	540.94	0.42	0.97	0.95	3.01	1	4	0.84	650.00	0.00	6.05	5.51	0.00	0.00	0.00	0.00	0.00	0.00	0.00	0.00	0.00	0.00	0.00	0.00	0.00	0.00	0.00	0.00	0.00	0.00	0.00	0.00	0.00	0.00	0.00	0.00	21.7	21.1	17.0	22.9	38.9	49.6	171.17	1.175	0.442	0.054	0.023	0.033	0.000	0.4407	1.0000	1.0000	1.0000	1.0000	0.6960	0.39	5.52	5.91	0.18	0.09	0.04	0.01	0.01	0.05	0.11	0.18	0.77	0.52	1.01	2.94	0.2278	0.0076	0.0003	0.0001	0.0000	0.0000	0.1350	0.0148	0.0058	0.0029	0.0019	0.0000	107.60	0.02
1991-12-12	Perennial Ryegrass	0.28	643.67	0.40	0.97	0.96	3.01	1	4	0.79	650.00	0.00	5.56	5.09	0.00	0.00	0.00	0.00	0.00	0.00	0.00	0.00	0.00	0.00	0.00	0.00	0.00	0.00	0.00	0.00	0.00	0.00	0.00	0.00	0.00	0.00	0.00	0.00	23.6	22.7	19.8	23.1	38.9	49.6	177.54	0.346	0.240	0.090	0.011	0.015	0.000	0.4172	1.0000	1.0000	1.0000	1.0000	1.0000	0.55	5.66	6.21	0.32	0.11	0.06	0.01	0.01	0.05	0.18	0.20	0.80	0.52	1.01	2.95	0.0138	0.0013	0.0001	0.0000	0.0000	0.0000	0.0075	0.0023	0.0013	0.0003	0.0002	0.0000	106.34	0.02
1991-12-13	Perennial Ryegrass	0.32	771.53	0.38	0.97	0.95	3.01	1	4	0.73	650.00	0.00	5.12	4.71	0.00	0.00	0.00	0.00	0.00	0.00	0.00	0.00	0.00	0.00	0.00	0.00	0.00	0.00	0.00	0.00	0.00	0.00	0.00	0.00	0.00	0.00	0.00	0.00	27.4	25.3	22.1	25.0	38.9	49.5	188.22	0.360	0.255	0.154	0.012	0.013	0.000	0.3972	1.0000	1.0000	0.9999	1.0000	1.0000	0.50	5.68	6.18	0.26	0.11	0.07	0.02	0.01	0.05	0.15	0.20	0.76	0.59	1.01	2.95	0.1257	0.0116	0.0013	0.0001	0.0000	0.0000	0.0712	0.0214	0.0140	0.0024	0.0013	0.0000	103.25	0.02
1991-12-14	Perennial Ryegrass	0.30	722.60	0.34	0.96	0.94	3.01	1	4	0.66	650.00	0.00	4.62	4.28	0.00	0.00	0.00	0.00	0.00	0.00	0.00	0.00	0.00	0.00	0.00	0.00	0.00	0.00	0.00	0.00	0.00	0.00	0.00	0.00	0.00	0.00	0.00	0.00	22.4	25.1	23.2	27.9	38.9	49.5	186.89	0.335	0.238	0.156	0.041	0.010	0.000	0.3751	0.5771	1.0000	0.9999	1.0000	1.0000	0.53	5.74	6.27	0.26	0.11	0.07	0.02	0.01	0.05	0.17	0.21	0.71	0.68	1.01	2.96	0.0193	0.0028	0.0003	0.0000	0.0000	0.0000	0.0120	0.0050	0.0031	0.0006	0.0002	0.0000	99.10	0.02
1991-12-15	Perennial Ryegrass	0.28	664.25	0.31	0.96	0.95	3.02	1	4	0.58	650.00	0.00	4.02	3.75	0.00	0.00	0.00	0.00	0.00	0.00	0.00	0.00	0.00	0.00	0.00	0.00	0.00	0.00	0.00	0.00	0.00	0.00	0.00	0.00	0.00	0.00	0.00	0.00	18.3	23.1	22.9	30.6	38.9	49.4	183.27	0.808	0.788	0.603	0.302	0.033	0.000	0.3443	0.8576	1.0000	0.9999	1.0000	0.4098	0.49	5.73	6.21	0.21	0.11	0.08	0.03	0.01	0.05	0.15	0.19	0.65	0.76	1.02	2.96	0.0614	0.0143	0.0024	0.0003	0.0000	0.0000	0.0409	0.0240	0.0198	0.0065	0.0012	0.0000	98.10	0.02
1991-12-16	Perennial Ryegrass	0.27	633.74	0.29	0.96	0.95	3.02	1	4	0.53	650.00	0.00	3.50	3.29	0.00	0.00	0.00	0.00	0.00	0.00	0.00	0.00	0.00	0.00	0.00	0.00	0.00	0.00	0.00	0.00	0.00	0.00	0.00	0.00	0.00	0.00	0.00	0.00	16.9	21.6	22.5	32.4	39.0	49.4	181.85	0.183	0.223	0.196	0.152	0.012	0.000	0.3084	0.4627	1.0000	0.9999	1.0000	1.0000	0.57	5.79	6.37	0.28	0.12	0.08	0.04	0.01	0.05	0.19	0.19	0.61	0.82	1.02	2.96	0.0121	0.0032	0.0007	0.0001	0.0000	0.0000	0.0076	0.0051	0.0050	0.0025	0.0003	0.0000	98.00	0.02
1991-12-17	Perennial Ryegrass	0.27	618.24	0.27	0.96	0.95	3.02	1	4	0.49	650.00	0.00	3.16	2.99	0.00	0.00	0.00	0.00	0.00	0.00	0.00	0.00	0.00	0.00	0.00	0.00	0.00	0.00	0.00	0.00	0.00	0.00	0.00	0.00	0.00	0.00	0.00	0.00	16.7	19.8	21.8	33.5	39.1	49.4	180.28	0.259	0.319	0.317	0.317	0.021	0.000	0.2853	1.0000	1.0000	0.9999	1.0000	0.5599	0.64	5.83	6.46	0.34	0.12	0.08	0.04	0.01	0.04	0.22	0.18	0.58	0.85	1.03	2.97	0.0451	0.0095	0.0025	0.0006	0.0000	0.0000	0.0286	0.0143	0.0167	0.0123	0.0013	0.0000	97.87	0.02
1991-12-18	Perennial Ryegrass	0.29	672.71	0.26	0.96	0.95	3.02	0	4	0.46	650.00	0.00	2.93	2.78	0.00	0.00	0.00	0.00	0.00	0.00	0.00	0.00	0.00	0.00	0.00	0.00	0.00	0.00	0.00	0.00	0.00	0.00	0.00	0.00	0.00	0.00	0.00	0.00	18.4	20.2	21.5	34.3	39.2	49.3	182.90	0.128	0.131	0.150	0.180	0.012	0.000	0.2682	1.0000	1.0000	0.9998	1.0000	0.6293	0.73	5.92	6.65	0.41	0.13	0.09	0.05	0.01	0.04	0.27	0.21	0.57	0.87	1.03	2.97	0.0180	0.0025	0.0008	0.0003	0.0000	0.0000	0.0112	0.0040	0.0050	0.0048	0.0005	0.0000	97.51	0.02
1991-12-19	Perennial Ryegrass	0.28	648.74	0.24	0.96	0.95	0.00	0	4	0.43	650.00	0.00	2.73	2.60	0.00	0.00	0.00	0.00	0.00	0.00	0.00	0.00	0.00	0.00	0.00	0.00	0.00	0.00	0.00	0.00	0.00	0.00	0.00	0.00	0.00	0.00	0.00	0.00	16.7	19.6	21.0	34.4	39.6	49.3	180.47	0.337	0.287	0.298	0.402	0.028	0.000	0.2562	0.4496	1.0000	0.9998	1.0000	0.7434	0.78	6.00	6.77	0.45	0.13	0.09	0.05	0.01	0.04	0.31	0.22	0.56	0.89	1.04	2.97	0.0443	0.0048	0.0014	0.0005	0.0000	0.0000	0.0299	0.0077	0.0081	0.0093	0.0008	0.0000	95.87	0.02
1991-12-20	Perennial Ryegrass	0.27	619.34	0.22	0.96	0.95	0.01	0	4	0.40	650.00	0.00	-14.56	8.65	0.00	0.00	0.00	0.00	0.00	0.00	0.00	0.00	0.00	0.00	0.00	0.00	0.00	0.00	0.00	0.00	0.00	0.00	0.00	0.00	0.00	0.00	0.00	0.00	15.8	19.1	20.7	34.6	39.8	49.3	179.35	0.000	0.000	0.000	0.000	0.000	0.000	0.2401	1.0000	0.0484	0.9998	0.0484	1.0000	0.86	6.14	7.00	0.51	0.14	0.10	0.05	0.01	0.04	0.41	0.24	0.56	0.90	1.05	2.97	0.0000	0.0000	0.0000	0.0000	0.0000	0.0000	0.0000	0.0000	0.0000	0.0000	0.0000	0.0000	95.43	0.02
1991-12-21	Perennial Ryegrass	0.26	606.56	0.21	0.96	0.95	0.02	0	4	0.37	650.00	0.00	-10.88	8.36	0.00	0.00	0.00	0.00	0.00	0.00	0.00	0.00	0.00	0.00	0.00	0.00	0.00	0.00	0.00	0.00	0.00	0.00	0.00	0.00	0.00	0.00	0.00	0.00	16.1	18.8	20.5	34.7	40.1	49.2	179.37	0.007	0.007	0.008	0.012	0.001	0.000	0.2245	1.0000	0.1010	0.9998	0.1010	1.0000	0.86	6.20	7.06	0.51	0.14	0.10	0.06	0.01	0.04	0.46	0.25	0.56	0.89	1.06	2.98	0.0683	0.0084	0.0023	0.0012	0.0000	0.0000	0.0588	0.0139	0.0127	0.0174	0.0017	0.0000	95.42	0.02
1991-12-22	Perennial Ryegrass	0.25	574.91	0.20	0.96	0.95	0.03	0	4	0.34	650.00	0.00	-6.38	8.28	0.00	0.00	0.00	0.00	0.00	0.00	0.00	0.00	0.00	0.00	0.00	0.00	0.00	0.00	0.00	0.00	0.00	0.00	0.00	0.00	0.00	0.00	0.00	0.00	15.3	18.7	20.2	34.6	40.4	49.2	178.31	0.016	0.015	0.017	0.027	0.003	0.000	0.2094	1.0000	0.1587	0.9998	0.1587	1.0000	0.91	6.32	7.23	0.54	0.15	0.10	0.06	0.02	0.04	0.54	0.27	0.56	0.89	1.07	2.98	0.0502	0.0056	0.0015	0.0008	0.0000	0.0000	0.0481	0.0096	0.0082	0.0119	0.0012	0.0000	95.06	0.02
1991-12-23	Perennial Ryegrass	0.24	536.97	0.18	0.96	0.95	0.03	0	4	0.31	650.00	0.00	-3.66	10.66	0.00	0.00	0.00	0.00	0.00	0.00	0.00	0.00	0.00	0.00	0.00	0.00	0.00	0.00	0.00	0.00	0.00	0.00	0.00	0.00	0.00	0.00	0.00	0.00	14.3	18.5	20.0	34.5	40.6	49.2	176.99	0.024	0.026	0.028	0.047	0.006	0.000	0.1955	0.9906	0.2350	0.9999	0.2350	1.0000	0.97	6.51	7.49	0.59	0.16	0.10	0.06	0.02	0.04	0.68	0.30	0.58	0.89	1.08	2.99	0.0472	0.0058	0.0015	0.0009	0.0000	0.0000	0.0520	0.0107	0.0080	0.0121	0.0013	0.0000	95.02	0.02
1991-12-24	Perennial Ryegrass	0.22	503.62	0.17	0.96	0.95	0.04	0	4	0.29	650.00	0.00	-1.18	12.77	0.00	0.00	0.00	0.00	0.00	0.00	0.00	0.00	0.00	0.00	0.00	0.00	0.00	0.00	0.00	0.00	0.00	0.00	0.00	0.00	0.00	0.00	0.00	0.00	13.3	18.4	20.0	34.2	40.7	49.1	175.61	0.033	0.042	0.046	0.078	0.011	0.000	0.1814	0.9726	0.3236	0.9999	0.3236	1.0000	0.98	6.68	7.66	0.59	0.16	0.11	0.07	0.02	0.04	0.80	0.33	0.59	0.88	1.09	2.99	0.0820	0.0116	0.0030	0.0019	0.0000	0.0000	0.1054	0.0231	0.0161	0.0238	0.0026	0.0000	95.17	0.03
1991-12-25	Perennial Ryegrass	0.21	475.99	0.16	0.96	0.95	0.04	0	4	0.27	650.00	0.00	-0.69	13.03	0.00	0.00	0.00	0.00	0.00	0.00	0.00	0.00	0.00	0.00	0.00	0.00	0.00	0.00	0.00	0.00	0.00	0.00	0.00	0.00	0.00	0.00	0.00	0.00	12.7	18.2	19.9	33.8	40.7	49.1	174.49	0.040	0.066	0.073	0.123	0.019	0.000	0.1708	0.8775	0.4169	1.0000	0.4169	1.0000	0.98	6.91	7.90	0.58	0.16	0.11	0.07	0.02	0.04	0.96	0.37	0.61	0.87	1.09	3.00	0.0529	0.0095	0.0026	0.0016	0.0000	0.0000	0.0834	0.0207	0.0142	0.0196	0.0023	0.0000	95.34	0.03
1991-12-26	Perennial Ryegrass	0.20	453.07	0.15	0.96	0.95	0.05	0	4	0.26	650.00	0.00	-0.56	12.92	0.00	0.00	0.00	0.00	0.00	0.00	0.00	0.00	0.00	0.00	0.00	0.00	0.00	0.00	0.00	0.00	0.00	0.00	0.00	0.00	0.00	0.00	0.00	0.00	11.6	18.1	19.9	33.5	40.8	49.1	172.95	0.037	0.072	0.082	0.134	0.022	0.000	0.1612	0.8160	0.5075	1.0000	0.5075	1.0000	0.88	7.13	8.01	0.48	0.16	0.11	0.07	0.02	0.04	1.11	0.41	0.64	0.87	1.10	3.01	0.0507	0.0122	0.0034	0.0021	0.0001	0.0000	0.1114	0.0300	0.0197	0.0252	0.0032	0.0000	95.51	0.03
1991-12-27	Perennial Ryegrass	0.20	452.09	0.15	0.96	0.95	0.05	0	4	0.25	650.00	0.00	2.14	15.35	0.00	0.00	0.00	0.00	0.00	0.00	0.00	0.00	0.00	0.00	0.00	0.00	0.00	0.00	0.00	0.00	0.00	0.00	0.00	0.00	0.00	0.00	0.00	0.00	11.3	17.9	19.8	33.0	40.9	49.0	171.94	0.039	0.123	0.144	0.228	0.039	0.000	0.1546	0.8343	0.6089	1.0000	0.6089	1.0000	0.80	7.34	8.13	0.40	0.16	0.10	0.07	0.02	0.04	1.23	0.46	0.66	0.86	1.11	3.01	0.0378	0.0136	0.0041	0.0024	0.0001	0.0000	0.1101	0.0384	0.0249	0.0293	0.0040	0.0000	95.69	0.03
1991-12-28	Perennial Ryegrass	0.19	433.34	0.16	0.96	0.95	0.05	0	4	0.27	650.00	0.00	8.04	20.50	0.00	0.00	0.00	0.00	0.00	0.00	0.00	0.00	0.00	0.00	0.00	0.00	0.00	0.00	0.00	0.00	0.00	0.00	0.00	0.00	0.00	0.00	0.00	0.00	10.7	17.7	19.8	32.7	40.9	49.0	170.77	0.023	0.085	0.102	0.158	0.029	0.000	0.1494	1.0000	0.6886	1.0000	0.6886	1.0000	0.76	7.41	8.17	0.37	0.16	0.10	0.07	0.02	0.04	1.22	0.51	0.69	0.86	1.11	3.02	0.0305	0.0124	0.0037	0.0022	0.0001	0.0000	0.0974	0.0387	0.0238	0.0262	0.0037	0.0000	95.65	0.03
1991-12-29	Perennial Ryegrass	0.19	422.69	0.17	0.96	0.95	0.05	0	4	0.30	650.00	0.00	9.27	21.29	0.00	0.00	0.00	0.00	0.00	0.00	0.00	0.00	0.00	0.00	0.00	0.00	0.00	0.00	0.00	0.00	0.00	0.00	0.00	0.00	0.00	0.00	0.00	0.00	10.3	17.6	19.7	32.4	40.9	49.0	169.79	0.013	0.092	0.111	0.169	0.032	0.000	0.1584	1.0000	0.7464	1.0000	0.7464	0.9429	0.73	7.43	8.16	0.33	0.16	0.11	0.07	0.03	0.04	1.18	0.55	0.71	0.85	1.12	3.03	0.0224	0.0120	0.0037	0.0021	0.0001	0.0000	0.0762	0.0392	0.0238	0.0249	0.0038	0.0000	95.91	0.03
1991-12-30	Perennial Ryegrass	0.19	416.21	0.19	0.96	0.95	0.06	0	4	0.33	650.00	0.00	6.51	18.35	0.00	0.00	0.00	0.00	0.00	0.00	0.00	0.00	0.00	0.00	0.00	0.00	0.00	0.00	0.00	0.00	0.00	0.00	0.00	0.00	0.00	0.00	0.00	0.00	10.1	17.5	19.6	32.1	41.0	48.9	169.08	0.005	0.079	0.097	0.146	0.029	0.000	0.1738	1.0000	0.7871	1.0000	0.7871	0.9740	0.70	7.41	8.11	0.30	0.16	0.11	0.07	0.03	0.04	1.12	0.57	0.72	0.85	1.12	3.03	0.0171	0.0115	0.0036	0.0021	0.0001	0.0000	0.0624	0.0381	0.0228	0.0231	0.0037	0.0000	96.23	0.03
1991-12-31	Perennial Ryegrass	0.26	606.27	0.21	0.97	0.96	0.06	0	4	0.37	650.00	0.00	9.60	21.02	0.00	0.00	0.00	0.00	0.00	0.00	0.00	0.00	0.00	0.00	0.00	0.00	0.00	0.00	0.00	0.00	0.00	0.00	0.00	0.00	0.00	0.00	0.00	0.00	29.4	23.1	21.3	32.8	41.0	48.9	196.41	0.001	0.131	0.163	0.241	0.050	0.000	0.1912	1.0000	0.8251	1.0000	0.8251	0.8980	0.82	7.48	8.30	0.41	0.16	0.11	0.07	0.03	0.04	0.94	0.72	0.77	0.87	1.13	3.04	0.0219	0.0113	0.0037	0.0021	0.0001	0.0000	0.0477	0.0481	0.0256	0.0245	0.0040	0.0000	96.22	0.03
1992-01-01	Perennial Ryegrass	0.24	553.85	0.23	0.95	0.94	0.06	0	4	0.40	650.00	0.00	22.72	33.19	0.00	0.00	0.00	0.00	0.00	0.00	0.00	0.00	0.00	0.00	0.00	0.00	0.00	0.00	0.00	0.00	0.00	0.00	0.00	0.00	0.00	0.00	0.00	0.00	23.2	24.3	22.8	34.4	41.2	48.9	194.68	0.306	0.158	0.114	0.138	0.027	0.000	0.2109	0.6650	0.8680	1.0000	0.8680	1.0000	0.39	6.59	6.98	0.00	0.14	0.11	0.08	0.03	0.04	0.01	0.67	0.81	0.93	1.14	3.04	0.5123	0.0312	0.0047	0.0021	0.0001	0.0000	0.8898	0.1394	0.0339	0.0251	0.0035	0.0000	92.49	0.03
1992-01-02	Perennial Ryegrass	0.24	554.09	0.25	0.95	0.94	0.07	0	4	0.44	650.00	0.00	31.74	41.27	0.00	0.00	0.00	0.00	0.00	0.00	0.00	0.00	0.00	0.00	0.00	0.00	0.00	0.00	0.00	0.00	0.00	0.00	0.00	0.00	0.00	0.00	0.00	0.00	19.2	23.3	23.3	35.5	42.2	48.8	192.29	0.351	0.301	0.235	0.272	0.048	0.000	0.2285	0.6215	0.9010	1.0000	0.9010	0.9429	0.50	6.48	6.98	0.13	0.12	0.11	0.08	0.03	0.04	0.03	0.49	0.78	0.96	1.17	3.05	0.1360	0.0342	0.0064	0.0026	0.0001	0.0000	0.0307	0.1305	0.0456	0.0325	0.0040	0.0000	92.01	0.03
1992-01-03	Perennial Ryegrass	0.23	535.73	0.27	0.95	0.94	0.07	1	4	0.48	650.00	0.00	22.91	32.41	0.00	0.00	0.00	0.00	0.00	0.00	0.00	0.00	0.00	0.00	0.00	0.00	0.00	0.00	0.00	0.00	0.00	0.00	0.00	0.00	0.00	0.00	0.00	0.00	18.0	22.2	23.2	36.1	43.5	48.8	191.81	0.208	0.234	0.211	0.252	0.054	0.000	0.2492	0.5938	0.9240	1.0000	0.9240	0.8379	0.60	6.46	7.06	0.23	0.12	0.10	0.08	0.04	0.04	0.08	0.40	0.73	0.98	1.21	3.05	0.0996	0.0263	0.0066	0.0028	0.0001	0.0000	0.0340	0.0851	0.0451	0.0350	0.0045	0.0000	92.73	0.03
1992-01-04	Perennial Ryegrass	0.25	584.26	0.29	0.96	0.94	0.07	1	4	0.54	650.00	0.00	24.84	31.11	0.00	0.00	0.00	0.00	0.00	0.00	0.00	0.00	0.00	0.00	0.00	0.00	0.00	0.00	0.00	0.00	0.00	0.00	0.00	0.00	0.00	0.00	0.00	0.00	19.8	22.1	23.0	36.3	45.1	48.8	195.05	0.201	0.231	0.230	0.291	0.079	0.000	0.2683	1.0000	0.9381	1.0000	0.9381	0.6395	0.71	6.49	7.20	0.33	0.12	0.10	0.08	0.04	0.04	0.15	0.35	0.69	0.98	1.26	3.06	0.1077	0.0210	0.0064	0.0029	0.0002	0.0000	0.0470	0.0584	0.0410	0.0370	0.0057	0.0000	92.71	0.03
1992-01-05	Perennial Ryegrass	0.28	644.15	0.32	0.95	0.93	0.08	1	4	0.59	650.00	0.00	26.40	33.39	0.00	0.00	0.00	0.00	0.00	0.00	0.00	0.00	0.00	0.00	0.00	0.00	0.00	0.00	0.00	0.00	0.00	0.00	0.00	0.00	0.00	0.00	0.00	0.00	21.5	22.8	23.2	36.6	46.7	48.8	199.67	0.166	0.155	0.153	0.201	0.069	0.000	0.2930	0.7006	0.9493	1.0000	0.9493	0.7198	0.74	6.53	7.26	0.35	0.12	0.10	0.08	0.05	0.04	0.19	0.32	0.66	0.98	1.31	3.07	0.1582	0.0201	0.0058	0.0028	0.0002	0.0000	0.0824	0.0503	0.0358	0.0356	0.0062	0.0000	91.53	0.02
1992-01-06	Perennial Ryegrass	0.26	608.29	0.33	0.95	0.92	0.09	1	4	0.63	650.00	0.00	34.43	37.44	0.00	0.00	0.00	0.00	0.00	0.00	0.00	0.00	0.00	0.00	0.00	0.00	0.00	0.00	0.00	0.00	0.00	0.00	0.00	0.00	0.00	0.00	0.00	0.00	18.1	21.9	22.9	36.5	48.3	48.8	196.59	0.472	0.404	0.380	0.500	0.206	0.000	0.3164	0.6754	0.9590	1.0000	0.9590	0.4920	0.71	6.50	7.21	0.32	0.12	0.10	0.07	0.06	0.04	0.20	0.29	0.61	0.97	1.36	3.07	0.2086	0.0236	0.0067	0.0033	0.0004	0.0000	0.1217	0.0540	0.0389	0.0413	0.0103	0.0000	90.15	0.02
1992-01-07	Perennial Ryegrass	0.25	575.29	0.35	0.95	0.92	0.10	1	4	0.67	650.00	0.00	26.60	30.63	0.00	0.00	0.00	0.00	0.00	0.00	0.00	0.00	0.00	0.00	0.00	0.00	0.00	0.00	0.00	0.00	0.00	0.00	0.00	0.00	0.00	0.00	0.00	0.00	16.7	20.4	22.3	36.3	49.6	48.8	194.17	0.268	0.297	0.295	0.399	0.196	0.000	0.3339	0.5752	0.9662	1.0000	0.9662	0.5383	0.78	6.53	7.31	0.38	0.12	0.10	0.07	0.06	0.04	0.25	0.26	0.58	0.95	1.40	3.08	0.1223	0.0200	0.0060	0.0031	0.0005	0.0000	0.0761	0.0408	0.0330	0.0380	0.0109	0.0000	90.13	0.02
1992-01-08	Perennial Ryegrass	0.28	653.90	0.37	0.95	0.92	0.10	1	4	0.71	650.00	0.00	25.98	28.31	0.00	0.00	0.00	0.00	0.00	0.00	0.00	0.00	0.00	0.00	0.00	0.00	0.00	0.00	0.00	0.00	0.00	0.00	0.00	0.00	0.00	0.00	0.00	0.00	21.4	21.7	22.2	36.2	50.7	48.8	201.02	0.266	0.293	0.326	0.469	0.262	0.000	0.3498	1.0000	0.9720	1.0000	0.9720	0.4176	0.82	6.55	7.37	0.42	0.13	0.10	0.07	0.06	0.04	0.27	0.27	0.55	0.93	1.43	3.09	0.1013	0.0152	0.0055	0.0031	0.0006	0.0000	0.0621	0.0311	0.0289	0.0378	0.0133	0.0000	90.49	0.02
1992-01-09	Perennial Ryegrass	0.33	790.94	0.39	0.95	0.91	0.11	1	3	0.77	650.00	0.00	30.57	33.46	0.00	0.00	0.00	0.00	0.00	0.00	0.00	0.00	0.00	0.00	0.00	0.00	0.00	0.00	0.00	0.00	0.00	0.00	0.00	0.00	0.00	0.00	0.00	0.00	33.3	27.2	24.5	37.0	52.4	48.9	223.29	0.344	0.262	0.248	0.354	0.220	0.000	0.3684	1.0000	0.9763	0.9999	0.9763	0.5157	0.72	6.51	7.23	0.32	0.12	0.10	0.07	0.07	0.04	0.20	0.27	0.54	0.93	1.48	3.10	0.1917	0.0184	0.0052	0.0029	0.0006	0.0000	0.1117	0.0387	0.0262	0.0348	0.0133	0.0000	88.68	0.02
1992-01-10	Perennial Ryegrass	0.33	805.97	0.43	0.94	0.89	0.12	1	3	0.87	650.00	0.00	45.41	50.16	0.00	0.00	0.00	0.00	0.00	0.00	0.00	0.00	0.00	0.00	0.00	0.00	0.00	0.00	0.00	0.00	0.00	0.00	0.00	0.00	0.00	0.00	0.00	0.00	28.2	28.5	26.4	38.5	54.5	49.4	225.49	0.342	0.208	0.154	0.183	0.121	0.000	0.3918	1.0000	0.9805	0.9999	0.9805	0.8471	0.37	6.27	6.64	0.00	0.10	0.10	0.07	0.07	0.04	0.00	0.20	0.50	0.93	1.53	3.12	0.4342	0.0412	0.0068	0.0028	0.0006	0.0000	0.2427	0.0818	0.0331	0.0337	0.0127	0.0000	85.75	0.02
1992-01-11	Perennial Ryegrass	0.33	810.00	0.44	0.93	0.88	0.13	1	3	0.91	650.00	0.00	31.96	33.63	0.00	0.00	0.00	0.00	0.00	0.00	0.00	0.00	0.00	0.00	0.00	0.00	0.00	0.00	0.00	0.00	0.00	0.00	0.00	0.00	0.00	0.00	0.00	0.00	22.1	27.0	26.9	39.4	56.0	51.2	222.42	0.513	0.437	0.350	0.385	0.265	0.000	0.4292	0.4688	0.9837	0.9999	0.9837	0.4837	0.40	6.19	6.59	0.05	0.07	0.09	0.07	0.07	0.04	0.01	0.12	0.43	0.90	1.56	3.17	0.1874	0.0415	0.0094	0.0034	0.0008	0.0000	0.0375	0.0657	0.0413	0.0398	0.0176	0.0000	84.44	0.02
1992-01-12	Perennial Ryegrass	0.32	767.08	0.45	0.93	0.88	0.13	1	3	0.94	650.00	0.00	27.25	28.39	0.00	0.00	0.00	0.00	0.00	0.00	0.00	0.00	0.00	0.00	0.00	0.00	0.00	0.00	0.00	0.00	0.00	0.00	0.00	0.00	0.00	0.00	0.00	0.00	18.6	24.5	26.0	39.5	56.9	53.6	219.06	0.443	0.511	0.471	0.530	0.376	0.000	0.4425	0.5734	0.9867	0.9999	0.9867	0.4093	0.50	6.15	6.64	0.15	0.07	0.09	0.07	0.07	0.04	0.03	0.09	0.36	0.85	1.56	3.24	0.1038	0.0291	0.0098	0.0037	0.0010	0.0000	0.0218	0.0360	0.0386	0.0425	0.0213	0.0000	84.62	0.02
1992-01-13	Perennial Ryegrass	0.30	712.60	0.46	0.93	0.88	0.14	1	3	0.97	650.00	0.00	27.38	27.51	0.00	0.00	0.00	0.00	0.00	0.00	0.00	0.00	0.00	0.00	0.00	0.00	0.00	0.00	0.00	0.00	0.00	0.00	0.00	0.00	0.00	0.00	0.00	0.00	16.5	21.7	24.4	38.6	57.0	56.2	214.34	0.525	0.702	0.736	0.891	0.660	0.000	0.4547	0.5758	0.9891	1.0000	0.9891	0.3413	0.62	6.16	6.78	0.27	0.08	0.09	0.07	0.07	0.04	0.10	0.09	0.32	0.79	1.55	3.32	0.0917	0.0213	0.0092	0.0042	0.0013	0.0000	0.0311	0.0218	0.0325	0.0456	0.0285	0.0000	85.31	0.02
1992-01-14	Perennial Ryegrass	0.28	661.60	0.48	0.94	0.88	0.14	1	3	1.00	650.00	0.00	25.28	26.72	0.00	0.00	0.00	0.00	0.00	0.00	0.00	0.00	0.00	0.00	0.00	0.00	0.00	0.00	0.00	0.00	0.00	0.00	0.00	0.00	0.00	0.00	0.00	0.00	15.4	19.7	22.7	37.6	56.8	58.2	210.38	0.336	0.452	0.538	0.719	0.564	0.000	0.4650	0.4460	0.9912	1.0000	0.9912	0.4400	0.76	6.26	7.02	0.39	0.10	0.09	0.07	0.07	0.04	0.20	0.10	0.30	0.75	1.53	3.38	0.0866	0.0151	0.0069	0.0037	0.0012	0.0000	0.0424	0.0145	0.0226	0.0383	0.0258	0.0000	85.95	0.02
1992-01-15	Perennial Ryegrass	0.27	618.15	0.49	0.94	0.88	0.14	1	3	1.03	650.00	0.00	26.35	26.90	0.00	0.00	0.00	0.00	0.00	0.00	0.00	0.00	0.00	0.00	0.00	0.00	0.00	0.00	0.00	0.00	0.00	0.00	0.00	0.00	0.00	0.00	0.00	0.00	14.3	18.7	21.3	36.3	56.0	59.2	205.83	0.324	0.404	0.524	0.776	0.644	0.000	0.4752	0.5412	0.9928	1.0000	0.9928	0.3924	0.91	6.41	7.31	0.51	0.12	0.09	0.07	0.07	0.04	0.36	0.13	0.30	0.72	1.51	3.40	0.0909	0.0124	0.0057	0.0035	0.0013	0.0000	0.0617	0.0130	0.0181	0.0352	0.0272	0.0000	86.59	0.02
1992-01-16	Perennial Ryegrass	0.25	583.20	0.50	0.94	0.88	0.15	1	3	1.06	650.00	0.00	26.91	26.81	0.00	0.00	0.00	0.00	0.00	0.00	0.00	0.00	0.00	0.00	0.00	0.00	0.00	0.00	0.00	0.00	0.00	0.00	0.00	0.00	0.00	0.00	0.00	0.00	13.1	18.3	20.1	35.1	55.1	59.4	201.03	0.299	0.402	0.510	0.827	0.721	0.000	0.4860	0.5861	0.9941	1.0000	0.9941	0.3585	1.02	6.60	7.62	0.61	0.13	0.10	0.07	0.07	0.05	0.56	0.17	0.31	0.70	1.49	3.38	0.0860	0.0117	0.0050	0.0033	0.0014	0.0000	0.0763	0.0144	0.0158	0.0327	0.0285	0.0000	87.24	0.02
1992-01-17	Perennial Ryegrass	0.24	556.70	0.51	0.94	0.87	0.15	1	3	1.09	650.00	0.00	24.76	25.20	0.00	0.00	0.00	0.00	0.00	0.00	0.00	0.00	0.00	0.00	0.00	0.00	0.00	0.00	0.00	0.00	0.00	0.00	0.00	0.00	0.00	0.00	0.00	0.00	12.0	17.8	19.5	34.1	54.1	59.2	196.70	0.218	0.369	0.427	0.753	0.682	0.000	0.4967	0.4800	0.9951	1.0000	0.9951	0.3874	1.01	6.79	7.80	0.58	0.15	0.10	0.07	0.07	0.05	0.73	0.21	0.33	0.69	1.47	3.36	0.0624	0.0114	0.0043	0.0030	0.0013	0.0000	0.0762	0.0162	0.0138	0.0292	0.0268	0.0000	87.85	0.02
1992-01-18	Perennial Ryegrass	0.23	534.93	0.52	0.94	0.87	0.16	1	3	1.12	650.00	0.00	22.16	23.38	0.00	0.00	0.00	0.00	0.00	0.00	0.00	0.00	0.00	0.00	0.00	0.00	0.00	0.00	0.00	0.00	0.00	0.00	0.00	0.00	0.00	0.00	0.00	0.00	10.9	17.4	19.3	33.5	53.1	58.7	192.91	0.139	0.337	0.386	0.696	0.644	0.000	0.5063	0.3970	0.9959	1.0000	0.9959	0.4309	0.91	6.95	7.87	0.47	0.15	0.10	0.07	0.07	0.05	0.85	0.25	0.35	0.69	1.46	3.35	0.0379	0.0108	0.0039	0.0028	0.0012	0.0000	0.0658	0.0174	0.0134	0.0269	0.0252	0.0000	88.40	0.02
1992-01-19	Perennial Ryegrass	0.23	512.58	0.52	0.94	0.87	0.16	1	3	1.15	650.00	0.00	19.95	22.19	0.00	0.00	0.00	0.00	0.00	0.00	0.00	0.00	0.00	0.00	0.00	0.00	0.00	0.00	0.00	0.00	0.00	0.00	0.00	0.00	0.00	0.00	0.00	0.00	9.8	17.0	19.0	32.9	52.4	58.3	189.40	0.064	0.309	0.369	0.661	0.603	0.000	0.5151	0.3400	0.9534	1.0000	0.9967	0.4993	0.87	6.97	7.83	0.41	0.16	0.10	0.07	0.07	0.05	0.81	0.30	0.38	0.69	1.45	3.33	0.0239	0.0102	0.0038	0.0027	0.0012	0.0000	0.0447	0.0186	0.0137	0.0256	0.0237	0.0000	88.92	0.02
1992-01-20	Perennial Ryegrass	0.22	494.34	0.53	0.94	0.87	0.17	1	3	1.17	650.00	0.00	17.63	22.09	0.00	0.00	0.00	0.00	0.00	0.00	0.00	0.00	0.00	0.00	0.00	0.00	0.00	0.00	0.00	0.00	0.00	0.00	0.00	0.00	0.00	0.00	0.00	0.00	8.7	16.7	18.7	32.4	51.7	58.0	186.27	0.000	0.283	0.350	0.626	0.574	0.000	0.5231	0.3306	0.7931	1.0000	0.9974	0.6719	0.83	7.02	7.85	0.37	0.16	0.10	0.07	0.07	0.05	0.78	0.35	0.41	0.70	1.46	3.33	0.0167	0.0095	0.0037	0.0026	0.0011	0.0000	0.0337	0.0199	0.0141	0.0245	0.0227	0.0000	89.42	0.02
1992-01-21	Perennial Ryegrass	0.21	481.58	0.54	0.94	0.87	0.17	1	3	1.20	650.00	0.00	15.82	22.00	0.00	0.00	0.00	0.00	0.00	0.00	0.00	0.00	0.00	0.00	0.00	0.00	0.00	0.00	0.00	0.00	0.00	0.00	0.00	0.00	0.00	0.00	0.00	0.00	7.9	16.4	18.5	31.9	51.1	57.9	183.54	0.000	0.258	0.331	0.593	0.547	0.000	0.5314	0.3117	0.7184	1.0000	0.9980	0.8133	0.79	7.13	7.92	0.34	0.16	0.10	0.07	0.07	0.05	0.76	0.41	0.45	0.71	1.46	3.34	0.0107	0.0088	0.0035	0.0024	0.0011	0.0000	0.0231	0.0215	0.0145	0.0236	0.0219	0.0000	89.92	0.02
1992-01-22	Perennial Ryegrass	0.25	564.54	0.55	0.95	0.88	0.17	1	3	1.22	650.00	0.00	17.54	14.23	0.00	0.00	0.00	0.00	0.00	0.00	0.00	0.00	0.00	0.00	0.00	0.00	0.00	0.00	0.00	0.00	0.00	0.00	0.00	0.00	0.00	0.00	0.00	0.00	20.2	18.9	18.4	31.4	50.5	57.7	197.19	0.000	0.235	0.312	0.562	0.523	0.000	0.5396	0.5040	0.4827	1.0000	0.9985	0.8141	1.05	7.65	8.70	0.60	0.16	0.10	0.07	0.07	0.05	1.02	0.58	0.50	0.72	1.48	3.35	0.0139	0.0078	0.0032	0.0022	0.0010	0.0000	0.0226	0.0275	0.0154	0.0230	0.0213	0.0000	89.84	0.02
1992-01-23	Perennial Ryegrass	0.23	515.45	0.57	0.93	0.85	0.17	1	3	1.29	650.00	0.00	47.69	47.31	0.00	0.00	0.00	0.00	0.00	0.00	0.00	0.00	0.00	0.00	0.00	0.00	0.00	0.00	0.00	0.00	0.00	0.00	0.00	0.00	0.00	0.00	0.00	0.00	17.4	19.3	18.8	30.9	50.0	57.6	193.92	0.716	0.414	0.311	0.533	0.500	0.000	0.5451	0.5248	0.9989	1.0000	0.9989	0.7924	1.00	7.89	8.89	0.57	0.15	0.10	0.07	0.07	0.04	1.04	0.68	0.57	0.75	1.49	3.36	0.2425	0.0130	0.0031	0.0021	0.0009	0.0000	0.4158	0.0578	0.0175	0.0227	0.0208	0.0000	88.65	0.02
1992-01-24	Perennial Ryegrass	0.27	623.94	0.59	0.94	0.86	0.18	1	3	1.37	650.00	0.00	30.98	32.38	0.00	0.00	0.00	0.00	0.00	0.00	0.00	0.00	0.00	0.00	0.00	0.00	0.00	0.00	0.00	0.00	0.00	0.00	0.00	0.00	0.00	0.00	0.00	0.00	33.5	25.8	21.8	32.3	49.8	57.4	220.67	0.226	0.191	0.146	0.221	0.209	0.000	0.5654	1.0000	0.9990	1.0000	0.9990	0.6933	1.10	8.03	9.13	0.68	0.15	0.10	0.07	0.07	0.04	0.82	0.80	0.71	0.81	1.52	3.37	0.1542	0.0126	0.0024	0.0015	0.0006	0.0000	0.1788	0.0644	0.0169	0.0173	0.0125	0.0000	87.80	0.02
1992-01-25	Perennial Ryegrass	0.25	572.01	0.61	0.93	0.82	0.18	2	2	1.47	650.00	0.00	98.92	87.41	0.00	0.00	0.00	0.00	0.00	0.00	0.00	0.00	0.00	0.00	0.00	0.00	0.00	0.00	0.00	0.00	0.00	0.00	0.00	0.00	0.00	0.00	0.00	0.00	24.8	26.4	24.0	34.5	49.9	57.3	216.84	1.098	0.596	0.366	0.392	0.313	0.000	0.5864	0.6076	0.9992	1.0000	0.9992	0.9030	0.39	7.27	7.67	0.00	0.12	0.09	0.07	0.07	0.04	0.00	0.67	0.78	0.90	1.54	3.38	0.7793	0.0386	0.0045	0.0019	0.0007	0.0000	1.0295	0.1978	0.0373	0.0250	0.0154	0.0000	87.78	0.02
1992-01-26	Perennial Ryegrass	0.25	575.35	0.63	0.93	0.82	0.19	2	2	1.52	650.00	0.00	41.04	36.38	0.00	0.00	0.00	0.00	0.00	0.00	0.00	0.00	0.00	0.00	0.00	0.00	0.00	0.00	0.00	0.00	0.00	0.00	0.00	0.00	0.00	0.00	0.00	0.00	20.0	24.6	24.4	35.9	50.9	57.2	212.92	0.813	0.741	0.548	0.568	0.373	0.000	0.6141	0.6909	0.9994	1.0000	0.9994	0.3922	0.54	7.22	7.77	0.18	0.10	0.09	0.07	0.07	0.05	0.07	0.46	0.75	0.96	1.59	3.38	0.1819	0.0372	0.0066	0.0025	0.0008	0.0000	0.0707	0.1620	0.0539	0.0351	0.0179	0.0000	87.57	0.02
1992-01-27	Perennial Ryegrass	0.23	535.38	0.63	0.93	0.82	0.19	2	2	1.56	650.00	0.00	35.36	31.62	0.00	0.00	0.00	0.00	0.00	0.00	0.00	0.00	0.00	0.00	0.00	0.00	0.00	0.00	0.00	0.00	0.00	0.00	0.00	0.00	0.00	0.00	0.00	0.00	16.9	22.3	23.5	36.2	52.2	57.1	208.17	0.697	0.811	0.725	0.804	0.517	0.000	0.6263	0.5115	0.9995	1.0000	0.9995	0.3783	0.67	7.20	7.87	0.30	0.10	0.09	0.07	0.07	0.05	0.15	0.36	0.69	0.97	1.64	3.39	0.1234	0.0259	0.0073	0.0031	0.0010	0.0000	0.0585	0.0928	0.0565	0.0442	0.0236	0.0000	88.45	0.02
1992-01-28	Perennial Ryegrass	0.22	499.59	0.64	0.94	0.82	0.20	2	2	1.59	650.00	0.00	30.71	28.48	0.00	0.00	0.00	0.00	0.00	0.00	0.00	0.00	0.00	0.00	0.00	0.00	0.00	0.00	0.00	0.00	0.00	0.00	0.00	0.00	0.00	0.00	0.00	0.00	15.7	19.8	22.2	35.9	53.2	57.0	203.82	0.482	0.648	0.666	0.824	0.568	0.000	0.6349	0.4257	0.9996	1.0000	0.9996	0.4325	0.79	7.23	8.03	0.42	0.10	0.09	0.07	0.07	0.05	0.26	0.31	0.63	0.96	1.67	3.40	0.0958	0.0179	0.0065	0.0032	0.0011	0.0000	0.0561	0.0525	0.0460	0.0449	0.0261	0.0000	89.18	0.02
1992-01-29	Perennial Ryegrass	0.21	478.53	0.65	0.94	0.82	0.20	2	2	1.62	650.00	0.00	29.79	26.46	0.00	0.00	0.00	0.00	0.00	0.00	0.00	0.00	0.00	0.00	0.00	0.00	0.00	0.00	0.00	0.00	0.00	0.00	0.00	0.00	0.00	0.00	0.00	0.00	14.6	18.7	21.0	35.2	53.5	57.1	200.04	0.389	0.462	0.558	0.778	0.588	0.000	0.6427	0.5613	0.9996	1.0000	0.9996	0.3269	0.92	7.35	8.27	0.53	0.11	0.09	0.07	0.07	0.05	0.39	0.31	0.60	0.94	1.69	3.41	0.0963	0.0123	0.0053	0.0031	0.0012	0.0000	0.0683	0.0323	0.0354	0.0422	0.0273	0.0000	89.85	0.02
1992-01-30	Perennial Ryegrass	0.20	455.73	0.66	0.94	0.82	0.21	2	2	1.66	650.00	0.00	28.17	26.31	0.00	0.00	0.00	0.00	0.00	0.00	0.00	0.00	0.00	0.00	0.00	0.00	0.00	0.00	0.00	0.00	0.00	0.00	0.00	0.00	0.00	0.00	0.00	0.00	13.7	18.2	20.0	34.4	53.4	57.0	196.64	0.325	0.401	0.488	0.759	0.619	0.000	0.6502	0.4112	0.9997	1.0000	0.9997	0.4355	1.03	7.50	8.52	0.62	0.13	0.09	0.07	0.07	0.05	0.55	0.33	0.59	0.92	1.69	3.42	0.0902	0.0109	0.0046	0.0030	0.0012	0.0000	0.0768	0.0275	0.0287	0.0396	0.0285	0.0000	90.51	0.02
1992-01-31	Perennial Ryegrass	0.21	472.45	0.66	0.94	0.82	0.21	2	2	1.69	650.00	0.00	26.87	26.62	0.00	0.00	0.00	0.00	0.00	0.00	0.00	0.00	0.00	0.00	0.00	0.00	0.00	0.00	0.00	0.00	0.00	0.00	0.00	0.00	0.00	0.00	0.00	0.00	17.3	18.8	19.6	33.8	52.7	56.9	199.12	0.261	0.367	0.417	0.712	0.614	0.000	0.6575	0.3776	0.9335	1.0000	0.9997	0.5640	1.10	7.71	8.81	0.68	0.13	0.09	0.07	0.07	0.05	0.72	0.38	0.60	0.91	1.69	3.43	0.0810	0.0105	0.0040	0.0028	0.0012	0.0000	0.0816	0.0285	0.0246	0.0366	0.0282	0.0000	91.00	0.02
1992-02-01	Perennial Ryegrass	0.19	430.30	0.68	0.94	0.80	0.22	2	2	1.74	650.00	0.00	37.16	34.13	0.00	0.00	0.00	0.00	0.00	0.00	0.00	0.00	0.00	0.00	0.00	0.00	0.00	0.00	0.00	0.00	0.00	0.00	0.00	0.00	0.00	0.00	0.00	0.00	16.0	18.4	19.4	33.2	52.0	56.8	195.74	0.509	0.407	0.394	0.677	0.589	0.000	0.6650	0.5721	0.9998	1.0000	0.9998	0.5545	1.07	7.84	8.92	0.65	0.14	0.10	0.07	0.07	0.05	0.82	0.40	0.61	0.90	1.68	3.43	0.1600	0.0122	0.0038	0.0027	0.0012	0.0000	0.1925	0.0340	0.0237	0.0344	0.0270	0.0000	90.81	0.02
1992-02-02	Perennial Ryegrass	0.18	394.46	0.68	0.94	0.80	0.22	2	2	1.79	650.00	0.00	34.19	32.78	0.00	0.00	0.00	0.00	0.00	0.00	0.00	0.00	0.00	0.00	0.00	0.00	0.00	0.00	0.00	0.00	0.00	0.00	0.00	0.00	0.00	0.00	0.00	0.00	14.7	17.9	19.1	32.6	51.3	56.7	192.30	0.422	0.376	0.377	0.640	0.559	0.000	0.6760	0.4003	0.9499	1.0000	0.9998	0.6507	1.10	8.01	9.11	0.67	0.14	0.10	0.07	0.07	0.05	0.96	0.42	0.63	0.89	1.67	3.44	0.1289	0.0115	0.0037	0.0025	0.0011	0.0000	0.1762	0.0328	0.0232	0.0324	0.0258	0.0000	91.11	0.02
1992-02-03	Perennial Ryegrass	0.17	363.45	0.69	0.94	0.80	0.22	2	2	1.83	650.00	0.00	32.35	31.07	0.00	0.00	0.00	0.00	0.00	0.00	0.00	0.00	0.00	0.00	0.00	0.00	0.00	0.00	0.00	0.00	0.00	0.00	0.00	0.00	0.00	0.00	0.00	0.00	13.7	17.4	18.8	32.0	50.7	56.6	189.33	0.330	0.341	0.358	0.605	0.532	0.000	0.6849	0.5372	0.8964	1.0000	0.9999	0.6366	1.15	8.27	9.42	0.72	0.14	0.10	0.07	0.07	0.05	1.16	0.45	0.64	0.89	1.67	3.45	0.1049	0.0105	0.0035	0.0024	0.0011	0.0000	0.1626	0.0317	0.0228	0.0307	0.0247	0.0000	91.90	0.02
