Date	species	surfaceom_cover	surfaceom_wt	cover_green	cover_tot	residue_cover	phenology	gai	dai	lai	rtdep	stress_index	npp	growth	incorp_rate[1][1]	incorp_rate[1][2]	incorp_rate[1][3]	incorp_rate[1][4]	incorp_rate[1][5]	incorp_rate[1][6]	incorp_rate[1][7]	incorp_rate[1][8]	incorp_rate[1][9]	incorp_rate[1][10]	incorp_rate[1][11]	incorp_rate[1][12]	incorp_rate[2][1]	incorp_rate[2][2]	incorp_rate[2][3]	incorp_rate[2][4]	incorp_rate[2][5]	incorp_rate[2][6]	incorp_rate[2][7]	incorp_rate[2][8]	incorp_rate[2][9]	incorp_rate[2][10]	incorp_rate[2][11]	incorp_rate[2][12]	sw_dep[1]	sw_dep[2]	sw_dep[3]	sw_dep[4]	sw_dep[5]	sw_dep[6]	total_soil_water	sw_uptake[1]	sw_uptake[2]	sw_uptake[3]	sw_uptake[4]	sw_uptake[5]	sw_uptake[6]	glf_gai	glf_vpd	glf_sm	glf_tmp	glf_wl	glf_nitr	total_nh4	total_no3	total_n	nh4[1]	nh4[2]	nh4[3]	nh4[4]	nh4[5]	nh4[6]	no3[1]	no3[2]	no3[3]	no3[4]	no3[5]	no3[6]	uptake_nh4[1]	uptake_nh4[2]	uptake_nh4[3]	uptake_nh4[4]	uptake_nh4[5]	uptake_nh4[6]	uptake_no3[1]	uptake_no3[2]	uptake_no3[3]	uptake_no3[4]	uptake_no3[5]	uptake_no3[6]	height	farm.pasture01.ryegrass.green_n
		m^2/m^2	kg/ha	m^2/m^2	m^2/m^2	m^2/m^2	-	m^2/m^2	m^2/m^2	m^2/m^2	mm	-	kg/ha/d	kg/ha/d	kg/ha/d	kg/ha/d	kg/ha/d	kg/ha/d	kg/ha/d	kg/ha/d	kg/ha/d	kg/ha/d	kg/ha/d	kg/ha/d	kg/ha/d	kg/ha/d	kg/ha/d	kg/ha/d	kg/ha/d	kg/ha/d	kg/ha/d	kg/ha/d	kg/ha/d	kg/ha/d	kg/ha/d	kg/ha/d	kg/ha/d	kg/ha/d	mm	mm	mm	mm	mm	mm	mm	mm	mm	mm	mm	mm	mm	-	-	-	-	-	-	kg/ha	kg/ha	kg/ha	kg/ha	kg/ha	kg/ha	kg/ha	kg/ha	kg/ha	kg/ha	kg/ha	kg/ha	kg/ha	kg/ha	kg/ha	kg/ha/d	kg/ha/d	kg/ha/d	kg/ha/d	kg/ha/d	kg/ha/d	kg/ha/d	kg/ha/d	kg/ha/d	kg/ha/d	kg/ha/d	kg/ha/d	mm	g/g
1990-08-01	Perennial Ryegrass	0.00	0.00	0.00	0.00	0.00	0.00	0	0	0.00	0.00	0.00	0.00	0.00	0.00	0.00	0.00	0.00	0.00	0.00	0.00	0.00	0.00	0.00	0.00	0.00	0.00	0.00	0.00	0.00	0.00	0.00	0.00	0.00	0.00	0.00	0.00	0.00	20.8	20.8	20.7	34.8	54.1	58.0	209.27	0.000	0.000	0.000	0.000	0.000	0.000	0.0000	0.0000	0.0000	0.0000	0.0000	0.0000	0.00	70.04	70.04	0.00	0.00	0.00	0.00	0.00	0.00	32.12	17.91	6.67	4.48	4.37	4.50	0.0000	0.0000	0.0000	0.0000	0.0000	0.0000	0.0000	0.0000	0.0000	0.0000	0.0000	0.0000	0.00	0.00
1990-08-02	Perennial Ryegrass	0.00	0.00	0.00	0.00	0.00	0.00	0	0	0.00	0.00	0.00	0.00	0.00	0.00	0.00	0.00	0.00	0.00	0.00	0.00	0.00	0.00	0.00	0.00	0.00	0.00	0.00	0.00	0.00	0.00	0.00	0.00	0.00	0.00	0.00	0.00	0.00	24.8	23.7	22.3	35.6	54.5	58.2	219.18	0.000	0.000	0.000	0.000	0.000	0.000	0.0000	0.0000	0.0000	0.0000	0.0000	0.0000	0.00	69.90	69.90	0.00	0.00	0.00	0.00	0.00	0.00	25.98	21.13	8.85	4.98	4.44	4.52	0.0000	0.0000	0.0000	0.0000	0.0000	0.0000	0.0000	0.0000	0.0000	0.0000	0.0000	0.0000	0.00	0.00
1990-08-03	Perennial Ryegrass	0.00	0.00	0.00	0.00	0.00	0.00	0	0	0.00	0.00	0.00	0.00	0.00	0.00	0.00	0.00	0.00	0.00	0.00	0.00	0.00	0.00	0.00	0.00	0.00	0.00	0.00	0.00	0.00	0.00	0.00	0.00	0.00	0.00	0.00	0.00	0.00	20.3	23.8	23.3	36.5	55.1	58.6	217.45	0.000	0.000	0.000	0.000	0.000	0.000	0.0000	0.0000	0.0000	0.0000	0.0000	0.0000	0.00	69.72	69.72	0.00	0.00	0.00	0.00	0.00	0.00	22.60	21.53	10.69	5.77	4.58	4.55	0.0000	0.0000	0.0000	0.0000	0.0000	0.0000	0.0000	0.0000	0.0000	0.0000	0.0000	0.0000	0.00	0.00
1990-08-04	Perennial Ryegrass	0.00	0.00	0.00	0.00	0.00	0.00	0	0	0.00	0.00	0.00	0.00	0.00	0.00	0.00	0.00	0.00	0.00	0.00	0.00	0.00	0.00	0.00	0.00	0.00	0.00	0.00	0.00	0.00	0.00	0.00	0.00	0.00	0.00	0.00	0.00	0.00	20.8	24.0	24.0	37.3	55.8	59.1	220.90	0.000	0.000	0.000	0.000	0.000	0.000	0.0000	0.0000	0.0000	0.0000	0.0000	0.0000	0.00	69.45	69.45	0.00	0.00	0.00	0.00	0.00	0.00	19.41	21.57	12.30	6.78	4.81	4.59	0.0000	0.0000	0.0000	0.0000	0.0000	0.0000	0.0000	0.0000	0.0000	0.0000	0.0000	0.0000	0.00	0.00
1990-08-05	Perennial Ryegrass	0.00	0.00	0.00	0.00	0.00	0.00	0	0	0.00	0.00	0.00	0.00	0.00	0.00	0.00	0.00	0.00	0.00	0.00	0.00	0.00	0.00	0.00	0.00	0.00	0.00	0.00	0.00	0.00	0.00	0.00	0.00	0.00	0.00	0.00	0.00	0.00	21.2	24.2	24.5	38.0	56.4	59.6	223.89	0.000	0.000	0.000	0.000	0.000	0.000	0.0000	0.0000	0.0000	0.0000	0.0000	0.0000	0.00	69.09	69.09	0.00	0.00	0.00	0.00	0.00	0.00	16.58	21.16	13.63	7.93	5.13	4.65	0.0000	0.0000	0.0000	0.0000	0.0000	0.0000	0.0000	0.0000	0.0000	0.0000	0.0000	0.0000	0.00	0.00
1990-08-06	Perennial Ryegrass	0.00	0.00	0.00	0.00	0.00	0.00	0	0	0.00	0.00	0.00	0.00	0.00	0.00	0.00	0.00	0.00	0.00	0.00	0.00	0.00	0.00	0.00	0.00	0.00	0.00	0.00	0.00	0.00	0.00	0.00	0.00	0.00	0.00	0.00	0.00	0.00	18.3	23.2	24.4	38.3	57.0	60.2	221.36	0.000	0.000	0.000	0.000	0.000	0.000	0.0000	0.0000	0.0000	0.0000	0.0000	0.0000	0.00	68.72	68.72	0.00	0.00	0.00	0.00	0.00	0.00	15.16	20.01	14.28	9.02	5.53	4.72	0.0000	0.0000	0.0000	0.0000	0.0000	0.0000	0.0000	0.0000	0.0000	0.0000	0.0000	0.0000	0.00	0.00
1990-08-07	Perennial Ryegrass	0.00	0.00	0.00	0.00	0.00	0.00	0	0	0.00	0.00	0.00	0.00	0.00	0.00	0.00	0.00	0.00	0.00	0.00	0.00	0.00	0.00	0.00	0.00	0.00	0.00	0.00	0.00	0.00	0.00	0.00	0.00	0.00	0.00	0.00	0.00	0.00	16.9	21.1	23.8	38.3	57.3	60.6	218.07	0.000	0.000	0.000	0.000	0.000	0.000	0.0000	0.0000	0.0000	0.0000	0.0000	0.0000	0.00	68.35	68.35	0.00	0.00	0.00	0.00	0.00	0.00	15.25	18.17	14.34	9.85	5.94	4.80	0.0000	0.0000	0.0000	0.0000	0.0000	0.0000	0.0000	0.0000	0.0000	0.0000	0.0000	0.0000	0.00	0.00
1990-08-08	Perennial Ryegrass	0.00	0.00	0.00	0.00	0.00	0.00	0	0	0.00	0.00	0.00	0.00	0.00	0.00	0.00	0.00	0.00	0.00	0.00	0.00	0.00	0.00	0.00	0.00	0.00	0.00	0.00	0.00	0.00	0.00	0.00	0.00	0.00	0.00	0.00	0.00	0.00	16.5	19.9	22.8	37.9	57.3	60.9	215.32	0.000	0.000	0.000	0.000	0.000	0.000	0.0000	0.0000	0.0000	0.0000	0.0000	0.0000	0.00	68.02	68.02	0.00	0.00	0.00	0.00	0.00	0.00	15.53	17.06	13.91	10.34	6.30	4.89	0.0000	0.0000	0.0000	0.0000	0.0000	0.0000	0.0000	0.0000	0.0000	0.0000	0.0000	0.0000	0.00	0.00
1990-08-09	Perennial Ryegrass	0.00	0.00	0.00	0.00	0.00	0.00	0	0	0.00	0.00	0.00	0.00	0.00	0.00	0.00	0.00	0.00	0.00	0.00	0.00	0.00	0.00	0.00	0.00	0.00	0.00	0.00	0.00	0.00	0.00	0.00	0.00	0.00	0.00	0.00	0.00	0.00	16.3	19.6	22.0	37.3	57.1	61.0	213.39	0.000	0.000	0.000	0.000	0.000	0.000	0.0000	0.0000	0.0000	0.0000	0.0000	0.0000	0.00	67.70	67.70	0.00	0.00	0.00	0.00	0.00	0.00	15.26	16.73	13.56	10.61	6.58	4.96	0.0000	0.0000	0.0000	0.0000	0.0000	0.0000	0.0000	0.0000	0.0000	0.0000	0.0000	0.0000	0.00	0.00
1990-08-10	Perennial Ryegrass	0.00	0.00	0.00	0.00	0.00	0.00	0	0	0.00	0.00	0.00	0.00	0.00	0.00	0.00	0.00	0.00	0.00	0.00	0.00	0.00	0.00	0.00	0.00	0.00	0.00	0.00	0.00	0.00	0.00	0.00	0.00	0.00	0.00	0.00	0.00	0.00	15.9	19.1	21.4	36.7	56.8	60.9	210.75	0.000	0.000	0.000	0.000	0.000	0.000	0.0000	0.0000	0.0000	0.0000	0.0000	0.0000	0.00	67.40	67.40	0.00	0.00	0.00	0.00	0.00	0.00	15.44	16.27	13.17	10.71	6.79	5.01	0.0000	0.0000	0.0000	0.0000	0.0000	0.0000	0.0000	0.0000	0.0000	0.0000	0.0000	0.0000	0.00	0.00
1990-08-11	Perennial Ryegrass	0.00	0.00	0.00	0.00	0.00	0.00	0	0	0.00	0.00	0.00	0.00	0.00	0.00	0.00	0.00	0.00	0.00	0.00	0.00	0.00	0.00	0.00	0.00	0.00	0.00	0.00	0.00	0.00	0.00	0.00	0.00	0.00	0.00	0.00	0.00	0.00	15.6	18.8	20.8	36.2	56.3	60.7	208.42	0.000	0.000	0.000	0.000	0.000	0.000	0.0000	0.0000	0.0000	0.0000	0.0000	0.0000	0.00	67.12	67.12	0.00	0.00	0.00	0.00	0.00	0.00	15.60	16.01	12.83	10.70	6.92	5.05	0.0000	0.0000	0.0000	0.0000	0.0000	0.0000	0.0000	0.0000	0.0000	0.0000	0.0000	0.0000	0.00	0.00
1990-08-12	Perennial Ryegrass	0.00	0.00	0.00	0.00	0.00	0.00	0	0	0.00	0.00	0.00	0.00	0.00	0.00	0.00	0.00	0.00	0.00	0.00	0.00	0.00	0.00	0.00	0.00	0.00	0.00	0.00	0.00	0.00	0.00	0.00	0.00	0.00	0.00	0.00	0.00	0.00	15.8	18.9	20.6	35.7	55.9	60.4	207.29	0.000	0.000	0.000	0.000	0.000	0.000	0.0000	0.0000	0.0000	0.0000	0.0000	0.0000	0.00	66.86	66.86	0.00	0.00	0.00	0.00	0.00	0.00	15.44	16.04	12.65	10.67	7.00	5.07	0.0000	0.0000	0.0000	0.0000	0.0000	0.0000	0.0000	0.0000	0.0000	0.0000	0.0000	0.0000	0.00	0.00
1990-08-13	Perennial Ryegrass	0.00	0.00	0.00	0.00	0.00	0.00	0	0	0.00	0.00	0.00	0.00	0.00	0.00	0.00	0.00	0.00	0.00	0.00	0.00	0.00	0.00	0.00	0.00	0.00	0.00	0.00	0.00	0.00	0.00	0.00	0.00	0.00	0.00	0.00	0.00	0.00	15.5	18.8	20.2	35.4	55.5	60.0	205.39	0.000	0.000	0.000	0.000	0.000	0.000	0.0000	0.0000	0.0000	0.0000	0.0000	0.0000	0.00	66.63	66.63	0.00	0.00	0.00	0.00	0.00	0.00	15.59	15.89	12.43	10.61	7.04	5.08	0.0000	0.0000	0.0000	0.0000	0.0000	0.0000	0.0000	0.0000	0.0000	0.0000	0.0000	0.0000	0.00	0.00
1990-08-14	Perennial Ryegrass	0.00	0.00	0.00	0.00	0.00	0.00	0	0	0.00	0.00	0.00	0.00	0.00	0.00	0.00	0.00	0.00	0.00	0.00	0.00	0.00	0.00	0.00	0.00	0.00	0.00	0.00	0.00	0.00	0.00	0.00	0.00	0.00	0.00	0.00	0.00	0.00	15.3	18.7	20.0	35.1	55.1	59.7	203.82	0.000	0.000	0.000	0.000	0.000	0.000	0.0000	0.0000	0.0000	0.0000	0.0000	0.0000	0.00	66.41	66.41	0.00	0.00	0.00	0.00	0.00	0.00	15.73	15.74	12.29	10.53	7.05	5.07	0.0000	0.0000	0.0000	0.0000	0.0000	0.0000	0.0000	0.0000	0.0000	0.0000	0.0000	0.0000	0.00	0.00
1990-08-15	Perennial Ryegrass	0.00	0.00	0.00	0.00	0.00	0.00	0	0	0.00	0.00	0.00	0.00	0.00	0.00	0.00	0.00	0.00	0.00	0.00	0.00	0.00	0.00	0.00	0.00	0.00	0.00	0.00	0.00	0.00	0.00	0.00	0.00	0.00	0.00	0.00	0.00	0.00	15.7	18.6	19.9	34.9	54.8	59.3	203.22	0.000	0.000	0.000	0.000	0.000	0.000	0.0000	0.0000	0.0000	0.0000	0.0000	0.0000	0.00	66.22	66.22	0.00	0.00	0.00	0.00	0.00	0.00	15.85	15.60	12.20	10.46	7.04	5.06	0.0000	0.0000	0.0000	0.0000	0.0000	0.0000	0.0000	0.0000	0.0000	0.0000	0.0000	0.0000	0.00	0.00
1990-08-16	Perennial Ryegrass	0.00	0.00	0.00	0.00	0.00	0.00	0	0	0.00	0.00	0.00	0.00	0.00	0.00	0.00	0.00	0.00	0.00	0.00	0.00	0.00	0.00	0.00	0.00	0.00	0.00	0.00	0.00	0.00	0.00	0.00	0.00	0.00	0.00	0.00	0.00	0.00	15.2	18.5	20.0	34.6	54.6	59.0	201.84	0.000	0.000	0.000	0.000	0.000	0.000	0.0000	0.0000	0.0000	0.0000	0.0000	0.0000	0.00	66.03	66.03	0.00	0.00	0.00	0.00	0.00	0.00	15.97	15.46	12.17	10.35	7.03	5.05	0.0000	0.0000	0.0000	0.0000	0.0000	0.0000	0.0000	0.0000	0.0000	0.0000	0.0000	0.0000	0.00	0.00
1990-08-17	Perennial Ryegrass	0.00	0.00	0.00	0.00	0.00	0.00	0	0	0.00	0.00	0.00	0.00	0.00	0.00	0.00	0.00	0.00	0.00	0.00	0.00	0.00	0.00	0.00	0.00	0.00	0.00	0.00	0.00	0.00	0.00	0.00	0.00	0.00	0.00	0.00	0.00	0.00	15.0	18.4	19.9	34.5	54.4	58.8	200.96	0.000	0.000	0.000	0.000	0.000	0.000	0.0000	0.0000	0.0000	0.0000	0.0000	0.0000	0.00	65.87	65.87	0.00	0.00	0.00	0.00	0.00	0.00	16.09	15.33	12.08	10.33	7.00	5.04	0.0000	0.0000	0.0000	0.0000	0.0000	0.0000	0.0000	0.0000	0.0000	0.0000	0.0000	0.0000	0.00	0.00
1990-08-18	Perennial Ryegrass	0.00	0.00	0.00	0.00	0.00	0.00	0	0	0.00	0.00	0.00	0.00	0.00	0.00	0.00	0.00	0.00	0.00	0.00	0.00	0.00	0.00	0.00	0.00	0.00	0.00	0.00	0.00	0.00	0.00	0.00	0.00	0.00	0.00	0.00	0.00	0.00	14.9	18.3	20.0	34.3	54.2	58.5	200.24	0.000	0.000	0.000	0.000	0.000	0.000	0.0000	0.0000	0.0000	0.0000	0.0000	0.0000	0.00	65.71	65.71	0.00	0.00	0.00	0.00	0.00	0.00	16.21	15.20	12.06	10.25	6.98	5.02	0.0000	0.0000	0.0000	0.0000	0.0000	0.0000	0.0000	0.0000	0.0000	0.0000	0.0000	0.0000	0.00	0.00
1990-08-19	Perennial Ryegrass	0.00	0.00	0.00	0.00	0.00	0.00	0	0	0.00	0.00	0.00	0.00	0.00	0.00	0.00	0.00	0.00	0.00	0.00	0.00	0.00	0.00	0.00	0.00	0.00	0.00	0.00	0.00	0.00	0.00	0.00	0.00	0.00	0.00	0.00	0.00	0.00	15.0	18.3	20.0	34.5	53.9	58.4	199.97	0.000	0.000	0.000	0.000	0.000	0.000	0.0000	0.0000	0.0000	0.0000	0.0000	0.0000	0.00	65.57	65.57	0.00	0.00	0.00	0.00	0.00	0.00	16.26	15.13	12.00	10.24	6.92	5.01	0.0000	0.0000	0.0000	0.0000	0.0000	0.0000	0.0000	0.0000	0.0000	0.0000	0.0000	0.0000	0.00	0.00
1990-08-20	Perennial Ryegrass	0.00	0.00	0.00	0.00	0.00	0.00	0	0	0.00	0.00	0.00	0.00	0.00	0.00	0.00	0.00	0.00	0.00	0.00	0.00	0.00	0.00	0.00	0.00	0.00	0.00	0.00	0.00	0.00	0.00	0.00	0.00	0.00	0.00	0.00	0.00	0.00	15.8	18.2	19.9	34.5	54.0	58.1	200.51	0.000	0.000	0.000	0.000	0.000	0.000	0.0000	0.0000	0.0000	0.0000	0.0000	0.0000	0.00	65.44	65.44	0.00	0.00	0.00	0.00	0.00	0.00	16.35	15.04	11.91	10.23	6.93	4.98	0.0000	0.0000	0.0000	0.0000	0.0000	0.0000	0.0000	0.0000	0.0000	0.0000	0.0000	0.0000	0.00	0.00
1990-08-21	Perennial Ryegrass	0.00	0.00	0.00	0.00	0.00	0.00	0	0	0.00	0.00	0.00	0.00	0.00	0.00	0.00	0.00	0.00	0.00	0.00	0.00	0.00	0.00	0.00	0.00	0.00	0.00	0.00	0.00	0.00	0.00	0.00	0.00	0.00	0.00	0.00	0.00	0.00	14.9	18.2	20.0	34.5	53.9	58.0	199.44	0.000	0.000	0.000	0.000	0.000	0.000	0.0000	0.0000	0.0000	0.0000	0.0000	0.0000	0.00	65.32	65.32	0.00	0.00	0.00	0.00	0.00	0.00	16.45	14.93	11.89	10.18	6.91	4.97	0.0000	0.0000	0.0000	0.0000	0.0000	0.0000	0.0000	0.0000	0.0000	0.0000	0.0000	0.0000	0.00	0.00
1990-08-22	Perennial Ryegrass	0.00	0.00	0.00	0.00	0.00	0.00	0	0	0.00	0.00	0.00	0.00	0.00	0.00	0.00	0.00	0.00	0.00	0.00	0.00	0.00	0.00	0.00	0.00	0.00	0.00	0.00	0.00	0.00	0.00	0.00	0.00	0.00	0.00	0.00	0.00	0.00	14.8	18.1	19.9	34.5	54.0	57.9	199.12	0.000	0.000	0.000	0.000	0.000	0.000	0.0000	0.0000	0.0000	0.0000	0.0000	0.0000	0.00	65.21	65.21	0.00	0.00	0.00	0.00	0.00	0.00	16.55	14.82	11.80	10.16	6.91	4.96	0.0000	0.0000	0.0000	0.0000	0.0000	0.0000	0.0000	0.0000	0.0000	0.0000	0.0000	0.0000	0.00	0.00
1990-08-23	Perennial Ryegrass	0.00	0.00	0.00	0.00	0.00	0.00	0	0	0.00	0.00	0.00	0.00	0.00	0.00	0.00	0.00	0.00	0.00	0.00	0.00	0.00	0.00	0.00	0.00	0.00	0.00	0.00	0.00	0.00	0.00	0.00	0.00	0.00	0.00	0.00	0.00	0.00	14.6	18.0	20.0	34.5	53.9	57.8	198.81	0.000	0.000	0.000	0.000	0.000	0.000	0.0000	0.0000	0.0000	0.0000	0.0000	0.0000	0.00	65.10	65.10	0.00	0.00	0.00	0.00	0.00	0.00	16.65	14.72	11.78	10.12	6.89	4.95	0.0000	0.0000	0.0000	0.0000	0.0000	0.0000	0.0000	0.0000	0.0000	0.0000	0.0000	0.0000	0.00	0.00
1990-08-24	Perennial Ryegrass	0.00	0.00	0.00	0.00	0.00	0.00	0	0	0.00	0.00	0.00	0.00	0.00	0.00	0.00	0.00	0.00	0.00	0.00	0.00	0.00	0.00	0.00	0.00	0.00	0.00	0.00	0.00	0.00	0.00	0.00	0.00	0.00	0.00	0.00	0.00	0.00	14.5	18.0	19.9	34.5	54.0	57.7	198.52	0.000	0.000	0.000	0.000	0.000	0.000	0.0000	0.0000	0.0000	0.0000	0.0000	0.0000	0.00	64.99	64.99	0.00	0.00	0.00	0.00	0.00	0.00	16.75	14.62	11.69	10.10	6.89	4.94	0.0000	0.0000	0.0000	0.0000	0.0000	0.0000	0.0000	0.0000	0.0000	0.0000	0.0000	0.0000	0.00	0.00
1990-08-25	Perennial Ryegrass	0.00	0.00	0.00	0.00	0.00	0.00	0	0	0.00	0.00	0.00	0.00	0.00	0.00	0.00	0.00	0.00	0.00	0.00	0.00	0.00	0.00	0.00	0.00	0.00	0.00	0.00	0.00	0.00	0.00	0.00	0.00	0.00	0.00	0.00	0.00	0.00	14.4	17.9	20.0	34.5	53.8	57.6	198.24	0.000	0.000	0.000	0.000	0.000	0.000	0.0000	0.0000	0.0000	0.0000	0.0000	0.0000	0.00	64.88	64.88	0.00	0.00	0.00	0.00	0.00	0.00	16.85	14.52	11.67	10.05	6.86	4.93	0.0000	0.0000	0.0000	0.0000	0.0000	0.0000	0.0000	0.0000	0.0000	0.0000	0.0000	0.0000	0.00	0.00
1990-08-26	Perennial Ryegrass	0.00	0.00	0.00	0.00	0.00	0.00	0	0	0.00	0.00	0.00	0.00	0.00	0.00	0.00	0.00	0.00	0.00	0.00	0.00	0.00	0.00	0.00	0.00	0.00	0.00	0.00	0.00	0.00	0.00	0.00	0.00	0.00	0.00	0.00	0.00	0.00	14.3	17.9	19.9	34.5	53.9	57.5	197.97	0.000	0.000	0.000	0.000	0.000	0.000	0.0000	0.0000	0.0000	0.0000	0.0000	0.0000	0.00	64.79	64.79	0.00	0.00	0.00	0.00	0.00	0.00	16.95	14.44	11.58	10.04	6.87	4.92	0.0000	0.0000	0.0000	0.0000	0.0000	0.0000	0.0000	0.0000	0.0000	0.0000	0.0000	0.0000	0.00	0.00
1990-08-27	Perennial Ryegrass	0.00	0.00	0.00	0.00	0.00	0.00	0	0	0.00	0.00	0.00	0.00	0.00	0.00	0.00	0.00	0.00	0.00	0.00	0.00	0.00	0.00	0.00	0.00	0.00	0.00	0.00	0.00	0.00	0.00	0.00	0.00	0.00	0.00	0.00	0.00	0.00	14.2	17.9	20.0	34.5	53.8	57.4	197.72	0.000	0.000	0.000	0.000	0.000	0.000	0.0000	0.0000	0.0000	0.0000	0.0000	0.0000	0.00	64.68	64.68	0.00	0.00	0.00	0.00	0.00	0.00	17.04	14.34	11.56	9.99	6.84	4.91	0.0000	0.0000	0.0000	0.0000	0.0000	0.0000	0.0000	0.0000	0.0000	0.0000	0.0000	0.0000	0.00	0.00
1990-08-28	Perennial Ryegrass	0.00	0.00	0.00	0.00	0.00	0.00	0	0	0.00	0.00	0.00	0.00	0.00	0.00	0.00	0.00	0.00	0.00	0.00	0.00	0.00	0.00	0.00	0.00	0.00	0.00	0.00	0.00	0.00	0.00	0.00	0.00	0.00	0.00	0.00	0.00	0.00	14.1	17.8	19.9	34.5	53.8	57.3	197.46	0.000	0.000	0.000	0.000	0.000	0.000	0.0000	0.0000	0.0000	0.0000	0.0000	0.0000	0.00	64.57	64.57	0.00	0.00	0.00	0.00	0.00	0.00	17.13	14.26	11.46	9.97	6.84	4.90	0.0000	0.0000	0.0000	0.0000	0.0000	0.0000	0.0000	0.0000	0.0000	0.0000	0.0000	0.0000	0.00	0.00
1990-08-29	Perennial Ryegrass	0.00	0.00	0.00	0.00	0.00	0.00	0	0	0.00	0.00	0.00	0.00	0.00	0.00	0.00	0.00	0.00	0.00	0.00	0.00	0.00	0.00	0.00	0.00	0.00	0.00	0.00	0.00	0.00	0.00	0.00	0.00	0.00	0.00	0.00	0.00	0.00	14.0	17.8	20.0	34.5	53.7	57.2	197.22	0.000	0.000	0.000	0.000	0.000	0.000	0.0000	0.0000	0.0000	0.0000	0.0000	0.0000	0.00	64.46	64.46	0.00	0.00	0.00	0.00	0.00	0.00	17.22	14.17	11.44	9.92	6.81	4.89	0.0000	0.0000	0.0000	0.0000	0.0000	0.0000	0.0000	0.0000	0.0000	0.0000	0.0000	0.0000	0.00	0.00
1990-08-30	Perennial Ryegrass	0.00	0.00	0.00	0.00	0.00	0.00	0	0	0.00	0.00	0.00	0.00	0.00	0.00	0.00	0.00	0.00	0.00	0.00	0.00	0.00	0.00	0.00	0.00	0.00	0.00	0.00	0.00	0.00	0.00	0.00	0.00	0.00	0.00	0.00	0.00	0.00	13.9	17.8	19.9	34.5	53.8	57.2	196.98	0.000	0.000	0.000	0.000	0.000	0.000	0.0000	0.0000	0.0000	0.0000	0.0000	0.0000	0.00	64.33	64.33	0.00	0.00	0.00	0.00	0.00	0.00	17.30	14.08	11.34	9.91	6.82	4.89	0.0000	0.0000	0.0000	0.0000	0.0000	0.0000	0.0000	0.0000	0.0000	0.0000	0.0000	0.0000	0.00	0.00
1990-08-31	Perennial Ryegrass	0.00	0.00	0.00	0.00	0.00	0.00	0	0	0.00	0.00	0.00	0.00	0.00	0.00	0.00	0.00	0.00	0.00	0.00	0.00	0.00	0.00	0.00	0.00	0.00	0.00	0.00	0.00	0.00	0.00	0.00	0.00	0.00	0.00	0.00	0.00	0.00	17.2	18.9	20.0	34.5	53.7	57.1	201.30	0.000	0.000	0.000	0.000	0.000	0.000	0.0000	0.0000	0.0000	0.0000	0.0000	0.0000	0.00	64.19	64.19	0.00	0.00	0.00	0.00	0.00	0.00	16.34	14.99	11.33	9.86	6.79	4.88	0.0000	0.0000	0.0000	0.0000	0.0000	0.0000	0.0000	0.0000	0.0000	0.0000	0.0000	0.0000	0.00	0.00
1990-09-01	Perennial Ryegrass	0.00	0.00	0.00	0.00	0.00	0.00	0	0	0.00	0.00	0.00	0.00	0.00	0.00	0.00	0.00	0.00	0.00	0.00	0.00	0.00	0.00	0.00	0.00	0.00	0.00	0.00	0.00	0.00	0.00	0.00	0.00	0.00	0.00	0.00	0.00	0.00	16.3	18.8	19.9	34.5	53.7	57.0	200.29	0.000	0.000	0.000	0.000	0.000	0.000	0.0000	0.0000	0.0000	0.0000	0.0000	0.0000	0.00	64.04	64.04	0.00	0.00	0.00	0.00	0.00	0.00	16.37	14.91	11.26	9.84	6.79	4.87	0.0000	0.0000	0.0000	0.0000	0.0000	0.0000	0.0000	0.0000	0.0000	0.0000	0.0000	0.0000	0.00	0.00
1990-09-02	Perennial Ryegrass	0.00	0.00	0.00	0.00	0.00	0.00	0	0	0.00	0.00	0.00	0.00	0.00	0.00	0.00	0.00	0.00	0.00	0.00	0.00	0.00	0.00	0.00	0.00	0.00	0.00	0.00	0.00	0.00	0.00	0.00	0.00	0.00	0.00	0.00	0.00	0.00	15.8	18.9	20.0	34.5	53.8	56.9	199.92	0.000	0.000	0.000	0.000	0.000	0.000	0.0000	0.0000	0.0000	0.0000	0.0000	0.0000	0.00	63.90	63.90	0.00	0.00	0.00	0.00	0.00	0.00	16.15	14.97	11.30	9.83	6.79	4.86	0.0000	0.0000	0.0000	0.0000	0.0000	0.0000	0.0000	0.0000	0.0000	0.0000	0.0000	0.0000	0.00	0.00
1990-09-03	Perennial Ryegrass	0.00	0.00	0.00	0.00	0.00	0.00	0	0	0.00	0.00	0.00	0.00	0.00	0.00	0.00	0.00	0.00	0.00	0.00	0.00	0.00	0.00	0.00	0.00	0.00	0.00	0.00	0.00	0.00	0.00	0.00	0.00	0.00	0.00	0.00	0.00	0.00	15.6	18.9	20.1	34.5	53.9	56.9	199.88	0.000	0.000	0.000	0.000	0.000	0.000	0.0000	0.0000	0.0000	0.0000	0.0000	0.0000	0.00	63.76	63.76	0.00	0.00	0.00	0.00	0.00	0.00	15.96	14.99	11.33	9.83	6.80	4.85	0.0000	0.0000	0.0000	0.0000	0.0000	0.0000	0.0000	0.0000	0.0000	0.0000	0.0000	0.0000	0.00	0.00
1990-09-04	Perennial Ryegrass	0.00	0.00	0.00	0.00	0.00	0.00	0	0	0.00	0.00	0.00	0.00	0.00	0.00	0.00	0.00	0.00	0.00	0.00	0.00	0.00	0.00	0.00	0.00	0.00	0.00	0.00	0.00	0.00	0.00	0.00	0.00	0.00	0.00	0.00	0.00	0.00	15.5	18.8	20.0	34.5	54.0	56.8	199.54	0.000	0.000	0.000	0.000	0.000	0.000	0.0000	0.0000	0.0000	0.0000	0.0000	0.0000	0.00	63.64	63.64	0.00	0.00	0.00	0.00	0.00	0.00	16.09	14.82	11.24	9.83	6.81	4.85	0.0000	0.0000	0.0000	0.0000	0.0000	0.0000	0.0000	0.0000	0.0000	0.0000	0.0000	0.0000	0.00	0.00
1990-09-05	Perennial Ryegrass	0.00	0.00	0.00	0.00	0.00	0.00	0	0	0.00	0.00	0.00	0.00	0.00	0.00	0.00	0.00	0.00	0.00	0.00	0.00	0.00	0.00	0.00	0.00	0.00	0.00	0.00	0.00	0.00	0.00	0.00	0.00	0.00	0.00	0.00	0.00	0.00	15.4	18.7	20.0	34.5	54.0	56.8	199.22	0.000	0.000	0.000	0.000	0.000	0.000	0.0000	0.0000	0.0000	0.0000	0.0000	0.0000	0.00	63.52	63.52	0.00	0.00	0.00	0.00	0.00	0.00	16.22	14.66	11.21	9.78	6.80	4.84	0.0000	0.0000	0.0000	0.0000	0.0000	0.0000	0.0000	0.0000	0.0000	0.0000	0.0000	0.0000	0.00	0.00
1990-09-06	Perennial Ryegrass	0.00	0.00	0.00	0.00	0.00	0.00	0	0	0.00	0.00	0.00	0.00	0.00	0.00	0.00	0.00	0.00	0.00	0.00	0.00	0.00	0.00	0.00	0.00	0.00	0.00	0.00	0.00	0.00	0.00	0.00	0.00	0.00	0.00	0.00	0.00	0.00	15.2	18.5	19.9	34.5	54.0	56.7	198.91	0.000	0.000	0.000	0.000	0.000	0.000	0.0000	0.0000	0.0000	0.0000	0.0000	0.0000	0.00	63.40	63.40	0.00	0.00	0.00	0.00	0.00	0.00	16.34	14.52	11.13	9.77	6.80	4.84	0.0000	0.0000	0.0000	0.0000	0.0000	0.0000	0.0000	0.0000	0.0000	0.0000	0.0000	0.0000	0.00	0.00
1990-09-07	Perennial Ryegrass	0.00	0.00	0.00	0.00	0.00	0.00	0	0	0.00	0.00	0.00	0.00	0.00	0.00	0.00	0.00	0.00	0.00	0.00	0.00	0.00	0.00	0.00	0.00	0.00	0.00	0.00	0.00	0.00	0.00	0.00	0.00	0.00	0.00	0.00	0.00	0.00	15.1	18.4	20.0	34.3	54.0	56.7	198.61	0.000	0.000	0.000	0.000	0.000	0.000	0.0000	0.0000	0.0000	0.0000	0.0000	0.0000	0.00	63.28	63.28	0.00	0.00	0.00	0.00	0.00	0.00	16.46	14.38	11.11	9.70	6.79	4.84	0.0000	0.0000	0.0000	0.0000	0.0000	0.0000	0.0000	0.0000	0.0000	0.0000	0.0000	0.0000	0.00	0.00
1990-09-08	Perennial Ryegrass	0.00	0.00	0.00	0.00	0.00	0.00	0	0	0.00	0.00	0.00	0.00	0.00	0.00	0.00	0.00	0.00	0.00	0.00	0.00	0.00	0.00	0.00	0.00	0.00	0.00	0.00	0.00	0.00	0.00	0.00	0.00	0.00	0.00	0.00	0.00	0.00	15.0	18.4	20.0	34.5	53.8	56.7	198.33	0.000	0.000	0.000	0.000	0.000	0.000	0.0000	0.0000	0.0000	0.0000	0.0000	0.0000	0.00	63.16	63.16	0.00	0.00	0.00	0.00	0.00	0.00	16.56	14.26	11.05	9.70	6.76	4.83	0.0000	0.0000	0.0000	0.0000	0.0000	0.0000	0.0000	0.0000	0.0000	0.0000	0.0000	0.0000	0.00	0.00
1990-09-09	Perennial Ryegrass	0.00	0.00	0.00	0.00	0.00	0.00	0	0	0.00	0.00	0.00	0.00	0.00	0.00	0.00	0.00	0.00	0.00	0.00	0.00	0.00	0.00	0.00	0.00	0.00	0.00	0.00	0.00	0.00	0.00	0.00	0.00	0.00	0.00	0.00	0.00	0.00	14.9	18.3	19.9	34.5	53.8	56.6	198.06	0.000	0.000	0.000	0.000	0.000	0.000	0.0000	0.0000	0.0000	0.0000	0.0000	0.0000	0.00	63.03	63.03	0.00	0.00	0.00	0.00	0.00	0.00	16.66	14.14	10.97	9.68	6.76	4.82	0.0000	0.0000	0.0000	0.0000	0.0000	0.0000	0.0000	0.0000	0.0000	0.0000	0.0000	0.0000	0.00	0.00
1990-09-10	Perennial Ryegrass	0.00	0.00	0.00	0.00	0.00	0.00	0	0	0.00	0.00	0.00	0.00	0.00	0.00	0.00	0.00	0.00	0.00	0.00	0.00	0.00	0.00	0.00	0.00	0.00	0.00	0.00	0.00	0.00	0.00	0.00	0.00	0.00	0.00	0.00	0.00	0.00	14.9	18.2	20.0	34.5	53.7	56.5	197.80	0.000	0.000	0.000	0.000	0.000	0.000	0.0000	0.0000	0.0000	0.0000	0.0000	0.0000	0.00	62.90	62.90	0.00	0.00	0.00	0.00	0.00	0.00	16.76	14.01	10.94	9.63	6.73	4.82	0.0000	0.0000	0.0000	0.0000	0.0000	0.0000	0.0000	0.0000	0.0000	0.0000	0.0000	0.0000	0.00	0.00
1990-09-11	Perennial Ryegrass	0.00	0.00	0.00	0.00	0.00	0.00	0	0	0.00	0.00	0.00	0.00	0.00	0.00	0.00	0.00	0.00	0.00	0.00	0.00	0.00	0.00	0.00	0.00	0.00	0.00	0.00	0.00	0.00	0.00	0.00	0.00	0.00	0.00	0.00	0.00	0.00	14.8	18.1	19.9	34.5	53.7	56.5	197.54	0.000	0.000	0.000	0.000	0.000	0.000	0.0000	0.0000	0.0000	0.0000	0.0000	0.0000	0.00	62.76	62.76	0.00	0.00	0.00	0.00	0.00	0.00	16.85	13.90	10.85	9.62	6.73	4.81	0.0000	0.0000	0.0000	0.0000	0.0000	0.0000	0.0000	0.0000	0.0000	0.0000	0.0000	0.0000	0.00	0.00
1990-09-12	Perennial Ryegrass	0.00	0.00	0.00	0.00	0.00	0.00	0	0	0.00	0.00	0.00	0.00	0.00	0.00	0.00	0.00	0.00	0.00	0.00	0.00	0.00	0.00	0.00	0.00	0.00	0.00	0.00	0.00	0.00	0.00	0.00	0.00	0.00	0.00	0.00	0.00	0.00	21.7	21.1	20.8	34.8	54.0	56.4	208.80	0.000	0.000	0.000	0.000	0.000	0.000	0.0000	0.0000	0.0000	0.0000	0.0000	0.0000	0.00	62.57	62.57	0.00	0.00	0.00	0.00	0.00	0.00	14.15	15.44	11.56	9.83	6.79	4.81	0.0000	0.0000	0.0000	0.0000	0.0000	0.0000	0.0000	0.0000	0.0000	0.0000	0.0000	0.0000	0.00	0.00
1990-09-13	Perennial Ryegrass	0.00	0.00	0.00	0.00	0.00	0.00	0	0	0.00	0.00	0.00	0.00	0.00	0.00	0.00	0.00	0.00	0.00	0.00	0.00	0.00	0.00	0.00	0.00	0.00	0.00	0.00	0.00	0.00	0.00	0.00	0.00	0.00	0.00	0.00	0.00	0.00	21.8	22.5	21.9	35.4	54.4	56.7	212.67	0.000	0.000	0.000	0.000	0.000	0.000	0.0000	0.0000	0.0000	0.0000	0.0000	0.0000	0.00	62.38	62.38	0.00	0.00	0.00	0.00	0.00	0.00	12.06	15.75	12.46	10.34	6.94	4.84	0.0000	0.0000	0.0000	0.0000	0.0000	0.0000	0.0000	0.0000	0.0000	0.0000	0.0000	0.0000	0.00	0.00
1990-09-14	Perennial Ryegrass	0.00	0.00	0.00	0.00	0.00	0.00	0	0	0.00	0.00	0.00	0.00	0.00	0.00	0.00	0.00	0.00	0.00	0.00	0.00	0.00	0.00	0.00	0.00	0.00	0.00	0.00	0.00	0.00	0.00	0.00	0.00	0.00	0.00	0.00	0.00	0.00	18.3	22.3	22.4	36.0	54.8	57.2	211.16	0.000	0.000	0.000	0.000	0.000	0.000	0.0000	0.0000	0.0000	0.0000	0.0000	0.0000	0.00	62.22	62.22	0.00	0.00	0.00	0.00	0.00	0.00	10.96	15.25	12.98	10.95	7.17	4.91	0.0000	0.0000	0.0000	0.0000	0.0000	0.0000	0.0000	0.0000	0.0000	0.0000	0.0000	0.0000	0.00	0.00
1990-09-15	Perennial Ryegrass	0.00	0.00	0.00	0.00	0.00	0.00	0	0	0.00	0.00	0.00	0.00	0.00	0.00	0.00	0.00	0.00	0.00	0.00	0.00	0.00	0.00	0.00	0.00	0.00	0.00	0.00	0.00	0.00	0.00	0.00	0.00	0.00	0.00	0.00	0.00	0.00	16.8	20.7	22.4	36.4	55.3	58.0	209.52	0.000	0.000	0.000	0.000	0.000	0.000	0.0000	0.0000	0.0000	0.0000	0.0000	0.0000	0.00	62.08	62.08	0.00	0.00	0.00	0.00	0.00	0.00	10.99	14.11	13.06	11.46	7.44	5.02	0.0000	0.0000	0.0000	0.0000	0.0000	0.0000	0.0000	0.0000	0.0000	0.0000	0.0000	0.0000	0.00	0.00
1990-09-16	Perennial Ryegrass	0.00	0.00	0.00	0.00	0.00	0.00	0	0	0.00	0.00	0.00	0.00	0.00	0.00	0.00	0.00	0.00	0.00	0.00	0.00	0.00	0.00	0.00	0.00	0.00	0.00	0.00	0.00	0.00	0.00	0.00	0.00	0.00	0.00	0.00	0.00	0.00	16.2	19.7	21.9	36.4	55.5	58.6	208.29	0.000	0.000	0.000	0.000	0.000	0.000	0.0000	0.0000	0.0000	0.0000	0.0000	0.0000	0.00	61.93	61.93	0.00	0.00	0.00	0.00	0.00	0.00	11.16	13.40	12.79	11.77	7.70	5.12	0.0000	0.0000	0.0000	0.0000	0.0000	0.0000	0.0000	0.0000	0.0000	0.0000	0.0000	0.0000	0.00	0.00
1990-09-17	Perennial Ryegrass	0.00	0.00	0.00	0.00	0.00	0.00	0	0	0.00	0.00	0.00	0.00	0.00	0.00	0.00	0.00	0.00	0.00	0.00	0.00	0.00	0.00	0.00	0.00	0.00	0.00	0.00	0.00	0.00	0.00	0.00	0.00	0.00	0.00	0.00	0.00	0.00	15.9	19.2	21.3	36.1	55.5	59.0	206.99	0.000	0.000	0.000	0.000	0.000	0.000	0.0000	0.0000	0.0000	0.0000	0.0000	0.0000	0.00	61.76	61.76	0.00	0.00	0.00	0.00	0.00	0.00	11.31	12.99	12.46	11.89	7.91	5.20	0.0000	0.0000	0.0000	0.0000	0.0000	0.0000	0.0000	0.0000	0.0000	0.0000	0.0000	0.0000	0.00	0.00
1990-09-18	Perennial Ryegrass	0.00	0.00	0.00	0.00	0.00	0.00	0	0	0.00	0.00	0.00	0.00	0.00	0.00	0.00	0.00	0.00	0.00	0.00	0.00	0.00	0.00	0.00	0.00	0.00	0.00	0.00	0.00	0.00	0.00	0.00	0.00	0.00	0.00	0.00	0.00	0.00	15.6	18.9	20.8	35.8	55.5	59.2	205.68	0.000	0.000	0.000	0.000	0.000	0.000	0.0000	0.0000	0.0000	0.0000	0.0000	0.0000	0.00	61.58	61.58	0.00	0.00	0.00	0.00	0.00	0.00	11.44	12.75	12.16	11.90	8.05	5.27	0.0000	0.0000	0.0000	0.0000	0.0000	0.0000	0.0000	0.0000	0.0000	0.0000	0.0000	0.0000	0.00	0.00
1990-09-19	Perennial Ryegrass	0.00	0.00	0.00	0.00	0.00	0.00	0	0	0.00	0.00	0.00	0.00	0.00	0.00	0.00	0.00	0.00	0.00	0.00	0.00	0.00	0.00	0.00	0.00	0.00	0.00	0.00	0.00	0.00	0.00	0.00	0.00	0.00	0.00	0.00	0.00	0.00	15.3	18.8	20.4	35.5	55.3	59.2	204.40	0.000	0.000	0.000	0.000	0.000	0.000	0.0000	0.0000	0.0000	0.0000	0.0000	0.0000	0.00	61.38	61.38	0.00	0.00	0.00	0.00	0.00	0.00	11.56	12.64	11.87	11.86	8.13	5.32	0.0000	0.0000	0.0000	0.0000	0.0000	0.0000	0.0000	0.0000	0.0000	0.0000	0.0000	0.0000	0.00	0.00
1990-09-20	Perennial Ryegrass	0.00	0.00	0.00	0.00	0.00	0.00	0	0	0.00	0.00	0.00	0.00	0.00	0.00	0.00	0.00	0.00	0.00	0.00	0.00	0.00	0.00	0.00	0.00	0.00	0.00	0.00	0.00	0.00	0.00	0.00	0.00	0.00	0.00	0.00	0.00	0.00	16.2	19.1	20.3	35.2	55.0	59.1	204.99	0.000	0.000	0.000	0.000	0.000	0.000	0.0000	0.0000	0.0000	0.0000	0.0000	0.0000	0.00	61.18	61.18	0.00	0.00	0.00	0.00	0.00	0.00	11.22	12.76	11.85	11.81	8.19	5.35	0.0000	0.0000	0.0000	0.0000	0.0000	0.0000	0.0000	0.0000	0.0000	0.0000	0.0000	0.0000	0.00	0.00
1990-09-21	Perennial Ryegrass	0.00	0.00	0.00	0.00	0.00	0.00	0	0	0.00	0.00	0.00	0.00	0.00	0.00	0.00	0.00	0.00	0.00	0.00	0.00	0.00	0.00	0.00	0.00	0.00	0.00	0.00	0.00	0.00	0.00	0.00	0.00	0.00	0.00	0.00	0.00	0.00	15.8	18.8	20.2	35.0	54.8	59.0	203.73	0.000	0.000	0.000	0.000	0.000	0.000	0.0000	0.0000	0.0000	0.0000	0.0000	0.0000	0.00	60.98	60.98	0.00	0.00	0.00	0.00	0.00	0.00	11.33	12.54	11.75	11.76	8.21	5.37	0.0000	0.0000	0.0000	0.0000	0.0000	0.0000	0.0000	0.0000	0.0000	0.0000	0.0000	0.0000	0.00	0.00
1990-09-22	Perennial Ryegrass	0.00	0.00	0.00	0.00	0.00	0.00	0	0	0.00	0.00	0.00	0.00	0.00	0.00	0.00	0.00	0.00	0.00	0.00	0.00	0.00	0.00	0.00	0.00	0.00	0.00	0.00	0.00	0.00	0.00	0.00	0.00	0.00	0.00	0.00	0.00	0.00	15.5	18.7	20.0	34.9	54.7	58.9	202.64	0.000	0.000	0.000	0.000	0.000	0.000	0.0000	0.0000	0.0000	0.0000	0.0000	0.0000	0.00	60.79	60.79	0.00	0.00	0.00	0.00	0.00	0.00	11.44	12.41	11.62	11.71	8.23	5.38	0.0000	0.0000	0.0000	0.0000	0.0000	0.0000	0.0000	0.0000	0.0000	0.0000	0.0000	0.0000	0.00	0.00
1990-09-23	Perennial Ryegrass	0.00	0.00	0.00	0.00	0.00	0.00	0	0	0.00	0.00	0.00	0.00	0.00	0.00	0.00	0.00	0.00	0.00	0.00	0.00	0.00	0.00	0.00	0.00	0.00	0.00	0.00	0.00	0.00	0.00	0.00	0.00	0.00	0.00	0.00	0.00	0.00	15.3	18.6	19.9	34.7	54.5	58.7	201.71	0.000	0.000	0.000	0.000	0.000	0.000	0.0000	0.0000	0.0000	0.0000	0.0000	0.0000	0.00	60.61	60.61	0.00	0.00	0.00	0.00	0.00	0.00	11.54	12.29	11.53	11.65	8.22	5.38	0.0000	0.0000	0.0000	0.0000	0.0000	0.0000	0.0000	0.0000	0.0000	0.0000	0.0000	0.0000	0.00	0.00
1990-09-24	Perennial Ryegrass	0.00	0.00	0.00	0.00	0.00	0.00	0	0	0.00	0.00	0.00	0.00	0.00	0.00	0.00	0.00	0.00	0.00	0.00	0.00	0.00	0.00	0.00	0.00	0.00	0.00	0.00	0.00	0.00	0.00	0.00	0.00	0.00	0.00	0.00	0.00	0.00	15.0	18.5	20.0	34.5	54.3	58.6	200.92	0.000	0.000	0.000	0.000	0.000	0.000	0.0000	0.0000	0.0000	0.0000	0.0000	0.0000	0.00	60.44	60.44	0.00	0.00	0.00	0.00	0.00	0.00	11.63	12.16	11.50	11.55	8.21	5.38	0.0000	0.0000	0.0000	0.0000	0.0000	0.0000	0.0000	0.0000	0.0000	0.0000	0.0000	0.0000	0.00	0.00
1990-09-25	Perennial Ryegrass	0.00	0.00	0.00	0.00	0.00	0.00	0	0	0.00	0.00	0.00	0.00	0.00	0.00	0.00	0.00	0.00	0.00	0.00	0.00	0.00	0.00	0.00	0.00	0.00	0.00	0.00	0.00	0.00	0.00	0.00	0.00	0.00	0.00	0.00	0.00	0.00	14.9	18.4	20.0	34.5	54.1	58.4	200.26	0.000	0.000	0.000	0.000	0.000	0.000	0.0000	0.0000	0.0000	0.0000	0.0000	0.0000	0.00	60.26	60.26	0.00	0.00	0.00	0.00	0.00	0.00	11.72	12.04	11.44	11.52	8.17	5.38	0.0000	0.0000	0.0000	0.0000	0.0000	0.0000	0.0000	0.0000	0.0000	0.0000	0.0000	0.0000	0.00	0.00
1990-09-26	Perennial Ryegrass	0.00	0.00	0.00	0.00	0.00	0.00	0	0	0.00	0.00	0.00	0.00	0.00	0.00	0.00	0.00	0.00	0.00	0.00	0.00	0.00	0.00	0.00	0.00	0.00	0.00	0.00	0.00	0.00	0.00	0.00	0.00	0.00	0.00	0.00	0.00	0.00	14.7	18.3	19.9	34.5	54.1	58.3	199.72	0.000	0.000	0.000	0.000	0.000	0.000	0.0000	0.0000	0.0000	0.0000	0.0000	0.0000	0.00	60.09	60.09	0.00	0.00	0.00	0.00	0.00	0.00	11.80	11.93	11.34	11.50	8.16	5.36	0.0000	0.0000	0.0000	0.0000	0.0000	0.0000	0.0000	0.0000	0.0000	0.0000	0.0000	0.0000	0.00	0.00
1990-09-27	Perennial Ryegrass	0.00	0.00	0.00	0.00	0.00	0.00	0	0	0.00	0.00	0.00	0.00	0.00	0.00	0.00	0.00	0.00	0.00	0.00	0.00	0.00	0.00	0.00	0.00	0.00	0.00	0.00	0.00	0.00	0.00	0.00	0.00	0.00	0.00	0.00	0.00	0.00	14.5	18.2	20.0	34.3	54.0	58.2	199.27	0.000	0.000	0.000	0.000	0.000	0.000	0.0000	0.0000	0.0000	0.0000	0.0000	0.0000	0.00	59.93	59.93	0.00	0.00	0.00	0.00	0.00	0.00	11.88	11.81	11.32	11.41	8.15	5.36	0.0000	0.0000	0.0000	0.0000	0.0000	0.0000	0.0000	0.0000	0.0000	0.0000	0.0000	0.0000	0.00	0.00
1990-09-28	Perennial Ryegrass	0.00	0.00	0.00	0.00	0.00	0.00	0	0	0.00	0.00	0.00	0.00	0.00	0.00	0.00	0.00	0.00	0.00	0.00	0.00	0.00	0.00	0.00	0.00	0.00	0.00	0.00	0.00	0.00	0.00	0.00	0.00	0.00	0.00	0.00	0.00	0.00	14.4	18.1	20.0	34.5	53.7	58.1	198.87	0.000	0.000	0.000	0.000	0.000	0.000	0.0000	0.0000	0.0000	0.0000	0.0000	0.0000	0.00	59.78	59.78	0.00	0.00	0.00	0.00	0.00	0.00	11.96	11.71	11.26	11.40	8.10	5.35	0.0000	0.0000	0.0000	0.0000	0.0000	0.0000	0.0000	0.0000	0.0000	0.0000	0.0000	0.0000	0.00	0.00
1990-09-29	Perennial Ryegrass	0.00	0.00	0.00	0.00	0.00	0.00	0	0	0.00	0.00	0.00	0.00	0.00	0.00	0.00	0.00	0.00	0.00	0.00	0.00	0.00	0.00	0.00	0.00	0.00	0.00	0.00	0.00	0.00	0.00	0.00	0.00	0.00	0.00	0.00	0.00	0.00	14.3	18.1	19.9	34.5	53.8	58.0	198.53	0.000	0.000	0.000	0.000	0.000	0.000	0.0000	0.0000	0.0000	0.0000	0.0000	0.0000	0.00	59.66	59.66	0.00	0.00	0.00	0.00	0.00	0.00	12.05	11.62	11.17	11.39	8.11	5.34	0.0000	0.0000	0.0000	0.0000	0.0000	0.0000	0.0000	0.0000	0.0000	0.0000	0.0000	0.0000	0.00	0.00
1990-09-30	Perennial Ryegrass	0.00	0.00	0.00	0.00	0.00	0.00	0	0	0.00	0.00	0.00	0.00	0.00	0.00	0.00	0.00	0.00	0.00	0.00	0.00	0.00	0.00	0.00	0.00	0.00	0.00	0.00	0.00	0.00	0.00	0.00	0.00	0.00	0.00	0.00	0.00	0.00	14.2	18.0	20.0	34.5	53.7	57.9	198.24	0.000	0.000	0.000	0.000	0.000	0.000	0.0000	0.0000	0.0000	0.0000	0.0000	0.0000	0.00	59.57	59.57	0.00	0.00	0.00	0.00	0.00	0.00	12.14	11.54	11.16	11.33	8.08	5.33	0.0000	0.0000	0.0000	0.0000	0.0000	0.0000	0.0000	0.0000	0.0000	0.0000	0.0000	0.0000	0.00	0.00
1990-10-01	Perennial Ryegrass	0.00	0.00	0.08	0.08	0.00	0.01	0	0	0.13	46.10	0.00	2.91	2.08	0.00	0.00	0.00	0.00	0.00	0.00	0.00	0.00	0.00	0.00	0.00	0.00	0.00	0.00	0.00	0.00	0.00	0.00	0.00	0.00	0.00	0.00	0.00	0.00	14.0	18.0	19.9	34.5	53.8	57.8	197.89	0.064	0.000	0.000	0.000	0.000	0.000	0.0793	0.6432	0.4646	0.9701	1.0000	1.0000	0.00	59.37	59.37	0.00	0.00	0.00	0.00	0.00	0.00	12.11	11.46	11.07	11.32	8.09	5.32	0.0000	0.0000	0.0000	0.0000	0.0000	0.0000	0.1136	0.0000	0.0000	0.0000	0.0000	0.0000	2.16	0.03
1990-10-02	Perennial Ryegrass	0.00	0.00	0.08	0.08	0.00	0.04	0	0	0.14	65.80	0.00	5.38	3.84	0.00	0.00	0.00	0.00	0.00	0.00	0.00	0.00	0.00	0.00	0.00	0.00	0.00	0.00	0.00	0.00	0.00	0.00	0.00	0.00	0.00	0.00	0.00	0.00	13.7	17.9	20.0	34.5	53.7	57.7	197.50	0.128	0.000	0.000	0.000	0.000	0.000	0.0808	0.5466	1.0000	0.9698	1.0000	1.0000	0.00	59.13	59.13	0.00	0.00	0.00	0.00	0.00	0.00	12.04	11.39	11.06	11.27	8.06	5.31	0.0000	0.0000	0.0000	0.0000	0.0000	0.0000	0.1669	0.0000	0.0000	0.0000	0.0000	0.0000	2.23	0.03
1990-10-03	Perennial Ryegrass	0.00	0.00	0.09	0.09	0.00	0.09	0	0	0.14	82.20	0.00	5.84	4.16	0.00	0.00	0.00	0.00	0.00	0.00	0.00	0.00	0.00	0.00	0.00	0.00	0.00	0.00	0.00	0.00	0.00	0.00	0.00	0.00	0.00	0.00	0.00	0.00	13.5	17.9	19.9	34.5	53.8	57.6	197.07	0.173	0.000	0.000	0.000	0.000	0.000	0.0842	0.4218	1.0000	0.9668	1.0000	1.0000	0.00	58.84	58.84	0.00	0.00	0.00	0.00	0.00	0.00	11.92	11.32	10.98	11.26	8.07	5.30	0.0000	0.0000	0.0000	0.0000	0.0000	0.0000	0.2159	0.0000	0.0000	0.0000	0.0000	0.0000	2.36	0.03
1990-10-04	Perennial Ryegrass	0.00	0.00	0.09	0.09	0.00	0.12	0	0	0.15	104.40	0.00	6.29	4.54	0.00	0.00	0.00	0.00	0.00	0.00	0.00	0.00	0.00	0.00	0.00	0.00	0.00	0.00	0.00	0.00	0.00	0.00	0.00	0.00	0.00	0.00	0.00	0.00	13.2	17.8	20.0	34.5	53.6	57.5	196.62	0.200	0.000	0.000	0.000	0.000	0.000	0.0863	0.4421	0.9870	0.9725	1.0000	1.0000	0.00	58.51	58.51	0.00	0.00	0.00	0.00	0.00	0.00	11.76	11.25	10.97	11.20	8.04	5.29	0.0000	0.0000	0.0000	0.0000	0.0000	0.0000	0.2540	0.0000	0.0000	0.0000	0.0000	0.0000	2.49	0.03
1990-10-05	Perennial Ryegrass	0.00	0.03	0.10	0.10	0.00	0.14	0	0	0.16	123.74	0.00	7.14	5.10	0.00	0.00	0.00	0.00	0.00	0.00	0.00	0.00	0.00	0.00	0.00	0.00	0.00	0.00	0.00	0.00	0.00	0.00	0.00	0.00	0.00	0.00	0.00	0.00	15.7	18.5	19.9	34.5	53.7	57.4	199.65	0.224	0.015	0.000	0.000	0.000	0.000	0.0896	0.8137	1.0000	0.9798	1.0000	1.0000	0.00	58.22	58.22	0.00	0.00	0.00	0.00	0.00	0.00	11.18	11.63	10.89	11.19	8.04	5.28	0.0000	0.0000	0.0000	0.0000	0.0000	0.0000	0.2072	0.0000	0.0000	0.0000	0.0000	0.0000	2.58	0.03
1990-10-06	Perennial Ryegrass	0.00	0.03	0.10	0.10	0.00	0.15	0	0	0.17	140.78	0.00	10.10	7.21	0.00	0.00	0.00	0.00	0.00	0.00	0.00	0.00	0.00	0.00	0.00	0.00	0.00	0.00	0.00	0.00	0.00	0.00	0.00	0.00	0.00	0.00	0.00	0.00	15.2	18.3	20.0	34.5	53.6	57.3	199.01	0.198	0.046	0.000	0.000	0.000	0.000	0.0950	0.7925	1.0000	0.9792	1.0000	1.0000	0.00	57.91	57.91	0.00	0.00	0.00	0.00	0.00	0.00	11.05	11.53	10.88	11.14	8.02	5.28	0.0000	0.0000	0.0000	0.0000	0.0000	0.0000	0.2303	0.0043	0.0000	0.0000	0.0000	0.0000	2.77	0.03
1990-10-07	Perennial Ryegrass	0.00	0.03	0.11	0.11	0.00	0.17	0	0	0.18	156.41	0.00	13.72	9.79	0.00	0.00	0.00	0.00	0.00	0.00	0.00	0.00	0.00	0.00	0.00	0.00	0.00	0.00	0.00	0.00	0.00	0.00	0.00	0.00	0.00	0.00	0.00	0.00	14.8	18.2	19.9	34.5	53.7	57.2	198.29	0.246	0.102	0.000	0.000	0.000	0.000	0.1012	0.8114	1.0000	0.9788	1.0000	1.0000	0.00	57.55	57.56	0.00	0.00	0.00	0.00	0.00	0.00	10.89	11.43	10.80	11.13	8.03	5.27	0.0000	0.0000	0.0000	0.0000	0.0000	0.0000	0.2691	0.0098	0.0000	0.0000	0.0000	0.0000	3.03	0.03
1990-10-08	Perennial Ryegrass	0.00	0.06	0.12	0.12	0.00	0.20	0	0	0.19	170.32	0.00	10.86	7.74	0.00	0.00	0.00	0.00	0.00	0.00	0.00	0.00	0.00	0.00	0.00	0.00	0.00	0.00	0.00	0.00	0.00	0.00	0.00	0.00	0.00	0.00	0.00	0.00	19.2	20.2	20.5	34.7	53.9	57.1	205.60	0.183	0.111	0.000	0.000	0.000	0.000	0.1084	1.0000	1.0000	0.9775	1.0000	1.0000	0.00	57.25	57.25	0.00	0.00	0.00	0.00	0.00	0.00	9.34	12.19	11.14	11.24	8.07	5.26	0.0000	0.0000	0.0000	0.0000	0.0000	0.0000	0.1941	0.0179	0.0000	0.0000	0.0000	0.0000	3.26	0.03
1990-10-09	Perennial Ryegrass	0.00	0.07	0.12	0.12	0.00	0.21	0	0	0.21	188.92	0.00	11.24	8.01	0.00	0.00	0.00	0.00	0.00	0.00	0.00	0.00	0.00	0.00	0.00	0.00	0.00	0.00	0.00	0.00	0.00	0.00	0.00	0.00	0.00	0.00	0.00	0.00	16.6	19.8	20.8	34.9	54.1	57.2	203.44	0.161	0.088	0.000	0.000	0.000	0.000	0.1155	1.0000	1.0000	0.9781	1.0000	1.0000	0.00	56.87	56.88	0.00	0.00	0.00	0.00	0.00	0.00	8.82	11.85	11.34	11.43	8.15	5.27	0.0000	0.0000	0.0000	0.0000	0.0000	0.0000	0.2694	0.0355	0.0000	0.0000	0.0000	0.0000	3.47	0.03
1990-10-10	Perennial Ryegrass	0.00	0.10	0.13	0.13	0.00	0.24	0	0	0.22	203.87	0.00	12.08	8.61	0.00	0.00	0.00	0.00	0.00	0.00	0.00	0.00	0.00	0.00	0.00	0.00	0.00	0.00	0.00	0.00	0.00	0.00	0.00	0.00	0.00	0.00	0.00	0.00	17.9	20.9	21.3	35.3	54.4	57.5	207.32	0.190	0.176	0.000	0.000	0.000	0.000	0.1237	0.5850	1.0000	0.9786	1.0000	1.0000	0.00	56.55	56.55	0.00	0.00	0.00	0.00	0.00	0.00	7.62	11.97	11.64	11.72	8.29	5.31	0.0000	0.0000	0.0000	0.0000	0.0000	0.0000	0.1950	0.0452	0.0000	0.0000	0.0000	0.0000	3.79	0.03
1990-10-11	Perennial Ryegrass	0.00	0.10	0.14	0.14	0.00	0.26	0	0	0.23	223.18	0.00	16.15	11.51	0.00	0.00	0.00	0.00	0.00	0.00	0.00	0.00	0.00	0.00	0.00	0.00	0.00	0.00	0.00	0.00	0.00	0.00	0.00	0.00	0.00	0.00	0.00	0.00	15.8	20.2	21.6	35.6	54.7	57.9	205.79	0.234	0.235	0.008	0.000	0.000	0.000	0.1297	0.8397	1.0000	0.9854	1.0000	1.0000	0.00	56.17	56.17	0.00	0.00	0.00	0.00	0.00	0.00	7.17	11.35	11.77	12.04	8.46	5.38	0.0000	0.0000	0.0000	0.0000	0.0000	0.0000	0.2337	0.0674	0.0000	0.0000	0.0000	0.0000	4.02	0.03
1990-10-12	Perennial Ryegrass	0.00	0.10	0.15	0.15	0.00	0.27	0	0	0.25	239.23	0.00	13.14	9.36	0.00	0.00	0.00	0.00	0.00	0.00	0.00	0.00	0.00	0.00	0.00	0.00	0.00	0.00	0.00	0.00	0.00	0.00	0.00	0.00	0.00	0.00	0.00	0.00	15.1	19.2	21.2	35.7	54.9	58.3	204.32	0.175	0.218	0.053	0.000	0.000	0.000	0.1394	1.0000	1.0000	0.9844	1.0000	1.0000	0.00	55.82	55.82	0.00	0.00	0.00	0.00	0.00	0.00	7.16	10.79	11.57	12.21	8.63	5.45	0.0000	0.0000	0.0000	0.0000	0.0000	0.0000	0.1832	0.0758	0.0010	0.0000	0.0000	0.0000	4.31	0.03
1990-10-13	Perennial Ryegrass	0.00	0.10	0.16	0.16	0.00	0.29	0	0	0.27	252.42	0.00	15.92	11.34	0.00	0.00	0.00	0.00	0.00	0.00	0.00	0.00	0.00	0.00	0.00	0.00	0.00	0.00	0.00	0.00	0.00	0.00	0.00	0.00	0.00	0.00	0.00	0.00	14.6	18.7	20.7	35.5	54.9	58.5	202.85	0.172	0.209	0.095	0.000	0.000	0.000	0.1486	0.5962	1.0000	0.9822	1.0000	0.9223	0.01	55.47	55.48	0.00	0.00	0.00	0.00	0.00	0.01	7.13	10.51	11.32	12.24	8.76	5.52	0.0000	0.0000	0.0000	0.0000	0.0000	0.0000	0.1770	0.0722	0.0019	0.0000	0.0000	0.0000	4.71	0.03
1990-10-14	Perennial Ryegrass	0.00	0.10	0.16	0.16	0.00	0.33	0	0	0.28	264.19	0.00	15.63	11.13	0.00	0.00	0.00	0.00	0.00	0.00	0.00	0.00	0.00	0.00	0.00	0.00	0.00	0.00	0.00	0.00	0.00	0.00	0.00	0.00	0.00	0.00	0.00	0.00	14.1	18.4	20.2	35.3	54.9	58.7	201.39	0.158	0.195	0.121	0.000	0.000	0.000	0.1559	0.5344	1.0000	0.9800	1.0000	0.9113	0.01	55.12	55.13	0.00	0.00	0.00	0.00	0.00	0.01	7.08	10.35	11.08	12.20	8.84	5.57	0.0000	0.0000	0.0000	0.0000	0.0000	0.0000	0.1690	0.0759	0.0030	0.0000	0.0000	0.0000	5.06	0.03
1990-10-15	Perennial Ryegrass	0.00	0.11	0.17	0.17	0.00	0.35	0	0	0.29	281.80	0.00	8.28	5.90	0.00	0.00	0.00	0.00	0.00	0.00	0.00	0.00	0.00	0.00	0.00	0.00	0.00	0.00	0.00	0.00	0.00	0.00	0.00	0.00	0.00	0.00	0.00	0.00	13.7	18.2	19.9	35.0	54.7	58.7	200.15	0.095	0.125	0.092	0.000	0.000	0.000	0.1623	0.3735	1.0000	0.9848	1.0000	1.0000	0.01	54.79	54.80	0.00	0.00	0.00	0.00	0.00	0.01	7.05	10.20	10.96	12.10	8.88	5.60	0.0001	0.0000	0.0000	0.0000	0.0000	0.0000	0.1418	0.0815	0.0041	0.0000	0.0000	0.0000	5.30	0.03
1990-10-16	Perennial Ryegrass	0.00	0.11	0.18	0.18	0.00	0.37	0	0	0.30	299.55	0.00	18.44	13.13	0.00	0.00	0.00	0.00	0.00	0.00	0.00	0.00	0.00	0.00	0.00	0.00	0.00	0.00	0.00	0.00	0.00	0.00	0.00	0.00	0.00	0.00	0.00	0.00	13.3	17.9	19.8	34.6	54.5	58.6	198.78	0.141	0.196	0.183	0.000	0.000	0.000	0.1669	0.6991	1.0000	0.9879	1.0000	0.7627	0.01	54.45	54.46	0.01	0.00	0.00	0.00	0.00	0.01	7.00	10.04	10.96	11.95	8.88	5.62	0.0001	0.0000	0.0000	0.0000	0.0000	0.0000	0.1566	0.0835	0.0049	0.0000	0.0000	0.0000	5.53	0.03
1990-10-17	Perennial Ryegrass	0.00	0.11	0.18	0.18	0.00	0.38	0	0	0.32	318.25	0.00	12.98	9.23	0.00	0.00	0.00	0.00	0.00	0.00	0.00	0.00	0.00	0.00	0.00	0.00	0.00	0.00	0.00	0.00	0.00	0.00	0.00	0.00	0.00	0.00	0.00	0.00	13.0	17.6	19.7	34.3	54.3	58.5	197.53	0.124	0.182	0.216	0.000	0.000	0.000	0.1763	0.4079	1.0000	0.9902	1.0000	1.0000	0.02	54.12	54.13	0.01	0.00	0.00	0.00	0.00	0.01	6.95	9.89	10.96	11.84	8.86	5.62	0.0002	0.0000	0.0000	0.0000	0.0000	0.0000	0.1483	0.0922	0.0077	0.0000	0.0000	0.0000	5.91	0.03
1990-10-18	Perennial Ryegrass	0.00	0.12	0.19	0.19	0.00	0.41	0	0	0.33	334.77	0.00	19.23	13.68	0.00	0.00	0.00	0.00	0.00	0.00	0.00	0.00	0.00	0.00	0.00	0.00	0.00	0.00	0.00	0.00	0.00	0.00	0.00	0.00	0.00	0.00	0.00	0.00	12.6	17.4	19.6	34.3	53.9	58.4	196.16	0.152	0.237	0.293	0.063	0.000	0.000	0.1825	0.5867	1.0000	0.9919	1.0000	0.7723	0.02	53.77	53.79	0.01	0.00	0.00	0.00	0.00	0.01	6.88	9.74	10.95	11.81	8.78	5.62	0.0003	0.0000	0.0000	0.0000	0.0000	0.0000	0.1586	0.0963	0.0100	0.0000	0.0000	0.0000	6.23	0.03
1990-10-19	Perennial Ryegrass	0.00	0.18	0.20	0.20	0.00	0.42	0	0	0.35	350.41	0.00	7.98	5.67	0.00	0.00	0.00	0.00	0.00	0.00	0.00	0.00	0.00	0.00	0.00	0.00	0.00	0.00	0.00	0.00	0.00	0.00	0.00	0.00	0.00	0.00	0.00	0.00	24.6	21.3	20.5	34.6	54.0	58.2	213.14	0.118	0.197	0.251	0.106	0.000	0.000	0.1912	1.0000	1.0000	0.9910	1.0000	1.0000	0.02	53.42	53.45	0.02	0.00	0.00	0.00	0.00	0.01	5.48	10.08	11.42	12.01	8.82	5.60	0.0003	0.0000	0.0000	0.0000	0.0000	0.0000	0.1136	0.1079	0.0137	0.0009	0.0000	0.0000	6.46	0.03
1990-10-20	Perennial Ryegrass	0.00	0.18	0.21	0.21	0.00	0.44	0	0	0.37	361.97	0.00	27.93	19.86	0.00	0.00	0.00	0.00	0.00	0.00	0.00	0.00	0.00	0.00	0.00	0.00	0.00	0.00	0.00	0.00	0.00	0.00	0.00	0.00	0.00	0.00	0.00	0.00	19.7	22.3	21.5	35.1	54.3	58.3	211.22	0.303	0.172	0.134	0.072	0.000	0.000	0.1982	0.9805	1.0000	0.9870	1.0000	1.0000	0.03	52.73	52.75	0.02	0.00	0.00	0.00	0.00	0.01	4.26	9.67	11.78	12.44	8.96	5.62	0.0021	0.0000	0.0000	0.0000	0.0000	0.0000	0.4714	0.1084	0.0193	0.0016	0.0000	0.0000	6.84	0.03
1990-10-21	Perennial Ryegrass	0.00	0.22	0.22	0.22	0.00	0.46	0	0	0.40	374.21	0.00	20.89	14.85	0.00	0.00	0.00	0.00	0.00	0.00	0.00	0.00	0.00	0.00	0.00	0.00	0.00	0.00	0.00	0.00	0.00	0.00	0.00	0.00	0.00	0.00	0.00	0.00	22.3	23.7	22.7	36.0	54.8	58.5	218.00	0.154	0.147	0.119	0.071	0.000	0.000	0.2116	1.0000	1.0000	0.9833	1.0000	0.9056	0.03	52.26	52.30	0.02	0.00	0.00	0.00	0.00	0.01	3.34	9.00	11.96	13.05	9.24	5.68	0.0014	0.0000	0.0000	0.0000	0.0000	0.0000	0.2067	0.0983	0.0339	0.0049	0.0000	0.0000	7.32	0.03
1990-10-22	Perennial Ryegrass	0.00	0.22	0.24	0.24	0.00	0.49	0	0	0.42	386.18	0.00	29.43	20.93	0.00	0.00	0.00	0.00	0.00	0.00	0.00	0.00	0.00	0.00	0.00	0.00	0.00	0.00	0.00	0.00	0.00	0.00	0.00	0.00	0.00	0.00	0.00	0.00	17.9	22.8	23.1	36.6	55.3	58.8	214.56	0.294	0.256	0.209	0.136	0.000	0.000	0.2237	0.8056	1.0000	0.9803	1.0000	0.7127	0.04	51.67	51.70	0.03	0.00	0.00	0.00	0.00	0.01	2.75	8.16	11.75	13.60	9.62	5.78	0.0027	0.0000	0.0000	0.0000	0.0000	0.0000	0.2689	0.1392	0.0516	0.0088	0.0000	0.0000	7.96	0.03
1990-10-23	Perennial Ryegrass	0.00	0.22	0.25	0.25	0.00	0.50	0	0	0.45	404.00	0.00	23.14	16.46	0.00	0.00	0.00	0.00	0.00	0.00	0.00	0.00	0.00	0.00	0.00	0.00	0.00	0.00	0.00	0.00	0.00	0.00	0.00	0.00	0.00	0.00	0.00	0.00	16.9	21.0	22.7	36.7	55.8	59.2	212.20	0.150	0.187	0.172	0.131	0.000	0.000	0.2352	0.8944	1.0000	0.9827	1.0000	0.7510	0.04	51.19	51.23	0.03	0.00	0.00	0.00	0.00	0.01	2.69	7.36	11.31	13.92	10.01	5.91	0.0018	0.0000	0.0000	0.0000	0.0000	0.0000	0.1470	0.1083	0.0676	0.0156	0.0000	0.0000	8.39	0.02
1990-10-24	Perennial Ryegrass	0.00	0.21	0.26	0.26	0.00	0.52	0	0	0.46	420.59	0.00	22.39	15.92	0.00	0.00	0.00	0.00	0.00	0.00	0.00	0.00	0.00	0.00	0.00	0.00	0.00	0.00	0.00	0.00	0.00	0.00	0.00	0.00	0.00	0.00	0.00	0.00	16.4	19.6	21.9	36.5	55.9	59.5	209.76	0.166	0.193	0.211	0.205	0.000	0.000	0.2483	0.4629	1.0000	0.9849	1.0000	0.8157	0.05	50.71	50.76	0.04	0.00	0.00	0.00	0.00	0.01	2.68	6.84	10.81	14.01	10.32	6.04	0.0020	0.0000	0.0000	0.0000	0.0000	0.0000	0.1343	0.0978	0.0718	0.0222	0.0000	0.0000	9.01	0.02
1990-10-25	Perennial Ryegrass	0.00	0.21	0.27	0.27	0.00	0.55	1	0	0.48	436.02	0.00	24.58	17.48	0.00	0.00	0.00	0.00	0.00	0.00	0.00	0.00	0.00	0.00	0.00	0.00	0.00	0.00	0.00	0.00	0.00	0.00	0.00	0.00	0.00	0.00	0.00	0.00	15.8	18.8	20.9	35.8	55.8	59.6	206.80	0.275	0.286	0.340	0.416	0.000	0.000	0.2572	0.5523	1.0000	0.9869	1.0000	0.7172	0.06	50.17	50.23	0.05	0.00	0.00	0.00	0.00	0.01	2.63	6.52	10.39	13.95	10.52	6.16	0.0025	0.0000	0.0000	0.0000	0.0000	0.0000	0.1426	0.1346	0.0690	0.0285	0.0000	0.0000	9.51	0.02
1990-10-26	Perennial Ryegrass	0.00	0.21	0.28	0.28	0.00	0.58	1	0	0.50	453.23	0.00	21.14	15.03	0.00	0.00	0.00	0.00	0.00	0.00	0.00	0.00	0.00	0.00	0.00	0.00	0.00	0.00	0.00	0.00	0.00	0.00	0.00	0.00	0.00	0.00	0.00	0.00	15.3	18.6	20.2	35.1	55.5	59.6	204.30	0.192	0.194	0.231	0.343	0.000	0.000	0.2667	0.4153	1.0000	0.9905	1.0000	0.8457	0.07	49.69	49.76	0.05	0.00	0.00	0.00	0.00	0.01	2.59	6.40	10.06	13.83	10.58	6.24	0.0027	0.0000	0.0000	0.0000	0.0000	0.0000	0.1251	0.0944	0.0647	0.0349	0.0000	0.0000	10.00	0.02
1990-10-27	Perennial Ryegrass	0.00	0.21	0.28	0.29	0.00	0.60	1	0	0.52	474.78	0.00	22.65	16.10	0.00	0.00	0.00	0.00	0.00	0.00	0.00	0.00	0.00	0.00	0.00	0.00	0.00	0.00	0.00	0.00	0.00	0.00	0.00	0.00	0.00	0.00	0.00	0.00	14.9	18.3	19.8	34.5	55.1	59.4	201.87	0.204	0.214	0.238	0.416	0.006	0.000	0.2751	0.4422	1.0000	0.9945	1.0000	0.8154	0.08	49.23	49.31	0.06	0.00	0.00	0.00	0.00	0.01	2.55	6.26	9.89	13.70	10.56	6.28	0.0031	0.0000	0.0000	0.0000	0.0000	0.0000	0.1209	0.1025	0.0618	0.0404	0.0000	0.0000	10.43	0.02
1990-10-28	Perennial Ryegrass	0.00	0.22	0.29	0.30	0.00	0.61	1	0	0.54	498.72	0.00	24.26	17.24	0.00	0.00	0.00	0.00	0.00	0.00	0.00	0.00	0.00	0.00	0.00	0.00	0.00	0.00	0.00	0.00	0.00	0.00	0.00	0.00	0.00	0.00	0.00	0.00	14.4	17.9	19.6	33.7	54.6	59.1	199.34	0.251	0.271	0.297	0.530	0.062	0.000	0.2846	0.4469	1.0000	0.9971	1.0000	0.8461	0.09	48.75	48.84	0.07	0.00	0.00	0.00	0.00	0.01	2.51	6.09	9.86	13.54	10.48	6.28	0.0037	0.0000	0.0000	0.0000	0.0000	0.0000	0.1221	0.1295	0.0641	0.0463	0.0005	0.0000	10.93	0.02
1990-10-29	Perennial Ryegrass	0.00	0.22	0.31	0.31	0.00	0.62	1	0	0.57	523.81	0.00	27.66	19.65	0.00	0.00	0.00	0.00	0.00	0.00	0.00	0.00	0.00	0.00	0.00	0.00	0.00	0.00	0.00	0.00	0.00	0.00	0.00	0.00	0.00	0.00	0.00	0.00	13.9	17.5	19.4	33.3	53.8	58.8	196.65	0.293	0.327	0.375	0.642	0.154	0.000	0.2945	0.5331	1.0000	0.9985	1.0000	0.8018	0.10	48.25	48.35	0.08	0.00	0.00	0.00	0.00	0.02	2.46	5.89	9.80	13.47	10.36	6.27	0.0043	0.0000	0.0000	0.0000	0.0000	0.0000	0.1231	0.1618	0.0704	0.0524	0.0014	0.0000	11.45	0.02
1990-10-30	Perennial Ryegrass	0.00	0.22	0.32	0.32	0.00	0.62	1	0	0.59	551.42	0.00	25.43	18.06	0.00	0.00	0.00	0.00	0.00	0.00	0.00	0.00	0.00	0.00	0.00	0.00	0.00	0.00	0.00	0.00	0.00	0.00	0.00	0.00	0.00	0.00	0.00	0.00	13.4	17.1	19.1	32.8	53.4	58.3	194.14	0.272	0.316	0.375	0.645	0.234	0.000	0.3060	0.4539	1.0000	0.9993	1.0000	0.9041	0.12	47.78	47.90	0.09	0.00	0.00	0.00	0.01	0.02	2.43	5.70	9.72	13.38	10.31	6.22	0.0046	0.0000	0.0000	0.0000	0.0000	0.0000	0.1151	0.1547	0.0756	0.0615	0.0029	0.0000	12.04	0.02
1990-10-31	Perennial Ryegrass	0.00	0.22	0.33	0.33	0.00	0.63	1	0	0.62	577.26	0.00	21.18	15.04	0.00	0.00	0.00	0.00	0.00	0.00	0.00	0.00	0.00	0.00	0.00	0.00	0.00	0.00	0.00	0.00	0.00	0.00	0.00	0.00	0.00	0.00	0.00	0.00	13.0	16.9	18.9	32.5	53.0	58.1	192.39	0.170	0.207	0.252	0.439	0.223	0.000	0.3162	0.5235	1.0000	0.9996	1.0000	0.9538	0.12	47.41	47.53	0.10	0.00	0.00	0.00	0.01	0.02	2.42	5.58	9.64	13.30	10.27	6.20	0.0040	0.0000	0.0000	0.0000	0.0000	0.0000	0.0950	0.0971	0.0793	0.0697	0.0049	0.0000	12.49	0.02
1990-11-01	Perennial Ryegrass	0.00	0.22	0.34	0.34	0.00	0.63	1	0	0.64	603.92	0.00	26.50	18.81	0.00	0.00	0.00	0.00	0.00	0.00	0.00	0.00	0.00	0.00	0.00	0.00	0.00	0.00	0.00	0.00	0.00	0.00	0.00	0.00	0.00	0.00	0.00	0.00	12.6	16.6	18.6	32.1	52.5	57.9	190.47	0.184	0.237	0.296	0.519	0.332	0.000	0.3265	0.5459	1.0000	0.9997	1.0000	0.6586	0.13	47.03	47.16	0.10	0.00	0.00	0.00	0.01	0.02	2.41	5.45	9.56	13.21	10.22	6.19	0.0041	0.0000	0.0000	0.0000	0.0000	0.0000	0.0937	0.1103	0.0828	0.0775	0.0069	0.0000	13.05	0.02
1990-11-02	Perennial Ryegrass	0.00	0.22	0.35	0.35	0.00	0.64	1	0	0.66	626.15	0.00	25.43	18.05	0.00	0.00	0.00	0.00	0.00	0.00	0.00	0.00	0.00	0.00	0.00	0.00	0.00	0.00	0.00	0.00	0.00	0.00	0.00	0.00	0.00	0.00	0.00	0.00	9.3	16.4	18.4	31.8	52.1	57.8	185.74	0.148	0.203	0.260	0.460	0.357	0.000	0.3366	0.5198	1.0000	0.9998	1.0000	0.6475	0.13	46.63	46.75	0.10	0.00	0.00	0.00	0.01	0.02	2.36	5.33	9.47	13.11	10.18	6.18	0.0036	0.0000	0.0000	0.0000	0.0000	0.0000	0.0838	0.0944	0.0870	0.0873	0.0100	0.0000	13.61	0.02
1990-11-03	Perennial Ryegrass	0.00	0.23	0.36	0.36	0.00	0.65	1	0	0.69	647.30	0.00	23.60	16.75	0.00	0.00	0.00	0.00	0.00	0.00	0.00	0.00	0.00	0.00	0.00	0.00	0.00	0.00	0.00	0.00	0.00	0.00	0.00	0.00	0.00	0.00	0.00	0.00	7.9	16.1	18.2	31.3	51.5	57.7	182.57	0.000	0.236	0.311	0.556	0.495	0.000	0.3463	0.8852	1.0000	0.9998	1.0000	0.4682	0.13	46.26	46.39	0.10	0.00	0.00	0.00	0.01	0.02	2.38	5.20	9.38	13.00	10.13	6.17	0.0012	0.0000	0.0000	0.0000	0.0000	0.0000	0.0273	0.1093	0.0906	0.0967	0.0133	0.0000	14.07	0.02
1990-11-04	Perennial Ryegrass	0.00	0.27	0.37	0.37	0.00	0.66	1	0	0.71	650.00	0.00	24.54	17.40	0.00	0.00	0.00	0.00	0.00	0.00	0.00	0.00	0.00	0.00	0.00	0.00	0.00	0.00	0.00	0.00	0.00	0.00	0.00	0.00	0.00	0.00	0.00	0.00	18.0	18.5	18.0	31.0	50.9	57.5	193.89	0.000	0.196	0.266	0.483	0.484	0.000	0.3571	0.5905	1.0000	0.9998	1.0000	0.5604	0.15	45.91	46.06	0.11	0.00	0.00	0.00	0.01	0.02	2.13	5.35	9.32	12.87	10.09	6.16	0.0008	0.0000	0.0000	0.0000	0.0000	0.0000	0.0151	0.0956	0.1040	0.1228	0.0223	0.0000	14.64	0.02
1990-11-05	Perennial Ryegrass	0.00	0.26	0.38	0.38	0.00	0.67	1	0	0.75	650.00	0.00	37.45	26.55	0.00	0.00	0.00	0.00	0.00	0.00	0.00	0.00	0.00	0.00	0.00	0.00	0.00	0.00	0.00	0.00	0.00	0.00	0.00	0.00	0.00	0.00	0.00	0.00	14.4	18.4	18.0	30.7	50.5	57.4	189.40	0.350	0.240	0.177	0.318	0.323	0.000	0.3666	0.5464	1.0000	0.9998	1.0000	0.7956	0.15	45.32	45.48	0.12	0.00	0.00	0.00	0.01	0.02	2.00	5.19	9.24	12.71	10.03	6.15	0.0116	0.0000	0.0000	0.0000	0.0000	0.0000	0.1873	0.1179	0.1195	0.1485	0.0319	0.0000	15.26	0.02
1990-11-06	Perennial Ryegrass	0.00	0.24	0.39	0.39	0.00	0.68	1	0	0.78	650.00	0.00	37.16	26.35	0.00	0.00	0.00	0.00	0.00	0.00	0.00	0.00	0.00	0.00	0.00	0.00	0.00	0.00	0.00	0.00	0.00	0.00	0.00	0.00	0.00	0.00	0.00	0.00	11.5	17.8	17.8	30.3	50.0	57.3	184.66	0.307	0.375	0.280	0.494	0.501	0.000	0.3802	0.6027	1.0000	0.9998	1.0000	0.7770	0.15	44.74	44.89	0.11	0.00	0.00	0.00	0.02	0.02	1.97	4.97	9.14	12.55	9.98	6.14	0.0066	0.0000	0.0000	0.0000	0.0001	0.0000	0.1159	0.1564	0.1285	0.1620	0.0371	0.0000	16.02	0.02
1990-11-07	Perennial Ryegrass	0.00	0.24	0.41	0.41	0.00	0.69	1	0	0.82	650.00	0.00	31.70	22.48	0.00	0.00	0.00	0.00	0.00	0.00	0.00	0.00	0.00	0.00	0.00	0.00	0.00	0.00	0.00	0.00	0.00	0.00	0.00	0.00	0.00	0.00	0.00	0.00	9.4	17.3	17.6	30.0	49.5	57.1	180.95	0.100	0.318	0.255	0.448	0.456	0.000	0.3943	0.5857	1.0000	0.9999	1.0000	0.8763	0.15	44.19	44.34	0.11	0.00	0.00	0.00	0.02	0.02	1.96	4.78	9.04	12.37	9.92	6.12	0.0032	0.0000	0.0000	0.0000	0.0001	0.0000	0.0570	0.1342	0.1327	0.1704	0.0413	0.0000	16.72	0.02
1990-11-08	Perennial Ryegrass	0.00	0.23	0.42	0.42	0.00	0.70	1	0	0.84	650.00	0.00	24.68	17.49	0.00	0.00	0.00	0.00	0.00	0.00	0.00	0.00	0.00	0.00	0.00	0.00	0.00	0.00	0.00	0.00	0.00	0.00	0.00	0.00	0.00	0.00	0.00	0.00	8.5	16.8	17.4	29.6	49.0	57.0	178.38	0.000	0.300	0.255	0.449	0.459	0.000	0.4075	0.4520	1.0000	0.9999	1.0000	1.0000	0.15	43.68	43.82	0.10	0.00	0.00	0.00	0.02	0.02	1.98	4.61	8.92	12.19	9.87	6.11	0.0015	0.0000	0.0000	0.0000	0.0001	0.0000	0.0264	0.1249	0.1351	0.1767	0.0449	0.0000	17.39	0.02
1990-11-09	Perennial Ryegrass	0.00	0.23	0.43	0.43	0.00	0.70	1	0	0.88	650.00	0.00	34.37	24.35	0.00	0.00	0.00	0.00	0.00	0.00	0.00	0.00	0.00	0.00	0.00	0.00	0.00	0.00	0.00	0.00	0.00	0.00	0.00	0.00	0.00	0.00	0.00	0.00	9.5	16.5	17.2	29.3	48.6	56.9	177.87	0.000	0.268	0.241	0.427	0.441	0.000	0.4174	0.9409	1.0000	0.9999	1.0000	0.6227	0.15	43.15	43.30	0.10	0.00	0.00	0.00	0.02	0.02	1.99	4.47	8.79	12.00	9.80	6.10	0.0011	0.0000	0.0000	0.0000	0.0001	0.0000	0.0196	0.1127	0.1435	0.1934	0.0522	0.0000	17.89	0.02
1990-11-10	Perennial Ryegrass	0.00	0.24	0.44	0.45	0.00	0.71	1	0	0.92	650.00	0.00	35.57	25.20	0.00	0.00	0.00	0.00	0.00	0.00	0.00	0.00	0.00	0.00	0.00	0.00	0.00	0.00	0.00	0.00	0.00	0.00	0.00	0.00	0.00	0.00	0.00	0.00	8.4	16.1	17.1	28.9	48.2	56.7	175.40	0.000	0.242	0.227	0.405	0.423	0.000	0.4326	0.6502	1.0000	0.9999	1.0000	0.6656	0.15	42.58	42.73	0.10	0.00	0.00	0.00	0.02	0.03	2.00	4.34	8.64	11.78	9.73	6.09	0.0014	0.0000	0.0000	0.0000	0.0001	0.0000	0.0269	0.1037	0.1562	0.2173	0.0623	0.0000	18.76	0.02
1990-11-11	Perennial Ryegrass	0.00	0.24	0.45	0.45	0.00	0.73	1	0	0.94	650.00	0.00	35.80	25.36	0.00	0.00	0.00	0.00	0.00	0.00	0.00	0.00	0.00	0.00	0.00	0.00	0.00	0.00	0.00	0.00	0.00	0.00	0.00	0.00	0.00	0.00	0.00	0.00	7.7	15.8	16.9	28.6	47.8	56.6	173.28	0.000	0.217	0.214	0.385	0.406	0.000	0.4450	0.4033	1.0000	0.9998	1.0000	0.7968	0.15	41.99	42.14	0.10	0.00	0.00	0.00	0.02	0.03	2.02	4.22	8.48	11.54	9.65	6.08	0.0010	0.0000	0.0000	0.0000	0.0002	0.0000	0.0194	0.0958	0.1664	0.2380	0.0712	0.0000	19.64	0.02
1990-11-12	Perennial Ryegrass	0.00	0.24	0.46	0.46	0.00	0.77	1	0	0.96	650.00	0.00	23.76	16.83	0.00	0.00	0.00	0.00	0.00	0.00	0.00	0.00	0.00	0.00	0.00	0.00	0.00	0.00	0.00	0.00	0.00	0.00	0.00	0.00	0.00	0.00	0.00	0.00	7.0	15.5	16.7	28.3	47.4	56.5	171.33	0.000	0.195	0.201	0.366	0.390	0.000	0.4545	0.3173	0.8231	0.9998	1.0000	1.0000	0.15	41.44	41.59	0.10	0.00	0.00	0.00	0.02	0.03	2.04	4.11	8.33	11.33	9.57	6.07	0.0008	0.0000	0.0000	0.0000	0.0002	0.0000	0.0148	0.0889	0.1494	0.2134	0.0791	0.0000	20.27	0.02
1990-11-13	Perennial Ryegrass	0.00	0.24	0.47	0.47	0.00	0.78	1	0	0.98	650.00	0.00	18.28	12.94	0.00	0.00	0.00	0.00	0.00	0.00	0.00	0.00	0.00	0.00	0.00	0.00	0.00	0.00	0.00	0.00	0.00	0.00	0.00	0.00	0.00	0.00	0.00	0.00	6.4	15.2	16.5	28.0	47.0	56.3	169.52	0.000	0.174	0.188	0.348	0.375	0.000	0.4608	0.3609	0.6281	0.9998	1.0000	1.0000	0.15	40.94	41.09	0.10	0.00	0.00	0.00	0.02	0.03	2.06	4.00	8.20	11.13	9.48	6.06	0.0006	0.0000	0.0000	0.0000	0.0002	0.0000	0.0115	0.0815	0.1365	0.1964	0.0829	0.0000	20.71	0.02
1990-11-14	Perennial Ryegrass	0.00	0.25	0.47	0.47	0.00	0.79	1	0	0.99	650.00	0.00	11.91	8.43	0.00	0.00	0.00	0.00	0.00	0.00	0.00	0.00	0.00	0.00	0.00	0.00	0.00	0.00	0.00	0.00	0.00	0.00	0.00	0.00	0.00	0.00	0.00	0.00	5.8	15.0	16.4	27.7	46.7	56.2	167.82	0.000	0.155	0.177	0.331	0.361	0.000	0.4662	0.4928	0.3844	0.9999	1.0000	1.0000	0.15	40.47	40.62	0.10	0.00	0.00	0.00	0.02	0.03	2.08	3.91	8.08	10.95	9.40	6.05	0.0004	0.0000	0.0000	0.0000	0.0002	0.0000	0.0089	0.0744	0.1257	0.1828	0.0849	0.0000	21.04	0.02
1990-11-15	Perennial Ryegrass	0.00	0.27	0.48	0.48	0.00	0.80	1	0	1.02	650.00	0.00	23.33	16.50	0.00	0.00	0.00	0.00	0.00	0.00	0.00	0.00	0.00	0.00	0.00	0.00	0.00	0.00	0.00	0.00	0.00	0.00	0.00	0.00	0.00	0.00	0.00	0.00	7.2	14.8	16.2	27.5	46.4	56.1	168.14	0.000	0.137	0.165	0.314	0.348	0.000	0.4698	0.5667	0.9653	0.9999	1.0000	1.0000	0.15	40.02	40.18	0.10	0.00	0.00	0.00	0.02	0.03	2.10	3.83	7.96	10.78	9.31	6.04	0.0003	0.0000	0.0000	0.0000	0.0002	0.0000	0.0070	0.0676	0.1164	0.1713	0.0850	0.0000	21.24	0.02
1990-11-16	Perennial Ryegrass	0.00	0.27	0.49	0.49	0.00	0.80	1	0	1.04	650.00	0.00	21.72	15.36	0.00	0.00	0.00	0.00	0.00	0.00	0.00	0.00	0.00	0.00	0.00	0.00	0.00	0.00	0.00	0.00	0.00	0.00	0.00	0.00	0.00	0.00	0.00	0.00	5.4	14.5	16.1	27.2	46.1	56.0	165.32	0.000	0.123	0.155	0.298	0.335	0.000	0.4798	0.5529	0.4846	0.9999	1.0000	1.0000	0.15	39.60	39.75	0.10	0.00	0.00	0.00	0.03	0.03	2.11	3.75	7.86	10.62	9.22	6.03	0.0006	0.0000	0.0000	0.0000	0.0003	0.0000	0.0127	0.0629	0.1079	0.1605	0.0883	0.0000	21.87	0.02
1990-11-17	Perennial Ryegrass	0.00	0.27	0.49	0.49	0.00	0.81	1	0	1.05	650.00	0.00	18.51	13.09	0.00	0.00	0.00	0.00	0.00	0.00	0.00	0.00	0.00	0.00	0.00	0.00	0.00	0.00	0.00	0.00	0.00	0.00	0.00	0.00	0.00	0.00	0.00	0.00	4.9	14.3	15.9	27.0	45.8	55.9	163.87	0.000	0.108	0.145	0.284	0.323	0.000	0.4861	0.6285	0.3716	0.9999	1.0000	1.0000	0.16	39.20	39.36	0.10	0.00	0.00	0.00	0.03	0.03	2.14	3.68	7.76	10.47	9.13	6.02	0.0003	0.0000	0.0000	0.0000	0.0003	0.0000	0.0057	0.0582	0.1006	0.1512	0.0908	0.0000	22.30	0.02
1990-11-18	Perennial Ryegrass	0.00	0.27	0.50	0.50	0.00	0.83	1	0	1.07	650.00	0.00	20.41	14.42	0.00	0.00	0.00	0.00	0.00	0.00	0.00	0.00	0.00	0.00	0.00	0.00	0.00	0.00	0.00	0.00	0.00	0.00	0.00	0.00	0.00	0.00	0.00	0.00	4.5	14.2	15.8	26.8	45.5	55.7	162.50	0.000	0.094	0.135	0.270	0.312	0.000	0.4914	0.5791	0.3828	0.9998	1.0000	1.0000	0.16	38.82	38.98	0.10	0.00	0.00	0.00	0.03	0.03	2.16	3.61	7.67	10.33	9.04	6.02	0.0002	0.0000	0.0000	0.0000	0.0003	0.0000	0.0044	0.0538	0.0940	0.1430	0.0921	0.0000	22.75	0.02
1990-11-19	Perennial Ryegrass	0.00	0.28	0.50	0.50	0.00	0.85	1	0	1.08	650.00	0.00	17.74	12.53	0.00	0.00	0.00	0.00	0.00	0.00	0.00	0.00	0.00	0.00	0.00	0.00	0.00	0.00	0.00	0.00	0.00	0.00	0.00	0.00	0.00	0.00	0.00	0.00	4.1	14.0	15.7	26.6	45.3	55.6	161.20	0.000	0.082	0.126	0.256	0.301	0.000	0.4964	0.4008	0.4915	0.9998	1.0000	1.0000	0.16	38.46	38.62	0.10	0.00	0.00	0.00	0.03	0.03	2.19	3.54	7.58	10.20	8.95	6.01	0.0002	0.0001	0.0000	0.0000	0.0003	0.0000	0.0034	0.0499	0.0882	0.1357	0.0891	0.0000	23.15	0.02
1990-11-20	Perennial Ryegrass	0.00	0.28	0.51	0.51	0.00	0.86	1	0	1.09	650.00	0.00	14.91	10.53	0.00	0.00	0.00	0.00	0.00	0.00	0.00	0.00	0.00	0.00	0.00	0.00	0.00	0.00	0.00	0.00	0.00	0.00	0.00	0.00	0.00	0.00	0.00	0.00	3.7	13.8	15.6	26.4	45.0	55.5	159.97	0.000	0.070	0.118	0.244	0.291	0.000	0.5009	0.4379	0.4516	0.9998	1.0000	1.0000	0.16	38.12	38.28	0.10	0.00	0.00	0.00	0.03	0.03	2.21	3.48	7.49	10.07	8.87	6.00	0.0001	0.0000	0.0000	0.0000	0.0003	0.0000	0.0026	0.0463	0.0830	0.1292	0.0835	0.0000	23.47	0.02
1990-11-21	Perennial Ryegrass	0.00	0.28	0.51	0.51	0.00	0.88	1	0	1.10	650.00	0.00	9.95	7.02	0.00	0.00	0.00	0.00	0.00	0.00	0.00	0.00	0.00	0.00	0.00	0.00	0.00	0.00	0.00	0.00	0.00	0.00	0.00	0.00	0.00	0.00	0.00	0.00	3.3	13.7	15.5	26.2	44.8	55.4	158.80	0.000	0.059	0.110	0.231	0.281	0.000	0.5051	0.5455	0.3392	0.9999	1.0000	1.0000	0.16	37.81	37.97	0.10	0.00	0.00	0.00	0.03	0.03	2.23	3.42	7.42	9.95	8.79	5.99	0.0001	0.0000	0.0000	0.0000	0.0003	0.0000	0.0019	0.0427	0.0783	0.1233	0.0788	0.0000	23.74	0.02
1990-11-22	Perennial Ryegrass	0.00	0.28	0.51	0.51	0.00	0.89	1	0	1.11	650.00	0.00	11.56	8.15	0.00	0.00	0.00	0.00	0.00	0.00	0.00	0.00	0.00	0.00	0.00	0.00	0.00	0.00	0.00	0.00	0.00	0.00	0.00	0.00	0.00	0.00	0.00	0.00	2.9	13.6	15.4	26.0	44.5	55.3	157.68	0.000	0.049	0.103	0.220	0.271	0.000	0.5082	0.6677	0.2215	0.9999	1.0000	1.0000	0.16	37.51	37.67	0.10	0.00	0.00	0.00	0.03	0.03	2.26	3.36	7.34	9.84	8.72	5.98	0.0001	0.0000	0.0000	0.0000	0.0002	0.0000	0.0014	0.0393	0.0738	0.1176	0.0749	0.0000	23.99	0.02
1990-11-23	Perennial Ryegrass	0.00	0.28	0.51	0.51	0.00	0.90	1	0	1.12	650.00	0.00	12.19	8.59	0.00	0.00	0.00	0.00	0.00	0.00	0.00	0.00	0.00	0.00	0.00	0.00	0.00	0.00	0.00	0.00	0.00	0.00	0.00	0.00	0.00	0.00	0.00	0.00	2.6	13.4	15.3	25.8	44.3	55.2	156.62	0.000	0.040	0.096	0.209	0.262	0.000	0.5111	0.7611	0.2038	0.9998	1.0000	1.0000	0.16	37.22	37.39	0.10	0.00	0.00	0.00	0.03	0.03	2.29	3.31	7.27	9.73	8.65	5.97	0.0000	0.0000	0.0000	0.0000	0.0002	0.0000	0.0010	0.0363	0.0698	0.1126	0.0712	0.0000	24.24	0.02
1990-11-24	Perennial Ryegrass	0.00	0.29	0.52	0.52	0.00	0.91	1	0	1.13	650.00	0.00	11.13	7.84	0.00	0.00	0.00	0.00	0.00	0.00	0.00	0.00	0.00	0.00	0.00	0.00	0.00	0.00	0.00	0.00	0.00	0.00	0.00	0.00	0.00	0.00	0.00	0.00	2.3	13.3	15.2	25.7	44.1	55.1	155.68	0.000	0.031	0.089	0.199	0.253	0.000	0.5142	0.4844	0.2840	0.9998	1.0000	1.0000	0.16	36.95	37.12	0.10	0.00	0.00	0.00	0.03	0.03	2.31	3.26	7.20	9.63	8.59	5.96	0.0000	0.0000	0.0000	0.0000	0.0002	0.0000	0.0007	0.0335	0.0662	0.1082	0.0678	0.0000	24.49	0.02
1990-11-25	Perennial Ryegrass	0.00	0.29	0.52	0.52	0.00	0.93	1	0	1.14	650.00	0.00	9.27	6.53	0.00	0.00	0.00	0.00	0.00	0.00	0.00	0.00	0.00	0.00	0.00	0.00	0.00	0.00	0.00	0.00	0.00	0.00	0.00	0.00	0.00	0.00	0.00	0.00	2.3	13.2	15.1	25.5	43.9	55.0	155.03	0.000	0.023	0.083	0.189	0.245	0.000	0.5169	0.3803	0.3274	0.9998	1.0000	1.0000	0.16	36.70	36.86	0.10	0.00	0.00	0.00	0.03	0.03	2.34	3.22	7.14	9.52	8.53	5.96	0.0000	0.0000	0.0000	0.0000	0.0002	0.0000	0.0005	0.0310	0.0630	0.1042	0.0647	0.0000	24.71	0.02
1990-11-26	Perennial Ryegrass	0.00	0.29	0.52	0.52	0.00	0.94	1	0	1.15	650.00	0.00	7.90	5.56	0.00	0.00	0.00	0.00	0.00	0.00	0.00	0.00	0.00	0.00	0.00	0.00	0.00	0.00	0.00	0.00	0.00	0.00	0.00	0.00	0.00	0.00	0.00	0.00	2.3	13.1	15.0	25.4	43.7	54.9	154.42	0.000	0.015	0.077	0.180	0.237	0.000	0.5192	0.6248	0.2165	0.9999	1.0000	1.0000	0.16	36.45	36.62	0.10	0.00	0.00	0.00	0.03	0.03	2.36	3.17	7.08	9.43	8.47	5.95	0.0000	0.0000	0.0000	0.0000	0.0002	0.0000	0.0005	0.0287	0.0599	0.1004	0.0620	0.0000	24.88	0.02
1990-11-27	Perennial Ryegrass	0.00	0.29	0.52	0.52	0.00	0.95	1	0	1.15	650.00	0.00	6.81	4.79	0.00	0.00	0.00	0.00	0.00	0.00	0.00	0.00	0.00	0.00	0.00	0.00	0.00	0.00	0.00	0.00	0.00	0.00	0.00	0.00	0.00	0.00	0.00	0.00	2.3	13.0	15.0	25.2	43.5	54.8	153.84	0.000	0.009	0.072	0.172	0.229	0.000	0.5212	0.6047	0.2229	0.9999	1.0000	1.0000	0.17	36.22	36.39	0.10	0.00	0.00	0.00	0.03	0.03	2.38	3.13	7.02	9.33	8.41	5.94	0.0000	0.0000	0.0000	0.0000	0.0002	0.0000	0.0005	0.0266	0.0571	0.0969	0.0595	0.0000	25.04	0.02
1990-11-28	Perennial Ryegrass	0.00	0.29	0.52	0.52	0.00	0.95	1	0	1.16	650.00	0.00	5.02	3.53	0.00	0.00	0.00	0.00	0.00	0.00	0.00	0.00	0.00	0.00	0.00	0.00	0.00	0.00	0.00	0.00	0.00	0.00	0.00	0.00	0.00	0.00	0.00	0.00	2.2	13.0	14.9	25.1	43.4	54.7	153.29	0.000	0.003	0.067	0.163	0.222	0.000	0.5230	0.5664	0.2128	0.9999	1.0000	1.0000	0.17	36.00	36.16	0.10	0.00	0.00	0.00	0.03	0.03	2.39	3.11	6.96	9.24	8.36	5.94	0.0000	0.0000	0.0000	0.0000	0.0002	0.0000	0.0005	0.0248	0.0544	0.0936	0.0573	0.0000	25.17	0.02
1990-11-29	Perennial Ryegrass	0.00	0.29	0.53	0.53	0.00	0.96	1	0	1.16	650.00	0.00	3.70	2.60	0.00	0.00	0.00	0.00	0.00	0.00	0.00	0.00	0.00	0.00	0.00	0.00	0.00	0.00	0.00	0.00	0.00	0.00	0.00	0.00	0.00	0.00	0.00	0.00	2.2	13.0	14.8	25.0	43.2	54.6	152.82	0.000	0.001	0.062	0.156	0.215	0.000	0.5243	1.0000	0.1296	1.0000	1.0000	1.0000	0.17	35.79	35.95	0.10	0.00	0.00	0.00	0.03	0.03	2.39	3.09	6.91	9.16	8.31	5.93	0.0000	0.0000	0.0000	0.0000	0.0002	0.0000	0.0005	0.0241	0.0519	0.0903	0.0552	0.0000	25.26	0.02
1990-11-30	Perennial Ryegrass	0.00	0.30	0.53	0.53	0.00	0.97	1	0	1.16	650.00	0.00	4.52	3.17	0.00	0.00	0.00	0.00	0.00	0.00	0.00	0.00	0.00	0.00	0.00	0.00	0.00	0.00	0.00	0.00	0.00	0.00	0.00	0.00	0.00	0.00	0.00	0.00	2.2	13.0	14.8	24.9	43.0	54.5	152.39	0.000	0.001	0.058	0.148	0.208	0.000	0.5253	0.7451	0.1569	1.0000	1.0000	1.0000	0.17	35.58	35.75	0.10	0.00	0.00	0.00	0.03	0.03	2.40	3.07	6.86	9.07	8.26	5.92	0.0000	0.0000	0.0000	0.0000	0.0002	0.0000	0.0005	0.0239	0.0496	0.0870	0.0533	0.0000	25.35	0.02
1990-12-01	Perennial Ryegrass	0.00	0.30	0.53	0.53	0.00	0.98	1	0	1.17	650.00	0.00	3.22	2.26	0.00	0.00	0.00	0.00	0.00	0.00	0.00	0.00	0.00	0.00	0.00	0.00	0.00	0.00	0.00	0.00	0.00	0.00	0.00	0.00	0.00	0.00	0.00	0.00	2.2	13.0	14.7	24.7	42.9	54.4	151.97	0.000	0.001	0.054	0.141	0.201	0.000	0.5264	1.0000	0.1205	1.0000	1.0000	1.0000	0.17	35.39	35.55	0.10	0.00	0.00	0.00	0.03	0.03	2.40	3.05	6.81	8.99	8.22	5.92	0.0000	0.0000	0.0000	0.0000	0.0002	0.0000	0.0005	0.0236	0.0475	0.0841	0.0515	0.0000	25.43	0.02
1990-12-02	Perennial Ryegrass	0.00	0.32	0.53	0.53	0.00	0.98	1	0	1.17	650.00	0.00	4.75	3.32	0.00	0.00	0.00	0.00	0.00	0.00	0.00	0.00	0.00	0.00	0.00	0.00	0.00	0.00	0.00	0.00	0.00	0.00	0.00	0.00	0.00	0.00	0.00	0.00	3.0	13.0	14.7	24.6	42.7	54.3	152.38	0.000	0.001	0.050	0.135	0.195	0.000	0.5273	1.0000	0.1768	1.0000	1.0000	1.0000	0.17	35.20	35.37	0.10	0.00	0.00	0.00	0.03	0.03	2.40	3.03	6.77	8.91	8.17	5.91	0.0000	0.0000	0.0000	0.0000	0.0002	0.0000	0.0005	0.0234	0.0455	0.0812	0.0499	0.0000	25.50	0.02
1990-12-03	Perennial Ryegrass	0.00	0.35	0.53	0.53	0.00	0.98	1	0	1.18	650.00	0.00	5.60	3.92	0.00	0.00	0.00	0.00	0.00	0.00	0.00	0.00	0.00	0.00	0.00	0.00	0.00	0.00	0.00	0.00	0.00	0.00	0.00	0.00	0.00	0.00	0.00	0.00	22.2	18.9	14.8	24.5	42.6	54.2	177.18	0.000	0.001	0.047	0.128	0.189	0.000	0.5288	0.7653	0.2682	1.0000	1.0000	1.0000	0.19	35.08	35.27	0.12	0.01	0.00	0.00	0.03	0.03	1.98	3.46	6.76	8.84	8.13	5.91	0.0001	0.0001	0.0000	0.0000	0.0002	0.0000	0.0009	0.0266	0.0440	0.0788	0.0483	0.0000	25.60	0.02
1990-12-04	Perennial Ryegrass	0.00	0.32	0.54	0.54	0.00	0.99	1	0	1.20	650.00	0.00	30.44	21.29	0.00	0.00	0.00	0.00	0.00	0.00	0.00	0.00	0.00	0.00	0.00	0.00	0.00	0.00	0.00	0.00	0.00	0.00	0.00	0.00	0.00	0.00	0.00	0.00	16.9	19.6	15.7	24.5	42.4	54.1	173.15	0.854	0.411	0.054	0.122	0.183	0.000	0.5306	0.4080	0.9264	1.0000	1.0000	1.0000	0.19	34.53	34.72	0.11	0.01	0.00	0.00	0.03	0.03	1.56	3.31	6.88	8.77	8.10	5.91	0.0227	0.0005	0.0000	0.0000	0.0001	0.0000	0.3004	0.1691	0.0485	0.0768	0.0469	0.0000	25.92	0.02
1990-12-05	Perennial Ryegrass	0.00	0.30	0.54	0.54	0.00	0.99	1	0	1.22	650.00	0.00	18.10	12.66	0.00	0.00	0.00	0.00	0.00	0.00	0.00	0.00	0.00	0.00	0.00	0.00	0.00	0.00	0.00	0.00	0.00	0.00	0.00	0.00	0.00	0.00	0.00	0.00	14.2	18.5	15.9	24.4	42.3	54.0	169.35	0.480	0.459	0.119	0.118	0.178	0.000	0.5389	0.4107	0.5402	1.0000	1.0000	1.0000	0.21	34.11	34.32	0.13	0.01	0.01	0.00	0.03	0.03	1.54	3.03	6.86	8.70	8.06	5.91	0.0122	0.0008	0.0001	0.0000	0.0001	0.0000	0.1416	0.1798	0.0823	0.0748	0.0456	0.0000	26.49	0.02
1990-12-06	Perennial Ryegrass	0.00	0.29	0.55	0.55	0.00	0.99	1	0	1.23	650.00	0.00	12.33	8.62	0.00	0.00	0.00	0.00	0.00	0.00	0.00	0.00	0.00	0.00	0.00	0.00	0.00	0.00	0.00	0.00	0.00	0.00	0.00	0.00	0.00	0.00	0.00	0.00	11.2	17.8	15.9	24.3	42.2	54.0	165.37	0.295	0.383	0.134	0.113	0.172	0.000	0.5432	0.4360	0.4457	1.0000	1.0000	1.0000	0.20	33.75	33.95	0.11	0.02	0.01	0.00	0.02	0.04	1.54	2.85	6.79	8.64	8.02	5.91	0.0065	0.0009	0.0001	0.0000	0.0001	0.0000	0.0899	0.1403	0.0899	0.0728	0.0443	0.0000	26.82	0.02
1990-12-07	Perennial Ryegrass	0.00	0.27	0.55	0.55	0.00	1.00	1	0	1.24	650.00	0.00	8.13	5.68	0.00	0.00	0.00	0.00	0.00	0.00	0.00	0.00	0.00	0.00	0.00	0.00	0.00	0.00	0.00	0.00	0.00	0.00	0.00	0.00	0.00	0.00	0.00	0.00	9.9	17.3	15.8	24.2	42.1	53.9	163.11	0.087	0.337	0.131	0.109	0.167	0.000	0.5461	0.6029	0.2887	1.0000	1.0000	1.0000	0.20	33.42	33.62	0.10	0.02	0.01	0.00	0.02	0.04	1.53	2.71	6.71	8.58	7.99	5.91	0.0029	0.0010	0.0001	0.0000	0.0001	0.0000	0.0412	0.1177	0.0872	0.0708	0.0430	0.0000	27.04	0.02
1990-12-08	Perennial Ryegrass	0.00	0.27	0.55	0.55	0.00	1.00	1	0	1.24	650.00	0.00	7.03	4.91	0.00	0.00	0.00	0.00	0.00	0.00	0.00	0.00	0.00	0.00	0.00	0.00	0.00	0.00	0.00	0.00	0.00	0.00	0.00	0.00	0.00	0.00	0.00	0.00	8.9	16.8	15.7	24.2	41.9	53.8	161.32	0.000	0.298	0.125	0.105	0.162	0.000	0.5481	0.7686	0.2083	1.0000	1.0000	1.0000	0.20	33.14	33.34	0.10	0.03	0.01	0.00	0.02	0.04	1.53	2.59	6.64	8.52	7.95	5.91	0.0016	0.0010	0.0001	0.0000	0.0001	0.0000	0.0227	0.1006	0.0838	0.0689	0.0418	0.0000	27.20	0.02
1990-12-09	Perennial Ryegrass	0.00	0.26	0.55	0.55	0.00	1.00	1	0	1.25	650.00	0.00	10.91	7.61	0.00	0.00	0.00	0.00	0.00	0.00	0.00	0.00	0.00	0.00	0.00	0.00	0.00	0.00	0.00	0.00	0.00	0.00	0.00	0.00	0.00	0.00	0.00	0.00	8.1	16.3	15.6	24.1	41.8	53.7	159.74	0.000	0.264	0.119	0.101	0.158	0.000	0.5498	0.5119	0.3654	1.0000	1.0000	1.0000	0.21	32.88	33.09	0.10	0.03	0.01	0.00	0.02	0.04	1.53	2.50	6.57	8.46	7.92	5.90	0.0012	0.0011	0.0002	0.0000	0.0001	0.0000	0.0170	0.0871	0.0802	0.0672	0.0406	0.0000	27.37	0.02
1990-12-10	Perennial Ryegrass	0.00	0.30	0.56	0.56	0.00	1.00	1	0	1.26	650.00	0.00	12.55	8.75	0.00	0.00	0.00	0.00	0.00	0.00	0.00	0.00	0.00	0.00	0.00	0.00	0.00	0.00	0.00	0.00	0.00	0.00	0.00	0.00	0.00	0.00	0.00	0.00	18.9	18.5	15.6	24.1	41.7	53.6	172.35	0.000	0.233	0.113	0.097	0.153	0.000	0.5525	0.5674	0.3852	1.0000	1.0000	1.0000	0.25	32.71	32.96	0.14	0.03	0.01	0.00	0.02	0.04	1.42	2.58	6.51	8.40	7.89	5.90	0.0012	0.0011	0.0002	0.0000	0.0001	0.0000	0.0121	0.0819	0.0768	0.0658	0.0396	0.0000	27.59	0.02
1990-12-11	Perennial Ryegrass	0.00	0.29	0.56	0.56	0.00	1.00	1	0	1.29	650.00	0.00	30.27	21.09	0.00	0.00	0.00	0.00	0.00	0.00	0.00	0.00	0.00	0.00	0.00	0.00	0.00	0.00	0.00	0.00	0.00	0.00	0.00	0.00	0.00	0.00	0.00	0.00	15.5	18.4	15.7	24.0	41.6	53.5	168.73	0.620	0.384	0.113	0.093	0.149	0.000	0.5561	0.4654	0.6322	1.0000	1.0000	1.0000	0.26	32.34	32.60	0.14	0.04	0.02	0.00	0.02	0.04	1.30	2.46	6.47	8.34	7.86	5.90	0.0188	0.0020	0.0002	0.0000	0.0001	0.0000	0.1650	0.1261	0.0770	0.0645	0.0386	0.0000	28.06	0.02
1990-12-12	Perennial Ryegrass	0.00	0.28	0.57	0.57	0.00	1.00	1	0	1.30	650.00	0.00	20.36	14.19	0.00	0.00	0.00	0.00	0.00	0.00	0.00	0.00	0.00	0.00	0.00	0.00	0.00	0.00	0.00	0.00	0.00	0.00	0.00	0.00	0.00	0.00	0.00	0.00	13.0	17.7	15.7	23.9	41.5	53.5	165.30	0.382	0.379	0.119	0.090	0.144	0.000	0.5629	0.5394	0.3644	1.0000	1.0000	1.0000	0.28	32.02	32.29	0.15	0.04	0.02	0.00	0.02	0.04	1.28	2.32	6.40	8.29	7.83	5.90	0.0120	0.0021	0.0002	0.0000	0.0001	0.0000	0.0974	0.1193	0.0800	0.0633	0.0377	0.0000	28.61	0.02
1990-12-13	Perennial Ryegrass	0.00	0.27	0.57	0.57	0.00	1.00	1	0	1.31	650.00	0.00	15.74	10.97	0.00	0.00	0.00	0.00	0.00	0.00	0.00	0.00	0.00	0.00	0.00	0.00	0.00	0.00	0.00	0.00	0.00	0.00	0.00	0.00	0.00	0.00	0.00	0.00	10.4	17.2	15.6	23.9	41.4	53.4	161.89	0.208	0.332	0.117	0.087	0.140	0.000	0.5672	0.4142	0.4152	1.0000	1.0000	1.0000	0.26	31.73	31.99	0.13	0.04	0.02	0.00	0.02	0.04	1.27	2.20	6.34	8.23	7.79	5.90	0.0064	0.0020	0.0002	0.0000	0.0001	0.0000	0.0590	0.1003	0.0782	0.0619	0.0368	0.0000	28.98	0.02
1990-12-14	Perennial Ryegrass	0.00	0.26	0.57	0.57	0.00	1.01	1	0	1.32	650.00	0.00	10.01	6.97	0.00	0.00	0.00	0.00	0.00	0.00	0.00	0.00	0.00	0.00	0.00	0.00	0.00	0.00	0.00	0.00	0.00	0.00	0.00	0.00	0.00	0.00	0.00	0.00	8.5	16.7	15.5	23.8	41.3	53.3	159.17	0.027	0.294	0.112	0.084	0.136	0.000	0.5706	0.6432	0.2066	1.0000	1.0000	1.0000	0.26	31.47	31.74	0.13	0.05	0.02	0.00	0.02	0.04	1.26	2.10	6.27	8.18	7.76	5.89	0.0027	0.0019	0.0002	0.0000	0.0001	0.0000	0.0253	0.0859	0.0757	0.0606	0.0358	0.0000	29.26	0.02
1990-12-15	Perennial Ryegrass	0.00	0.25	0.57	0.57	0.00	1.01	1	0	1.33	650.00	0.00	8.35	5.81	0.00	0.00	0.00	0.00	0.00	0.00	0.00	0.00	0.00	0.00	0.00	0.00	0.00	0.00	0.00	0.00	0.00	0.00	0.00	0.00	0.00	0.00	0.00	0.00	7.5	16.3	15.5	23.8	41.2	53.2	157.48	0.000	0.260	0.107	0.081	0.132	0.000	0.5727	0.6134	0.2103	1.0000	1.0000	1.0000	0.26	31.25	31.51	0.13	0.05	0.02	0.00	0.02	0.04	1.27	2.02	6.21	8.13	7.73	5.89	0.0014	0.0019	0.0002	0.0000	0.0001	0.0000	0.0129	0.0741	0.0728	0.0594	0.0350	0.0000	29.45	0.02
1990-12-16	Perennial Ryegrass	0.00	0.25	0.58	0.58	0.00	1.01	1	0	1.33	650.00	0.00	7.76	5.40	0.00	0.00	0.00	0.00	0.00	0.00	0.00	0.00	0.00	0.00	0.00	0.00	0.00	0.00	0.00	0.00	0.00	0.00	0.00	0.00	0.00	0.00	0.00	0.00	6.7	15.9	15.4	23.8	41.1	53.2	156.01	0.000	0.229	0.102	0.078	0.129	0.000	0.5745	0.7869	0.2113	1.0000	1.0000	1.0000	0.27	31.04	31.31	0.13	0.05	0.02	0.00	0.02	0.04	1.28	1.95	6.14	8.08	7.70	5.89	0.0010	0.0018	0.0002	0.0000	0.0001	0.0000	0.0092	0.0647	0.0698	0.0582	0.0342	0.0000	29.61	0.02
1990-12-17	Perennial Ryegrass	0.00	0.25	0.58	0.58	0.00	1.01	1	0	1.34	650.00	0.00	5.23	3.64	0.00	0.00	0.00	0.00	0.00	0.00	0.00	0.00	0.00	0.00	0.00	0.00	0.00	0.00	0.00	0.00	0.00	0.00	0.00	0.00	0.00	0.00	0.00	0.00	6.0	15.5	15.3	23.7	41.0	53.1	154.69	0.000	0.201	0.096	0.075	0.125	0.000	0.5764	0.8739	0.1879	1.0000	1.0000	1.0000	0.27	30.85	31.12	0.13	0.05	0.02	0.00	0.02	0.04	1.29	1.89	6.08	8.03	7.68	5.88	0.0007	0.0016	0.0002	0.0000	0.0001	0.0000	0.0067	0.0570	0.0668	0.0571	0.0334	0.0000	29.74	0.02
1990-12-18	Perennial Ryegrass	0.00	0.25	0.58	0.58	0.00	1.01	1	0	1.33	650.00	0.00	-5.11	0.00	0.00	0.00	0.00	0.00	0.00	0.00	0.00	0.00	0.00	0.00	0.00	0.00	0.00	0.00	0.00	0.00	0.00	0.00	0.00	0.00	0.00	0.00	0.00	0.00	5.4	15.2	15.2	23.7	41.0	53.0	153.48	0.000	0.176	0.090	0.073	0.122	0.000	0.5777	1.0000	0.1110	1.0000	1.0000	1.0000	0.26	30.68	30.95	0.13	0.05	0.02	0.00	0.02	0.04	1.30	1.84	6.03	7.98	7.65	5.88	0.0005	0.0015	0.0002	0.0000	0.0001	0.0000	0.0050	0.0505	0.0637	0.0560	0.0326	0.0000	29.78	0.02
1990-12-19	Perennial Ryegrass	0.00	0.25	0.58	0.58	0.00	1.01	1	0	1.35	650.00	0.00	9.38	6.52	0.00	0.00	0.00	0.00	0.00	0.00	0.00	0.00	0.00	0.00	0.00	0.00	0.00	0.00	0.00	0.00	0.00	0.00	0.00	0.00	0.00	0.00	0.00	0.00	5.6	14.9	15.1	23.6	40.9	52.9	153.08	0.000	0.154	0.084	0.070	0.119	0.000	0.5759	0.9237	0.4902	1.0000	1.0000	1.0000	0.26	30.52	30.78	0.13	0.05	0.02	0.00	0.02	0.04	1.31	1.80	5.97	7.93	7.62	5.88	0.0004	0.0013	0.0002	0.0000	0.0001	0.0000	0.0037	0.0446	0.0603	0.0545	0.0318	0.0000	29.68	0.02
1990-12-20	Perennial Ryegrass	0.00	0.26	0.58	0.58	0.00	1.01	1	0	1.35	650.00	0.00	2.60	1.81	0.00	0.00	0.00	0.00	0.00	0.00	0.00	0.00	0.00	0.00	0.00	0.00	0.00	0.00	0.00	0.00	0.00	0.00	0.00	0.00	0.00	0.00	0.00	0.00	5.0	14.7	15.0	23.6	40.8	52.9	151.97	0.000	0.134	0.079	0.068	0.115	0.000	0.5798	1.0000	0.1196	1.0000	1.0000	1.0000	0.26	30.37	30.63	0.13	0.05	0.02	0.00	0.02	0.04	1.32	1.77	5.92	7.88	7.60	5.88	0.0004	0.0011	0.0002	0.0000	0.0001	0.0000	0.0040	0.0404	0.0577	0.0536	0.0311	0.0000	29.91	0.02
1990-12-21	Perennial Ryegrass	0.00	0.26	0.58	0.58	0.00	1.02	1	0	1.35	650.00	0.00	5.71	3.96	0.00	0.00	0.00	0.00	0.00	0.00	0.00	0.00	0.00	0.00	0.00	0.00	0.00	0.00	0.00	0.00	0.00	0.00	0.00	0.00	0.00	0.00	0.00	0.00	4.5	14.4	15.0	23.6	40.7	52.8	150.96	0.000	0.117	0.073	0.065	0.112	0.000	0.5803	0.7866	0.2019	1.0000	1.0000	1.0000	0.25	30.23	30.48	0.13	0.04	0.02	0.00	0.02	0.04	1.34	1.73	5.87	7.83	7.57	5.88	0.0003	0.0010	0.0002	0.0000	0.0001	0.0000	0.0029	0.0363	0.0548	0.0524	0.0304	0.0000	29.98	0.02
1990-12-22	Perennial Ryegrass	0.00	0.26	0.58	0.58	0.00	1.02	1	0	1.34	650.00	0.00	-6.80	0.00	0.00	0.00	0.00	0.00	0.00	0.00	0.00	0.00	0.00	0.00	0.00	0.00	0.00	0.00	0.00	0.00	0.00	0.00	0.00	0.00	0.00	0.00	0.00	0.00	4.0	14.2	14.9	23.5	40.7	52.7	150.02	0.000	0.100	0.068	0.063	0.109	0.000	0.5817	1.0000	0.1125	1.0000	1.0000	1.0000	0.25	30.09	30.34	0.13	0.04	0.02	0.00	0.02	0.04	1.35	1.70	5.82	7.79	7.55	5.87	0.0002	0.0008	0.0002	0.0000	0.0001	0.0000	0.0021	0.0329	0.0523	0.0514	0.0298	0.0000	30.01	0.02
1990-12-23	Perennial Ryegrass	0.00	0.26	0.58	0.58	0.00	1.02	1	0	1.34	650.00	0.00	-3.17	0.00	0.00	0.00	0.00	0.00	0.00	0.00	0.00	0.00	0.00	0.00	0.00	0.00	0.00	0.00	0.00	0.00	0.00	0.00	0.00	0.00	0.00	0.00	0.00	0.00	3.5	14.0	14.8	23.5	40.6	52.7	149.14	0.000	0.085	0.063	0.061	0.106	0.000	0.5793	1.0000	0.0765	1.0000	1.0000	1.0000	0.25	29.95	30.20	0.13	0.04	0.02	0.00	0.02	0.04	1.36	1.68	5.78	7.74	7.53	5.87	0.0002	0.0007	0.0002	0.0000	0.0001	0.0000	0.0016	0.0296	0.0496	0.0501	0.0290	0.0000	29.86	0.02
1990-12-24	Perennial Ryegrass	0.00	0.26	0.58	0.58	0.00	1.02	1	0	1.34	650.00	0.00	2.85	1.97	0.00	0.00	0.00	0.00	0.00	0.00	0.00	0.00	0.00	0.00	0.00	0.00	0.00	0.00	0.00	0.00	0.00	0.00	0.00	0.00	0.00	0.00	0.00	0.00	3.1	13.8	14.8	23.4	40.5	52.6	148.31	0.000	0.072	0.059	0.059	0.104	0.000	0.5781	1.0000	0.0870	1.0000	1.0000	1.0000	0.24	29.83	30.07	0.13	0.03	0.02	0.00	0.02	0.04	1.37	1.65	5.73	7.70	7.50	5.87	0.0001	0.0006	0.0001	0.0000	0.0001	0.0000	0.0011	0.0267	0.0471	0.0490	0.0283	0.0000	29.83	0.02
1990-12-25	Perennial Ryegrass	0.00	0.26	0.58	0.58	0.00	1.02	1	0	1.34	650.00	0.00	-1.82	0.00	0.00	0.00	0.00	0.00	0.00	0.00	0.00	0.00	0.00	0.00	0.00	0.00	0.00	0.00	0.00	0.00	0.00	0.00	0.00	0.00	0.00	0.00	0.00	0.00	2.7	13.7	14.7	23.4	40.5	52.5	147.52	0.000	0.059	0.054	0.057	0.101	0.000	0.5787	1.0000	0.0838	1.0000	1.0000	1.0000	0.24	29.70	29.94	0.13	0.03	0.02	0.00	0.02	0.04	1.39	1.62	5.69	7.66	7.48	5.87	0.0001	0.0005	0.0001	0.0000	0.0001	0.0000	0.0008	0.0243	0.0449	0.0480	0.0277	0.0000	29.85	0.02
1990-12-26	Perennial Ryegrass	0.00	0.26	0.58	0.58	0.00	1.02	1	0	1.33	650.00	0.00	-4.18	0.00	0.00	0.00	0.00	0.00	0.00	0.00	0.00	0.00	0.00	0.00	0.00	0.00	0.00	0.00	0.00	0.00	0.00	0.00	0.00	0.00	0.00	0.00	0.00	0.00	2.3	13.5	14.7	23.4	40.4	52.5	146.77	0.000	0.048	0.050	0.055	0.098	0.000	0.5780	1.0000	0.0682	1.0000	1.0000	1.0000	0.24	29.58	29.82	0.13	0.03	0.02	0.00	0.02	0.04	1.40	1.60	5.65	7.61	7.46	5.86	0.0000	0.0004	0.0001	0.0000	0.0001	0.0000	0.0005	0.0220	0.0428	0.0469	0.0271	0.0000	29.79	0.02
1990-12-27	Perennial Ryegrass	0.00	0.27	0.57	0.57	0.00	1.03	1	0	1.32	650.00	0.00	-9.45	0.00	0.00	0.00	0.00	0.00	0.00	0.00	0.00	0.00	0.00	0.00	0.00	0.00	0.00	0.00	0.00	0.00	0.00	0.00	0.00	0.00	0.00	0.00	0.00	0.00	2.3	13.4	14.6	23.4	40.3	52.4	146.42	0.000	0.038	0.046	0.053	0.096	0.000	0.5765	1.0000	0.1052	1.0000	1.0000	1.0000	0.24	29.47	29.70	0.13	0.03	0.02	0.00	0.02	0.04	1.41	1.58	5.61	7.57	7.43	5.86	0.0000	0.0004	0.0001	0.0000	0.0001	0.0000	0.0003	0.0199	0.0407	0.0459	0.0265	0.0000	29.66	0.02
1990-12-28	Perennial Ryegrass	0.00	0.27	0.57	0.57	0.00	1.03	1	0	1.30	650.00	0.00	-12.75	0.00	0.00	0.00	0.00	0.00	0.00	0.00	0.00	0.00	0.00	0.00	0.00	0.00	0.00	0.00	0.00	0.00	0.00	0.00	0.00	0.00	0.00	0.00	0.00	0.00	2.3	13.3	14.6	23.3	40.3	52.3	146.10	0.000	0.028	0.043	0.051	0.093	0.000	0.5730	1.0000	0.0513	1.0000	1.0000	1.0000	0.24	29.35	29.59	0.13	0.03	0.02	0.00	0.02	0.04	1.42	1.55	5.57	7.53	7.41	5.86	0.0000	0.0003	0.0001	0.0000	0.0001	0.0000	0.0003	0.0181	0.0387	0.0448	0.0259	0.0000	29.40	0.02
1990-12-29	Perennial Ryegrass	0.00	0.27	0.56	0.57	0.00	1.03	1	0	1.29	650.00	0.00	-9.28	0.00	0.00	0.00	0.00	0.00	0.00	0.00	0.00	0.00	0.00	0.00	0.00	0.00	0.00	0.00	0.00	0.00	0.00	0.00	0.00	0.00	0.00	0.00	0.00	0.00	2.3	13.2	14.5	23.3	40.2	52.3	145.79	0.000	0.020	0.039	0.050	0.091	0.000	0.5682	1.0000	0.0604	1.0000	1.0000	1.0000	0.24	29.24	29.48	0.13	0.03	0.02	0.01	0.02	0.04	1.43	1.53	5.54	7.49	7.39	5.86	0.0000	0.0003	0.0001	0.0000	0.0001	0.0000	0.0003	0.0165	0.0369	0.0436	0.0252	0.0000	29.11	0.02
1990-12-30	Perennial Ryegrass	0.00	0.28	0.56	0.56	0.00	1.03	1	0	1.27	650.00	0.00	-9.48	0.00	0.00	0.00	0.00	0.00	0.00	0.00	0.00	0.00	0.00	0.00	0.00	0.00	0.00	0.00	0.00	0.00	0.00	0.00	0.00	0.00	0.00	0.00	0.00	0.00	2.3	13.1	14.5	23.3	40.2	52.2	145.51	0.000	0.012	0.036	0.048	0.089	0.000	0.5645	1.0000	0.0761	1.0000	1.0000	1.0000	0.24	29.14	29.38	0.13	0.03	0.02	0.01	0.02	0.04	1.44	1.51	5.50	7.45	7.37	5.86	0.0000	0.0003	0.0001	0.0000	0.0001	0.0000	0.0003	0.0150	0.0352	0.0426	0.0246	0.0000	28.87	0.02
1990-12-31	Perennial Ryegrass	0.00	0.31	0.56	0.56	0.01	1.03	1	0	1.26	650.00	0.00	-10.14	0.00	0.00	0.00	0.00	0.00	0.00	0.00	0.00	0.00	0.00	0.00	0.00	0.00	0.00	0.00	0.00	0.00	0.00	0.00	0.00	0.00	0.00	0.00	0.00	0.00	2.3	13.0	14.4	23.2	40.1	52.2	145.24	0.000	0.005	0.033	0.046	0.087	0.000	0.5604	1.0000	0.0720	1.0000	1.0000	1.0000	0.24	29.04	29.27	0.13	0.03	0.02	0.01	0.02	0.04	1.45	1.49	5.47	7.41	7.35	5.86	0.0000	0.0003	0.0001	0.0000	0.0001	0.0000	0.0003	0.0138	0.0336	0.0416	0.0241	0.0000	28.63	0.02
1991-01-01	Perennial Ryegrass	0.00	0.32	0.55	0.55	0.01	1.04	1	0	1.23	650.00	0.00	-14.07	0.00	0.00	0.00	0.00	0.00	0.00	0.00	0.00	0.00	0.00	0.00	0.00	0.00	0.00	0.00	0.00	0.00	0.00	0.00	0.00	0.00	0.00	0.00	0.00	0.00	2.2	13.0	14.4	23.2	40.1	52.1	145.00	0.000	0.000	0.031	0.045	0.085	0.000	0.5558	1.0000	0.0543	1.0000	1.0000	1.0000	0.24	28.94	29.18	0.13	0.03	0.02	0.01	0.02	0.04	1.45	1.48	5.44	7.38	7.33	5.85	0.0000	0.0003	0.0001	0.0000	0.0001	0.0000	0.0003	0.0130	0.0321	0.0406	0.0235	0.0000	28.36	0.02
1991-01-02	Perennial Ryegrass	0.00	0.34	0.54	0.55	0.01	1.04	1	0	1.21	650.00	0.00	-11.56	0.00	0.00	0.00	0.00	0.00	0.00	0.00	0.00	0.00	0.00	0.00	0.00	0.00	0.00	0.00	0.00	0.00	0.00	0.00	0.00	0.00	0.00	0.00	0.00	0.00	2.2	13.0	14.4	23.2	40.0	52.0	144.84	0.000	0.001	0.028	0.043	0.083	0.000	0.5495	1.0000	0.0621	1.0000	1.0000	1.0000	0.24	28.84	29.08	0.13	0.03	0.02	0.01	0.02	0.04	1.45	1.47	5.41	7.34	7.32	5.85	0.0000	0.0003	0.0001	0.0000	0.0001	0.0000	0.0003	0.0127	0.0307	0.0396	0.0230	0.0000	28.03	0.02
1991-01-03	Perennial Ryegrass	0.00	0.36	0.54	0.55	0.02	1.04	1	0	1.19	650.00	0.00	-14.09	0.00	0.00	0.00	0.00	0.00	0.00	0.00	0.00	0.00	0.00	0.00	0.00	0.00	0.00	0.00	0.00	0.00	0.00	0.00	0.00	0.00	0.00	0.00	0.00	0.00	2.2	13.0	14.3	23.2	40.0	52.0	144.68	0.000	0.001	0.026	0.042	0.081	0.000	0.5436	1.0000	0.0476	1.0000	1.0000	1.0000	0.24	28.75	28.99	0.13	0.03	0.02	0.01	0.02	0.04	1.46	1.46	5.38	7.31	7.30	5.85	0.0000	0.0002	0.0001	0.0000	0.0001	0.0000	0.0003	0.0125	0.0294	0.0387	0.0224	0.0000	27.73	0.02
1991-01-04	Perennial Ryegrass	0.00	0.40	0.53	0.54	0.03	1.04	1	0	1.16	650.00	0.00	-15.09	0.00	0.00	0.00	0.00	0.00	0.00	0.00	0.00	0.00	0.00	0.00	0.00	0.00	0.00	0.00	0.00	0.00	0.00	0.00	0.00	0.00	0.00	0.00	0.00	0.00	2.2	13.0	14.3	23.2	39.9	51.9	144.53	0.000	0.001	0.024	0.041	0.079	0.000	0.5363	1.0000	0.0456	1.0000	1.0000	1.0000	0.24	28.66	28.90	0.13	0.03	0.02	0.01	0.02	0.04	1.46	1.45	5.35	7.27	7.28	5.85	0.0000	0.0002	0.0001	0.0000	0.0001	0.0000	0.0003	0.0122	0.0282	0.0377	0.0219	0.0000	27.37	0.02
1991-01-05	Perennial Ryegrass	0.00	2.31	0.52	0.53	0.03	1.04	1	0	1.12	650.00	0.00	-18.66	0.00	0.00	0.00	0.00	0.00	0.00	0.00	0.00	0.00	0.00	0.00	0.00	0.00	0.00	0.00	0.00	0.00	0.00	0.00	0.00	0.00	0.00	0.00	0.00	0.00	29.9	21.3	16.4	23.2	39.9	51.9	182.41	0.000	0.001	0.022	0.040	0.077	0.000	0.5280	1.0000	0.0393	1.0000	1.0000	1.0000	0.33	28.72	29.04	0.18	0.05	0.03	0.01	0.02	0.04	1.16	1.67	5.50	7.26	7.27	5.86	0.0000	0.0003	0.0001	0.0000	0.0000	0.0000	0.0002	0.0096	0.0195	0.0256	0.0149	0.0000	26.95	0.02
1991-01-06	Perennial Ryegrass	0.00	2.36	0.54	0.56	0.04	1.04	1	0	1.19	650.00	0.00	69.43	48.37	0.00	0.00	0.00	0.00	0.00	0.00	0.00	0.00	0.00	0.00	0.00	0.00	0.00	0.00	0.00	0.00	0.00	0.00	0.00	0.00	0.00	0.00	0.00	0.00	22.2	22.5	19.7	23.3	39.8	51.8	179.27	1.305	0.544	0.155	0.037	0.070	0.000	0.5175	0.9809	1.0000	1.0000	1.0000	1.0000	0.30	28.28	28.58	0.13	0.06	0.04	0.01	0.02	0.04	0.71	1.52	5.67	7.26	7.26	5.87	0.0658	0.0049	0.0006	0.0000	0.0000	0.0000	0.3430	0.1218	0.0849	0.0358	0.0201	0.0000	26.98	0.02
1991-01-07	Perennial Ryegrass	0.00	2.27	0.54	0.56	0.04	1.05	1	0	1.21	650.00	0.00	32.90	23.00	0.00	0.00	0.00	0.00	0.00	0.00	0.00	0.00	0.00	0.00	0.00	0.00	0.00	0.00	0.00	0.00	0.00	0.00	0.00	0.00	0.00	0.00	0.00	0.00	16.7	21.7	20.6	24.2	39.8	51.7	174.72	0.853	0.662	0.402	0.045	0.073	0.000	0.5388	0.3901	0.7936	1.0000	1.0000	1.0000	0.32	27.94	28.26	0.14	0.06	0.05	0.01	0.02	0.04	0.62	1.34	5.39	7.48	7.24	5.87	0.0294	0.0070	0.0016	0.0000	0.0000	0.0000	0.1233	0.1403	0.1818	0.0397	0.0207	0.0000	28.35	0.02
1991-01-08	Perennial Ryegrass	0.00	2.19	0.55	0.57	0.05	1.05	1	0	1.23	650.00	0.00	36.68	25.68	0.00	0.00	0.00	0.00	0.00	0.00	0.00	0.00	0.00	0.00	0.00	0.00	0.00	0.00	0.00	0.00	0.00	0.00	0.00	0.00	0.00	0.00	0.00	0.00	14.7	19.5	20.4	24.9	39.8	51.7	171.00	0.472	0.606	0.462	0.101	0.072	0.000	0.5442	0.4735	0.9691	1.0000	1.0000	1.0000	0.35	27.64	27.99	0.16	0.07	0.05	0.01	0.02	0.04	0.67	1.17	5.07	7.63	7.23	5.88	0.0159	0.0068	0.0020	0.0001	0.0000	0.0000	0.0623	0.1098	0.1975	0.0584	0.0205	0.0000	28.98	0.02
1991-01-09	Perennial Ryegrass	0.00	2.14	0.56	0.58	0.05	1.05	1	0	1.25	650.00	0.00	21.60	15.14	0.00	0.00	0.00	0.00	0.00	0.00	0.00	0.00	0.00	0.00	0.00	0.00	0.00	0.00	0.00	0.00	0.00	0.00	0.00	0.00	0.00	0.00	0.00	0.00	12.5	18.6	19.8	25.2	39.7	51.6	167.41	0.330	0.458	0.447	0.145	0.070	0.000	0.5521	0.4907	0.6339	1.0000	1.0000	1.0000	0.37	27.38	27.75	0.17	0.08	0.05	0.01	0.02	0.04	0.71	1.09	4.83	7.65	7.22	5.88	0.0119	0.0052	0.0021	0.0001	0.0000	0.0000	0.0478	0.0729	0.1841	0.0739	0.0202	0.0000	29.65	0.02
1991-01-10	Perennial Ryegrass	0.00	2.15	0.56	0.58	0.06	1.05	1	0	1.25	650.00	0.00	15.53	10.90	0.00	0.00	0.00	0.00	0.00	0.00	0.00	0.00	0.00	0.00	0.00	0.00	0.00	0.00	0.00	0.00	0.00	0.00	0.00	0.00	0.00	0.00	0.00	0.00	10.8	18.1	19.2	25.1	39.7	51.6	164.51	0.176	0.391	0.406	0.159	0.069	0.000	0.5554	0.4924	0.4655	1.0000	1.0000	1.0000	0.35	27.14	27.49	0.14	0.08	0.06	0.01	0.01	0.04	0.74	1.07	4.65	7.60	7.20	5.88	0.0062	0.0047	0.0020	0.0001	0.0000	0.0000	0.0313	0.0603	0.1623	0.0785	0.0200	0.0000	30.08	0.02
1991-01-11	Perennial Ryegrass	0.00	2.82	0.56	0.59	0.07	1.05	1	0	1.25	650.00	0.00	10.73	7.54	0.00	0.00	0.00	0.00	0.00	0.00	0.00	0.00	0.00	0.00	0.00	0.00	0.00	0.00	0.00	0.00	0.00	0.00	0.00	0.00	0.00	0.00	0.00	0.00	10.0	17.6	18.7	25.0	39.7	51.5	162.57	0.059	0.355	0.366	0.156	0.068	0.000	0.5568	0.6728	0.2661	1.0000	1.0000	1.0000	0.35	26.91	27.27	0.14	0.08	0.06	0.01	0.01	0.04	0.74	1.06	4.50	7.55	7.19	5.88	0.0036	0.0045	0.0019	0.0001	0.0000	0.0000	0.0184	0.0543	0.1432	0.0772	0.0197	0.0000	30.36	0.02
1991-01-12	Perennial Ryegrass	0.00	2.90	0.56	0.59	0.07	1.05	1	0	1.25	650.00	0.00	12.13	8.53	0.00	0.00	0.00	0.00	0.00	0.00	0.00	0.00	0.00	0.00	0.00	0.00	0.00	0.00	0.00	0.00	0.00	0.00	0.00	0.00	0.00	0.00	0.00	0.00	9.4	17.2	18.3	24.9	39.6	51.5	160.87	0.002	0.322	0.332	0.152	0.066	0.000	0.5570	0.8888	0.3311	1.0000	1.0000	1.0000	0.36	26.71	27.07	0.14	0.09	0.06	0.01	0.01	0.04	0.73	1.05	4.37	7.49	7.17	5.89	0.0024	0.0042	0.0018	0.0001	0.0000	0.0000	0.0125	0.0493	0.1278	0.0755	0.0194	0.0000	30.56	0.02
1991-01-13	Perennial Ryegrass	0.00	2.97	0.56	0.59	0.07	1.06	1	0	1.26	650.00	0.00	8.57	6.03	0.00	0.00	0.00	0.00	0.00	0.00	0.00	0.00	0.00	0.00	0.00	0.00	0.00	0.00	0.00	0.00	0.00	0.00	0.00	0.00	0.00	0.00	0.00	0.00	8.8	16.8	17.9	24.9	39.6	51.4	159.32	0.000	0.292	0.302	0.147	0.065	0.000	0.5587	0.5589	0.3300	1.0000	1.0000	1.0000	0.36	26.55	26.90	0.14	0.09	0.06	0.01	0.01	0.04	0.73	1.06	4.27	7.44	7.16	5.89	0.0020	0.0039	0.0017	0.0001	0.0000	0.0000	0.0101	0.0454	0.1156	0.0740	0.0192	0.0000	30.80	0.02
1991-01-14	Perennial Ryegrass	0.00	3.09	0.56	0.59	0.08	1.06	1	0	1.26	650.00	0.00	8.02	5.64	0.00	0.00	0.00	0.00	0.00	0.00	0.00	0.00	0.00	0.00	0.00	0.00	0.00	0.00	0.00	0.00	0.00	0.00	0.00	0.00	0.00	0.00	0.00	0.00	8.2	16.4	17.6	24.8	39.6	51.4	157.88	0.000	0.263	0.275	0.142	0.064	0.000	0.5589	0.7241	0.2501	1.0000	1.0000	1.0000	0.36	26.40	26.76	0.13	0.09	0.06	0.01	0.01	0.04	0.73	1.07	4.18	7.38	7.15	5.89	0.0016	0.0036	0.0016	0.0001	0.0000	0.0000	0.0084	0.0421	0.1050	0.0721	0.0190	0.0000	30.97	0.02
1991-01-15	Perennial Ryegrass	0.00	3.24	0.56	0.60	0.08	1.06	1	0	1.26	650.00	0.00	7.59	5.34	0.00	0.00	0.00	0.00	0.00	0.00	0.00	0.00	0.00	0.00	0.00	0.00	0.00	0.00	0.00	0.00	0.00	0.00	0.00	0.00	0.00	0.00	0.00	0.00	7.7	16.1	17.3	24.7	39.5	51.3	156.56	0.000	0.237	0.251	0.136	0.062	0.000	0.5591	0.7345	0.2850	1.0000	1.0000	1.0000	0.36	26.28	26.63	0.13	0.09	0.06	0.01	0.01	0.04	0.74	1.08	4.10	7.32	7.13	5.90	0.0013	0.0034	0.0015	0.0001	0.0000	0.0000	0.0070	0.0391	0.0958	0.0701	0.0188	0.0000	31.12	0.02
1991-01-16	Perennial Ryegrass	0.00	3.40	0.56	0.60	0.08	1.06	1	0	1.26	650.00	0.00	11.73	8.25	0.00	0.00	0.00	0.00	0.00	0.00	0.00	0.00	0.00	0.00	0.00	0.00	0.00	0.00	0.00	0.00	0.00	0.00	0.00	0.00	0.00	0.00	0.00	0.00	7.3	15.7	17.0	24.6	39.5	51.2	155.32	0.000	0.214	0.230	0.131	0.061	0.000	0.5598	0.6069	0.2597	1.0000	1.0000	1.0000	0.36	26.15	26.51	0.13	0.09	0.06	0.01	0.01	0.04	0.74	1.09	4.03	7.27	7.12	5.90	0.0011	0.0032	0.0014	0.0001	0.0000	0.0000	0.0058	0.0364	0.0877	0.0681	0.0186	0.0000	31.34	0.02
1991-01-17	Perennial Ryegrass	0.00	3.57	0.57	0.60	0.09	1.06	1	0	1.28	650.00	0.00	12.27	8.63	0.00	0.00	0.00	0.00	0.00	0.00	0.00	0.00	0.00	0.00	0.00	0.00	0.00	0.00	0.00	0.00	0.00	0.00	0.00	0.00	0.00	0.00	0.00	0.00	6.8	15.4	16.8	24.5	39.5	51.2	154.17	0.000	0.192	0.210	0.125	0.060	0.000	0.5615	0.8573	0.4443	1.0000	1.0000	1.0000	0.36	26.03	26.39	0.13	0.09	0.07	0.01	0.01	0.04	0.74	1.10	3.96	7.21	7.11	5.90	0.0009	0.0029	0.0014	0.0001	0.0000	0.0000	0.0049	0.0339	0.0809	0.0664	0.0184	0.0000	31.50	0.02
1991-01-18	Perennial Ryegrass	0.00	3.73	0.57	0.60	0.09	1.07	1	0	1.28	650.00	0.00	7.92	5.56	0.00	0.00	0.00	0.00	0.00	0.00	0.00	0.00	0.00	0.00	0.00	0.00	0.00	0.00	0.00	0.00	0.00	0.00	0.00	0.00	0.00	0.00	0.00	0.00	6.4	15.2	16.5	24.4	39.4	51.1	153.09	0.000	0.171	0.193	0.120	0.059	0.000	0.5652	0.6911	0.2448	1.0000	1.0000	1.0000	0.36	25.91	26.26	0.13	0.09	0.07	0.01	0.01	0.04	0.75	1.10	3.90	7.16	7.09	5.91	0.0007	0.0026	0.0013	0.0001	0.0000	0.0000	0.0041	0.0316	0.0748	0.0647	0.0182	0.0000	31.79	0.02
1991-01-19	Perennial Ryegrass	0.00	3.91	0.57	0.61	0.09	1.07	1	0	1.28	650.00	0.00	7.92	5.57	0.00	0.00	0.00	0.00	0.00	0.00	0.00	0.00	0.00	0.00	0.00	0.00	0.00	0.00	0.00	0.00	0.00	0.00	0.00	0.00	0.00	0.00	0.00	0.00	6.0	14.9	16.3	24.3	39.4	51.1	152.07	0.000	0.153	0.177	0.114	0.057	0.000	0.5660	0.9364	0.1700	1.0000	1.0000	1.0000	0.35	25.79	26.14	0.13	0.09	0.07	0.01	0.01	0.04	0.75	1.10	3.85	7.10	7.08	5.91	0.0006	0.0023	0.0012	0.0001	0.0000	0.0000	0.0034	0.0294	0.0691	0.0628	0.0180	0.0000	31.95	0.02
1991-01-20	Perennial Ryegrass	0.00	4.08	0.57	0.61	0.09	1.07	1	0	1.28	650.00	0.00	1.78	1.25	0.00	0.00	0.00	0.00	0.00	0.00	0.00	0.00	0.00	0.00	0.00	0.00	0.00	0.00	0.00	0.00	0.00	0.00	0.00	0.00	0.00	0.00	0.00	0.00	5.6	14.7	16.1	24.2	39.4	51.0	151.11	0.000	0.135	0.162	0.109	0.056	0.000	0.5670	1.0000	0.1322	1.0000	1.0000	1.0000	0.34	25.68	26.03	0.13	0.08	0.06	0.01	0.01	0.05	0.76	1.10	3.80	7.05	7.07	5.91	0.0005	0.0021	0.0011	0.0001	0.0000	0.0000	0.0028	0.0273	0.0641	0.0610	0.0178	0.0000	32.05	0.02
1991-01-21	Perennial Ryegrass	0.00	9.26	0.57	0.61	0.10	1.07	1	0	1.29	650.00	0.00	7.18	5.04	0.00	0.00	0.00	0.00	0.00	0.00	0.00	0.00	0.00	0.00	0.00	0.00	0.00	0.00	0.00	0.00	0.00	0.00	0.00	0.00	0.00	0.00	0.00	0.00	17.0	15.6	16.0	24.2	39.4	51.0	163.10	0.000	0.120	0.149	0.104	0.055	0.000	0.5665	1.0000	0.2286	1.0000	1.0000	1.0000	0.39	25.67	26.06	0.17	0.09	0.06	0.01	0.01	0.05	0.79	1.15	3.76	7.00	7.05	5.91	0.0006	0.0020	0.0010	0.0001	0.0000	0.0000	0.0025	0.0264	0.0595	0.0590	0.0175	0.0000	32.04	0.02
1991-01-22	Perennial Ryegrass	0.01	13.17	0.57	0.61	0.09	1.07	1	0	1.30	650.00	0.00	16.20	11.37	0.00	0.00	0.00	0.00	0.00	0.00	0.00	0.00	0.00	0.00	0.00	0.00	0.00	0.00	0.00	0.00	0.00	0.00	0.00	0.00	0.00	0.00	0.00	0.00	21.6	19.4	16.5	24.1	39.3	50.9	171.84	0.489	0.185	0.138	0.100	0.054	0.000	0.5682	0.4993	0.5143	1.0000	1.0000	1.0000	0.40	25.61	26.01	0.18	0.09	0.06	0.01	0.01	0.04	0.69	1.25	3.77	6.95	7.04	5.92	0.0181	0.0029	0.0009	0.0001	0.0000	0.0000	0.0687	0.0383	0.0566	0.0573	0.0173	0.0000	32.34	0.02
1991-01-23	Perennial Ryegrass	0.01	17.65	0.58	0.62	0.09	1.07	1	0	1.34	650.00	0.00	23.01	16.14	0.00	0.00	0.00	0.00	0.00	0.00	0.00	0.00	0.00	0.00	0.00	0.00	0.00	0.00	0.00	0.00	0.00	0.00	0.00	0.00	0.00	0.00	0.00	0.00	29.8	24.5	20.0	24.3	39.3	50.9	188.81	0.421	0.234	0.091	0.050	0.028	0.000	0.5720	1.0000	1.0000	1.0000	1.0000	1.0000	0.39	25.48	25.87	0.17	0.09	0.07	0.01	0.01	0.04	0.51	1.17	3.88	6.96	7.03	5.92	0.0315	0.0059	0.0009	0.0001	0.0000	0.0000	0.0919	0.0737	0.0518	0.0462	0.0137	0.0000	32.32	0.02
1991-01-24	Perennial Ryegrass	0.01	16.16	0.60	0.63	0.08	1.08	2	0	1.39	650.00	0.00	47.23	33.12	0.00	0.00	0.00	0.00	0.00	0.00	0.00	0.00	0.00	0.00	0.00	0.00	0.00	0.00	0.00	0.00	0.00	0.00	0.00	0.00	0.00	0.00	0.00	0.00	22.2	24.7	21.9	26.2	39.3	50.8	185.20	1.095	0.637	0.331	0.085	0.042	0.000	0.5824	0.7314	1.0000	1.0000	1.0000	1.0000	0.34	25.07	25.41	0.12	0.08	0.07	0.01	0.01	0.04	0.30	0.95	3.63	7.24	7.02	5.93	0.0776	0.0145	0.0024	0.0001	0.0000	0.0000	0.1896	0.1638	0.1249	0.0573	0.0155	0.0000	33.05	0.02
1991-01-25	Perennial Ryegrass	0.01	14.99	0.61	0.64	0.08	1.08	2	0	1.42	650.00	0.00	43.68	30.65	0.00	0.00	0.00	0.00	0.00	0.00	0.00	0.00	0.00	0.00	0.00	0.00	0.00	0.00	0.00	0.00	0.00	0.00	0.00	0.00	0.00	0.00	0.00	0.00	17.0	22.9	22.2	28.3	39.3	50.8	180.42	0.851	0.822	0.556	0.222	0.053	0.000	0.5964	0.4879	0.9032	1.0000	1.0000	1.0000	0.35	24.70	25.05	0.14	0.07	0.07	0.02	0.01	0.04	0.28	0.74	3.24	7.49	7.01	5.94	0.0330	0.0151	0.0037	0.0003	0.0000	0.0000	0.0641	0.1449	0.1735	0.1039	0.0171	0.0000	33.98	0.02
1991-01-26	Perennial Ryegrass	0.01	14.09	0.61	0.64	0.08	1.08	2	0	1.45	650.00	0.00	33.56	23.56	0.00	0.00	0.00	0.00	0.00	0.00	0.00	0.00	0.00	0.00	0.00	0.00	0.00	0.00	0.00	0.00	0.00	0.00	0.00	0.00	0.00	0.00	0.00	0.00	15.0	20.1	21.5	29.6	39.3	50.7	176.20	0.488	0.690	0.572	0.349	0.052	0.000	0.6056	0.5078	0.6474	1.0000	1.0000	1.0000	0.39	24.39	24.78	0.16	0.08	0.07	0.02	0.01	0.04	0.33	0.62	2.91	7.58	7.00	5.94	0.0189	0.0114	0.0038	0.0005	0.0000	0.0000	0.0368	0.0900	0.1641	0.1494	0.0172	0.0000	34.81	0.02
1991-01-27	Perennial Ryegrass	0.01	13.44	0.62	0.65	0.08	1.08	2	0	1.47	650.00	0.00	30.16	21.17	0.00	0.00	0.00	0.00	0.00	0.00	0.00	0.00	0.00	0.00	0.00	0.00	0.00	0.00	0.00	0.00	0.00	0.00	0.00	0.00	0.00	0.00	0.00	0.00	12.7	18.8	20.5	30.0	39.3	50.7	172.10	0.349	0.494	0.523	0.428	0.053	0.000	0.6123	0.4278	0.6487	1.0000	1.0000	1.0000	0.41	24.13	24.54	0.18	0.08	0.07	0.03	0.01	0.04	0.39	0.58	2.70	7.52	7.00	5.95	0.0147	0.0076	0.0035	0.0006	0.0000	0.0000	0.0310	0.0516	0.1379	0.1759	0.0173	0.0000	35.49	0.02
1991-01-28	Perennial Ryegrass	0.01	13.01	0.62	0.65	0.08	1.08	2	0	1.50	650.00	0.00	30.09	21.11	0.00	0.00	0.00	0.00	0.00	0.00	0.00	0.00	0.00	0.00	0.00	0.00	0.00	0.00	0.00	0.00	0.00	0.00	0.00	0.00	0.00	0.00	0.00	0.00	10.6	18.3	19.7	29.8	39.3	50.6	168.46	0.188	0.408	0.458	0.451	0.053	0.000	0.6180	0.5990	0.4791	1.0000	1.0000	1.0000	0.40	23.89	24.29	0.16	0.09	0.07	0.03	0.01	0.04	0.42	0.58	2.57	7.38	6.99	5.95	0.0080	0.0065	0.0031	0.0007	0.0000	0.0000	0.0208	0.0417	0.1139	0.1814	0.0174	0.0000	36.11	0.02
1991-01-29	Perennial Ryegrass	0.01	12.74	0.63	0.66	0.08	1.08	2	0	1.52	650.00	0.00	24.34	17.07	0.00	0.00	0.00	0.00	0.00	0.00	0.00	0.00	0.00	0.00	0.00	0.00	0.00	0.00	0.00	0.00	0.00	0.00	0.00	0.00	0.00	0.00	0.00	0.00	9.3	17.8	19.3	29.3	39.3	50.6	165.69	0.045	0.372	0.402	0.437	0.053	0.000	0.6240	0.4574	0.5064	1.0000	1.0000	1.0000	0.40	23.64	24.04	0.15	0.09	0.07	0.03	0.01	0.04	0.41	0.59	2.48	7.21	6.98	5.96	0.0042	0.0062	0.0028	0.0008	0.0000	0.0000	0.0110	0.0384	0.0970	0.1741	0.0174	0.0000	36.69	0.02
1991-01-30	Perennial Ryegrass	0.01	12.62	0.63	0.66	0.08	1.08	2	0	1.53	650.00	0.00	14.84	10.41	0.00	0.00	0.00	0.00	0.00	0.00	0.00	0.00	0.00	0.00	0.00	0.00	0.00	0.00	0.00	0.00	0.00	0.00	0.00	0.00	0.00	0.00	0.00	0.00	8.6	17.4	18.8	28.9	39.3	50.6	163.59	0.000	0.338	0.368	0.411	0.053	0.000	0.6285	0.2911	0.5728	1.0000	1.0000	1.0000	0.41	23.41	23.82	0.15	0.10	0.07	0.03	0.01	0.04	0.41	0.59	2.41	7.06	6.98	5.96	0.0026	0.0059	0.0026	0.0008	0.0000	0.0000	0.0068	0.0354	0.0872	0.1634	0.0175	0.0000	37.09	0.02
1991-01-31	Perennial Ryegrass	0.01	12.58	0.63	0.66	0.08	1.09	2	0	1.54	650.00	0.00	14.06	9.85	0.00	0.00	0.00	0.00	0.00	0.00	0.00	0.00	0.00	0.00	0.00	0.00	0.00	0.00	0.00	0.00	0.00	0.00	0.00	0.00	0.00	0.00	0.00	0.00	7.9	16.9	18.4	28.5	39.3	50.5	161.68	0.000	0.306	0.337	0.385	0.053	0.000	0.6311	0.6565	0.2783	1.0000	1.0000	1.0000	0.41	23.21	23.62	0.15	0.10	0.07	0.03	0.01	0.04	0.41	0.60	2.35	6.91	6.97	5.96	0.0020	0.0056	0.0025	0.0008	0.0000	0.0000	0.0053	0.0328	0.0791	0.1535	0.0176	0.0000	37.39	0.02
1991-02-01	Perennial Ryegrass	0.01	12.67	0.64	0.67	0.08	1.09	2	0	1.55	650.00	0.00	14.22	9.96	0.00	0.00	0.00	0.00	0.00	0.00	0.00	0.00	0.00	0.00	0.00	0.00	0.00	0.00	0.00	0.00	0.00	0.00	0.00	0.00	0.00	0.00	0.00	0.00	7.4	16.6	18.1	28.2	39.3	50.5	159.93	0.000	0.276	0.310	0.362	0.053	0.000	0.6335	0.5397	0.3483	1.0000	1.0000	1.0000	0.41	23.03	23.44	0.15	0.10	0.07	0.03	0.01	0.04	0.42	0.61	2.30	6.77	6.96	5.97	0.0016	0.0053	0.0024	0.0008	0.0000	0.0000	0.0043	0.0306	0.0723	0.1444	0.0176	0.0000	37.68	0.02
1991-02-02	Perennial Ryegrass	0.01	12.84	0.64	0.67	0.08	1.09	2	0	1.56	650.00	0.00	12.77	8.94	0.00	0.00	0.00	0.00	0.00	0.00	0.00	0.00	0.00	0.00	0.00	0.00	0.00	0.00	0.00	0.00	0.00	0.00	0.00	0.00	0.00	0.00	0.00	0.00	6.8	16.2	17.8	27.8	39.3	50.4	158.32	0.000	0.249	0.285	0.340	0.052	0.000	0.6361	0.4622	0.3662	1.0000	1.0000	1.0000	0.42	22.87	23.29	0.14	0.10	0.08	0.04	0.01	0.04	0.42	0.63	2.26	6.65	6.95	5.97	0.0012	0.0050	0.0023	0.0007	0.0000	0.0000	0.0034	0.0288	0.0665	0.1360	0.0175	0.0000	37.95	0.02
1991-02-03	Perennial Ryegrass	0.01	13.00	0.64	0.67	0.08	1.09	2	0	1.56	650.00	0.00	9.83	6.87	0.00	0.00	0.00	0.00	0.00	0.00	0.00	0.00	0.00	0.00	0.00	0.00	0.00	0.00	0.00	0.00	0.00	0.00	0.00	0.00	0.00	0.00	0.00	0.00	6.4	15.9	17.5	27.5	39.3	50.4	156.82	0.000	0.224	0.263	0.319	0.052	0.000	0.6383	0.6557	0.2551	1.0000	1.0000	1.0000	0.42	22.74	23.16	0.14	0.10	0.08	0.03	0.01	0.04	0.42	0.65	2.23	6.53	6.93	5.98	0.0010	0.0046	0.0021	0.0007	0.0000	0.0000	0.0028	0.0276	0.0615	0.1282	0.0175	0.0000	38.18	0.02
1991-02-04	Perennial Ryegrass	0.01	13.16	0.64	0.67	0.08	1.09	2	0	1.57	650.00	0.00	7.15	5.00	0.00	0.00	0.00	0.00	0.00	0.00	0.00	0.00	0.00	0.00	0.00	0.00	0.00	0.00	0.00	0.00	0.00	0.00	0.00	0.00	0.00	0.00	0.00	0.00	5.9	15.6	17.2	27.2	39.3	50.3	155.43	0.000	0.200	0.242	0.299	0.051	0.000	0.6401	0.7548	0.2108	1.0000	1.0000	1.0000	0.41	22.63	23.05	0.14	0.10	0.08	0.03	0.01	0.04	0.43	0.68	2.21	6.42	6.92	5.98	0.0008	0.0041	0.0020	0.0007	0.0000	0.0000	0.0023	0.0266	0.0571	0.1209	0.0174	0.0000	38.36	0.02
1991-02-05	Perennial Ryegrass	0.01	15.35	0.64	0.67	0.09	1.10	2	0	1.57	650.00	0.00	3.82	2.67	0.00	0.00	0.00	0.00	0.00	0.00	0.00	0.00	0.00	0.00	0.00	0.00	0.00	0.00	0.00	0.00	0.00	0.00	0.00	0.00	0.00	0.00	0.00	0.00	7.2	15.3	16.9	26.9	39.2	50.3	155.92	0.000	0.179	0.224	0.281	0.051	0.000	0.6412	1.0000	0.1663	1.0000	1.0000	1.0000	0.40	22.55	22.95	0.14	0.09	0.07	0.03	0.01	0.04	0.43	0.71	2.19	6.32	6.91	5.99	0.0006	0.0035	0.0019	0.0006	0.0000	0.0000	0.0018	0.0257	0.0532	0.1139	0.0173	0.0000	38.44	0.02
1991-02-06	Perennial Ryegrass	0.01	18.03	0.64	0.67	0.09	1.10	2	0	1.58	650.00	0.00	10.05	7.02	0.00	0.00	0.00	0.00	0.00	0.00	0.00	0.00	0.00	0.00	0.00	0.00	0.00	0.00	0.00	0.00	0.00	0.00	0.00	0.00	0.00	0.00	0.00	0.00	15.5	15.3	16.7	26.6	39.2	50.2	163.70	0.000	0.161	0.206	0.264	0.050	0.000	0.6418	0.6719	0.3327	1.0000	1.0000	1.0000	0.44	22.60	23.05	0.19	0.09	0.07	0.03	0.02	0.04	0.54	0.76	2.19	6.22	6.90	5.99	0.0016	0.0031	0.0017	0.0005	0.0000	0.0000	0.0042	0.0253	0.0498	0.1073	0.0172	0.0000	38.55	0.02
1991-02-07	Perennial Ryegrass	0.01	16.56	0.65	0.67	0.08	1.10	2	0	1.59	650.00	0.00	14.48	10.10	0.00	0.00	0.00	0.00	0.00	0.00	0.00	0.00	0.00	0.00	0.00	0.00	0.00	0.00	0.00	0.00	0.00	0.00	0.00	0.00	0.00	0.00	0.00	0.00	13.2	15.1	16.5	26.4	39.2	50.2	160.65	0.388	0.162	0.191	0.248	0.049	0.000	0.6439	0.5534	0.4001	1.0000	1.0000	1.0000	0.45	22.62	23.07	0.21	0.08	0.07	0.03	0.02	0.04	0.63	0.79	2.18	6.13	6.89	6.00	0.0195	0.0030	0.0015	0.0005	0.0000	0.0000	0.0571	0.0267	0.0469	0.1017	0.0170	0.0000	38.81	0.02
1991-02-08	Perennial Ryegrass	0.01	15.40	0.65	0.68	0.08	1.10	2	0	1.60	650.00	0.00	10.77	7.51	0.00	0.00	0.00	0.00	0.00	0.00	0.00	0.00	0.00	0.00	0.00	0.00	0.00	0.00	0.00	0.00	0.00	0.00	0.00	0.00	0.00	0.00	0.00	0.00	10.9	15.0	16.3	26.1	39.2	50.2	157.66	0.223	0.150	0.177	0.233	0.048	0.000	0.6467	0.6519	0.2945	1.0000	1.0000	1.0000	0.41	22.59	22.99	0.18	0.08	0.07	0.03	0.02	0.04	0.67	0.81	2.17	6.05	6.88	6.01	0.0104	0.0027	0.0014	0.0005	0.0000	0.0000	0.0377	0.0263	0.0442	0.0963	0.0169	0.0000	38.93	0.02
1991-02-09	Perennial Ryegrass	0.01	14.50	0.65	0.68	0.08	1.10	2	0	1.60	650.00	0.00	4.08	2.84	0.00	0.00	0.00	0.00	0.00	0.00	0.00	0.00	0.00	0.00	0.00	0.00	0.00	0.00	0.00	0.00	0.00	0.00	0.00	0.00	0.00	0.00	0.00	0.00	9.6	14.8	16.2	25.9	39.2	50.1	155.77	0.061	0.137	0.164	0.219	0.048	0.000	0.6486	1.0000	0.1504	1.0000	1.0000	1.0000	0.39	22.50	22.89	0.17	0.07	0.06	0.03	0.02	0.04	0.65	0.83	2.17	5.97	6.86	6.01	0.0051	0.0024	0.0013	0.0004	0.0000	0.0000	0.0187	0.0255	0.0416	0.0912	0.0167	0.0000	39.08	0.02
1991-02-10	Perennial Ryegrass	0.01	13.77	0.65	0.68	0.08	1.10	2	0	1.62	650.00	0.00	11.20	7.79	0.00	0.00	0.00	0.00	0.00	0.00	0.00	0.00	0.00	0.00	0.00	0.00	0.00	0.00	0.00	0.00	0.00	0.00	0.00	0.00	0.00	0.00	0.00	0.00	8.8	14.6	16.0	25.7	39.1	50.1	154.33	0.000	0.125	0.152	0.206	0.047	0.000	0.6493	0.9627	0.2347	1.0000	1.0000	1.0000	0.38	22.40	22.79	0.17	0.07	0.06	0.03	0.02	0.04	0.64	0.84	2.15	5.89	6.85	6.02	0.0031	0.0021	0.0012	0.0004	0.0000	0.0000	0.0112	0.0243	0.0391	0.0863	0.0166	0.0000	39.21	0.02
1991-02-11	Perennial Ryegrass	0.01	13.20	0.65	0.68	0.08	1.11	2	0	1.62	650.00	0.00	6.57	4.57	0.00	0.00	0.00	0.00	0.00	0.00	0.00	0.00	0.00	0.00	0.00	0.00	0.00	0.00	0.00	0.00	0.00	0.00	0.00	0.00	0.00	0.00	0.00	0.00	8.0	14.4	15.9	25.5	39.1	50.0	153.03	0.000	0.113	0.140	0.194	0.046	0.000	0.6517	1.0000	0.2015	1.0000	1.0000	1.0000	0.37	22.31	22.69	0.17	0.07	0.06	0.03	0.02	0.04	0.64	0.85	2.14	5.82	6.84	6.02	0.0023	0.0019	0.0011	0.0004	0.0000	0.0000	0.0085	0.0233	0.0371	0.0824	0.0164	0.0000	39.40	0.02
1991-02-12	Perennial Ryegrass	0.01	12.77	0.65	0.68	0.08	1.11	2	0	1.63	650.00	0.00	4.81	3.34	0.00	0.00	0.00	0.00	0.00	0.00	0.00	0.00	0.00	0.00	0.00	0.00	0.00	0.00	0.00	0.00	0.00	0.00	0.00	0.00	0.00	0.00	0.00	0.00	7.4	14.3	15.7	25.4	39.1	50.0	151.83	0.000	0.101	0.130	0.182	0.045	0.000	0.6531	1.0000	0.1899	1.0000	1.0000	1.0000	0.36	22.22	22.59	0.16	0.06	0.06	0.02	0.02	0.04	0.64	0.86	2.13	5.75	6.83	6.02	0.0018	0.0017	0.0010	0.0003	0.0000	0.0000	0.0066	0.0222	0.0351	0.0786	0.0163	0.0000	39.52	0.02
1991-02-13	Perennial Ryegrass	0.01	12.50	0.65	0.68	0.08	1.11	2	0	1.63	650.00	0.00	0.13	0.09	0.00	0.00	0.00	0.00	0.00	0.00	0.00	0.00	0.00	0.00	0.00	0.00	0.00	0.00	0.00	0.00	0.00	0.00	0.00	0.00	0.00	0.00	0.00	0.00	6.8	14.1	15.6	25.2	39.1	49.9	150.73	0.000	0.090	0.120	0.172	0.044	0.000	0.6540	1.0000	0.1175	1.0000	1.0000	1.0000	0.35	22.14	22.49	0.16	0.06	0.05	0.02	0.02	0.04	0.64	0.86	2.12	5.68	6.82	6.03	0.0014	0.0015	0.0009	0.0003	0.0000	0.0000	0.0051	0.0211	0.0332	0.0749	0.0161	0.0000	39.57	0.02
1991-02-14	Perennial Ryegrass	0.01	12.39	0.65	0.68	0.08	1.11	2	0	1.63	650.00	0.00	2.95	2.05	0.00	0.00	0.00	0.00	0.00	0.00	0.00	0.00	0.00	0.00	0.00	0.00	0.00	0.00	0.00	0.00	0.00	0.00	0.00	0.00	0.00	0.00	0.00	0.00	6.2	14.0	15.5	25.0	39.1	49.9	149.70	0.000	0.079	0.112	0.162	0.043	0.000	0.6540	0.9858	0.1403	1.0000	1.0000	1.0000	0.34	22.06	22.40	0.16	0.05	0.05	0.02	0.01	0.04	0.64	0.86	2.11	5.62	6.80	6.03	0.0011	0.0013	0.0008	0.0003	0.0000	0.0000	0.0040	0.0199	0.0314	0.0712	0.0159	0.0000	39.59	0.02
1991-02-15	Perennial Ryegrass	0.01	14.06	0.65	0.68	0.08	1.11	2	0	1.63	650.00	0.00	2.26	1.57	0.00	0.00	0.00	0.00	0.00	0.00	0.00	0.00	0.00	0.00	0.00	0.00	0.00	0.00	0.00	0.00	0.00	0.00	0.00	0.00	0.00	0.00	0.00	0.00	8.9	13.9	15.4	24.9	39.0	49.9	151.96	0.000	0.069	0.103	0.152	0.043	0.000	0.6545	1.0000	0.1965	1.0000	1.0000	1.0000	0.34	21.98	22.32	0.16	0.05	0.05	0.02	0.01	0.04	0.64	0.86	2.10	5.56	6.79	6.03	0.0008	0.0011	0.0007	0.0003	0.0000	0.0000	0.0031	0.0188	0.0298	0.0680	0.0158	0.0000	39.61	0.02
1991-02-16	Perennial Ryegrass	0.01	13.84	0.66	0.68	0.08	1.12	2	0	1.63	650.00	0.00	2.31	1.60	0.00	0.00	0.00	0.00	0.00	0.00	0.00	0.00	0.00	0.00	0.00	0.00	0.00	0.00	0.00	0.00	0.00	0.00	0.00	0.00	0.00	0.00	0.00	0.00	7.3	13.8	15.3	24.8	39.0	49.8	149.95	0.000	0.062	0.096	0.144	0.042	0.000	0.6550	1.0000	0.1298	1.0000	1.0000	1.0000	0.33	21.92	22.25	0.16	0.05	0.05	0.02	0.01	0.04	0.63	0.86	2.10	5.51	6.78	6.03	0.0019	0.0009	0.0005	0.0002	0.0000	0.0000	0.0073	0.0150	0.0237	0.0546	0.0131	0.0000	39.69	0.02
1991-02-17	Perennial Ryegrass	0.01	13.82	0.66	0.68	0.08	1.12	2	0	1.64	650.00	0.00	5.74	3.97	0.00	0.00	0.00	0.00	0.00	0.00	0.00	0.00	0.00	0.00	0.00	0.00	0.00	0.00	0.00	0.00	0.00	0.00	0.00	0.00	0.00	0.00	0.00	0.00	5.8	13.7	15.2	24.6	39.0	49.8	148.08	0.000	0.054	0.089	0.135	0.041	0.000	0.6554	0.8608	0.1380	1.0000	1.0000	1.0000	0.32	21.84	22.16	0.16	0.05	0.04	0.02	0.01	0.04	0.63	0.86	2.08	5.45	6.77	6.04	0.0013	0.0010	0.0006	0.0002	0.0000	0.0000	0.0049	0.0170	0.0269	0.0624	0.0154	0.0000	39.70	0.02
1991-02-18	Perennial Ryegrass	0.01	13.86	0.66	0.68	0.08	1.12	2	0	1.64	650.00	0.00	3.56	2.46	0.00	0.00	0.00	0.00	0.00	0.00	0.00	0.00	0.00	0.00	0.00	0.00	0.00	0.00	0.00	0.00	0.00	0.00	0.00	0.00	0.00	0.00	0.00	0.00	5.4	13.5	15.1	24.5	39.0	49.7	147.22	0.000	0.046	0.082	0.128	0.040	0.000	0.6565	1.0000	0.1258	1.0000	1.0000	1.0000	0.32	21.76	22.08	0.16	0.05	0.04	0.02	0.01	0.04	0.64	0.85	2.07	5.40	6.76	6.04	0.0006	0.0009	0.0005	0.0002	0.0000	0.0000	0.0025	0.0158	0.0253	0.0592	0.0150	0.0000	39.79	0.02
1991-02-19	Perennial Ryegrass	0.01	14.01	0.66	0.68	0.08	1.12	2	0	1.64	650.00	0.00	-1.91	0.00	0.00	0.00	0.00	0.00	0.00	0.00	0.00	0.00	0.00	0.00	0.00	0.00	0.00	0.00	0.00	0.00	0.00	0.00	0.00	0.00	0.00	0.00	0.00	0.00	4.9	13.4	15.0	24.4	39.0	49.7	146.41	0.000	0.038	0.076	0.121	0.039	0.000	0.6571	1.0000	0.1007	1.0000	1.0000	1.0000	0.32	21.79	22.11	0.16	0.05	0.04	0.02	0.01	0.04	0.64	0.85	2.08	5.41	6.76	6.04	0.0000	0.0000	0.0000	0.0000	0.0000	0.0000	0.0000	0.0000	0.0000	0.0000	0.0000	0.0000	39.81	0.02
1991-02-20	Perennial Ryegrass	0.01	14.15	0.66	0.68	0.08	1.12	2	0	1.63	650.00	0.00	-1.61	0.00	0.00	0.00	0.00	0.00	0.00	0.00	0.00	0.00	0.00	0.00	0.00	0.00	0.00	0.00	0.00	0.00	0.00	0.00	0.00	0.00	0.00	0.00	0.00	0.00	4.5	13.3	14.9	24.3	38.9	49.7	145.65	0.000	0.031	0.070	0.114	0.039	0.000	0.6565	1.0000	0.1352	1.0000	1.0000	1.0000	0.32	21.71	22.02	0.16	0.05	0.04	0.02	0.01	0.04	0.65	0.84	2.07	5.35	6.75	6.04	0.0004	0.0008	0.0005	0.0002	0.0000	0.0000	0.0016	0.0143	0.0236	0.0560	0.0149	0.0000	39.76	0.02
1991-02-21	Perennial Ryegrass	0.01	14.30	0.65	0.68	0.08	1.12	2	0	1.63	650.00	0.00	-3.94	0.00	0.00	0.00	0.00	0.00	0.00	0.00	0.00	0.00	0.00	0.00	0.00	0.00	0.00	0.00	0.00	0.00	0.00	0.00	0.00	0.00	0.00	0.00	0.00	0.00	4.1	13.2	14.9	24.2	38.9	49.6	144.92	0.000	0.024	0.065	0.108	0.038	0.000	0.6560	1.0000	0.1302	1.0000	1.0000	1.0000	0.31	21.63	21.94	0.16	0.05	0.04	0.02	0.01	0.04	0.65	0.83	2.06	5.31	6.74	6.04	0.0003	0.0008	0.0004	0.0002	0.0000	0.0000	0.0012	0.0134	0.0225	0.0537	0.0147	0.0000	39.69	0.02
1991-02-22	Perennial Ryegrass	0.01	15.40	0.65	0.68	0.08	1.12	2	0	1.61	650.00	0.00	-13.27	0.00	0.00	0.00	0.00	0.00	0.00	0.00	0.00	0.00	0.00	0.00	0.00	0.00	0.00	0.00	0.00	0.00	0.00	0.00	0.00	0.00	0.00	0.00	0.00	0.00	4.5	13.2	14.8	24.1	38.9	49.6	145.04	0.000	0.017	0.060	0.102	0.037	0.000	0.6548	1.0000	0.0808	1.0000	1.0000	1.0000	0.31	21.55	21.86	0.15	0.05	0.04	0.02	0.01	0.04	0.65	0.82	2.05	5.26	6.73	6.04	0.0002	0.0007	0.0004	0.0002	0.0000	0.0000	0.0009	0.0125	0.0215	0.0516	0.0145	0.0000	39.50	0.02
1991-02-23	Perennial Ryegrass	0.01	15.54	0.65	0.67	0.08	1.13	2	0	1.59	650.00	0.00	-8.91	0.00	0.00	0.00	0.00	0.00	0.00	0.00	0.00	0.00	0.00	0.00	0.00	0.00	0.00	0.00	0.00	0.00	0.00	0.00	0.00	0.00	0.00	0.00	0.00	0.00	3.8	13.1	14.7	24.0	38.9	49.5	144.03	0.000	0.012	0.055	0.096	0.036	0.000	0.6507	1.0000	0.1370	1.0000	1.0000	1.0000	0.31	21.48	21.78	0.15	0.05	0.03	0.02	0.01	0.04	0.66	0.80	2.04	5.22	6.72	6.04	0.0003	0.0007	0.0004	0.0002	0.0000	0.0000	0.0012	0.0116	0.0205	0.0495	0.0143	0.0000	39.22	0.02
1991-02-24	Perennial Ryegrass	0.01	15.69	0.64	0.67	0.08	1.13	2	0	1.58	650.00	0.00	-7.25	0.00	0.00	0.00	0.00	0.00	0.00	0.00	0.00	0.00	0.00	0.00	0.00	0.00	0.00	0.00	0.00	0.00	0.00	0.00	0.00	0.00	0.00	0.00	0.00	0.00	3.4	13.0	14.7	23.9	38.9	49.5	143.39	0.000	0.006	0.051	0.091	0.036	0.000	0.6476	1.0000	0.0874	1.0000	1.0000	1.0000	0.30	21.40	21.70	0.15	0.04	0.03	0.02	0.01	0.04	0.66	0.79	2.03	5.17	6.70	6.04	0.0002	0.0006	0.0003	0.0002	0.0000	0.0000	0.0007	0.0108	0.0195	0.0476	0.0141	0.0000	38.98	0.02
1991-02-25	Perennial Ryegrass	0.01	15.84	0.64	0.67	0.08	1.13	2	0	1.56	650.00	0.00	-13.91	0.00	0.00	0.00	0.00	0.00	0.00	0.00	0.00	0.00	0.00	0.00	0.00	0.00	0.00	0.00	0.00	0.00	0.00	0.00	0.00	0.00	0.00	0.00	0.00	0.00	3.0	13.0	14.6	23.9	38.9	49.5	142.78	0.000	0.001	0.047	0.086	0.035	0.000	0.6446	1.0000	0.0625	1.0000	1.0000	1.0000	0.30	21.33	21.63	0.15	0.04	0.03	0.02	0.01	0.04	0.66	0.78	2.02	5.13	6.69	6.04	0.0001	0.0006	0.0003	0.0002	0.0000	0.0000	0.0005	0.0102	0.0187	0.0458	0.0139	0.0000	38.74	0.02
1991-02-26	Perennial Ryegrass	0.01	16.00	0.63	0.66	0.09	1.13	2	0	1.52	650.00	0.00	-19.04	0.00	0.00	0.00	0.00	0.00	0.00	0.00	0.00	0.00	0.00	0.00	0.00	0.00	0.00	0.00	0.00	0.00	0.00	0.00	0.00	0.00	0.00	0.00	0.00	0.00	2.5	13.0	14.6	23.8	38.8	49.4	142.19	0.000	0.001	0.044	0.082	0.034	0.000	0.6394	1.0000	0.0515	1.0000	1.0000	1.0000	0.30	21.26	21.56	0.15	0.04	0.03	0.02	0.01	0.04	0.66	0.77	2.01	5.09	6.68	6.05	0.0001	0.0006	0.0003	0.0001	0.0000	0.0000	0.0004	0.0100	0.0179	0.0440	0.0137	0.0000	38.35	0.02
1991-02-27	Perennial Ryegrass	0.01	16.17	0.63	0.66	0.09	1.13	2	0	1.50	650.00	0.00	-12.15	0.00	0.00	0.00	0.00	0.00	0.00	0.00	0.00	0.00	0.00	0.00	0.00	0.00	0.00	0.00	0.00	0.00	0.00	0.00	0.00	0.00	0.00	0.00	0.00	0.00	2.2	13.0	14.5	23.7	38.8	49.4	141.70	0.000	0.001	0.040	0.077	0.034	0.000	0.6320	1.0000	0.0833	1.0000	1.0000	1.0000	0.30	21.20	21.49	0.15	0.04	0.03	0.02	0.01	0.04	0.66	0.76	2.00	5.06	6.67	6.05	0.0001	0.0006	0.0003	0.0001	0.0000	0.0000	0.0002	0.0097	0.0171	0.0423	0.0134	0.0000	37.94	0.02
1991-02-28	Perennial Ryegrass	0.01	16.35	0.62	0.66	0.10	1.13	2	0	1.48	650.00	0.00	-7.99	0.00	0.00	0.00	0.00	0.00	0.00	0.00	0.00	0.00	0.00	0.00	0.00	0.00	0.00	0.00	0.00	0.00	0.00	0.00	0.00	0.00	0.00	0.00	0.00	0.00	2.2	13.0	14.5	23.7	38.8	49.4	141.54	0.000	0.001	0.037	0.073	0.033	0.000	0.6265	1.0000	0.1175	1.0000	1.0000	1.0000	0.30	21.13	21.43	0.15	0.04	0.03	0.01	0.01	0.04	0.66	0.76	1.99	5.02	6.66	6.05	0.0000	0.0006	0.0003	0.0001	0.0000	0.0000	0.0002	0.0095	0.0164	0.0408	0.0132	0.0000	37.68	0.02
1991-03-01	Perennial Ryegrass	0.01	16.54	0.62	0.66	0.10	1.14	2	0	1.46	650.00	0.00	-7.13	0.00	0.00	0.00	0.00	0.00	0.00	0.00	0.00	0.00	0.00	0.00	0.00	0.00	0.00	0.00	0.00	0.00	0.00	0.00	0.00	0.00	0.00	0.00	0.00	0.00	2.2	13.0	14.5	23.6	38.8	49.3	141.39	0.000	0.001	0.034	0.070	0.032	0.000	0.6220	1.0000	0.0532	1.0000	1.0000	1.0000	0.29	21.07	21.36	0.15	0.04	0.03	0.01	0.01	0.04	0.67	0.75	1.98	4.99	6.65	6.05	0.0000	0.0005	0.0003	0.0001	0.0000	0.0000	0.0002	0.0093	0.0157	0.0394	0.0130	0.0000	37.49	0.02
1991-03-02	Perennial Ryegrass	0.01	16.74	0.62	0.66	0.11	1.14	2	0	1.46	650.00	0.00	-0.13	0.00	0.00	0.00	0.00	0.00	0.00	0.00	0.00	0.00	0.00	0.00	0.00	0.00	0.00	0.00	0.00	0.00	0.00	0.00	0.00	0.00	0.00	0.00	0.00	0.00	2.2	13.0	14.4	23.5	38.8	49.3	141.25	0.000	0.001	0.032	0.066	0.032	0.000	0.6182	1.0000	0.0684	1.0000	1.0000	1.0000	0.29	21.01	21.30	0.15	0.04	0.03	0.01	0.01	0.04	0.67	0.74	1.96	4.95	6.64	6.05	0.0000	0.0005	0.0002	0.0001	0.0000	0.0000	0.0002	0.0091	0.0152	0.0382	0.0128	0.0000	37.37	0.02
1991-03-03	Perennial Ryegrass	0.01	16.95	0.61	0.66	0.11	1.14	2	0	1.44	650.00	0.00	-5.05	0.00	0.00	0.00	0.00	0.00	0.00	0.00	0.00	0.00	0.00	0.00	0.00	0.00	0.00	0.00	0.00	0.00	0.00	0.00	0.00	0.00	0.00	0.00	0.00	0.00	2.2	13.0	14.4	23.5	38.8	49.2	141.11	0.000	0.001	0.029	0.063	0.031	0.000	0.6166	1.0000	0.0608	1.0000	1.0000	1.0000	0.29	20.95	21.24	0.15	0.04	0.03	0.01	0.01	0.04	0.67	0.73	1.95	4.92	6.63	6.05	0.0000	0.0005	0.0002	0.0001	0.0000	0.0000	0.0002	0.0090	0.0147	0.0371	0.0127	0.0000	37.32	0.02
1991-03-04	Perennial Ryegrass	0.01	17.17	0.61	0.65	0.12	1.14	2	0	1.42	650.00	0.00	-7.03	0.00	0.00	0.00	0.00	0.00	0.00	0.00	0.00	0.00	0.00	0.00	0.00	0.00	0.00	0.00	0.00	0.00	0.00	0.00	0.00	0.00	0.00	0.00	0.00	0.00	2.2	13.0	14.4	23.4	38.7	49.2	140.98	0.000	0.001	0.027	0.060	0.031	0.000	0.6131	1.0000	0.0625	1.0000	1.0000	1.0000	0.29	20.89	21.17	0.15	0.04	0.03	0.01	0.01	0.04	0.67	0.72	1.94	4.89	6.62	6.05	0.0000	0.0005	0.0002	0.0001	0.0000	0.0000	0.0002	0.0088	0.0142	0.0360	0.0125	0.0000	37.17	0.02
1991-03-05	Perennial Ryegrass	0.01	17.40	0.60	0.65	0.12	1.14	2	0	1.40	650.00	0.00	-10.48	0.00	0.00	0.00	0.00	0.00	0.00	0.00	0.00	0.00	0.00	0.00	0.00	0.00	0.00	0.00	0.00	0.00	0.00	0.00	0.00	0.00	0.00	0.00	0.00	0.00	2.2	13.0	14.3	23.4	38.7	49.2	140.86	0.000	0.001	0.025	0.057	0.030	0.000	0.6086	1.0000	0.0611	1.0000	1.0000	1.0000	0.29	20.83	21.11	0.15	0.04	0.03	0.01	0.01	0.04	0.67	0.72	1.93	4.86	6.61	6.05	0.0000	0.0005	0.0002	0.0001	0.0000	0.0000	0.0002	0.0087	0.0138	0.0349	0.0123	0.0000	36.96	0.02
1991-03-06	Perennial Ryegrass	0.01	17.64	0.59	0.65	0.13	1.14	1	0	1.36	650.00	0.00	-17.60	0.00	0.00	0.00	0.00	0.00	0.00	0.00	0.00	0.00	0.00	0.00	0.00	0.00	0.00	0.00	0.00	0.00	0.00	0.00	0.00	0.00	0.00	0.00	0.00	0.00	2.2	13.0	14.3	23.4	38.7	49.1	140.74	0.000	0.001	0.023	0.054	0.029	0.000	0.6026	1.0000	0.0461	1.0000	1.0000	1.0000	0.29	20.78	21.06	0.15	0.04	0.03	0.01	0.01	0.04	0.67	0.71	1.93	4.83	6.60	6.05	0.0000	0.0004	0.0002	0.0001	0.0000	0.0000	0.0001	0.0076	0.0119	0.0303	0.0109	0.0000	36.63	0.02
1991-03-07	Perennial Ryegrass	0.01	17.91	0.58	0.64	0.14	1.15	1	0	1.32	650.00	0.00	-19.83	0.00	0.00	0.00	0.00	0.00	0.00	0.00	0.00	0.00	0.00	0.00	0.00	0.00	0.00	0.00	0.00	0.00	0.00	0.00	0.00	0.00	0.00	0.00	0.00	0.00	2.2	13.0	14.3	23.3	38.7	49.1	140.63	0.000	0.001	0.021	0.052	0.029	0.000	0.5933	1.0000	0.0400	1.0000	1.0000	1.0000	0.29	20.73	21.01	0.15	0.04	0.03	0.01	0.01	0.04	0.67	0.70	1.92	4.80	6.59	6.05	0.0000	0.0005	0.0002	0.0001	0.0000	0.0000	0.0001	0.0078	0.0120	0.0308	0.0112	0.0000	36.18	0.02
1991-03-08	Perennial Ryegrass	0.01	18.19	0.57	0.64	0.16	1.15	1	0	1.27	650.00	0.00	-19.18	0.00	0.00	0.00	0.00	0.00	0.00	0.00	0.00	0.00	0.00	0.00	0.00	0.00	0.00	0.00	0.00	0.00	0.00	0.00	0.00	0.00	0.00	0.00	0.00	0.00	2.2	13.0	14.3	23.3	38.7	49.1	140.52	0.000	0.001	0.020	0.049	0.028	0.000	0.5824	1.0000	0.0395	1.0000	1.0000	1.0000	0.29	20.68	20.97	0.15	0.04	0.03	0.01	0.01	0.04	0.67	0.70	1.91	4.78	6.58	6.05	0.0000	0.0004	0.0002	0.0001	0.0000	0.0000	0.0001	0.0069	0.0106	0.0272	0.0100	0.0000	35.69	0.02
1991-03-09	Perennial Ryegrass	0.01	18.76	0.56	0.63	0.17	1.15	1	0	1.23	650.00	0.00	-15.12	0.00	0.00	0.00	0.00	0.00	0.00	0.00	0.00	0.00	0.00	0.00	0.00	0.00	0.00	0.00	0.00	0.00	0.00	0.00	0.00	0.00	0.00	0.00	0.00	0.00	2.2	13.0	14.2	23.2	38.7	49.0	140.42	0.000	0.001	0.018	0.047	0.028	0.000	0.5708	1.0000	0.0352	1.0000	1.0000	1.0000	0.29	20.65	20.94	0.15	0.04	0.03	0.01	0.01	0.04	0.67	0.69	1.90	4.76	6.57	6.05	0.0000	0.0003	0.0001	0.0001	0.0000	0.0000	0.0001	0.0052	0.0079	0.0203	0.0076	0.0000	35.26	0.02
1991-03-10	Perennial Ryegrass	0.01	19.10	0.55	0.63	0.18	1.15	1	0	1.21	650.00	0.00	-7.90	0.00	0.00	0.00	0.00	0.00	0.00	0.00	0.00	0.00	0.00	0.00	0.00	0.00	0.00	0.00	0.00	0.00	0.00	0.00	0.00	0.00	0.00	0.00	0.00	0.00	2.2	13.0	14.2	23.2	38.7	49.0	140.32	0.000	0.001	0.017	0.045	0.027	0.000	0.5606	1.0000	0.0713	1.0000	1.0000	1.0000	0.29	20.62	20.91	0.15	0.04	0.03	0.01	0.01	0.04	0.67	0.69	1.90	4.74	6.57	6.05	0.0000	0.0003	0.0002	0.0001	0.0000	0.0000	0.0001	0.0059	0.0089	0.0228	0.0086	0.0000	34.96	0.02
1991-03-11	Perennial Ryegrass	0.01	19.46	0.55	0.63	0.19	1.15	1	0	1.18	650.00	0.00	-8.90	0.00	0.00	0.00	0.00	0.00	0.00	0.00	0.00	0.00	0.00	0.00	0.00	0.00	0.00	0.00	0.00	0.00	0.00	0.00	0.00	0.00	0.00	0.00	0.00	0.00	2.2	13.0	14.2	23.2	38.7	49.0	140.22	0.000	0.001	0.016	0.043	0.027	0.000	0.5536	1.0000	0.0426	1.0000	1.0000	1.0000	0.29	20.59	20.88	0.15	0.04	0.03	0.01	0.01	0.04	0.67	0.68	1.89	4.73	6.56	6.05	0.0000	0.0003	0.0001	0.0001	0.0000	0.0000	0.0001	0.0050	0.0074	0.0191	0.0073	0.0000	34.74	0.02
1991-03-12	Perennial Ryegrass	0.01	19.84	0.54	0.63	0.19	1.15	1	0	1.16	650.00	0.00	-2.53	0.00	0.00	0.00	0.00	0.00	0.00	0.00	0.00	0.00	0.00	0.00	0.00	0.00	0.00	0.00	0.00	0.00	0.00	0.00	0.00	0.00	0.00	0.00	0.00	0.00	2.2	13.0	14.2	23.2	38.6	48.9	140.13	0.000	0.001	0.014	0.041	0.026	0.000	0.5459	1.0000	0.0656	1.0000	1.0000	1.0000	0.29	20.54	20.83	0.15	0.04	0.03	0.01	0.01	0.04	0.67	0.68	1.89	4.70	6.55	6.05	0.0000	0.0004	0.0002	0.0001	0.0000	0.0000	0.0001	0.0069	0.0103	0.0266	0.0102	0.0000	34.58	0.02
1991-03-13	Perennial Ryegrass	0.01	20.24	0.54	0.63	0.20	1.15	1	0	1.15	650.00	0.00	-2.70	0.00	0.00	0.00	0.00	0.00	0.00	0.00	0.00	0.00	0.00	0.00	0.00	0.00	0.00	0.00	0.00	0.00	0.00	0.00	0.00	0.00	0.00	0.00	0.00	0.00	2.2	13.0	14.2	23.1	38.6	48.9	140.05	0.000	0.001	0.013	0.039	0.026	0.000	0.5410	1.0000	0.0620	1.0000	1.0000	1.0000	0.29	20.50	20.79	0.15	0.04	0.03	0.01	0.01	0.04	0.67	0.67	1.88	4.68	6.54	6.05	0.0000	0.0004	0.0002	0.0001	0.0000	0.0000	0.0001	0.0067	0.0098	0.0254	0.0099	0.0000	34.51	0.02
1991-03-14	Perennial Ryegrass	0.01	22.08	0.53	0.63	0.21	1.15	1	0	1.12	650.00	0.00	-6.27	0.00	0.00	0.00	0.00	0.00	0.00	0.00	0.00	0.00	0.00	0.00	0.00	0.00	0.00	0.00	0.00	0.00	0.00	0.00	0.00	0.00	0.00	0.00	0.00	0.00	2.2	13.0	14.2	23.1	38.6	48.9	139.96	0.000	0.001	0.012	0.038	0.025	0.000	0.5364	1.0000	0.0537	1.0000	1.0000	1.0000	0.29	20.47	20.76	0.15	0.04	0.03	0.01	0.01	0.04	0.67	0.67	1.87	4.67	6.54	6.06	0.0000	0.0003	0.0001	0.0001	0.0000	0.0000	0.0001	0.0051	0.0074	0.0191	0.0075	0.0000	34.38	0.02
1991-03-15	Perennial Ryegrass	0.01	23.19	0.52	0.63	0.22	1.16	1	0	1.10	650.00	0.00	-8.33	0.00	0.00	0.00	0.00	0.00	0.00	0.00	0.00	0.00	0.00	0.00	0.00	0.00	0.00	0.00	0.00	0.00	0.00	0.00	0.00	0.00	0.00	0.00	0.00	0.00	2.2	13.0	14.1	23.1	38.6	48.8	139.88	0.000	0.001	0.011	0.036	0.025	0.000	0.5298	1.0000	0.0664	1.0000	1.0000	1.0000	0.29	20.45	20.74	0.15	0.04	0.03	0.01	0.01	0.04	0.67	0.67	1.87	4.65	6.53	6.06	0.0000	0.0002	0.0001	0.0000	0.0000	0.0000	0.0001	0.0039	0.0057	0.0149	0.0059	0.0000	34.22	0.02
1991-03-16	Perennial Ryegrass	0.01	23.64	0.51	0.62	0.22	1.16	1	0	1.07	650.00	0.00	-9.24	0.00	0.00	0.00	0.00	0.00	0.00	0.00	0.00	0.00	0.00	0.00	0.00	0.00	0.00	0.00	0.00	0.00	0.00	0.00	0.00	0.00	0.00	0.00	0.00	0.00	2.2	13.0	14.1	23.1	38.6	48.8	139.80	0.000	0.001	0.010	0.035	0.024	0.000	0.5222	1.0000	0.0358	1.0000	1.0000	1.0000	0.29	20.43	20.72	0.15	0.04	0.03	0.01	0.01	0.04	0.67	0.66	1.87	4.64	6.53	6.06	0.0000	0.0002	0.0001	0.0000	0.0000	0.0000	0.0001	0.0033	0.0048	0.0125	0.0050	0.0000	33.96	0.02
1991-03-17	Perennial Ryegrass	0.01	24.11	0.51	0.62	0.23	1.16	1	0	1.04	650.00	0.00	-10.05	0.00	0.00	0.00	0.00	0.00	0.00	0.00	0.00	0.00	0.00	0.00	0.00	0.00	0.00	0.00	0.00	0.00	0.00	0.00	0.00	0.00	0.00	0.00	0.00	0.00	2.2	13.0	14.1	23.0	38.6	48.8	139.73	0.000	0.001	0.010	0.033	0.024	0.000	0.5143	1.0000	0.0361	1.0000	1.0000	1.0000	0.29	20.42	20.70	0.15	0.04	0.03	0.01	0.01	0.04	0.67	0.66	1.86	4.64	6.53	6.06	0.0000	0.0002	0.0001	0.0000	0.0000	0.0000	0.0001	0.0028	0.0040	0.0104	0.0042	0.0000	33.69	0.02
1991-03-18	Perennial Ryegrass	0.01	24.60	0.50	0.62	0.24	1.16	1	0	1.01	650.00	0.00	-11.71	0.00	0.00	0.00	0.00	0.00	0.00	0.00	0.00	0.00	0.00	0.00	0.00	0.00	0.00	0.00	0.00	0.00	0.00	0.00	0.00	0.00	0.00	0.00	0.00	0.00	2.2	13.0	14.1	23.0	38.6	48.7	139.65	0.000	0.001	0.009	0.032	0.023	0.000	0.5056	1.0000	0.0390	1.0000	1.0000	1.0000	0.29	20.41	20.70	0.15	0.04	0.03	0.01	0.01	0.04	0.67	0.66	1.86	4.63	6.53	6.06	0.0000	0.0001	0.0001	0.0000	0.0000	0.0000	0.0000	0.0023	0.0033	0.0085	0.0034	0.0000	33.42	0.02
1991-03-19	Perennial Ryegrass	0.01	25.11	0.48	0.62	0.25	1.16	1	0	0.97	650.00	0.00	-13.31	0.00	0.00	0.00	0.00	0.00	0.00	0.00	0.00	0.00	0.00	0.00	0.00	0.00	0.00	0.00	0.00	0.00	0.00	0.00	0.00	0.00	0.00	0.00	0.00	0.00	2.2	13.0	14.1	23.0	38.6	48.7	139.58	0.000	0.001	0.008	0.031	0.023	0.000	0.4958	1.0000	0.0405	1.0000	1.0000	1.0000	0.29	20.40	20.69	0.15	0.04	0.03	0.01	0.01	0.04	0.67	0.66	1.86	4.63	6.52	6.06	0.0000	0.0001	0.0001	0.0000	0.0000	0.0000	0.0000	0.0022	0.0032	0.0083	0.0033	0.0000	33.11	0.02
1991-03-20	Perennial Ryegrass	0.01	25.65	0.48	0.61	0.26	1.16	1	0	0.94	650.00	0.00	-9.11	0.00	0.00	0.00	0.00	0.00	0.00	0.00	0.00	0.00	0.00	0.00	0.00	0.00	0.00	0.00	0.00	0.00	0.00	0.00	0.00	0.00	0.00	0.00	0.00	0.00	2.2	13.0	14.1	23.0	38.6	48.7	139.51	0.000	0.001	0.008	0.030	0.023	0.000	0.4847	1.0000	0.0422	1.0000	1.0000	1.0000	0.29	20.39	20.68	0.15	0.04	0.03	0.01	0.01	0.04	0.67	0.66	1.86	4.62	6.52	6.06	0.0000	0.0001	0.0001	0.0000	0.0000	0.0000	0.0000	0.0023	0.0033	0.0086	0.0035	0.0000	32.83	0.02
1991-03-21	Perennial Ryegrass	0.01	26.22	0.47	0.61	0.27	1.16	1	0	0.92	650.00	0.00	-9.59	0.00	0.00	0.00	0.00	0.00	0.00	0.00	0.00	0.00	0.00	0.00	0.00	0.00	0.00	0.00	0.00	0.00	0.00	0.00	0.00	0.00	0.00	0.00	0.00	0.00	2.2	13.0	14.1	23.0	38.5	48.6	139.45	0.000	0.001	0.007	0.029	0.022	0.000	0.4755	1.0000	0.0469	1.0000	1.0000	1.0000	0.29	20.38	20.67	0.15	0.04	0.03	0.01	0.01	0.04	0.67	0.65	1.86	4.62	6.52	6.06	0.0000	0.0001	0.0001	0.0000	0.0000	0.0000	0.0000	0.0022	0.0030	0.0079	0.0032	0.0000	32.59	0.02
1991-03-22	Perennial Ryegrass	0.01	26.80	0.46	0.61	0.27	1.17	1	0	0.91	650.00	0.00	-3.73	0.00	0.00	0.00	0.00	0.00	0.00	0.00	0.00	0.00	0.00	0.00	0.00	0.00	0.00	0.00	0.00	0.00	0.00	0.00	0.00	0.00	0.00	0.00	0.00	0.00	2.2	13.0	14.1	23.0	38.5	48.6	139.38	0.000	0.001	0.007	0.028	0.022	0.000	0.4666	1.0000	0.0335	1.0000	1.0000	1.0000	0.29	20.37	20.65	0.15	0.04	0.03	0.01	0.01	0.04	0.67	0.65	1.85	4.61	6.52	6.06	0.0000	0.0002	0.0001	0.0000	0.0000	0.0000	0.0001	0.0031	0.0044	0.0114	0.0047	0.0000	32.42	0.02
1991-03-23	Perennial Ryegrass	0.01	27.39	0.46	0.61	0.28	1.17	1	0	0.89	650.00	0.00	-5.43	0.00	0.00	0.00	0.00	0.00	0.00	0.00	0.00	0.00	0.00	0.00	0.00	0.00	0.00	0.00	0.00	0.00	0.00	0.00	0.00	0.00	0.00	0.00	0.00	0.00	2.2	13.0	14.1	22.9	38.5	48.6	139.32	0.000	0.001	0.006	0.027	0.021	0.000	0.4627	1.0000	0.0366	1.0000	1.0000	1.0000	0.28	20.35	20.64	0.15	0.04	0.03	0.01	0.01	0.04	0.67	0.65	1.85	4.60	6.51	6.06	0.0000	0.0002	0.0001	0.0000	0.0000	0.0000	0.0001	0.0027	0.0037	0.0098	0.0040	0.0000	32.29	0.02
1991-03-24	Perennial Ryegrass	0.01	28.00	0.45	0.61	0.29	1.17	1	0	0.87	650.00	0.00	-1.71	0.00	0.00	0.00	0.00	0.00	0.00	0.00	0.00	0.00	0.00	0.00	0.00	0.00	0.00	0.00	0.00	0.00	0.00	0.00	0.00	0.00	0.00	0.00	0.00	0.00	2.2	13.0	14.1	22.9	38.5	48.5	139.26	0.000	0.001	0.006	0.026	0.021	0.000	0.4562	1.0000	0.0535	1.0000	1.0000	1.0000	0.28	20.34	20.62	0.15	0.04	0.03	0.01	0.01	0.04	0.67	0.65	1.85	4.59	6.51	6.06	0.0000	0.0002	0.0001	0.0000	0.0000	0.0000	0.0001	0.0031	0.0043	0.0113	0.0046	0.0000	32.18	0.02
1991-03-25	Perennial Ryegrass	0.01	28.62	0.45	0.61	0.29	1.17	1	0	0.85	650.00	0.00	-4.81	0.00	0.00	0.00	0.00	0.00	0.00	0.00	0.00	0.00	0.00	0.00	0.00	0.00	0.00	0.00	0.00	0.00	0.00	0.00	0.00	0.00	0.00	0.00	0.00	0.00	2.2	13.0	14.1	22.9	38.5	48.5	139.20	0.000	0.001	0.005	0.025	0.021	0.000	0.4518	1.0000	0.0444	1.0000	1.0000	1.0000	0.28	20.32	20.61	0.15	0.04	0.03	0.01	0.01	0.04	0.67	0.65	1.85	4.59	6.51	6.06	0.0000	0.0002	0.0001	0.0000	0.0000	0.0000	0.0001	0.0026	0.0036	0.0095	0.0039	0.0000	32.09	0.02
1991-03-26	Perennial Ryegrass	0.01	29.26	0.44	0.61	0.30	1.17	1	1	0.83	650.00	0.00	-5.17	0.00	0.00	0.00	0.00	0.00	0.00	0.00	0.00	0.00	0.00	0.00	0.00	0.00	0.00	0.00	0.00	0.00	0.00	0.00	0.00	0.00	0.00	0.00	0.00	0.00	2.2	13.0	14.1	22.9	38.5	48.5	139.14	0.000	0.001	0.005	0.025	0.020	0.000	0.4453	1.0000	0.0491	1.0000	1.0000	1.0000	0.28	20.31	20.59	0.15	0.04	0.03	0.01	0.01	0.04	0.67	0.64	1.84	4.58	6.51	6.06	0.0000	0.0001	0.0001	0.0000	0.0000	0.0000	0.0000	0.0025	0.0034	0.0090	0.0037	0.0000	31.95	0.02
1991-03-27	Perennial Ryegrass	0.01	29.91	0.43	0.60	0.31	1.17	1	1	0.81	650.00	0.00	-7.83	0.00	0.00	0.00	0.00	0.00	0.00	0.00	0.00	0.00	0.00	0.00	0.00	0.00	0.00	0.00	0.00	0.00	0.00	0.00	0.00	0.00	0.00	0.00	0.00	0.00	2.2	13.0	14.1	22.9	38.5	48.4	139.09	0.000	0.001	0.004	0.024	0.020	0.000	0.4385	1.0000	0.0258	1.0000	1.0000	1.0000	0.28	20.30	20.58	0.15	0.04	0.03	0.01	0.01	0.04	0.67	0.64	1.84	4.58	6.50	6.06	0.0000	0.0001	0.0001	0.0000	0.0000	0.0000	0.0000	0.0022	0.0030	0.0079	0.0033	0.0000	31.78	0.02
1991-03-28	Perennial Ryegrass	0.02	30.58	0.42	0.60	0.31	1.17	1	1	0.79	650.00	0.00	-4.06	0.00	0.00	0.00	0.00	0.00	0.00	0.00	0.00	0.00	0.00	0.00	0.00	0.00	0.00	0.00	0.00	0.00	0.00	0.00	0.00	0.00	0.00	0.00	0.00	0.00	2.2	13.0	14.1	22.9	38.5	48.4	139.03	0.000	0.001	0.004	0.023	0.020	0.000	0.4306	1.0000	0.0457	1.0000	1.0000	1.0000	0.28	20.29	20.57	0.15	0.04	0.03	0.01	0.01	0.04	0.68	0.64	1.84	4.57	6.50	6.06	0.0000	0.0001	0.0001	0.0000	0.0000	0.0000	0.0000	0.0024	0.0033	0.0086	0.0036	0.0000	31.62	0.02
1991-03-29	Perennial Ryegrass	0.02	46.15	0.42	0.61	0.33	1.17	1	1	0.77	650.00	0.00	-7.25	0.00	0.00	0.00	0.00	0.00	0.00	0.00	0.00	0.00	0.00	0.00	0.00	0.00	0.00	0.00	0.00	0.00	0.00	0.00	0.00	0.00	0.00	0.00	0.00	0.00	10.9	13.0	14.0	22.9	38.5	48.4	147.70	0.000	0.000	0.004	0.023	0.019	0.000	0.4245	1.0000	0.0451	1.0000	1.0000	1.0000	0.27	20.32	20.59	0.14	0.04	0.03	0.01	0.01	0.04	0.71	0.64	1.84	4.56	6.50	6.06	0.0000	0.0001	0.0001	0.0000	0.0000	0.0000	0.0000	0.0023	0.0031	0.0081	0.0034	0.0000	31.26	0.02
1991-03-30	Perennial Ryegrass	0.03	54.04	0.42	0.60	0.31	1.17	1	1	0.78	650.00	0.00	5.03	9.00	0.00	0.00	0.00	0.00	0.00	0.00	0.00	0.00	0.00	0.00	0.00	0.00	0.00	0.00	0.00	0.00	0.00	0.00	0.00	0.00	0.00	0.00	0.00	0.00	15.2	13.1	14.0	22.9	38.5	48.3	151.97	0.065	0.000	0.003	0.022	0.019	0.000	0.4164	1.0000	0.5250	1.0000	1.0000	1.0000	0.31	20.32	20.62	0.18	0.04	0.03	0.01	0.01	0.03	0.74	0.64	1.83	4.55	6.49	6.07	0.0038	0.0004	0.0001	0.0001	0.0000	0.0000	0.0153	0.0059	0.0080	0.0209	0.0087	0.0000	31.35	0.02
1991-03-31	Perennial Ryegrass	0.03	51.53	0.42	0.60	0.30	1.18	1	1	0.79	650.00	0.00	15.75	11.41	0.00	0.00	0.00	0.00	0.00	0.00	0.00	0.00	0.00	0.00	0.00	0.00	0.00	0.00	0.00	0.00	0.00	0.00	0.00	0.00	0.00	0.00	0.00	0.00	13.6	13.1	14.0	22.8	38.5	48.3	150.33	0.363	0.005	0.003	0.021	0.019	0.000	0.4208	0.9130	0.3422	1.0000	1.0000	1.0000	0.33	20.29	20.61	0.20	0.04	0.03	0.01	0.01	0.03	0.75	0.64	1.82	4.53	6.48	6.07	0.0126	0.0004	0.0001	0.0001	0.0000	0.0000	0.0457	0.0060	0.0077	0.0203	0.0086	0.0000	31.26	0.02
1991-04-01	Perennial Ryegrass	0.03	53.47	0.43	0.61	0.31	1.18	1	1	0.80	650.00	0.00	12.09	8.77	0.00	0.00	0.00	0.00	0.00	0.00	0.00	0.00	0.00	0.00	0.00	0.00	0.00	0.00	0.00	0.00	0.00	0.00	0.00	0.00	0.00	0.00	0.00	0.00	14.5	13.1	14.0	22.8	38.4	48.3	151.22	0.250	0.006	0.003	0.021	0.018	0.000	0.4238	0.9705	0.4663	0.9999	1.0000	1.0000	0.35	20.27	20.61	0.22	0.04	0.03	0.01	0.01	0.03	0.76	0.63	1.82	4.51	6.48	6.07	0.0103	0.0004	0.0001	0.0001	0.0000	0.0000	0.0346	0.0061	0.0077	0.0201	0.0085	0.0000	31.04	0.02
1991-04-02	Perennial Ryegrass	0.03	52.39	0.43	0.61	0.31	1.18	1	1	0.80	650.00	0.00	13.39	9.72	0.00	0.00	0.00	0.00	0.00	0.00	0.00	0.00	0.00	0.00	0.00	0.00	0.00	0.00	0.00	0.00	0.00	0.00	0.00	0.00	0.00	0.00	0.00	0.00	12.8	13.1	14.0	22.8	38.4	48.3	149.49	0.313	0.009	0.003	0.020	0.018	0.000	0.4269	0.4360	0.4905	0.9999	1.0000	1.0000	0.35	20.23	20.59	0.22	0.04	0.03	0.01	0.01	0.03	0.76	0.63	1.81	4.49	6.47	6.07	0.0129	0.0004	0.0001	0.0001	0.0000	0.0000	0.0423	0.0062	0.0076	0.0199	0.0084	0.0000	31.49	0.02
1991-04-03	Perennial Ryegrass	0.03	51.29	0.43	0.61	0.31	1.18	1	1	0.80	650.00	0.00	7.46	5.42	0.00	0.00	0.00	0.00	0.00	0.00	0.00	0.00	0.00	0.00	0.00	0.00	0.00	0.00	0.00	0.00	0.00	0.00	0.00	0.00	0.00	0.00	0.00	0.00	12.3	13.1	14.0	22.8	38.4	48.2	148.98	0.195	0.009	0.003	0.020	0.018	0.000	0.4294	0.8074	0.1957	0.9999	1.0000	1.0000	0.35	20.21	20.56	0.22	0.04	0.03	0.01	0.01	0.03	0.77	0.63	1.80	4.48	6.46	6.07	0.0090	0.0004	0.0001	0.0001	0.0000	0.0000	0.0303	0.0062	0.0075	0.0197	0.0084	0.0000	31.52	0.02
1991-04-04	Perennial Ryegrass	0.02	49.52	0.43	0.61	0.32	1.18	1	1	0.80	650.00	0.00	4.82	3.50	0.00	0.00	0.00	0.00	0.00	0.00	0.00	0.00	0.00	0.00	0.00	0.00	0.00	0.00	0.00	0.00	0.00	0.00	0.00	0.00	0.00	0.00	0.00	0.00	11.9	13.1	14.0	22.8	38.4	48.2	148.51	0.163	0.009	0.002	0.020	0.017	0.000	0.4297	0.8527	0.1598	0.9999	1.0000	1.0000	0.34	20.19	20.54	0.22	0.04	0.03	0.01	0.01	0.03	0.79	0.62	1.80	4.46	6.45	6.07	0.0078	0.0004	0.0001	0.0001	0.0000	0.0000	0.0277	0.0061	0.0075	0.0195	0.0083	0.0000	31.63	0.02
1991-04-05	Perennial Ryegrass	0.02	47.90	0.43	0.61	0.32	1.18	1	1	0.79	650.00	0.00	4.12	3.00	0.00	0.00	0.00	0.00	0.00	0.00	0.00	0.00	0.00	0.00	0.00	0.00	0.00	0.00	0.00	0.00	0.00	0.00	0.00	0.00	0.00	0.00	0.00	0.00	11.6	13.1	14.0	22.8	38.4	48.2	148.08	0.135	0.008	0.002	0.019	0.017	0.000	0.4284	0.6860	0.1888	0.9999	1.0000	1.0000	0.33	20.18	20.51	0.20	0.04	0.03	0.01	0.01	0.03	0.81	0.62	1.79	4.44	6.45	6.07	0.0066	0.0004	0.0001	0.0001	0.0000	0.0000	0.0254	0.0060	0.0074	0.0194	0.0082	0.0000	31.70	0.02
1991-04-06	Perennial Ryegrass	0.02	45.94	0.42	0.61	0.32	1.18	1	1	0.78	650.00	0.00	0.51	0.37	0.00	0.00	0.00	0.00	0.00	0.00	0.00	0.00	0.00	0.00	0.00	0.00	0.00	0.00	0.00	0.00	0.00	0.00	0.00	0.00	0.00	0.00	0.00	0.00	11.2	13.1	14.0	22.8	38.4	48.1	147.69	0.109	0.007	0.002	0.019	0.017	0.000	0.4268	1.0000	0.1053	0.9999	1.0000	1.0000	0.31	20.17	20.48	0.19	0.04	0.03	0.01	0.01	0.03	0.83	0.61	1.78	4.43	6.44	6.08	0.0054	0.0004	0.0001	0.0001	0.0000	0.0000	0.0233	0.0059	0.0073	0.0192	0.0082	0.0000	31.74	0.02
1991-04-07	Perennial Ryegrass	0.02	45.16	0.42	0.61	0.33	1.18	1	1	0.78	650.00	0.00	2.70	1.97	0.00	0.00	0.00	0.00	0.00	0.00	0.00	0.00	0.00	0.00	0.00	0.00	0.00	0.00	0.00	0.00	0.00	0.00	0.00	0.00	0.00	0.00	0.00	0.00	10.9	13.1	14.0	22.8	38.4	48.1	147.33	0.086	0.005	0.002	0.018	0.017	0.000	0.4232	1.0000	0.1289	0.9999	1.0000	1.0000	0.29	20.16	20.45	0.16	0.04	0.03	0.01	0.01	0.03	0.86	0.61	1.78	4.41	6.43	6.08	0.0042	0.0004	0.0001	0.0001	0.0000	0.0000	0.0213	0.0058	0.0073	0.0190	0.0081	0.0000	31.74	0.02
1991-04-08	Perennial Ryegrass	0.02	44.64	0.42	0.61	0.33	1.18	1	1	0.78	650.00	0.00	3.27	2.39	0.00	0.00	0.00	0.00	0.00	0.00	0.00	0.00	0.00	0.00	0.00	0.00	0.00	0.00	0.00	0.00	0.00	0.00	0.00	0.00	0.00	0.00	0.00	0.00	10.7	13.0	14.0	22.8	38.4	48.1	146.99	0.065	0.004	0.002	0.018	0.016	0.000	0.4219	1.0000	0.1350	0.9999	1.0000	1.0000	0.27	20.15	20.42	0.15	0.04	0.03	0.01	0.01	0.03	0.87	0.60	1.77	4.40	6.43	6.08	0.0034	0.0004	0.0001	0.0001	0.0000	0.0000	0.0193	0.0056	0.0072	0.0188	0.0080	0.0000	31.78	0.02
1991-04-09	Perennial Ryegrass	0.02	44.28	0.42	0.61	0.33	1.18	1	1	0.77	650.00	0.00	2.37	1.73	0.00	0.00	0.00	0.00	0.00	0.00	0.00	0.00	0.00	0.00	0.00	0.00	0.00	0.00	0.00	0.00	0.00	0.00	0.00	0.00	0.00	0.00	0.00	0.00	10.4	13.0	14.0	22.8	38.4	48.0	146.69	0.046	0.003	0.002	0.018	0.016	0.000	0.4211	1.0000	0.1191	0.9999	1.0000	1.0000	0.26	20.11	20.38	0.14	0.04	0.03	0.01	0.01	0.03	0.88	0.60	1.76	4.38	6.42	6.08	0.0028	0.0004	0.0001	0.0001	0.0000	0.0000	0.0173	0.0055	0.0071	0.0186	0.0080	0.0000	31.82	0.02
1991-04-10	Perennial Ryegrass	0.02	44.14	0.42	0.61	0.33	1.18	1	1	0.77	650.00	0.00	0.39	0.28	0.00	0.00	0.00	0.00	0.00	0.00	0.00	0.00	0.00	0.00	0.00	0.00	0.00	0.00	0.00	0.00	0.00	0.00	0.00	0.00	0.00	0.00	0.00	0.00	10.2	13.0	14.0	22.8	38.4	48.0	146.40	0.029	0.001	0.002	0.018	0.016	0.000	0.4199	1.0000	0.0791	0.9999	1.0000	1.0000	0.26	20.07	20.33	0.13	0.04	0.03	0.01	0.01	0.03	0.87	0.59	1.76	4.36	6.41	6.08	0.0024	0.0004	0.0001	0.0001	0.0000	0.0000	0.0153	0.0054	0.0071	0.0185	0.0079	0.0000	31.83	0.02
1991-04-11	Perennial Ryegrass	0.02	45.15	0.42	0.61	0.34	1.19	1	1	0.76	650.00	0.00	-2.16	0.00	0.00	0.00	0.00	0.00	0.00	0.00	0.00	0.00	0.00	0.00	0.00	0.00	0.00	0.00	0.00	0.00	0.00	0.00	0.00	0.00	0.00	0.00	0.00	0.00	10.0	13.0	14.0	22.8	38.4	48.0	146.15	0.013	0.000	0.001	0.017	0.015	0.000	0.4181	1.0000	0.0754	0.9999	1.0000	1.0000	0.26	20.03	20.29	0.13	0.04	0.03	0.01	0.01	0.03	0.86	0.59	1.75	4.35	6.41	6.08	0.0021	0.0003	0.0001	0.0001	0.0000	0.0000	0.0133	0.0053	0.0070	0.0183	0.0079	0.0000	31.78	0.02
1991-04-12	Perennial Ryegrass	0.02	45.08	0.41	0.61	0.34	1.19	1	1	0.75	650.00	0.00	-3.37	0.00	0.00	0.00	0.00	0.00	0.00	0.00	0.00	0.00	0.00	0.00	0.00	0.00	0.00	0.00	0.00	0.00	0.00	0.00	0.00	0.00	0.00	0.00	0.00	0.00	9.8	13.0	14.0	22.8	38.4	48.0	145.90	0.000	0.000	0.001	0.017	0.015	0.000	0.4151	1.0000	0.0562	0.9999	1.0000	1.0000	0.26	19.98	20.24	0.13	0.04	0.03	0.01	0.01	0.03	0.85	0.58	1.74	4.33	6.40	6.08	0.0019	0.0003	0.0001	0.0001	0.0000	0.0000	0.0116	0.0052	0.0069	0.0181	0.0078	0.0000	31.72	0.02
1991-04-13	Perennial Ryegrass	0.02	44.99	0.41	0.61	0.34	1.19	1	1	0.74	650.00	0.00	-6.38	0.00	0.00	0.00	0.00	0.00	0.00	0.00	0.00	0.00	0.00	0.00	0.00	0.00	0.00	0.00	0.00	0.00	0.00	0.00	0.00	0.00	0.00	0.00	0.00	0.00	9.6	13.0	14.0	22.8	38.4	47.9	145.67	0.000	0.000	0.001	0.017	0.015	0.000	0.4117	1.0000	0.0402	0.9999	1.0000	1.0000	0.25	19.94	20.20	0.13	0.04	0.03	0.01	0.01	0.03	0.83	0.58	1.74	4.32	6.39	6.08	0.0018	0.0003	0.0001	0.0001	0.0000	0.0000	0.0107	0.0051	0.0068	0.0179	0.0077	0.0000	31.54	0.02
1991-04-14	Perennial Ryegrass	0.03	53.48	0.40	0.61	0.34	1.19	1	1	0.72	650.00	0.00	-5.89	0.00	0.00	0.00	0.00	0.00	0.00	0.00	0.00	0.00	0.00	0.00	0.00	0.00	0.00	0.00	0.00	0.00	0.00	0.00	0.00	0.00	0.00	0.00	0.00	0.00	12.6	13.0	14.0	22.8	38.4	47.9	148.65	0.000	0.000	0.001	0.017	0.015	0.000	0.4066	1.0000	0.0959	0.9998	1.0000	1.0000	0.28	19.93	20.21	0.15	0.04	0.03	0.01	0.01	0.03	0.86	0.57	1.73	4.30	6.38	6.08	0.0019	0.0003	0.0001	0.0001	0.0000	0.0000	0.0103	0.0050	0.0067	0.0177	0.0076	0.0000	31.27	0.02
1991-04-15	Perennial Ryegrass	0.03	53.33	0.41	0.61	0.34	1.19	1	1	0.73	650.00	0.00	6.28	9.77	0.00	0.00	0.00	0.00	0.00	0.00	0.00	0.00	0.00	0.00	0.00	0.00	0.00	0.00	0.00	0.00	0.00	0.00	0.00	0.00	0.00	0.00	0.00	0.00	11.2	13.0	14.0	22.8	38.4	47.9	147.24	0.181	0.001	0.001	0.016	0.014	0.000	0.4024	0.2781	0.6774	0.9998	1.0000	1.0000	0.27	19.90	20.17	0.15	0.04	0.03	0.01	0.01	0.03	0.85	0.57	1.73	4.29	6.38	6.09	0.0056	0.0003	0.0001	0.0001	0.0000	0.0000	0.0318	0.0050	0.0067	0.0174	0.0075	0.0000	31.43	0.02
1991-04-16	Perennial Ryegrass	0.03	53.56	0.41	0.61	0.34	1.19	1	1	0.73	650.00	0.00	4.39	3.19	0.00	0.00	0.00	0.00	0.00	0.00	0.00	0.00	0.00	0.00	0.00	0.00	0.00	0.00	0.00	0.00	0.00	0.00	0.00	0.00	0.00	0.00	0.00	0.00	10.4	13.0	14.0	22.8	38.3	47.8	146.38	0.086	0.000	0.001	0.016	0.014	0.000	0.4063	0.8188	0.1517	0.9997	1.0000	1.0000	0.26	19.87	20.12	0.13	0.04	0.03	0.01	0.01	0.03	0.85	0.56	1.72	4.27	6.37	6.09	0.0034	0.0003	0.0001	0.0001	0.0000	0.0000	0.0206	0.0048	0.0065	0.0170	0.0074	0.0000	31.31	0.02
1991-04-17	Perennial Ryegrass	0.03	53.93	0.40	0.61	0.34	1.19	1	1	0.73	650.00	0.00	-1.46	0.00	0.00	0.00	0.00	0.00	0.00	0.00	0.00	0.00	0.00	0.00	0.00	0.00	0.00	0.00	0.00	0.00	0.00	0.00	0.00	0.00	0.00	0.00	0.00	0.00	10.2	13.0	14.0	22.8	38.3	47.8	146.10	0.028	0.000	0.001	0.016	0.014	0.000	0.4065	1.0000	0.0528	0.9996	1.0000	1.0000	0.25	19.83	20.08	0.13	0.03	0.03	0.01	0.01	0.03	0.85	0.56	1.71	4.26	6.36	6.09	0.0023	0.0003	0.0001	0.0001	0.0000	0.0000	0.0143	0.0048	0.0064	0.0169	0.0073	0.0000	31.33	0.02
1991-04-18	Perennial Ryegrass	0.03	54.23	0.40	0.61	0.34	1.19	1	1	0.72	650.00	0.00	-1.81	0.00	0.00	0.00	0.00	0.00	0.00	0.00	0.00	0.00	0.00	0.00	0.00	0.00	0.00	0.00	0.00	0.00	0.00	0.00	0.00	0.00	0.00	0.00	0.00	0.00	9.9	13.0	14.0	22.8	38.3	47.8	145.84	0.011	0.000	0.001	0.016	0.014	0.000	0.4041	1.0000	0.0653	0.9996	1.0000	1.0000	0.25	19.79	20.04	0.13	0.03	0.03	0.01	0.01	0.03	0.83	0.56	1.71	4.24	6.36	6.09	0.0020	0.0003	0.0001	0.0001	0.0000	0.0000	0.0123	0.0047	0.0064	0.0167	0.0073	0.0000	31.27	0.02
1991-04-19	Perennial Ryegrass	0.03	54.58	0.40	0.60	0.34	1.19	1	1	0.71	650.00	0.00	-6.56	0.00	0.00	0.00	0.00	0.00	0.00	0.00	0.00	0.00	0.00	0.00	0.00	0.00	0.00	0.00	0.00	0.00	0.00	0.00	0.00	0.00	0.00	0.00	0.00	0.00	9.7	13.0	14.0	22.8	38.3	47.8	145.60	0.000	0.000	0.001	0.016	0.014	0.000	0.4015	1.0000	0.0279	0.9996	1.0000	1.0000	0.25	19.75	19.99	0.13	0.03	0.03	0.01	0.01	0.03	0.82	0.55	1.70	4.23	6.35	6.09	0.0017	0.0003	0.0001	0.0001	0.0000	0.0000	0.0108	0.0047	0.0063	0.0166	0.0072	0.0000	31.15	0.02
1991-04-20	Perennial Ryegrass	0.03	55.19	0.39	0.60	0.34	1.19	1	1	0.70	650.00	0.00	-1.86	0.00	0.00	0.00	0.00	0.00	0.00	0.00	0.00	0.00	0.00	0.00	0.00	0.00	0.00	0.00	0.00	0.00	0.00	0.00	0.00	0.00	0.00	0.00	0.00	0.00	9.5	13.0	14.0	22.8	38.3	47.7	145.36	0.000	0.000	0.001	0.015	0.013	0.000	0.3966	1.0000	0.0557	0.9995	1.0000	1.0000	0.24	19.71	19.95	0.13	0.03	0.03	0.01	0.01	0.03	0.81	0.55	1.70	4.22	6.35	6.09	0.0016	0.0003	0.0001	0.0001	0.0000	0.0000	0.0099	0.0046	0.0062	0.0164	0.0071	0.0000	31.02	0.02
1991-04-21	Perennial Ryegrass	0.03	55.85	0.39	0.60	0.35	1.19	1	1	0.69	650.00	0.00	-6.99	0.00	0.00	0.00	0.00	0.00	0.00	0.00	0.00	0.00	0.00	0.00	0.00	0.00	0.00	0.00	0.00	0.00	0.00	0.00	0.00	0.00	0.00	0.00	0.00	0.00	9.3	13.0	14.0	22.8	38.3	47.7	145.13	0.000	0.000	0.000	0.015	0.013	0.000	0.3941	1.0000	0.0294	0.9995	1.0000	1.0000	0.24	19.67	19.91	0.12	0.03	0.03	0.01	0.01	0.03	0.80	0.54	1.69	4.20	6.34	6.09	0.0015	0.0003	0.0001	0.0001	0.0000	0.0000	0.0092	0.0045	0.0061	0.0162	0.0070	0.0000	30.90	0.02
1991-04-22	Perennial Ryegrass	0.03	56.63	0.39	0.60	0.35	1.19	1	1	0.68	650.00	0.00	-0.27	0.00	0.00	0.00	0.00	0.00	0.00	0.00	0.00	0.00	0.00	0.00	0.00	0.00	0.00	0.00	0.00	0.00	0.00	0.00	0.00	0.00	0.00	0.00	0.00	0.00	9.1	13.0	14.0	22.7	38.3	47.7	144.90	0.000	0.000	0.000	0.015	0.013	0.000	0.3890	1.0000	0.0551	0.9992	1.0000	1.0000	0.24	19.63	19.88	0.12	0.03	0.03	0.01	0.01	0.03	0.80	0.54	1.69	4.19	6.33	6.09	0.0014	0.0003	0.0001	0.0001	0.0000	0.0000	0.0085	0.0044	0.0061	0.0160	0.0070	0.0000	30.78	0.02
1991-04-23	Perennial Ryegrass	0.03	57.40	0.38	0.60	0.35	1.19	1	1	0.68	650.00	0.00	-3.31	0.00	0.00	0.00	0.00	0.00	0.00	0.00	0.00	0.00	0.00	0.00	0.00	0.00	0.00	0.00	0.00	0.00	0.00	0.00	0.00	0.00	0.00	0.00	0.00	0.00	8.9	13.0	14.0	22.7	38.3	47.7	144.67	0.000	0.000	0.000	0.015	0.013	0.000	0.3877	1.0000	0.0345	0.9989	1.0000	1.0000	0.24	19.60	19.84	0.12	0.03	0.03	0.01	0.01	0.03	0.79	0.54	1.68	4.18	6.33	6.09	0.0013	0.0003	0.0001	0.0001	0.0000	0.0000	0.0079	0.0044	0.0060	0.0159	0.0069	0.0000	30.72	0.02
1991-04-24	Perennial Ryegrass	0.03	58.18	0.38	0.60	0.35	1.20	1	1	0.67	650.00	0.00	-4.28	0.00	0.00	0.00	0.00	0.00	0.00	0.00	0.00	0.00	0.00	0.00	0.00	0.00	0.00	0.00	0.00	0.00	0.00	0.00	0.00	0.00	0.00	0.00	0.00	0.00	8.8	13.0	14.0	22.7	38.3	47.6	144.45	0.000	0.000	0.000	0.015	0.012	0.000	0.3846	1.0000	0.0384	0.9989	1.0000	1.0000	0.24	19.56	19.80	0.12	0.03	0.03	0.01	0.01	0.03	0.78	0.53	1.67	4.16	6.32	6.09	0.0012	0.0003	0.0001	0.0001	0.0000	0.0000	0.0073	0.0043	0.0060	0.0157	0.0068	0.0000	30.60	0.02
1991-04-25	Perennial Ryegrass	0.04	71.79	0.38	0.60	0.36	1.20	1	1	0.66	650.00	0.00	-4.39	0.00	0.00	0.00	0.00	0.00	0.00	0.00	0.00	0.00	0.00	0.00	0.00	0.00	0.00	0.00	0.00	0.00	0.00	0.00	0.00	0.00	0.00	0.00	0.00	0.00	14.2	13.0	14.0	22.7	38.3	47.6	149.94	0.000	0.000	0.000	0.015	0.012	0.000	0.3810	1.0000	0.0383	0.9986	1.0000	1.0000	0.27	19.55	19.82	0.15	0.03	0.03	0.01	0.01	0.03	0.79	0.53	1.67	4.15	6.31	6.09	0.0014	0.0003	0.0001	0.0001	0.0000	0.0000	0.0070	0.0043	0.0059	0.0156	0.0068	0.0000	30.30	0.02
1991-04-26	Perennial Ryegrass	0.04	80.83	0.38	0.59	0.34	1.20	1	1	0.66	650.00	0.00	1.27	0.93	0.00	0.00	0.00	0.00	0.00	0.00	0.00	0.00	0.00	0.00	0.00	0.00	0.00	0.00	0.00	0.00	0.00	0.00	0.00	0.00	0.00	0.00	0.00	0.00	17.1	13.7	14.0	22.7	38.3	47.6	153.43	0.297	0.003	0.000	0.015	0.012	0.000	0.3773	1.0000	0.3095	0.9979	1.0000	1.0000	0.29	19.51	19.80	0.17	0.04	0.03	0.01	0.01	0.03	0.75	0.56	1.66	4.14	6.31	6.09	0.0092	0.0003	0.0001	0.0001	0.0000	0.0000	0.0387	0.0046	0.0058	0.0154	0.0067	0.0000	30.42	0.02
1991-04-27	Perennial Ryegrass	0.04	78.74	0.39	0.59	0.33	1.20	1	1	0.69	650.00	0.00	19.31	18.79	0.00	0.00	0.00	0.00	0.00	0.00	0.00	0.00	0.00	0.00	0.00	0.00	0.00	0.00	0.00	0.00	0.00	0.00	0.00	0.00	0.00	0.00	0.00	0.00	15.7	13.8	14.0	22.7	38.3	47.6	152.08	0.495	0.051	0.001	0.014	0.012	0.000	0.3767	0.6682	0.7763	0.9977	1.0000	1.0000	0.31	19.45	19.76	0.18	0.04	0.03	0.01	0.01	0.03	0.71	0.57	1.66	4.12	6.30	6.09	0.0160	0.0005	0.0001	0.0001	0.0000	0.0000	0.0593	0.0071	0.0058	0.0153	0.0067	0.0000	30.14	0.02
1991-04-28	Perennial Ryegrass	0.04	77.21	0.40	0.60	0.33	1.20	1	1	0.71	650.00	0.00	19.79	19.03	0.00	0.00	0.00	0.00	0.00	0.00	0.00	0.00	0.00	0.00	0.00	0.00	0.00	0.00	0.00	0.00	0.00	0.00	0.00	0.00	0.00	0.00	0.00	0.00	14.2	13.8	14.0	22.7	38.3	47.5	150.57	0.396	0.058	0.001	0.014	0.012	0.000	0.3886	0.4247	1.0000	0.9974	1.0000	1.0000	0.32	19.41	19.73	0.20	0.04	0.03	0.01	0.01	0.03	0.68	0.57	1.66	4.11	6.30	6.09	0.0137	0.0006	0.0001	0.0001	0.0000	0.0000	0.0463	0.0074	0.0058	0.0150	0.0065	0.0000	30.34	0.02
1991-04-29	Perennial Ryegrass	0.04	75.59	0.41	0.61	0.34	1.20	1	1	0.73	650.00	0.00	16.11	16.31	0.00	0.00	0.00	0.00	0.00	0.00	0.00	0.00	0.00	0.00	0.00	0.00	0.00	0.00	0.00	0.00	0.00	0.00	0.00	0.00	0.00	0.00	0.00	0.00	13.3	13.7	14.0	22.7	38.3	47.5	149.59	0.294	0.055	0.002	0.014	0.011	0.000	0.3990	0.3807	0.9932	0.9972	1.0000	1.0000	0.34	19.37	19.71	0.21	0.05	0.03	0.01	0.01	0.03	0.67	0.56	1.65	4.10	6.29	6.09	0.0114	0.0006	0.0001	0.0001	0.0000	0.0000	0.0355	0.0072	0.0057	0.0146	0.0064	0.0000	30.83	0.02
1991-04-30	Perennial Ryegrass	0.04	74.26	0.41	0.61	0.34	1.20	1	1	0.74	650.00	0.00	6.02	4.32	0.00	0.00	0.00	0.00	0.00	0.00	0.00	0.00	0.00	0.00	0.00	0.00	0.00	0.00	0.00	0.00	0.00	0.00	0.00	0.00	0.00	0.00	0.00	0.00	12.6	13.7	14.0	22.7	38.3	47.5	148.76	0.232	0.052	0.002	0.014	0.011	0.000	0.4079	1.0000	0.2833	0.9969	1.0000	1.0000	0.34	19.35	19.69	0.21	0.05	0.03	0.01	0.01	0.03	0.67	0.56	1.65	4.09	6.28	6.09	0.0097	0.0006	0.0001	0.0000	0.0000	0.0000	0.0294	0.0069	0.0056	0.0143	0.0063	0.0000	31.18	0.02
1991-05-01	Perennial Ryegrass	0.04	72.43	0.41	0.61	0.34	1.20	1	1	0.75	650.00	0.00	9.07	6.50	0.00	0.00	0.00	0.00	0.00	0.00	0.00	0.00	0.00	0.00	0.00	0.00	0.00	0.00	0.00	0.00	0.00	0.00	0.00	0.00	0.00	0.00	0.00	0.00	12.0	13.6	14.0	22.7	38.3	47.4	148.05	0.180	0.047	0.002	0.014	0.011	0.000	0.4097	1.0000	0.4439	0.9970	1.0000	1.0000	0.34	19.33	19.67	0.21	0.05	0.03	0.01	0.01	0.03	0.68	0.56	1.64	4.08	6.28	6.09	0.0081	0.0006	0.0001	0.0000	0.0000	0.0000	0.0249	0.0067	0.0056	0.0142	0.0062	0.0000	31.27	0.02
1991-05-02	Perennial Ryegrass	0.04	71.29	0.42	0.61	0.34	1.20	1	1	0.76	650.00	0.00	9.40	6.74	0.00	0.00	0.00	0.00	0.00	0.00	0.00	0.00	0.00	0.00	0.00	0.00	0.00	0.00	0.00	0.00	0.00	0.00	0.00	0.00	0.00	0.00	0.00	0.00	11.4	13.5	14.0	22.7	38.3	47.4	147.43	0.137	0.043	0.002	0.014	0.011	0.000	0.4137	0.5383	0.4249	0.9968	1.0000	1.0000	0.33	19.32	19.65	0.20	0.05	0.03	0.01	0.01	0.03	0.68	0.56	1.64	4.07	6.27	6.10	0.0066	0.0006	0.0001	0.0000	0.0000	0.0000	0.0214	0.0065	0.0055	0.0142	0.0062	0.0000	31.50	0.02
1991-05-03	Perennial Ryegrass	0.04	71.30	0.42	0.62	0.34	1.20	1	1	0.76	650.00	0.00	8.22	5.89	0.00	0.00	0.00	0.00	0.00	0.00	0.00	0.00	0.00	0.00	0.00	0.00	0.00	0.00	0.00	0.00	0.00	0.00	0.00	0.00	0.00	0.00	0.00	0.00	11.0	13.5	14.0	22.7	38.3	47.4	146.88	0.100	0.038	0.002	0.014	0.011	0.000	0.4165	0.6668	0.3076	0.9953	1.0000	1.0000	0.32	19.30	19.62	0.19	0.05	0.03	0.01	0.01	0.03	0.69	0.56	1.63	4.05	6.27	6.10	0.0053	0.0005	0.0001	0.0000	0.0000	0.0000	0.0184	0.0063	0.0055	0.0141	0.0061	0.0000	31.68	0.02
1991-05-04	Perennial Ryegrass	0.03	71.23	0.42	0.62	0.34	1.20	1	1	0.77	650.00	0.00	4.96	3.55	0.00	0.00	0.00	0.00	0.00	0.00	0.00	0.00	0.00	0.00	0.00	0.00	0.00	0.00	0.00	0.00	0.00	0.00	0.00	0.00	0.00	0.00	0.00	0.00	10.6	13.4	14.0	22.7	38.3	47.4	146.39	0.068	0.034	0.003	0.014	0.011	0.000	0.4192	0.5755	0.2379	0.9941	1.0000	1.0000	0.30	19.29	19.59	0.18	0.05	0.03	0.01	0.01	0.03	0.70	0.56	1.63	4.04	6.26	6.10	0.0041	0.0005	0.0001	0.0000	0.0000	0.0000	0.0158	0.0061	0.0055	0.0140	0.0061	0.0000	31.80	0.02
1991-05-05	Perennial Ryegrass	0.03	70.91	0.42	0.62	0.34	1.20	1	1	0.77	650.00	0.00	3.23	2.31	0.00	0.00	0.00	0.00	0.00	0.00	0.00	0.00	0.00	0.00	0.00	0.00	0.00	0.00	0.00	0.00	0.00	0.00	0.00	0.00	0.00	0.00	0.00	0.00	10.2	13.4	14.0	22.7	38.3	47.3	145.96	0.040	0.030	0.003	0.014	0.010	0.000	0.4203	0.6243	0.1859	0.9940	1.0000	1.0000	0.29	19.27	19.55	0.17	0.04	0.03	0.01	0.01	0.03	0.70	0.56	1.63	4.03	6.26	6.10	0.0033	0.0005	0.0001	0.0000	0.0000	0.0000	0.0133	0.0059	0.0055	0.0139	0.0061	0.0000	31.86	0.02
1991-05-06	Perennial Ryegrass	0.03	70.52	0.42	0.62	0.34	1.20	1	1	0.77	650.00	0.00	1.79	1.28	0.00	0.00	0.00	0.00	0.00	0.00	0.00	0.00	0.00	0.00	0.00	0.00	0.00	0.00	0.00	0.00	0.00	0.00	0.00	0.00	0.00	0.00	0.00	0.00	9.9	13.3	14.0	22.7	38.3	47.3	145.57	0.015	0.026	0.003	0.014	0.010	0.000	0.4206	1.0000	0.1151	0.9944	1.0000	1.0000	0.29	19.23	19.52	0.16	0.04	0.03	0.01	0.01	0.03	0.69	0.56	1.62	4.02	6.25	6.10	0.0027	0.0004	0.0001	0.0000	0.0000	0.0000	0.0111	0.0057	0.0054	0.0139	0.0060	0.0000	31.89	0.02
1991-05-07	Perennial Ryegrass	0.03	69.75	0.42	0.62	0.34	1.20	1	1	0.76	650.00	0.00	-1.69	0.00	0.00	0.00	0.00	0.00	0.00	0.00	0.00	0.00	0.00	0.00	0.00	0.00	0.00	0.00	0.00	0.00	0.00	0.00	0.00	0.00	0.00	0.00	0.00	0.00	9.6	13.3	14.0	22.7	38.2	47.3	145.21	0.000	0.022	0.002	0.014	0.010	0.000	0.4204	1.0000	0.0685	0.9955	1.0000	1.0000	0.28	19.20	19.49	0.16	0.04	0.03	0.01	0.01	0.03	0.68	0.56	1.62	4.01	6.25	6.10	0.0024	0.0004	0.0001	0.0000	0.0000	0.0000	0.0094	0.0055	0.0054	0.0138	0.0060	0.0000	31.87	0.02
1991-05-08	Perennial Ryegrass	0.04	74.76	0.42	0.62	0.35	1.20	1	1	0.75	650.00	0.00	-1.28	0.00	0.00	0.00	0.00	0.00	0.00	0.00	0.00	0.00	0.00	0.00	0.00	0.00	0.00	0.00	0.00	0.00	0.00	0.00	0.00	0.00	0.00	0.00	0.00	0.00	11.1	13.2	14.0	22.7	38.2	47.3	146.57	0.000	0.019	0.002	0.014	0.010	0.000	0.4183	1.0000	0.0865	0.9956	1.0000	1.0000	0.28	19.19	19.47	0.16	0.04	0.03	0.01	0.01	0.03	0.70	0.55	1.61	4.00	6.24	6.10	0.0021	0.0004	0.0001	0.0000	0.0000	0.0000	0.0088	0.0052	0.0054	0.0137	0.0059	0.0000	31.74	0.02
1991-05-09	Perennial Ryegrass	0.04	77.49	0.42	0.62	0.34	1.20	1	1	0.76	650.00	0.00	2.89	2.07	0.00	0.00	0.00	0.00	0.00	0.00	0.00	0.00	0.00	0.00	0.00	0.00	0.00	0.00	0.00	0.00	0.00	0.00	0.00	0.00	0.00	0.00	0.00	0.00	11.7	13.2	14.0	22.7	38.2	47.2	147.19	0.074	0.016	0.002	0.014	0.010	0.000	0.4165	1.0000	0.3561	0.9926	1.0000	1.0000	0.28	19.18	19.46	0.16	0.04	0.03	0.01	0.01	0.03	0.70	0.55	1.61	3.99	6.23	6.10	0.0039	0.0004	0.0001	0.0000	0.0000	0.0000	0.0165	0.0051	0.0053	0.0136	0.0059	0.0000	31.79	0.02
1991-05-10	Perennial Ryegrass	0.04	77.40	0.42	0.62	0.34	1.20	1	1	0.77	650.00	0.00	8.42	6.04	0.00	0.00	0.00	0.00	0.00	0.00	0.00	0.00	0.00	0.00	0.00	0.00	0.00	0.00	0.00	0.00	0.00	0.00	0.00	0.00	0.00	0.00	0.00	0.00	10.8	13.2	14.0	22.7	38.2	47.2	146.19	0.122	0.014	0.002	0.014	0.010	0.000	0.4176	0.5677	0.3641	0.9900	1.0000	1.0000	0.27	19.15	19.42	0.15	0.04	0.03	0.01	0.01	0.03	0.70	0.55	1.60	3.97	6.23	6.10	0.0047	0.0004	0.0001	0.0000	0.0000	0.0000	0.0210	0.0050	0.0053	0.0135	0.0059	0.0000	31.72	0.02
1991-05-11	Perennial Ryegrass	0.04	77.52	0.42	0.62	0.34	1.21	1	1	0.77	650.00	0.00	4.36	3.13	0.00	0.00	0.00	0.00	0.00	0.00	0.00	0.00	0.00	0.00	0.00	0.00	0.00	0.00	0.00	0.00	0.00	0.00	0.00	0.00	0.00	0.00	0.00	0.00	10.0	13.1	14.0	22.7	38.2	47.2	145.30	0.056	0.012	0.002	0.014	0.009	0.000	0.4204	0.5326	0.2648	0.9872	1.0000	1.0000	0.26	19.12	19.38	0.15	0.04	0.03	0.01	0.01	0.03	0.69	0.54	1.60	3.96	6.22	6.10	0.0033	0.0004	0.0001	0.0000	0.0000	0.0000	0.0148	0.0048	0.0052	0.0135	0.0058	0.0000	31.73	0.02
1991-05-12	Perennial Ryegrass	0.04	77.56	0.42	0.62	0.34	1.21	1	1	0.77	650.00	0.00	0.28	0.20	0.00	0.00	0.00	0.00	0.00	0.00	0.00	0.00	0.00	0.00	0.00	0.00	0.00	0.00	0.00	0.00	0.00	0.00	0.00	0.00	0.00	0.00	0.00	0.00	9.6	13.1	14.0	22.7	38.2	47.2	144.85	0.000	0.010	0.002	0.013	0.009	0.000	0.4217	1.0000	0.0730	0.9848	1.0000	1.0000	0.26	19.08	19.34	0.15	0.04	0.03	0.01	0.01	0.03	0.68	0.54	1.59	3.95	6.22	6.10	0.0022	0.0003	0.0001	0.0000	0.0000	0.0000	0.0097	0.0047	0.0052	0.0134	0.0058	0.0000	31.76	0.02
1991-05-13	Perennial Ryegrass	0.04	77.57	0.42	0.62	0.34	1.21	1	1	0.77	650.00	0.00	1.48	1.06	0.00	0.00	0.00	0.00	0.00	0.00	0.00	0.00	0.00	0.00	0.00	0.00	0.00	0.00	0.00	0.00	0.00	0.00	0.00	0.00	0.00	0.00	0.00	0.00	9.3	13.1	14.0	22.7	38.2	47.1	144.52	0.000	0.008	0.002	0.013	0.009	0.000	0.4211	0.8818	0.1122	0.9830	1.0000	1.0000	0.26	19.05	19.31	0.15	0.04	0.03	0.01	0.01	0.03	0.67	0.54	1.59	3.94	6.21	6.10	0.0019	0.0003	0.0001	0.0000	0.0000	0.0000	0.0086	0.0045	0.0052	0.0133	0.0058	0.0000	31.75	0.02
1991-05-14	Perennial Ryegrass	0.04	77.62	0.42	0.62	0.34	1.21	1	1	0.76	650.00	0.00	-0.62	0.00	0.00	0.00	0.00	0.00	0.00	0.00	0.00	0.00	0.00	0.00	0.00	0.00	0.00	0.00	0.00	0.00	0.00	0.00	0.00	0.00	0.00	0.00	0.00	0.00	9.1	13.0	14.0	22.7	38.2	47.1	144.21	0.000	0.005	0.002	0.013	0.009	0.000	0.4211	1.0000	0.0726	0.9812	1.0000	1.0000	0.26	19.02	19.28	0.15	0.04	0.03	0.01	0.01	0.03	0.67	0.53	1.58	3.93	6.21	6.10	0.0018	0.0003	0.0001	0.0000	0.0000	0.0000	0.0078	0.0044	0.0051	0.0133	0.0057	0.0000	31.74	0.02
1991-05-15	Perennial Ryegrass	0.04	77.60	0.42	0.62	0.34	1.21	1	1	0.76	650.00	0.00	-1.54	0.00	0.00	0.00	0.00	0.00	0.00	0.00	0.00	0.00	0.00	0.00	0.00	0.00	0.00	0.00	0.00	0.00	0.00	0.00	0.00	0.00	0.00	0.00	0.00	0.00	8.8	13.0	14.0	22.7	38.2	47.1	143.91	0.000	0.003	0.001	0.013	0.009	0.000	0.4201	1.0000	0.0625	0.9805	1.0000	1.0000	0.26	18.99	19.24	0.14	0.04	0.03	0.01	0.01	0.03	0.66	0.53	1.58	3.92	6.20	6.10	0.0016	0.0003	0.0001	0.0000	0.0000	0.0000	0.0071	0.0043	0.0051	0.0132	0.0057	0.0000	31.69	0.02
1991-05-16	Perennial Ryegrass	0.04	77.72	0.42	0.61	0.34	1.21	1	1	0.76	650.00	0.00	-2.24	0.00	0.00	0.00	0.00	0.00	0.00	0.00	0.00	0.00	0.00	0.00	0.00	0.00	0.00	0.00	0.00	0.00	0.00	0.00	0.00	0.00	0.00	0.00	0.00	0.00	8.6	13.0	14.0	22.7	38.2	47.1	143.63	0.000	0.001	0.001	0.013	0.009	0.000	0.4187	1.0000	0.0785	0.9779	1.0000	1.0000	0.26	18.96	19.21	0.14	0.04	0.03	0.01	0.01	0.03	0.65	0.52	1.57	3.91	6.20	6.10	0.0015	0.0003	0.0001	0.0000	0.0000	0.0000	0.0065	0.0041	0.0050	0.0131	0.0057	0.0000	31.62	0.02
1991-05-17	Perennial Ryegrass	0.04	77.89	0.42	0.61	0.34	1.21	1	1	0.75	650.00	0.00	0.28	0.20	0.00	0.00	0.00	0.00	0.00	0.00	0.00	0.00	0.00	0.00	0.00	0.00	0.00	0.00	0.00	0.00	0.00	0.00	0.00	0.00	0.00	0.00	0.00	0.00	8.3	13.0	14.0	22.7	38.2	47.1	143.35	0.000	0.000	0.001	0.013	0.008	0.000	0.4170	1.0000	0.0831	0.9765	1.0000	1.0000	0.25	18.93	19.18	0.14	0.04	0.03	0.01	0.01	0.02	0.65	0.52	1.57	3.90	6.19	6.10	0.0014	0.0003	0.0001	0.0000	0.0000	0.0000	0.0059	0.0040	0.0050	0.0130	0.0056	0.0000	31.56	0.02
1991-05-18	Perennial Ryegrass	0.04	78.11	0.42	0.61	0.34	1.21	1	1	0.75	650.00	0.00	0.11	0.08	0.00	0.00	0.00	0.00	0.00	0.00	0.00	0.00	0.00	0.00	0.00	0.00	0.00	0.00	0.00	0.00	0.00	0.00	0.00	0.00	0.00	0.00	0.00	0.00	8.1	13.0	14.0	22.7	38.2	47.0	143.08	0.000	0.000	0.001	0.013	0.008	0.000	0.4164	1.0000	0.0896	0.9743	1.0000	1.0000	0.25	18.90	19.15	0.14	0.04	0.03	0.01	0.01	0.02	0.64	0.52	1.57	3.89	6.19	6.10	0.0012	0.0003	0.0001	0.0000	0.0000	0.0000	0.0054	0.0040	0.0049	0.0130	0.0056	0.0000	31.54	0.02
1991-05-19	Perennial Ryegrass	0.04	78.26	0.41	0.61	0.34	1.21	1	1	0.75	650.00	0.00	-2.81	0.00	0.00	0.00	0.00	0.00	0.00	0.00	0.00	0.00	0.00	0.00	0.00	0.00	0.00	0.00	0.00	0.00	0.00	0.00	0.00	0.00	0.00	0.00	0.00	0.00	7.9	13.0	14.0	22.7	38.2	47.0	142.82	0.000	0.000	0.001	0.013	0.008	0.000	0.4157	1.0000	0.0609	0.9749	1.0000	1.0000	0.25	18.87	19.12	0.14	0.04	0.03	0.01	0.01	0.02	0.64	0.51	1.56	3.88	6.18	6.10	0.0011	0.0003	0.0001	0.0000	0.0000	0.0000	0.0049	0.0040	0.0049	0.0129	0.0056	0.0000	31.49	0.02
1991-05-20	Perennial Ryegrass	0.04	88.91	0.41	0.61	0.34	1.21	1	1	0.74	650.00	0.00	-3.44	0.00	0.00	0.00	0.00	0.00	0.00	0.00	0.00	0.00	0.00	0.00	0.00	0.00	0.00	0.00	0.00	0.00	0.00	0.00	0.00	0.00	0.00	0.00	0.00	0.00	12.7	13.0	14.0	22.7	38.2	47.0	147.61	0.000	0.000	0.001	0.013	0.008	0.000	0.4136	1.0000	0.0878	0.9742	1.0000	1.0000	0.27	18.86	19.12	0.16	0.04	0.03	0.01	0.01	0.02	0.65	0.51	1.56	3.87	6.17	6.10	0.0012	0.0003	0.0001	0.0000	0.0000	0.0000	0.0046	0.0039	0.0048	0.0128	0.0055	0.0000	31.25	0.02
1991-05-21	Perennial Ryegrass	0.05	108.34	0.42	0.61	0.34	1.21	1	1	0.75	650.00	0.00	8.36	6.43	0.00	0.00	0.00	0.00	0.00	0.00	0.00	0.00	0.00	0.00	0.00	0.00	0.00	0.00	0.00	0.00	0.00	0.00	0.00	0.00	0.00	0.00	0.00	0.00	21.3	17.5	14.1	22.7	38.2	47.0	160.80	0.188	0.001	0.001	0.013	0.008	0.000	0.4112	1.0000	1.0000	0.9716	1.0000	1.0000	0.30	18.83	19.13	0.17	0.05	0.03	0.01	0.01	0.02	0.53	0.62	1.56	3.86	6.17	6.10	0.0070	0.0004	0.0001	0.0000	0.0000	0.0000	0.0206	0.0048	0.0048	0.0127	0.0055	0.0000	31.14	0.02
1991-05-22	Perennial Ryegrass	0.06	120.48	0.43	0.61	0.32	1.21	1	1	0.79	650.00	0.00	21.43	15.34	0.00	0.00	0.00	0.00	0.00	0.00	0.00	0.00	0.00	0.00	0.00	0.00	0.00	0.00	0.00	0.00	0.00	0.00	0.00	0.00	0.00	0.00	0.00	0.00	24.2	20.9	16.0	22.7	38.2	46.9	168.92	0.464	0.187	0.004	0.008	0.005	0.000	0.4169	1.0000	1.0000	0.9746	1.0000	1.0000	0.32	18.76	19.08	0.17	0.07	0.03	0.01	0.01	0.02	0.39	0.64	1.61	3.85	6.16	6.10	0.0269	0.0024	0.0001	0.0000	0.0000	0.0000	0.0597	0.0212	0.0053	0.0121	0.0051	0.0000	31.10	0.02
1991-05-23	Perennial Ryegrass	0.06	117.71	0.44	0.61	0.30	1.21	1	0	0.82	650.00	0.00	22.49	16.12	0.00	0.00	0.00	0.00	0.00	0.00	0.00	0.00	0.00	0.00	0.00	0.00	0.00	0.00	0.00	0.00	0.00	0.00	0.00	0.00	0.00	0.00	0.00	0.00	20.6	21.4	18.1	22.8	38.2	46.9	168.05	0.201	0.111	0.028	0.003	0.002	0.000	0.4296	0.7743	1.0000	0.9741	1.0000	1.0000	0.33	18.66	18.99	0.16	0.08	0.05	0.01	0.01	0.02	0.30	0.60	1.67	3.85	6.16	6.10	0.0361	0.0047	0.0003	0.0000	0.0000	0.0000	0.0651	0.0339	0.0107	0.0116	0.0048	0.0000	31.11	0.02
1991-05-24	Perennial Ryegrass	0.06	115.40	0.45	0.62	0.30	1.21	1	1	0.86	650.00	0.00	30.52	21.80	0.00	0.00	0.00	0.00	0.00	0.00	0.00	0.00	0.00	0.00	0.00	0.00	0.00	0.00	0.00	0.00	0.00	0.00	0.00	0.00	0.00	0.00	0.00	0.00	18.2	20.9	19.7	22.9	38.2	46.9	166.82	0.255	0.202	0.099	0.006	0.003	0.000	0.4410	0.7829	1.0000	0.9745	1.0000	1.0000	0.35	18.58	18.93	0.16	0.09	0.06	0.01	0.01	0.02	0.25	0.54	1.69	3.85	6.16	6.10	0.0230	0.0061	0.0007	0.0000	0.0000	0.0000	0.0355	0.0363	0.0221	0.0121	0.0049	0.0000	31.02	0.02
1991-05-25	Perennial Ryegrass	0.05	113.02	0.46	0.62	0.30	1.21	1	1	0.88	650.00	0.00	18.03	12.88	0.00	0.00	0.00	0.00	0.00	0.00	0.00	0.00	0.00	0.00	0.00	0.00	0.00	0.00	0.00	0.00	0.00	0.00	0.00	0.00	0.00	0.00	0.00	0.00	17.1	20.3	20.2	23.3	38.2	46.9	165.93	0.148	0.142	0.102	0.006	0.002	0.000	0.4547	0.5933	1.0000	0.9764	1.0000	1.0000	0.37	18.52	18.90	0.17	0.10	0.06	0.01	0.01	0.02	0.24	0.50	1.66	3.87	6.15	6.10	0.0172	0.0061	0.0011	0.0000	0.0000	0.0000	0.0237	0.0307	0.0281	0.0124	0.0048	0.0000	31.58	0.02
1991-05-26	Perennial Ryegrass	0.05	110.51	0.47	0.63	0.30	1.21	1	1	0.90	650.00	0.00	18.48	13.19	0.00	0.00	0.00	0.00	0.00	0.00	0.00	0.00	0.00	0.00	0.00	0.00	0.00	0.00	0.00	0.00	0.00	0.00	0.00	0.00	0.00	0.00	0.00	0.00	16.5	19.4	20.2	23.7	38.2	46.8	164.77	0.148	0.152	0.128	0.014	0.002	0.000	0.4631	0.4566	1.0000	0.9793	1.0000	1.0000	0.40	18.47	18.87	0.18	0.10	0.07	0.01	0.01	0.02	0.25	0.47	1.62	3.89	6.15	6.10	0.0157	0.0061	0.0015	0.0000	0.0000	0.0000	0.0207	0.0262	0.0315	0.0140	0.0049	0.0000	31.97	0.02
1991-05-27	Perennial Ryegrass	0.05	109.12	0.48	0.63	0.30	1.21	1	1	0.93	650.00	0.00	23.73	16.94	0.00	0.00	0.00	0.00	0.00	0.00	0.00	0.00	0.00	0.00	0.00	0.00	0.00	0.00	0.00	0.00	0.00	0.00	0.00	0.00	0.00	0.00	0.00	0.00	15.8	18.7	19.8	23.9	38.2	46.8	163.26	0.267	0.261	0.253	0.042	0.005	0.000	0.4707	0.9814	1.0000	0.9778	1.0000	0.4647	0.43	18.41	18.84	0.19	0.11	0.08	0.01	0.01	0.02	0.25	0.45	1.57	3.90	6.14	6.10	0.0163	0.0061	0.0020	0.0001	0.0000	0.0000	0.0210	0.0234	0.0390	0.0180	0.0051	0.0000	32.40	0.02
1991-05-28	Perennial Ryegrass	0.05	107.34	0.49	0.64	0.30	1.21	1	1	0.96	650.00	0.00	19.21	13.71	0.00	0.00	0.00	0.00	0.00	0.00	0.00	0.00	0.00	0.00	0.00	0.00	0.00	0.00	0.00	0.00	0.00	0.00	0.00	0.00	0.00	0.00	0.00	0.00	15.3	18.4	19.5	24.0	38.2	46.8	162.20	0.167	0.165	0.168	0.035	0.003	0.000	0.4802	1.0000	1.0000	0.9761	1.0000	0.4941	0.45	18.37	18.82	0.20	0.12	0.09	0.01	0.01	0.02	0.26	0.44	1.54	3.89	6.14	6.10	0.0148	0.0054	0.0018	0.0001	0.0000	0.0000	0.0186	0.0194	0.0316	0.0176	0.0049	0.0000	32.82	0.02
1991-05-29	Perennial Ryegrass	0.05	105.51	0.50	0.65	0.30	1.21	1	1	0.98	650.00	0.00	17.05	12.17	0.00	0.00	0.00	0.00	0.00	0.00	0.00	0.00	0.00	0.00	0.00	0.00	0.00	0.00	0.00	0.00	0.00	0.00	0.00	0.00	0.00	0.00	0.00	0.00	14.9	18.1	19.1	24.0	38.2	46.8	161.12	0.224	0.229	0.232	0.054	0.005	0.000	0.4887	1.0000	1.0000	0.9760	1.0000	0.5435	0.47	18.32	18.80	0.21	0.13	0.09	0.02	0.01	0.02	0.27	0.44	1.50	3.88	6.13	6.10	0.0152	0.0058	0.0021	0.0001	0.0000	0.0000	0.0188	0.0196	0.0341	0.0200	0.0051	0.0000	33.17	0.02
1991-05-30	Perennial Ryegrass	0.05	104.00	0.50	0.65	0.30	1.21	1	1	1.00	650.00	0.00	14.46	10.31	0.00	0.00	0.00	0.00	0.00	0.00	0.00	0.00	0.00	0.00	0.00	0.00	0.00	0.00	0.00	0.00	0.00	0.00	0.00	0.00	0.00	0.00	0.00	0.00	14.3	17.8	18.8	24.1	38.2	46.8	159.93	0.154	0.159	0.160	0.041	0.004	0.000	0.4968	0.6551	1.0000	0.9737	1.0000	0.4550	0.49	18.29	18.78	0.22	0.13	0.10	0.02	0.01	0.02	0.28	0.43	1.48	3.87	6.13	6.10	0.0143	0.0054	0.0019	0.0001	0.0000	0.0000	0.0175	0.0172	0.0277	0.0186	0.0050	0.0000	33.56	0.02
1991-05-31	Perennial Ryegrass	0.05	103.55	0.51	0.65	0.30	1.22	1	1	1.01	650.00	0.00	12.75	9.09	0.00	0.00	0.00	0.00	0.00	0.00	0.00	0.00	0.00	0.00	0.00	0.00	0.00	0.00	0.00	0.00	0.00	0.00	0.00	0.00	0.00	0.00	0.00	0.00	13.7	17.5	18.5	24.1	38.2	46.7	158.74	0.167	0.188	0.190	0.053	0.005	0.000	0.5022	0.6321	1.0000	0.9685	1.0000	0.4379	0.51	18.25	18.75	0.22	0.14	0.10	0.02	0.01	0.02	0.28	0.43	1.45	3.86	6.12	6.10	0.0134	0.0055	0.0020	0.0001	0.0000	0.0000	0.0165	0.0169	0.0285	0.0201	0.0051	0.0000	33.84	0.02
1991-06-01	Perennial Ryegrass	0.05	103.25	0.51	0.66	0.30	1.22	1	1	1.02	650.00	0.00	11.82	8.43	0.00	0.00	0.00	0.00	0.00	0.00	0.00	0.00	0.00	0.00	0.00	0.00	0.00	0.00	0.00	0.00	0.00	0.00	0.00	0.00	0.00	0.00	0.00	0.00	13.0	17.2	18.2	24.1	38.2	46.7	157.40	0.198	0.245	0.246	0.074	0.007	0.000	0.5068	0.6444	1.0000	0.9643	1.0000	0.3965	0.52	18.20	18.72	0.22	0.14	0.10	0.02	0.01	0.02	0.29	0.43	1.42	3.85	6.12	6.10	0.0128	0.0058	0.0023	0.0001	0.0000	0.0000	0.0160	0.0172	0.0315	0.0228	0.0052	0.0000	34.09	0.02
1991-06-02	Perennial Ryegrass	0.05	102.10	0.52	0.66	0.30	1.22	1	1	1.04	650.00	0.00	10.26	7.31	0.00	0.00	0.00	0.00	0.00	0.00	0.00	0.00	0.00	0.00	0.00	0.00	0.00	0.00	0.00	0.00	0.00	0.00	0.00	0.00	0.00	0.00	0.00	0.00	12.7	16.9	18.0	24.1	38.2	46.7	156.57	0.106	0.145	0.147	0.048	0.004	0.000	0.5109	0.8701	1.0000	0.9653	1.0000	0.4656	0.52	18.17	18.70	0.22	0.14	0.11	0.02	0.01	0.02	0.30	0.42	1.40	3.84	6.11	6.10	0.0105	0.0050	0.0018	0.0001	0.0000	0.0000	0.0134	0.0143	0.0232	0.0195	0.0050	0.0000	34.26	0.02
1991-06-03	Perennial Ryegrass	0.05	100.52	0.52	0.66	0.30	1.22	1	1	1.06	650.00	0.00	9.90	7.05	0.00	0.00	0.00	0.00	0.00	0.00	0.00	0.00	0.00	0.00	0.00	0.00	0.00	0.00	0.00	0.00	0.00	0.00	0.00	0.00	0.00	0.00	0.00	0.00	12.7	16.7	17.8	24.1	38.2	46.7	156.13	0.091	0.134	0.136	0.047	0.004	0.000	0.5155	1.0000	1.0000	0.9680	1.0000	0.7053	0.53	18.15	18.68	0.23	0.15	0.11	0.02	0.01	0.02	0.31	0.42	1.39	3.82	6.11	6.10	0.0098	0.0049	0.0017	0.0001	0.0000	0.0000	0.0128	0.0136	0.0217	0.0194	0.0050	0.0000	34.40	0.02
1991-06-04	Perennial Ryegrass	0.05	99.88	0.52	0.67	0.30	1.22	1	1	1.07	650.00	0.00	9.35	6.66	0.00	0.00	0.00	0.00	0.00	0.00	0.00	0.00	0.00	0.00	0.00	0.00	0.00	0.00	0.00	0.00	0.00	0.00	0.00	0.00	0.00	0.00	0.00	0.00	12.2	16.5	17.5	24.1	38.2	46.6	155.21	0.114	0.159	0.162	0.059	0.005	0.000	0.5208	0.6789	1.0000	0.9646	1.0000	0.3601	0.54	18.12	18.66	0.22	0.15	0.11	0.02	0.01	0.02	0.32	0.42	1.37	3.81	6.11	6.10	0.0100	0.0049	0.0019	0.0001	0.0000	0.0000	0.0137	0.0136	0.0228	0.0208	0.0051	0.0000	34.67	0.02
1991-06-05	Perennial Ryegrass	0.05	99.55	0.53	0.67	0.30	1.22	1	1	1.08	650.00	0.00	8.52	6.07	0.00	0.00	0.00	0.00	0.00	0.00	0.00	0.00	0.00	0.00	0.00	0.00	0.00	0.00	0.00	0.00	0.00	0.00	0.00	0.00	0.00	0.00	0.00	0.00	11.9	16.3	17.3	24.1	38.2	46.6	154.37	0.096	0.149	0.152	0.059	0.005	0.000	0.5241	0.7202	1.0000	0.9592	1.0000	0.3661	0.53	18.10	18.63	0.22	0.15	0.11	0.02	0.01	0.02	0.33	0.43	1.35	3.80	6.10	6.10	0.0088	0.0048	0.0018	0.0001	0.0000	0.0000	0.0127	0.0129	0.0215	0.0207	0.0050	0.0000	34.82	0.02
1991-06-06	Perennial Ryegrass	0.05	105.48	0.53	0.67	0.30	1.22	1	1	1.09	650.00	0.00	8.28	5.89	0.00	0.00	0.00	0.00	0.00	0.00	0.00	0.00	0.00	0.00	0.00	0.00	0.00	0.00	0.00	0.00	0.00	0.00	0.00	0.00	0.00	0.00	0.00	0.00	15.1	16.1	17.1	24.1	38.2	46.6	157.19	0.079	0.138	0.142	0.058	0.005	0.000	0.5273	1.0000	1.0000	0.9591	1.0000	0.5202	0.55	18.08	18.63	0.23	0.15	0.12	0.02	0.01	0.02	0.33	0.43	1.34	3.78	6.10	6.10	0.0084	0.0046	0.0018	0.0001	0.0000	0.0000	0.0118	0.0123	0.0201	0.0205	0.0050	0.0000	34.86	0.02
1991-06-07	Perennial Ryegrass	0.06	124.02	0.54	0.68	0.30	1.22	1	0	1.11	650.00	0.00	8.68	6.17	0.00	0.00	0.00	0.00	0.00	0.00	0.00	0.00	0.00	0.00	0.00	0.00	0.00	0.00	0.00	0.00	0.00	0.00	0.00	0.00	0.00	0.00	0.00	0.00	29.4	21.9	19.6	24.1	38.2	46.6	179.78	0.219	0.134	0.136	0.058	0.005	0.000	0.5313	1.0000	1.0000	0.9615	1.0000	0.9065	0.55	18.04	18.59	0.23	0.16	0.12	0.02	0.01	0.02	0.26	0.45	1.38	3.77	6.09	6.10	0.0173	0.0045	0.0017	0.0001	0.0000	0.0000	0.0190	0.0125	0.0200	0.0205	0.0050	0.0000	34.87	0.02
1991-06-08	Perennial Ryegrass	0.06	128.98	0.54	0.67	0.27	1.22	1	0	1.12	650.00	0.00	10.25	7.29	0.00	0.00	0.00	0.00	0.00	0.00	0.00	0.00	0.00	0.00	0.00	0.00	0.00	0.00	0.00	0.00	0.00	0.00	0.00	0.00	0.00	0.00	0.00	0.00	27.4	24.9	21.9	25.8	38.2	46.6	184.75	0.189	0.086	0.054	0.013	0.001	0.000	0.5361	1.0000	1.0000	0.9640	1.0000	1.0000	0.46	17.92	18.38	0.14	0.15	0.12	0.02	0.01	0.02	0.13	0.41	1.33	3.86	6.09	6.10	0.1012	0.0125	0.0020	0.0001	0.0000	0.0000	0.0889	0.0333	0.0221	0.0161	0.0046	0.0000	34.99	0.02
1991-06-09	Perennial Ryegrass	0.07	137.29	0.55	0.67	0.27	1.22	1	0	1.15	650.00	0.00	16.56	11.77	0.00	0.00	0.00	0.00	0.00	0.00	0.00	0.00	0.00	0.00	0.00	0.00	0.00	0.00	0.00	0.00	0.00	0.00	0.00	0.00	0.00	0.00	0.00	0.00	28.3	27.1	23.7	29.2	38.2	46.5	193.07	0.488	0.335	0.221	0.079	0.004	0.000	0.5418	1.0000	1.0000	0.9672	1.0000	0.8782	0.41	17.80	18.21	0.11	0.13	0.12	0.03	0.01	0.02	0.08	0.33	1.20	4.02	6.09	6.09	0.0577	0.0206	0.0037	0.0002	0.0000	0.0000	0.0393	0.0494	0.0373	0.0279	0.0048	0.0000	34.45	0.02
1991-06-10	Perennial Ryegrass	0.07	145.12	0.56	0.67	0.25	1.22	1	0	1.17	650.00	0.00	9.05	6.44	0.00	0.00	0.00	0.00	0.00	0.00	0.00	0.00	0.00	0.00	0.00	0.00	0.00	0.00	0.00	0.00	0.00	0.00	0.00	0.00	0.00	0.00	0.00	0.00	28.8	28.5	25.1	34.0	38.3	46.5	201.32	0.185	0.142	0.098	0.058	0.001	0.000	0.5505	1.0000	1.0000	0.9637	1.0000	1.0000	0.37	17.67	18.04	0.08	0.11	0.11	0.03	0.01	0.02	0.04	0.24	1.02	4.18	6.10	6.09	0.0503	0.0245	0.0044	0.0003	0.0000	0.0000	0.0258	0.0507	0.0383	0.0373	0.0047	0.0000	34.52	0.02
1991-06-11	Perennial Ryegrass	0.07	154.09	0.56	0.67	0.24	1.22	1	0	1.19	650.00	0.00	10.84	7.70	0.00	0.00	0.00	0.00	0.00	0.00	0.00	0.00	0.00	0.00	0.00	0.00	0.00	0.00	0.00	0.00	0.00	0.00	0.00	0.00	0.00	0.00	0.00	0.00	31.2	30.3	27.4	36.9	40.4	46.5	212.73	0.511	0.423	0.302	0.269	0.005	0.000	0.5553	1.0000	1.0000	0.9645	1.0000	1.0000	0.33	17.51	17.84	0.06	0.09	0.11	0.04	0.01	0.02	0.03	0.16	0.86	4.04	6.32	6.09	0.0442	0.0266	0.0060	0.0007	0.0000	0.0000	0.0167	0.0461	0.0460	0.0757	0.0053	0.0000	34.27	0.02
1991-06-12	Perennial Ryegrass	0.08	166.53	0.57	0.67	0.23	1.22	1	0	1.21	650.00	0.00	12.91	9.17	0.00	0.00	0.00	0.00	0.00	0.00	0.00	0.00	0.00	0.00	0.00	0.00	0.00	0.00	0.00	0.00	0.00	0.00	0.00	0.00	0.00	0.00	0.00	0.00	37.1	32.7	31.3	40.0	44.8	46.5	232.36	0.145	0.118	0.092	0.084	0.009	0.000	0.5610	1.0000	1.0000	0.9527	1.0000	1.0000	0.28	17.35	17.64	0.04	0.07	0.10	0.04	0.02	0.02	0.01	0.09	0.69	3.73	6.73	6.09	0.0433	0.0267	0.0073	0.0008	0.0000	0.0000	0.0120	0.0357	0.0475	0.0718	0.0073	0.0000	34.15	0.02
1991-06-13	Perennial Ryegrass	0.08	161.93	0.58	0.66	0.20	1.22	1	0	1.24	650.00	0.00	21.45	15.23	0.00	0.00	0.00	0.00	0.00	0.00	0.00	0.00	0.00	0.00	0.00	0.00	0.00	0.00	0.00	0.00	0.00	0.00	0.00	0.00	0.00	0.00	0.00	0.00	28.4	31.9	31.9	41.9	50.7	46.5	231.41	0.148	0.108	0.095	0.082	0.021	0.000	0.5672	0.7264	1.0000	0.9548	1.0000	0.6982	0.23	17.16	17.39	0.01	0.04	0.09	0.04	0.02	0.02	0.00	0.05	0.51	3.30	7.20	6.10	0.0585	0.0286	0.0119	0.0010	0.0000	0.0000	0.0118	0.0303	0.0639	0.0839	0.0127	0.0000	34.25	0.02
1991-06-14	Perennial Ryegrass	0.08	157.96	0.58	0.67	0.20	1.22	1	0	1.27	650.00	0.00	17.23	12.24	0.00	0.00	0.00	0.00	0.00	0.00	0.00	0.00	0.00	0.00	0.00	0.00	0.00	0.00	0.00	0.00	0.00	0.00	0.00	0.00	0.00	0.00	0.00	0.00	23.3	29.4	31.2	43.4	55.5	47.7	230.46	0.118	0.121	0.115	0.107	0.046	0.000	0.5754	0.8643	1.0000	0.9557	1.0000	0.5667	0.23	16.99	17.22	0.03	0.03	0.08	0.04	0.02	0.02	0.00	0.03	0.37	2.90	7.42	6.27	0.0173	0.0195	0.0117	0.0013	0.0001	0.0000	0.0021	0.0156	0.0517	0.0888	0.0232	0.0000	34.13	0.02
1991-06-15	Perennial Ryegrass	0.07	155.34	0.59	0.67	0.20	1.22	1	0	1.29	650.00	0.00	14.42	10.24	0.00	0.00	0.00	0.00	0.00	0.00	0.00	0.00	0.00	0.00	0.00	0.00	0.00	0.00	0.00	0.00	0.00	0.00	0.00	0.00	0.00	0.00	0.00	0.00	20.4	26.5	29.6	43.5	58.2	51.0	229.19	0.190	0.234	0.247	0.257	0.143	0.000	0.5821	1.0000	1.0000	0.9470	1.0000	0.9030	0.24	16.81	17.06	0.04	0.03	0.07	0.04	0.03	0.02	0.01	0.02	0.28	2.50	7.33	6.68	0.0130	0.0119	0.0100	0.0016	0.0002	0.0000	0.0015	0.0071	0.0362	0.0929	0.0405	0.0000	34.43	0.02
1991-06-16	Perennial Ryegrass	0.07	150.87	0.59	0.68	0.20	1.22	2	0	1.31	650.00	0.00	15.07	10.70	0.00	0.00	0.00	0.00	0.00	0.00	0.00	0.00	0.00	0.00	0.00	0.00	0.00	0.00	0.00	0.00	0.00	0.00	0.00	0.00	0.00	0.00	0.00	0.00	18.3	24.0	27.5	42.6	59.5	55.2	227.11	0.234	0.304	0.351	0.406	0.260	0.000	0.5886	1.0000	1.0000	0.9524	1.0000	0.3801	0.27	16.65	16.91	0.06	0.04	0.07	0.04	0.03	0.03	0.01	0.02	0.22	2.16	7.06	7.19	0.0124	0.0081	0.0076	0.0017	0.0002	0.0000	0.0016	0.0038	0.0231	0.0867	0.0558	0.0000	34.78	0.02
1991-06-17	Perennial Ryegrass	0.07	146.87	0.60	0.68	0.20	1.22	2	0	1.33	650.00	0.00	12.23	8.67	0.00	0.00	0.00	0.00	0.00	0.00	0.00	0.00	0.00	0.00	0.00	0.00	0.00	0.00	0.00	0.00	0.00	0.00	0.00	0.00	0.00	0.00	0.00	0.00	17.3	22.2	25.7	41.6	60.1	58.8	225.68	0.069	0.092	0.113	0.145	0.103	0.000	0.5940	0.6018	1.0000	0.9530	1.0000	0.5158	0.30	16.46	16.76	0.08	0.04	0.07	0.04	0.03	0.03	0.01	0.02	0.18	1.90	6.77	7.58	0.0115	0.0060	0.0052	0.0015	0.0002	0.0000	0.0018	0.0024	0.0134	0.0645	0.0431	0.0000	35.07	0.02
1991-06-18	Perennial Ryegrass	0.07	145.85	0.60	0.68	0.20	1.22	2	0	1.34	650.00	0.00	10.31	7.31	0.00	0.00	0.00	0.00	0.00	0.00	0.00	0.00	0.00	0.00	0.00	0.00	0.00	0.00	0.00	0.00	0.00	0.00	0.00	0.00	0.00	0.00	0.00	0.00	16.9	20.7	24.1	40.3	59.9	60.9	222.84	0.061	0.077	0.098	0.137	0.105	0.000	0.5982	0.8031	1.0000	0.9376	1.0000	0.3480	0.33	16.11	16.44	0.10	0.05	0.07	0.04	0.04	0.03	0.02	0.02	0.16	1.69	6.45	7.77	0.0115	0.0050	0.0040	0.0014	0.0002	0.0000	0.0021	0.0018	0.0088	0.0531	0.0431	0.0000	35.32	0.02
1991-06-19	Perennial Ryegrass	0.07	145.36	0.60	0.69	0.20	1.22	2	0	1.35	650.00	0.00	8.75	6.20	0.00	0.00	0.00	0.00	0.00	0.00	0.00	0.00	0.00	0.00	0.00	0.00	0.00	0.00	0.00	0.00	0.00	0.00	0.00	0.00	0.00	0.00	0.00	0.00	16.9	19.6	22.8	39.0	59.3	61.9	219.58	0.051	0.056	0.074	0.112	0.092	0.000	0.6014	1.0000	1.0000	0.9087	1.0000	0.3743	0.35	15.69	16.04	0.11	0.06	0.07	0.04	0.04	0.03	0.02	0.02	0.15	1.54	6.16	7.81	0.0119	0.0041	0.0031	0.0013	0.0003	0.0000	0.0025	0.0014	0.0061	0.0432	0.0401	0.0000	35.51	0.02
1991-06-20	Perennial Ryegrass	0.07	143.58	0.61	0.69	0.20	1.23	2	0	1.36	650.00	0.00	8.48	6.01	0.00	0.00	0.00	0.00	0.00	0.00	0.00	0.00	0.00	0.00	0.00	0.00	0.00	0.00	0.00	0.00	0.00	0.00	0.00	0.00	0.00	0.00	0.00	0.00	16.8	19.1	21.7	37.8	58.4	62.2	215.96	0.076	0.072	0.096	0.155	0.133	0.000	0.6044	1.0000	1.0000	0.9021	1.0000	0.3817	0.37	15.26	15.63	0.12	0.06	0.07	0.05	0.04	0.03	0.03	0.02	0.14	1.42	5.89	7.76	0.0131	0.0038	0.0026	0.0012	0.0003	0.0000	0.0030	0.0013	0.0047	0.0370	0.0400	0.0000	35.66	0.02
1991-06-21	Perennial Ryegrass	0.07	140.65	0.61	0.69	0.20	1.23	2	0	1.37	650.00	0.00	8.22	5.82	0.00	0.00	0.00	0.00	0.00	0.00	0.00	0.00	0.00	0.00	0.00	0.00	0.00	0.00	0.00	0.00	0.00	0.00	0.00	0.00	0.00	0.00	0.00	0.00	16.5	18.8	21.0	36.8	57.5	61.9	212.46	0.072	0.065	0.083	0.140	0.125	0.000	0.6075	1.0000	1.0000	0.9089	1.0000	0.3320	0.39	14.87	15.25	0.12	0.07	0.07	0.05	0.04	0.03	0.03	0.02	0.13	1.34	5.67	7.67	0.0137	0.0036	0.0022	0.0011	0.0003	0.0000	0.0034	0.0013	0.0038	0.0313	0.0364	0.0000	35.82	0.02
1991-06-22	Perennial Ryegrass	0.07	139.61	0.61	0.69	0.20	2.00	2	0	1.38	650.00	0.00	7.52	5.32	0.00	0.00	0.00	0.00	0.00	0.00	0.00	0.00	0.00	0.00	0.00	0.00	0.00	0.00	0.00	0.00	0.00	0.00	0.00	0.00	0.00	0.00	0.00	0.00	16.0	18.7	20.3	35.9	56.6	61.5	208.95	0.097	0.086	0.104	0.182	0.166	0.000	0.6104	0.5805	1.0000	0.8945	1.0000	0.3242	0.40	14.52	14.92	0.13	0.07	0.08	0.05	0.04	0.04	0.04	0.03	0.13	1.27	5.49	7.55	0.0137	0.0037	0.0020	0.0011	0.0003	0.0000	0.0036	0.0014	0.0033	0.0285	0.0365	0.0000	36.01	0.02
1991-06-23	Perennial Ryegrass	0.07	140.73	0.62	0.70	0.20	2.00	2	0	1.40	650.00	0.00	12.15	8.76	0.00	0.00	0.00	0.00	0.00	0.00	0.00	0.00	0.00	0.00	0.00	0.00	0.00	0.00	0.00	0.00	0.00	0.00	0.00	0.00	0.00	0.00	0.00	0.00	17.1	18.9	20.0	35.1	55.6	60.8	207.56	0.169	0.159	0.178	0.323	0.298	0.000	0.6125	1.0000	1.0000	0.8884	1.0000	0.4045	0.42	14.22	14.64	0.13	0.08	0.08	0.05	0.04	0.04	0.04	0.03	0.13	1.23	5.35	7.44	0.0137	0.0041	0.0021	0.0012	0.0004	0.0000	0.0038	0.0016	0.0034	0.0292	0.0445	0.0000	36.14	0.02
1991-06-24	Perennial Ryegrass	0.07	138.21	0.62	0.70	0.20	2.00	2	0	1.42	650.00	0.00	12.61	9.09	0.00	0.00	0.00	0.00	0.00	0.00	0.00	0.00	0.00	0.00	0.00	0.00	0.00	0.00	0.00	0.00	0.00	0.00	0.00	0.00	0.00	0.00	0.00	0.00	16.9	18.8	19.9	34.8	55.0	60.2	205.52	0.070	0.058	0.060	0.107	0.100	0.000	0.6167	1.0000	1.0000	0.8851	1.0000	0.7717	0.44	14.01	14.44	0.14	0.08	0.08	0.05	0.05	0.04	0.04	0.04	0.13	1.20	5.26	7.33	0.0166	0.0042	0.0017	0.0010	0.0003	0.0000	0.0049	0.0017	0.0027	0.0220	0.0280	0.0000	36.38	0.02
1991-06-25	Perennial Ryegrass	0.06	133.91	0.63	0.70	0.20	2.00	2	0	1.45	650.00	0.00	17.38	12.54	0.00	0.00	0.00	0.00	0.00	0.00	0.00	0.00	0.00	0.00	0.00	0.00	0.00	0.00	0.00	0.00	0.00	0.00	0.00	0.00	0.00	0.00	0.00	0.00	16.5	18.5	19.8	34.2	54.4	59.6	203.06	0.177	0.148	0.151	0.270	0.249	0.000	0.6221	1.0000	1.0000	0.9082	1.0000	0.5252	0.46	13.83	14.29	0.15	0.09	0.08	0.05	0.05	0.04	0.05	0.04	0.14	1.17	5.19	7.25	0.0179	0.0047	0.0020	0.0011	0.0004	0.0000	0.0057	0.0021	0.0033	0.0248	0.0380	0.0000	36.60	0.02
1991-06-26	Perennial Ryegrass	0.06	129.95	0.63	0.71	0.20	2.00	2	0	1.47	650.00	0.00	17.59	12.87	0.00	0.00	0.00	0.00	0.00	0.00	0.00	0.00	0.00	0.00	0.00	0.00	0.00	0.00	0.00	0.00	0.00	0.00	0.00	0.00	0.00	0.00	0.00	0.00	15.9	18.3	19.8	34.1	53.7	59.0	200.87	0.166	0.142	0.150	0.257	0.241	0.000	0.6287	0.9785	1.0000	0.9251	1.0000	0.4049	0.48	13.71	14.19	0.16	0.09	0.09	0.05	0.05	0.04	0.06	0.04	0.15	1.17	5.10	7.18	0.0177	0.0047	0.0020	0.0011	0.0004	0.0000	0.0060	0.0022	0.0035	0.0239	0.0363	0.0000	36.99	0.02
1991-06-27	Perennial Ryegrass	0.06	129.42	0.64	0.71	0.20	2.00	2	0	1.48	650.00	0.00	10.31	7.70	0.00	0.00	0.00	0.00	0.00	0.00	0.00	0.00	0.00	0.00	0.00	0.00	0.00	0.00	0.00	0.00	0.00	0.00	0.00	0.00	0.00	0.00	0.00	0.00	15.4	18.1	19.8	33.9	53.3	58.5	199.05	0.142	0.127	0.140	0.238	0.215	0.000	0.6347	0.8915	1.0000	0.9025	1.0000	0.2389	0.49	13.63	14.12	0.16	0.09	0.09	0.05	0.05	0.04	0.06	0.05	0.16	1.18	5.06	7.12	0.0166	0.0047	0.0021	0.0011	0.0003	0.0000	0.0061	0.0024	0.0037	0.0234	0.0335	0.0000	37.35	0.02
1991-06-28	Perennial Ryegrass	0.06	132.65	0.64	0.71	0.20	2.00	2	0	1.50	650.00	0.00	11.64	8.57	0.00	0.00	0.00	0.00	0.00	0.00	0.00	0.00	0.00	0.00	0.00	0.00	0.00	0.00	0.00	0.00	0.00	0.00	0.00	0.00	0.00	0.00	0.00	0.00	17.6	18.9	19.8	33.8	52.9	58.2	201.12	0.142	0.135	0.153	0.258	0.230	0.000	0.6374	0.6571	1.0000	0.9052	1.0000	0.3969	0.51	13.57	14.08	0.17	0.10	0.09	0.05	0.05	0.04	0.07	0.06	0.17	1.18	5.02	7.08	0.0158	0.0048	0.0022	0.0011	0.0004	0.0000	0.0060	0.0027	0.0040	0.0237	0.0342	0.0000	37.52	0.01
1991-06-29	Perennial Ryegrass	0.07	134.76	0.64	0.71	0.20	2.00	2	0	1.52	650.00	0.00	11.79	8.66	0.00	0.00	0.00	0.00	0.00	0.00	0.00	0.00	0.00	0.00	0.00	0.00	0.00	0.00	0.00	0.00	0.00	0.00	0.00	0.00	0.00	0.00	0.00	0.00	18.7	19.6	20.1	33.9	52.6	58.0	202.93	0.177	0.136	0.135	0.224	0.198	0.000	0.6406	1.0000	1.0000	0.8865	1.0000	0.5274	0.51	13.54	14.05	0.16	0.10	0.09	0.06	0.05	0.04	0.07	0.06	0.18	1.18	4.99	7.06	0.0235	0.0057	0.0022	0.0011	0.0003	0.0000	0.0089	0.0035	0.0040	0.0228	0.0311	0.0000	37.74	0.01
1991-06-30	Perennial Ryegrass	0.06	132.04	0.65	0.72	0.19	2.00	2	0	1.53	650.00	0.00	13.86	10.11	0.00	0.00	0.00	0.00	0.00	0.00	0.00	0.00	0.00	0.00	0.00	0.00	0.00	0.00	0.00	0.00	0.00	0.00	0.00	0.00	0.00	0.00	0.00	0.00	17.5	19.7	20.3	34.2	52.3	57.8	201.88	0.159	0.121	0.111	0.179	0.152	0.000	0.6448	0.7085	1.0000	0.8916	1.0000	0.4375	0.51	13.51	14.02	0.16	0.10	0.09	0.06	0.06	0.05	0.06	0.07	0.18	1.19	4.96	7.05	0.0276	0.0067	0.0022	0.0011	0.0003	0.0000	0.0106	0.0043	0.0040	0.0222	0.0272	0.0000	37.92	0.01
1991-07-01	Perennial Ryegrass	0.06	131.09	0.65	0.72	0.19	2.00	2	0	1.54	650.00	0.00	9.21	7.01	0.00	0.00	0.00	0.00	0.00	0.00	0.00	0.00	0.00	0.00	0.00	0.00	0.00	0.00	0.00	0.00	0.00	0.00	0.00	0.00	0.00	0.00	0.00	0.00	16.9	19.4	20.3	34.4	52.4	57.7	201.10	0.070	0.063	0.059	0.094	0.077	0.000	0.6487	0.5008	1.0000	0.8721	1.0000	0.5292	0.51	13.48	13.99	0.16	0.10	0.09	0.06	0.06	0.05	0.07	0.07	0.18	1.18	4.95	7.04	0.0214	0.0067	0.0021	0.0010	0.0003	0.0000	0.0086	0.0043	0.0039	0.0206	0.0217	0.0000	38.06	0.01
1991-07-02	Perennial Ryegrass	0.06	130.07	0.65	0.72	0.19	2.00	2	0	1.55	650.00	0.00	8.92	6.50	0.00	0.00	0.00	0.00	0.00	0.00	0.00	0.00	0.00	0.00	0.00	0.00	0.00	0.00	0.00	0.00	0.00	0.00	0.00	0.00	0.00	0.00	0.00	0.00	16.6	18.9	20.2	34.5	52.5	57.6	200.28	0.066	0.061	0.061	0.098	0.079	0.000	0.6513	0.4448	1.0000	0.8578	1.0000	0.5501	0.52	13.46	13.97	0.16	0.10	0.10	0.06	0.06	0.05	0.07	0.07	0.18	1.16	4.95	7.03	0.0194	0.0062	0.0022	0.0011	0.0003	0.0000	0.0081	0.0041	0.0040	0.0208	0.0220	0.0000	38.24	0.01
1991-07-03	Perennial Ryegrass	0.06	128.15	0.66	0.72	0.19	2.00	2	0	1.57	650.00	0.00	11.38	8.25	0.00	0.00	0.00	0.00	0.00	0.00	0.00	0.00	0.00	0.00	0.00	0.00	0.00	0.00	0.00	0.00	0.00	0.00	0.00	0.00	0.00	0.00	0.00	0.00	16.4	18.8	20.0	34.4	52.5	57.5	199.51	0.084	0.075	0.078	0.129	0.104	0.000	0.6537	0.6809	1.0000	0.8638	1.0000	0.4160	0.52	13.43	13.95	0.16	0.10	0.10	0.06	0.06	0.05	0.07	0.07	0.18	1.14	4.95	7.02	0.0187	0.0058	0.0022	0.0011	0.0003	0.0000	0.0080	0.0039	0.0040	0.0214	0.0238	0.0000	38.44	0.01
1991-07-04	Perennial Ryegrass	0.06	132.91	0.66	0.72	0.19	2.00	2	0	1.58	650.00	0.00	9.11	6.79	0.00	0.00	0.00	0.00	0.00	0.00	0.00	0.00	0.00	0.00	0.00	0.00	0.00	0.00	0.00	0.00	0.00	0.00	0.00	0.00	0.00	0.00	0.00	0.00	19.5	19.9	20.3	34.4	52.5	57.4	203.88	0.111	0.099	0.103	0.176	0.142	0.000	0.6567	1.0000	1.0000	0.8369	1.0000	0.5649	0.52	13.40	13.92	0.16	0.10	0.10	0.06	0.06	0.05	0.07	0.08	0.18	1.12	4.94	7.01	0.0183	0.0058	0.0022	0.0012	0.0003	0.0000	0.0074	0.0042	0.0041	0.0221	0.0266	0.0000	38.58	0.01
1991-07-05	Perennial Ryegrass	0.06	133.24	0.66	0.72	0.18	2.00	2	0	1.60	650.00	0.00	10.21	7.44	0.00	0.00	0.00	0.00	0.00	0.00	0.00	0.00	0.00	0.00	0.00	0.00	0.00	0.00	0.00	0.00	0.00	0.00	0.00	0.00	0.00	0.00	0.00	0.00	18.9	20.3	20.6	34.6	52.6	57.3	204.21	0.170	0.124	0.113	0.184	0.149	0.000	0.6598	1.0000	1.0000	0.8099	1.0000	0.5399	0.51	13.35	13.86	0.14	0.10	0.10	0.06	0.06	0.05	0.06	0.08	0.18	1.10	4.93	7.00	0.0291	0.0072	0.0024	0.0012	0.0003	0.0000	0.0113	0.0054	0.0044	0.0219	0.0272	0.0000	38.81	0.01
1991-07-06	Perennial Ryegrass	0.06	131.77	0.67	0.73	0.18	2.01	2	0	1.61	650.00	0.00	10.16	7.40	0.00	0.00	0.00	0.00	0.00	0.00	0.00	0.00	0.00	0.00	0.00	0.00	0.00	0.00	0.00	0.00	0.00	0.00	0.00	0.00	0.00	0.00	0.00	0.00	17.7	20.2	20.8	34.8	52.9	57.2	203.60	0.079	0.065	0.059	0.093	0.075	0.000	0.6631	0.7464	1.0000	0.7866	1.0000	0.4079	0.50	13.32	13.82	0.14	0.10	0.10	0.06	0.06	0.05	0.05	0.08	0.18	1.08	4.93	6.99	0.0244	0.0075	0.0024	0.0011	0.0003	0.0000	0.0093	0.0056	0.0043	0.0199	0.0224	0.0000	38.88	0.01
1991-07-07	Perennial Ryegrass	0.06	131.27	0.67	0.73	0.18	2.01	2	0	1.62	650.00	0.00	7.24	5.37	0.00	0.00	0.00	0.00	0.00	0.00	0.00	0.00	0.00	0.00	0.00	0.00	0.00	0.00	0.00	0.00	0.00	0.00	0.00	0.00	0.00	0.00	0.00	0.00	16.9	19.8	20.8	34.9	53.2	57.1	202.73	0.091	0.085	0.080	0.124	0.100	0.000	0.6657	0.6241	1.0000	0.7496	1.0000	0.4146	0.50	13.28	13.78	0.13	0.10	0.10	0.06	0.06	0.05	0.05	0.08	0.18	1.06	4.93	6.98	0.0196	0.0073	0.0025	0.0012	0.0003	0.0000	0.0074	0.0054	0.0045	0.0206	0.0245	0.0000	39.02	0.01
1991-07-08	Perennial Ryegrass	0.07	140.42	0.67	0.73	0.18	2.01	2	0	1.63	650.00	0.00	6.35	4.62	0.00	0.00	0.00	0.00	0.00	0.00	0.00	0.00	0.00	0.00	0.00	0.00	0.00	0.00	0.00	0.00	0.00	0.00	0.00	0.00	0.00	0.00	0.00	0.00	24.1	22.3	21.8	35.4	53.9	57.0	214.44	0.056	0.055	0.054	0.085	0.070	0.000	0.6676	1.0000	1.0000	0.6985	1.0000	0.5912	0.49	13.24	13.73	0.13	0.10	0.10	0.06	0.06	0.05	0.04	0.08	0.18	1.03	4.94	6.97	0.0163	0.0065	0.0024	0.0012	0.0003	0.0000	0.0053	0.0049	0.0043	0.0196	0.0231	0.0000	39.04	0.01
1991-07-09	Perennial Ryegrass	0.07	148.34	0.67	0.73	0.17	2.01	2	0	1.64	650.00	0.00	6.95	5.05	0.00	0.00	0.00	0.00	0.00	0.00	0.00	0.00	0.00	0.00	0.00	0.00	0.00	0.00	0.00	0.00	0.00	0.00	0.00	0.00	0.00	0.00	0.00	0.00	29.1	25.8	23.7	36.4	54.6	57.5	227.20	0.220	0.146	0.122	0.173	0.142	0.000	0.6696	1.0000	1.0000	0.6803	1.0000	1.0000	0.45	13.19	13.64	0.09	0.09	0.09	0.06	0.06	0.05	0.03	0.07	0.17	0.99	4.91	7.02	0.0424	0.0103	0.0031	0.0013	0.0004	0.0000	0.0113	0.0075	0.0053	0.0214	0.0286	0.0000	39.15	0.01
1991-07-10	Perennial Ryegrass	0.08	158.05	0.67	0.73	0.16	2.01	2	0	1.65	650.00	0.00	5.72	4.16	0.00	0.00	0.00	0.00	0.00	0.00	0.00	0.00	0.00	0.00	0.00	0.00	0.00	0.00	0.00	0.00	0.00	0.00	0.00	0.00	0.00	0.00	0.00	0.00	36.9	32.5	33.0	43.1	57.7	59.3	262.48	0.391	0.263	0.199	0.244	0.194	0.000	0.6719	1.0000	1.0000	0.6391	1.0000	1.0000	0.38	13.01	13.40	0.05	0.07	0.09	0.06	0.06	0.05	0.01	0.04	0.14	0.90	4.78	7.13	0.0556	0.0167	0.0044	0.0015	0.0004	0.0000	0.0093	0.0089	0.0065	0.0224	0.0324	0.0000	38.98	0.01
1991-07-11	Perennial Ryegrass	0.08	164.95	0.68	0.72	0.15	2.01	2	0	1.65	650.00	0.00	6.09	4.43	0.00	0.00	0.00	0.00	0.00	0.00	0.00	0.00	0.00	0.00	0.00	0.00	0.00	0.00	0.00	0.00	0.00	0.00	0.00	0.00	0.00	0.00	0.00	0.00	37.1	32.7	33.1	50.7	62.7	62.3	278.64	0.123	0.089	0.087	0.081	0.051	0.000	0.6739	1.0000	1.0000	0.6243	1.0000	1.0000	0.29	12.58	12.87	0.00	0.04	0.08	0.06	0.06	0.05	0.00	0.02	0.09	0.76	4.50	7.22	0.0606	0.0342	0.0150	0.0022	0.0004	0.0000	0.0076	0.0130	0.0163	0.0294	0.0272	0.0000	38.83	0.01
1991-07-12	Perennial Ryegrass	0.08	167.37	0.68	0.72	0.13	2.01	2	0	1.67	650.00	0.00	9.35	6.81	0.00	0.00	0.00	0.00	0.00	0.00	0.00	0.00	0.00	0.00	0.00	0.00	0.00	0.00	0.00	0.00	0.00	0.00	0.00	0.00	0.00	0.00	0.00	0.00	33.1	32.7	33.2	50.6	65.7	65.2	280.56	0.070	0.051	0.050	0.063	0.037	0.000	0.6759	1.0000	1.0000	0.6157	1.0000	1.0000	0.25	11.94	12.19	0.00	0.03	0.06	0.05	0.06	0.05	0.00	0.01	0.06	0.60	4.10	7.17	0.0146	0.0211	0.0128	0.0038	0.0005	0.0000	0.0005	0.0064	0.0114	0.0419	0.0339	0.0000	38.67	0.01
1991-07-13	Perennial Ryegrass	0.08	166.98	0.68	0.72	0.12	2.01	2	0	1.68	650.00	0.00	8.18	6.23	0.00	0.00	0.00	0.00	0.00	0.00	0.00	0.00	0.00	0.00	0.00	0.00	0.00	0.00	0.00	0.00	0.00	0.00	0.00	0.00	0.00	0.00	0.00	0.00	26.8	31.2	32.7	49.2	66.8	67.5	274.17	0.111	0.095	0.092	0.116	0.076	0.000	0.6789	1.0000	1.0000	0.5522	1.0000	0.9691	0.23	11.17	11.41	0.00	0.02	0.05	0.05	0.06	0.05	0.00	0.00	0.04	0.48	3.68	6.97	0.0115	0.0137	0.0111	0.0035	0.0007	0.0000	0.0003	0.0033	0.0083	0.0336	0.0383	0.0000	38.64	0.01
1991-07-14	Perennial Ryegrass	0.08	167.39	0.68	0.72	0.12	2.01	2	0	1.69	650.00	0.00	9.37	6.83	0.00	0.00	0.00	0.00	0.00	0.00	0.00	0.00	0.00	0.00	0.00	0.00	0.00	0.00	0.00	0.00	0.00	0.00	0.00	0.00	0.00	0.00	0.00	0.00	23.9	29.2	31.7	47.9	67.0	68.9	268.67	0.059	0.064	0.066	0.080	0.058	0.000	0.6815	0.6111	1.0000	0.5561	1.0000	0.7619	0.23	10.37	10.60	0.01	0.01	0.05	0.05	0.06	0.05	0.00	0.00	0.03	0.39	3.28	6.67	0.0082	0.0081	0.0090	0.0030	0.0007	0.0000	0.0003	0.0015	0.0056	0.0243	0.0362	0.0000	38.68	0.01
1991-07-15	Perennial Ryegrass	0.08	165.99	0.69	0.72	0.12	2.01	2	0	1.70	650.00	0.00	7.99	5.83	0.00	0.00	0.00	0.00	0.00	0.00	0.00	0.00	0.00	0.00	0.00	0.00	0.00	0.00	0.00	0.00	0.00	0.00	0.00	0.00	0.00	0.00	0.00	0.00	20.6	26.7	30.0	46.5	66.6	69.6	260.06	0.062	0.072	0.078	0.097	0.074	0.000	0.6838	0.5134	1.0000	0.5449	1.0000	0.6386	0.23	9.59	9.82	0.02	0.01	0.04	0.04	0.06	0.05	0.00	0.00	0.02	0.32	2.92	6.32	0.0088	0.0057	0.0070	0.0027	0.0007	0.0000	0.0004	0.0008	0.0037	0.0183	0.0333	0.0000	38.88	0.01
1991-07-16	Perennial Ryegrass	0.08	165.06	0.69	0.72	0.12	2.01	2	0	1.71	650.00	0.00	6.58	4.80	0.00	0.00	0.00	0.00	0.00	0.00	0.00	0.00	0.00	0.00	0.00	0.00	0.00	0.00	0.00	0.00	0.00	0.00	0.00	0.00	0.00	0.00	0.00	0.00	18.7	24.4	28.1	44.9	65.6	69.7	251.44	0.068	0.088	0.102	0.131	0.104	0.000	0.6855	0.5894	1.0000	0.5256	1.0000	0.4561	0.24	8.85	9.09	0.03	0.02	0.04	0.04	0.06	0.05	0.00	0.00	0.02	0.27	2.61	5.95	0.0076	0.0042	0.0052	0.0023	0.0007	0.0000	0.0004	0.0005	0.0024	0.0139	0.0298	0.0000	38.97	0.01
1991-07-17	Perennial Ryegrass	0.08	164.75	0.69	0.73	0.12	2.01	2	0	1.71	650.00	0.00	4.33	3.16	0.00	0.00	0.00	0.00	0.00	0.00	0.00	0.00	0.00	0.00	0.00	0.00	0.00	0.00	0.00	0.00	0.00	0.00	0.00	0.00	0.00	0.00	0.00	0.00	17.5	22.5	26.1	42.9	64.2	69.2	242.38	0.152	0.200	0.247	0.335	0.276	0.000	0.6868	1.0000	1.0000	0.4670	1.0000	0.3015	0.25	8.19	8.44	0.04	0.02	0.04	0.04	0.06	0.05	0.00	0.00	0.02	0.23	2.35	5.59	0.0072	0.0034	0.0039	0.0021	0.0008	0.0000	0.0005	0.0004	0.0016	0.0111	0.0295	0.0000	39.08	0.01
1991-07-18	Perennial Ryegrass	0.08	164.17	0.69	0.73	0.12	2.01	2	0	1.72	650.00	0.00	4.10	2.99	0.00	0.00	0.00	0.00	0.00	0.00	0.00	0.00	0.00	0.00	0.00	0.00	0.00	0.00	0.00	0.00	0.00	0.00	0.00	0.00	0.00	0.00	0.00	0.00	16.9	20.9	24.4	41.1	62.6	68.3	234.13	0.114	0.144	0.184	0.266	0.228	0.000	0.6878	0.9916	1.0000	0.4339	1.0000	0.2604	0.26	7.62	7.88	0.05	0.02	0.04	0.04	0.06	0.05	0.00	0.00	0.02	0.20	2.15	5.25	0.0072	0.0028	0.0029	0.0018	0.0007	0.0000	0.0006	0.0003	0.0011	0.0083	0.0241	0.0000	39.16	0.01
1991-07-19	Perennial Ryegrass	0.08	162.51	0.69	0.73	0.12	2.01	2	0	1.72	650.00	0.00	6.34	4.62	0.00	0.00	0.00	0.00	0.00	0.00	0.00	0.00	0.00	0.00	0.00	0.00	0.00	0.00	0.00	0.00	0.00	0.00	0.00	0.00	0.00	0.00	0.00	0.00	16.5	19.6	22.8	39.3	61.0	67.1	226.31	0.151	0.173	0.228	0.350	0.310	0.000	0.6886	1.0000	1.0000	0.4773	1.0000	0.2985	0.28	7.13	7.41	0.06	0.03	0.04	0.04	0.06	0.05	0.01	0.00	0.02	0.18	1.98	4.95	0.0080	0.0026	0.0023	0.0016	0.0007	0.0000	0.0008	0.0003	0.0008	0.0068	0.0225	0.0000	39.26	0.01
1991-07-20	Perennial Ryegrass	0.08	160.20	0.69	0.73	0.12	2.01	2	0	1.73	650.00	0.00	7.45	5.43	0.00	0.00	0.00	0.00	0.00	0.00	0.00	0.00	0.00	0.00	0.00	0.00	0.00	0.00	0.00	0.00	0.00	0.00	0.00	0.00	0.00	0.00	0.00	0.00	16.1	19.0	21.6	37.8	59.3	65.7	219.55	0.145	0.147	0.197	0.322	0.292	0.000	0.6898	0.9926	1.0000	0.5065	1.0000	0.3411	0.30	6.74	7.04	0.07	0.03	0.04	0.04	0.06	0.05	0.01	0.00	0.02	0.17	1.85	4.69	0.0090	0.0024	0.0019	0.0014	0.0006	0.0000	0.0010	0.0003	0.0007	0.0054	0.0193	0.0000	39.40	0.01
1991-07-21	Perennial Ryegrass	0.08	159.39	0.69	0.73	0.12	2.01	2	0	1.73	650.00	0.00	4.60	3.36	0.00	0.00	0.00	0.00	0.00	0.00	0.00	0.00	0.00	0.00	0.00	0.00	0.00	0.00	0.00	0.00	0.00	0.00	0.00	0.00	0.00	0.00	0.00	0.00	15.8	18.8	20.6	36.6	57.9	64.3	213.92	0.150	0.147	0.188	0.323	0.299	0.000	0.6913	1.0000	1.0000	0.4869	1.0000	0.3652	0.31	6.43	6.74	0.08	0.04	0.05	0.04	0.06	0.05	0.01	0.01	0.02	0.16	1.76	4.48	0.0093	0.0024	0.0016	0.0013	0.0006	0.0000	0.0012	0.0004	0.0006	0.0046	0.0174	0.0000	39.52	0.01
1991-07-22	Perennial Ryegrass	0.08	158.89	0.69	0.73	0.12	2.01	2	0	1.74	650.00	0.00	4.28	3.12	0.00	0.00	0.00	0.00	0.00	0.00	0.00	0.00	0.00	0.00	0.00	0.00	0.00	0.00	0.00	0.00	0.00	0.00	0.00	0.00	0.00	0.00	0.00	0.00	16.5	18.6	20.1	35.7	56.7	62.9	210.57	0.100	0.100	0.115	0.209	0.196	0.000	0.6924	1.0000	1.0000	0.4457	1.0000	0.9680	0.33	6.19	6.52	0.09	0.04	0.05	0.04	0.06	0.05	0.01	0.01	0.02	0.15	1.69	4.31	0.0096	0.0025	0.0014	0.0011	0.0005	0.0000	0.0014	0.0004	0.0005	0.0038	0.0136	0.0000	39.59	0.01
1991-07-23	Perennial Ryegrass	0.08	158.41	0.69	0.73	0.12	2.01	2	0	1.74	650.00	0.00	3.41	2.49	0.00	0.00	0.00	0.00	0.00	0.00	0.00	0.00	0.00	0.00	0.00	0.00	0.00	0.00	0.00	0.00	0.00	0.00	0.00	0.00	0.00	0.00	0.00	0.00	16.0	18.4	19.8	35.0	55.7	61.7	206.63	0.153	0.132	0.144	0.265	0.250	0.000	0.6936	1.0000	1.0000	0.4000	1.0000	0.2393	0.34	6.01	6.35	0.09	0.05	0.05	0.04	0.06	0.05	0.02	0.01	0.02	0.15	1.65	4.17	0.0118	0.0028	0.0014	0.0011	0.0005	0.0000	0.0019	0.0005	0.0005	0.0036	0.0137	0.0000	39.69	0.01
1991-07-24	Perennial Ryegrass	0.08	157.74	0.70	0.73	0.12	2.01	2	0	1.75	650.00	0.00	3.84	2.80	0.00	0.00	0.00	0.00	0.00	0.00	0.00	0.00	0.00	0.00	0.00	0.00	0.00	0.00	0.00	0.00	0.00	0.00	0.00	0.00	0.00	0.00	0.00	0.00	15.7	18.2	19.8	34.3	54.8	60.7	203.45	0.167	0.150	0.162	0.296	0.280	0.000	0.6942	1.0000	1.0000	0.3604	1.0000	0.4287	0.35	5.88	6.23	0.09	0.05	0.05	0.04	0.06	0.05	0.02	0.01	0.02	0.14	1.61	4.07	0.0111	0.0028	0.0014	0.0011	0.0005	0.0000	0.0019	0.0006	0.0006	0.0034	0.0137	0.0000	39.74	0.01
1991-07-25	Perennial Ryegrass	0.08	156.80	0.70	0.73	0.12	2.01	2	0	1.75	650.00	0.00	4.34	3.17	0.00	0.00	0.00	0.00	0.00	0.00	0.00	0.00	0.00	0.00	0.00	0.00	0.00	0.00	0.00	0.00	0.00	0.00	0.00	0.00	0.00	0.00	0.00	0.00	15.1	18.0	19.9	34.2	54.0	59.8	201.01	0.104	0.095	0.107	0.185	0.176	0.000	0.6950	0.7086	1.0000	0.3450	1.0000	0.4334	0.36	5.80	6.15	0.09	0.05	0.06	0.04	0.06	0.05	0.02	0.01	0.02	0.15	1.59	4.00	0.0103	0.0027	0.0013	0.0009	0.0004	0.0000	0.0019	0.0006	0.0006	0.0031	0.0107	0.0000	39.83	0.01
1991-07-26	Perennial Ryegrass	0.08	156.71	0.70	0.73	0.12	2.01	2	0	1.75	650.00	0.00	2.41	1.76	0.00	0.00	0.00	0.00	0.00	0.00	0.00	0.00	0.00	0.00	0.00	0.00	0.00	0.00	0.00	0.00	0.00	0.00	0.00	0.00	0.00	0.00	0.00	0.00	14.7	17.9	19.8	34.1	53.6	58.9	198.99	0.114	0.112	0.130	0.222	0.202	0.000	0.6958	0.8884	1.0000	0.3037	1.0000	0.2936	0.36	5.74	6.10	0.10	0.06	0.06	0.04	0.06	0.05	0.02	0.01	0.03	0.16	1.58	3.95	0.0096	0.0028	0.0014	0.0010	0.0004	0.0000	0.0018	0.0006	0.0006	0.0033	0.0109	0.0000	39.89	0.01
1991-07-27	Perennial Ryegrass	0.08	157.18	0.70	0.73	0.12	2.01	2	0	1.75	650.00	0.00	2.34	1.71	0.00	0.00	0.00	0.00	0.00	0.00	0.00	0.00	0.00	0.00	0.00	0.00	0.00	0.00	0.00	0.00	0.00	0.00	0.00	0.00	0.00	0.00	0.00	0.00	14.9	17.7	19.8	33.9	53.2	58.4	197.89	0.137	0.143	0.171	0.291	0.261	0.000	0.6962	1.0000	1.0000	0.2592	1.0000	0.4641	0.37	5.71	6.07	0.10	0.06	0.06	0.04	0.06	0.05	0.02	0.01	0.03	0.16	1.57	3.91	0.0090	0.0028	0.0015	0.0010	0.0005	0.0000	0.0018	0.0007	0.0007	0.0036	0.0122	0.0000	39.93	0.01
1991-07-28	Perennial Ryegrass	0.08	156.38	0.70	0.73	0.12	2.01	2	0	1.76	650.00	0.00	3.89	2.84	0.00	0.00	0.00	0.00	0.00	0.00	0.00	0.00	0.00	0.00	0.00	0.00	0.00	0.00	0.00	0.00	0.00	0.00	0.00	0.00	0.00	0.00	0.00	0.00	14.4	17.6	19.7	33.7	52.8	58.1	196.37	0.122	0.116	0.143	0.241	0.214	0.000	0.6967	1.0000	1.0000	0.2613	1.0000	0.4190	0.37	5.69	6.06	0.10	0.06	0.06	0.04	0.06	0.05	0.02	0.01	0.03	0.17	1.56	3.90	0.0096	0.0027	0.0015	0.0010	0.0004	0.0000	0.0020	0.0007	0.0007	0.0035	0.0108	0.0000	39.99	0.01
1991-07-29	Perennial Ryegrass	0.07	154.91	0.70	0.73	0.12	2.01	2	0	1.76	650.00	0.00	6.03	4.41	0.00	0.00	0.00	0.00	0.00	0.00	0.00	0.00	0.00	0.00	0.00	0.00	0.00	0.00	0.00	0.00	0.00	0.00	0.00	0.00	0.00	0.00	0.00	0.00	13.9	17.3	19.5	33.4	52.3	57.9	194.37	0.196	0.202	0.253	0.425	0.375	0.000	0.6974	1.0000	1.0000	0.2938	1.0000	0.5235	0.38	5.68	6.06	0.10	0.06	0.06	0.04	0.06	0.05	0.02	0.02	0.03	0.17	1.55	3.89	0.0095	0.0030	0.0017	0.0012	0.0006	0.0000	0.0020	0.0008	0.0009	0.0043	0.0152	0.0000	40.07	0.01
1991-07-30	Perennial Ryegrass	0.07	153.38	0.70	0.74	0.12	2.01	2	0	1.77	650.00	0.00	5.96	4.36	0.00	0.00	0.00	0.00	0.00	0.00	0.00	0.00	0.00	0.00	0.00	0.00	0.00	0.00	0.00	0.00	0.00	0.00	0.00	0.00	0.00	0.00	0.00	0.00	13.5	17.2	19.5	33.2	52.0	57.8	193.26	0.090	0.101	0.129	0.216	0.190	0.000	0.6985	1.0000	1.0000	0.3192	1.0000	0.6311	0.39	5.68	6.07	0.11	0.06	0.06	0.05	0.06	0.05	0.02	0.02	0.03	0.18	1.54	3.88	0.0084	0.0027	0.0014	0.0009	0.0004	0.0000	0.0018	0.0007	0.0008	0.0035	0.0098	0.0000	40.19	0.01
1991-07-31	Perennial Ryegrass	0.07	152.95	0.70	0.74	0.12	2.01	2	0	1.77	650.00	0.00	3.17	2.32	0.00	0.00	0.00	0.00	0.00	0.00	0.00	0.00	0.00	0.00	0.00	0.00	0.00	0.00	0.00	0.00	0.00	0.00	0.00	0.00	0.00	0.00	0.00	0.00	14.1	17.2	19.5	33.1	51.8	57.7	193.38	0.045	0.054	0.071	0.118	0.103	0.000	0.6998	1.0000	1.0000	0.3032	1.0000	1.0000	0.40	5.68	6.08	0.12	0.07	0.06	0.05	0.06	0.05	0.03	0.02	0.04	0.18	1.54	3.87	0.0080	0.0026	0.0013	0.0008	0.0003	0.0000	0.0018	0.0007	0.0007	0.0031	0.0077	0.0000	40.27	0.01
1991-08-01	Perennial Ryegrass	0.07	151.53	0.70	0.74	0.12	2.01	2	0	1.78	650.00	0.00	6.08	4.46	0.00	0.00	0.00	0.00	0.00	0.00	0.00	0.00	0.00	0.00	0.00	0.00	0.00	0.00	0.00	0.00	0.00	0.00	0.00	0.00	0.00	0.00	0.00	0.00	13.7	17.1	19.4	33.0	51.6	57.5	192.35	0.082	0.083	0.109	0.183	0.159	0.000	0.7005	1.0000	1.0000	0.3345	1.0000	0.5627	0.42	5.68	6.10	0.12	0.07	0.07	0.05	0.06	0.05	0.03	0.02	0.04	0.18	1.54	3.87	0.0097	0.0028	0.0014	0.0009	0.0004	0.0000	0.0023	0.0008	0.0008	0.0034	0.0088	0.0000	40.37	0.01
1991-08-02	Perennial Ryegrass	0.07	150.96	0.70	0.74	0.12	2.01	2	0	1.78	650.00	0.00	4.03	2.96	0.00	0.00	0.00	0.00	0.00	0.00	0.00	0.00	0.00	0.00	0.00	0.00	0.00	0.00	0.00	0.00	0.00	0.00	0.00	0.00	0.00	0.00	0.00	0.00	13.2	17.0	19.3	32.9	51.4	57.4	191.12	0.084	0.091	0.121	0.203	0.175	0.000	0.7017	0.7449	1.0000	0.3336	1.0000	0.4030	0.43	5.68	6.11	0.13	0.07	0.07	0.05	0.06	0.05	0.03	0.02	0.04	0.19	1.53	3.86	0.0094	0.0029	0.0015	0.0009	0.0004	0.0000	0.0024	0.0009	0.0009	0.0036	0.0091	0.0000	40.47	0.01
1991-08-03	Perennial Ryegrass	0.07	150.24	0.70	0.74	0.12	2.01	2	0	1.79	650.00	0.00	4.74	3.48	0.00	0.00	0.00	0.00	0.00	0.00	0.00	0.00	0.00	0.00	0.00	0.00	0.00	0.00	0.00	0.00	0.00	0.00	0.00	0.00	0.00	0.00	0.00	0.00	12.7	16.8	19.2	32.5	51.0	57.3	189.50	0.130	0.161	0.217	0.361	0.311	0.000	0.7024	0.9789	1.0000	0.3592	1.0000	0.3070	0.44	5.68	6.12	0.13	0.07	0.07	0.05	0.06	0.05	0.04	0.03	0.04	0.19	1.53	3.86	0.0090	0.0032	0.0018	0.0011	0.0005	0.0000	0.0025	0.0011	0.0011	0.0043	0.0129	0.0000	40.56	0.01
1991-08-04	Perennial Ryegrass	0.07	150.24	0.70	0.74	0.12	2.01	2	0	1.79	650.00	0.00	8.32	6.11	0.00	0.00	0.00	0.00	0.00	0.00	0.00	0.00	0.00	0.00	0.00	0.00	0.00	0.00	0.00	0.00	0.00	0.00	0.00	0.00	0.00	0.00	0.00	0.00	16.4	16.7	18.9	32.0	50.4	57.2	191.58	0.178	0.246	0.335	0.559	0.482	0.000	0.7032	1.0000	1.0000	0.4563	1.0000	0.3521	0.45	5.67	6.13	0.14	0.08	0.07	0.05	0.06	0.05	0.04	0.03	0.05	0.19	1.51	3.85	0.0094	0.0035	0.0022	0.0014	0.0008	0.0000	0.0027	0.0013	0.0015	0.0054	0.0193	0.0000	40.66	0.01
1991-08-05	Perennial Ryegrass	0.07	154.36	0.71	0.74	0.12	2.01	2	0	1.80	650.00	0.00	6.08	4.48	0.00	0.00	0.00	0.00	0.00	0.00	0.00	0.00	0.00	0.00	0.00	0.00	0.00	0.00	0.00	0.00	0.00	0.00	0.00	0.00	0.00	0.00	0.00	0.00	28.0	22.0	20.3	32.0	49.9	57.0	209.38	0.445	0.260	0.341	0.572	0.498	0.000	0.7046	1.0000	1.0000	0.5028	1.0000	1.0000	0.45	5.67	6.12	0.14	0.08	0.07	0.05	0.06	0.05	0.04	0.04	0.05	0.20	1.50	3.84	0.0199	0.0036	0.0022	0.0014	0.0008	0.0000	0.0050	0.0017	0.0016	0.0055	0.0203	0.0000	40.74	0.01
1991-08-06	Perennial Ryegrass	0.07	152.05	0.71	0.74	0.11	2.01	2	0	1.82	650.00	0.00	12.51	10.15	0.00	0.00	0.00	0.00	0.00	0.00	0.00	0.00	0.00	0.00	0.00	0.00	0.00	0.00	0.00	0.00	0.00	0.00	0.00	0.00	0.00	0.00	0.00	0.00	22.5	23.2	21.8	33.2	49.7	56.9	207.27	0.611	0.306	0.213	0.277	0.231	0.000	0.7061	1.0000	1.0000	0.5049	1.0000	0.4960	0.39	5.66	6.05	0.08	0.08	0.07	0.05	0.06	0.05	0.02	0.04	0.06	0.20	1.50	3.84	0.0799	0.0092	0.0022	0.0010	0.0004	0.0000	0.0191	0.0044	0.0016	0.0039	0.0101	0.0000	40.95	0.01
1991-08-07	Perennial Ryegrass	0.07	154.02	0.71	0.74	0.11	2.01	2	0	1.83	650.00	0.00	9.78	8.13	0.00	0.00	0.00	0.00	0.00	0.00	0.00	0.00	0.00	0.00	0.00	0.00	0.00	0.00	0.00	0.00	0.00	0.00	0.00	0.00	0.00	0.00	0.00	0.00	24.4	24.5	23.1	34.7	49.9	56.8	213.44	0.476	0.386	0.294	0.348	0.253	0.000	0.7089	1.0000	1.0000	0.5126	1.0000	0.4252	0.38	5.65	6.03	0.07	0.07	0.07	0.05	0.06	0.05	0.02	0.04	0.06	0.20	1.50	3.83	0.0276	0.0107	0.0029	0.0012	0.0005	0.0000	0.0059	0.0051	0.0023	0.0046	0.0108	0.0000	40.95	0.01
1991-08-08	Perennial Ryegrass	0.07	153.54	0.71	0.74	0.11	2.01	2	0	1.83	650.00	0.00	5.94	4.40	0.00	0.00	0.00	0.00	0.00	0.00	0.00	0.00	0.00	0.00	0.00	0.00	0.00	0.00	0.00	0.00	0.00	0.00	0.00	0.00	0.00	0.00	0.00	0.00	20.9	23.9	23.7	36.0	51.0	56.7	212.21	0.298	0.237	0.188	0.217	0.141	0.000	0.7111	1.0000	1.0000	0.4392	1.0000	0.3159	0.36	5.64	6.01	0.06	0.07	0.07	0.05	0.06	0.05	0.01	0.03	0.06	0.20	1.51	3.83	0.0308	0.0119	0.0032	0.0011	0.0003	0.0000	0.0060	0.0054	0.0025	0.0045	0.0077	0.0000	41.18	0.01
1991-08-09	Perennial Ryegrass	0.07	152.28	0.71	0.74	0.11	2.01	2	0	1.84	650.00	0.00	5.73	4.24	0.00	0.00	0.00	0.00	0.00	0.00	0.00	0.00	0.00	0.00	0.00	0.00	0.00	0.00	0.00	0.00	0.00	0.00	0.00	0.00	0.00	0.00	0.00	0.00	18.7	22.7	23.7	36.8	52.6	56.6	211.13	0.123	0.123	0.110	0.130	0.084	0.000	0.7122	0.6473	1.0000	0.4179	1.0000	0.4944	0.36	5.64	6.00	0.06	0.06	0.07	0.05	0.06	0.05	0.01	0.03	0.06	0.20	1.52	3.83	0.0166	0.0097	0.0033	0.0012	0.0003	0.0000	0.0030	0.0042	0.0025	0.0045	0.0069	0.0000	41.17	0.01
1991-08-10	Perennial Ryegrass	0.07	151.39	0.71	0.74	0.11	2.01	2	0	1.84	650.00	0.00	4.57	3.39	0.00	0.00	0.00	0.00	0.00	0.00	0.00	0.00	0.00	0.00	0.00	0.00	0.00	0.00	0.00	0.00	0.00	0.00	0.00	0.00	0.00	0.00	0.00	0.00	17.3	21.5	23.1	37.0	54.1	56.8	209.91	0.112	0.126	0.125	0.158	0.108	0.000	0.7131	0.6174	1.0000	0.4160	1.0000	0.3920	0.36	5.63	5.99	0.06	0.06	0.07	0.05	0.06	0.05	0.01	0.03	0.05	0.19	1.52	3.83	0.0122	0.0075	0.0033	0.0013	0.0003	0.0000	0.0021	0.0031	0.0024	0.0047	0.0081	0.0000	41.27	0.01
1991-08-11	Perennial Ryegrass	0.07	150.49	0.71	0.74	0.11	2.01	2	0	1.85	650.00	0.00	4.47	3.31	0.00	0.00	0.00	0.00	0.00	0.00	0.00	0.00	0.00	0.00	0.00	0.00	0.00	0.00	0.00	0.00	0.00	0.00	0.00	0.00	0.00	0.00	0.00	0.00	16.8	20.2	22.3	36.7	54.9	57.5	208.47	0.170	0.198	0.213	0.289	0.215	0.000	0.7138	1.0000	1.0000	0.4000	1.0000	0.3628	0.36	5.62	5.99	0.07	0.06	0.07	0.05	0.06	0.05	0.01	0.02	0.05	0.18	1.50	3.86	0.0105	0.0060	0.0032	0.0014	0.0005	0.0000	0.0018	0.0024	0.0023	0.0051	0.0109	0.0000	41.36	0.01
1991-08-12	Perennial Ryegrass	0.07	149.21	0.72	0.75	0.11	2.01	2	0	1.85	650.00	0.00	5.79	4.30	0.00	0.00	0.00	0.00	0.00	0.00	0.00	0.00	0.00	0.00	0.00	0.00	0.00	0.00	0.00	0.00	0.00	0.00	0.00	0.00	0.00	0.00	0.00	0.00	16.1	19.1	21.2	35.9	54.8	58.2	205.32	0.362	0.383	0.441	0.647	0.511	0.000	0.7146	1.0000	1.0000	0.4080	1.0000	0.2604	0.37	5.60	5.96	0.07	0.06	0.07	0.05	0.06	0.05	0.01	0.02	0.05	0.17	1.47	3.87	0.0111	0.0052	0.0033	0.0018	0.0008	0.0000	0.0020	0.0020	0.0023	0.0061	0.0187	0.0000	41.48	0.01
1991-08-13	Perennial Ryegrass	0.07	147.06	0.72	0.75	0.11	2.01	2	0	1.85	650.00	0.00	7.11	5.28	0.00	0.00	0.00	0.00	0.00	0.00	0.00	0.00	0.00	0.00	0.00	0.00	0.00	0.00	0.00	0.00	0.00	0.00	0.00	0.00	0.00	0.00	0.00	0.00	15.4	18.5	20.4	35.1	54.5	58.5	202.52	0.267	0.266	0.317	0.502	0.421	0.000	0.7154	1.0000	1.0000	0.4519	1.0000	0.2805	0.38	5.56	5.94	0.08	0.06	0.07	0.05	0.06	0.06	0.02	0.02	0.05	0.17	1.44	3.87	0.0106	0.0041	0.0026	0.0015	0.0007	0.0000	0.0019	0.0016	0.0018	0.0051	0.0157	0.0000	41.61	0.01
1991-08-14	Perennial Ryegrass	0.07	146.32	0.72	0.75	0.11	2.01	2	0	1.86	650.00	0.00	6.00	4.47	0.00	0.00	0.00	0.00	0.00	0.00	0.00	0.00	0.00	0.00	0.00	0.00	0.00	0.00	0.00	0.00	0.00	0.00	0.00	0.00	0.00	0.00	0.00	0.00	15.5	18.2	19.8	34.4	54.0	58.5	200.50	0.279	0.287	0.334	0.560	0.489	0.000	0.7164	1.0000	1.0000	0.4454	1.0000	0.2555	0.39	5.53	5.92	0.09	0.06	0.07	0.05	0.06	0.06	0.02	0.03	0.05	0.16	1.42	3.86	0.0105	0.0040	0.0025	0.0015	0.0008	0.0000	0.0020	0.0016	0.0017	0.0050	0.0174	0.0000	41.74	0.01
1991-08-15	Perennial Ryegrass	0.07	145.16	0.72	0.75	0.11	2.01	2	0	1.86	650.00	0.00	6.47	4.83	0.00	0.00	0.00	0.00	0.00	0.00	0.00	0.00	0.00	0.00	0.00	0.00	0.00	0.00	0.00	0.00	0.00	0.00	0.00	0.00	0.00	0.00	0.00	0.00	16.0	18.0	19.7	34.1	53.3	58.3	199.51	0.212	0.199	0.223	0.392	0.351	0.000	0.7172	1.0000	1.0000	0.4450	1.0000	0.4237	0.40	5.51	5.92	0.10	0.07	0.07	0.05	0.06	0.06	0.02	0.03	0.05	0.17	1.40	3.85	0.0114	0.0037	0.0020	0.0013	0.0006	0.0000	0.0023	0.0015	0.0015	0.0043	0.0133	0.0000	41.86	0.01
1991-08-16	Perennial Ryegrass	0.07	144.70	0.72	0.75	0.11	2.01	2	0	1.87	650.00	0.00	3.36	2.51	0.00	0.00	0.00	0.00	0.00	0.00	0.00	0.00	0.00	0.00	0.00	0.00	0.00	0.00	0.00	0.00	0.00	0.00	0.00	0.00	0.00	0.00	0.00	0.00	15.4	17.8	19.7	33.9	53.0	58.1	197.94	0.137	0.113	0.130	0.226	0.199	0.000	0.7183	0.6206	1.0000	0.3960	1.0000	0.3061	0.41	5.51	5.92	0.10	0.07	0.07	0.05	0.06	0.06	0.02	0.03	0.06	0.17	1.39	3.83	0.0126	0.0034	0.0018	0.0011	0.0004	0.0000	0.0027	0.0014	0.0013	0.0037	0.0096	0.0000	41.96	0.01
1991-08-17	Perennial Ryegrass	0.07	144.44	0.72	0.75	0.11	2.01	2	0	1.87	650.00	0.00	2.58	1.92	0.00	0.00	0.00	0.00	0.00	0.00	0.00	0.00	0.00	0.00	0.00	0.00	0.00	0.00	0.00	0.00	0.00	0.00	0.00	0.00	0.00	0.00	0.00	0.00	14.8	17.7	19.7	33.8	52.7	57.9	196.51	0.118	0.105	0.125	0.214	0.187	0.000	0.7188	0.5527	1.0000	0.3651	1.0000	0.3236	0.42	5.51	5.92	0.11	0.07	0.07	0.05	0.06	0.06	0.03	0.03	0.06	0.18	1.39	3.82	0.0116	0.0034	0.0018	0.0011	0.0004	0.0000	0.0026	0.0014	0.0014	0.0037	0.0091	0.0000	42.00	0.01
1991-08-18	Perennial Ryegrass	0.07	143.77	0.72	0.75	0.11	2.01	2	0	1.87	650.00	0.00	4.07	3.04	0.00	0.00	0.00	0.00	0.00	0.00	0.00	0.00	0.00	0.00	0.00	0.00	0.00	0.00	0.00	0.00	0.00	0.00	0.00	0.00	0.00	0.00	0.00	0.00	14.0	17.4	19.5	33.4	52.2	57.8	194.26	0.223	0.219	0.267	0.453	0.392	0.000	0.7192	0.9402	1.0000	0.3654	1.0000	0.2312	0.42	5.50	5.92	0.11	0.07	0.07	0.05	0.06	0.06	0.03	0.03	0.06	0.18	1.38	3.82	0.0112	0.0037	0.0022	0.0013	0.0007	0.0000	0.0027	0.0016	0.0017	0.0048	0.0142	0.0000	42.07	0.01
1991-08-19	Perennial Ryegrass	0.07	143.19	0.72	0.75	0.11	2.01	2	0	1.87	650.00	0.00	3.75	2.80	0.00	0.00	0.00	0.00	0.00	0.00	0.00	0.00	0.00	0.00	0.00	0.00	0.00	0.00	0.00	0.00	0.00	0.00	0.00	0.00	0.00	0.00	0.00	0.00	13.3	17.2	19.3	33.0	51.7	57.7	192.15	0.183	0.203	0.253	0.429	0.371	0.000	0.7197	0.8684	1.0000	0.3773	1.0000	0.2460	0.43	5.49	5.92	0.11	0.07	0.07	0.05	0.06	0.06	0.03	0.03	0.06	0.18	1.37	3.81	0.0100	0.0036	0.0021	0.0013	0.0006	0.0000	0.0025	0.0016	0.0017	0.0046	0.0135	0.0000	42.15	0.01
1991-08-20	Perennial Ryegrass	0.07	144.42	0.72	0.75	0.11	2.01	2	0	1.88	650.00	0.00	6.14	4.58	0.00	0.00	0.00	0.00	0.00	0.00	0.00	0.00	0.00	0.00	0.00	0.00	0.00	0.00	0.00	0.00	0.00	0.00	0.00	0.00	0.00	0.00	0.00	0.00	17.1	17.6	19.1	32.5	51.1	57.5	194.96	0.209	0.269	0.342	0.578	0.502	0.000	0.7202	1.0000	1.0000	0.4330	1.0000	0.2987	0.44	5.48	5.93	0.12	0.08	0.07	0.05	0.06	0.06	0.03	0.04	0.06	0.18	1.36	3.81	0.0096	0.0038	0.0024	0.0015	0.0008	0.0000	0.0024	0.0018	0.0020	0.0054	0.0178	0.0000	42.22	0.01
1991-08-21	Perennial Ryegrass	0.07	143.75	0.72	0.75	0.11	2.01	2	0	1.88	650.00	0.00	4.70	3.52	0.00	0.00	0.00	0.00	0.00	0.00	0.00	0.00	0.00	0.00	0.00	0.00	0.00	0.00	0.00	0.00	0.00	0.00	0.00	0.00	0.00	0.00	0.00	0.00	16.9	17.9	19.1	32.4	51.0	57.4	194.73	0.100	0.065	0.071	0.120	0.105	0.000	0.7210	1.0000	1.0000	0.3978	1.0000	0.3226	0.45	5.49	5.94	0.12	0.08	0.08	0.05	0.06	0.06	0.03	0.04	0.07	0.19	1.36	3.80	0.0184	0.0035	0.0015	0.0009	0.0003	0.0000	0.0048	0.0017	0.0013	0.0031	0.0067	0.0000	42.35	0.01
1991-08-22	Perennial Ryegrass	0.07	143.68	0.72	0.75	0.11	2.01	2	0	1.89	650.00	0.00	5.91	4.43	0.00	0.00	0.00	0.00	0.00	0.00	0.00	0.00	0.00	0.00	0.00	0.00	0.00	0.00	0.00	0.00	0.00	0.00	0.00	0.00	0.00	0.00	0.00	0.00	17.4	18.6	19.0	32.1	50.6	57.3	194.92	0.305	0.217	0.224	0.373	0.325	0.000	0.7217	1.0000	1.0000	0.4012	1.0000	0.3095	0.45	5.49	5.93	0.12	0.08	0.08	0.05	0.06	0.06	0.03	0.04	0.07	0.19	1.35	3.79	0.0189	0.0043	0.0020	0.0012	0.0006	0.0000	0.0050	0.0022	0.0018	0.0043	0.0119	0.0000	42.37	0.01
1991-08-23	Perennial Ryegrass	0.07	143.17	0.72	0.75	0.11	2.01	2	0	1.89	650.00	0.00	8.75	6.57	0.00	0.00	0.00	0.00	0.00	0.00	0.00	0.00	0.00	0.00	0.00	0.00	0.00	0.00	0.00	0.00	0.00	0.00	0.00	0.00	0.00	0.00	0.00	0.00	18.6	19.4	19.3	31.6	50.0	57.1	196.06	0.513	0.386	0.345	0.570	0.498	0.000	0.7225	1.0000	1.0000	0.4606	1.0000	0.3841	0.45	5.48	5.92	0.12	0.08	0.08	0.05	0.06	0.06	0.03	0.05	0.07	0.19	1.34	3.79	0.0216	0.0055	0.0025	0.0014	0.0009	0.0000	0.0056	0.0030	0.0023	0.0054	0.0180	0.0000	42.49	0.01
1991-08-24	Perennial Ryegrass	0.07	142.44	0.72	0.75	0.10	2.01	2	0	1.90	650.00	0.00	4.81	3.62	0.00	0.00	0.00	0.00	0.00	0.00	0.00	0.00	0.00	0.00	0.00	0.00	0.00	0.00	0.00	0.00	0.00	0.00	0.00	0.00	0.00	0.00	0.00	0.00	17.1	19.4	19.6	31.5	49.8	57.0	194.47	0.242	0.180	0.150	0.220	0.194	0.000	0.7239	0.7786	1.0000	0.4108	1.0000	0.2968	0.44	5.47	5.92	0.11	0.08	0.08	0.05	0.06	0.06	0.03	0.05	0.08	0.19	1.34	3.78	0.0231	0.0056	0.0018	0.0009	0.0004	0.0000	0.0060	0.0031	0.0017	0.0035	0.0082	0.0000	42.63	0.01
1991-08-25	Perennial Ryegrass	0.07	141.24	0.73	0.75	0.10	2.01	2	0	1.90	650.00	0.00	5.48	4.13	0.00	0.00	0.00	0.00	0.00	0.00	0.00	0.00	0.00	0.00	0.00	0.00	0.00	0.00	0.00	0.00	0.00	0.00	0.00	0.00	0.00	0.00	0.00	0.00	16.3	18.8	19.7	31.3	49.6	56.9	192.59	0.245	0.221	0.194	0.265	0.233	0.000	0.7245	0.7068	1.0000	0.4164	1.0000	0.3132	0.44	5.47	5.91	0.11	0.08	0.08	0.05	0.06	0.06	0.03	0.05	0.08	0.20	1.34	3.78	0.0177	0.0057	0.0021	0.0010	0.0004	0.0000	0.0048	0.0031	0.0020	0.0037	0.0092	0.0000	42.67	0.01
1991-08-26	Perennial Ryegrass	0.07	140.52	0.73	0.75	0.10	2.01	2	0	1.90	650.00	0.00	4.39	3.31	0.00	0.00	0.00	0.00	0.00	0.00	0.00	0.00	0.00	0.00	0.00	0.00	0.00	0.00	0.00	0.00	0.00	0.00	0.00	0.00	0.00	0.00	0.00	0.00	15.8	18.5	19.5	31.1	49.3	56.7	190.94	0.229	0.211	0.206	0.274	0.240	0.000	0.7252	0.5661	1.0000	0.4198	1.0000	0.3294	0.45	5.47	5.91	0.11	0.08	0.08	0.05	0.06	0.06	0.03	0.05	0.08	0.20	1.34	3.77	0.0156	0.0051	0.0022	0.0010	0.0005	0.0000	0.0044	0.0028	0.0021	0.0037	0.0093	0.0000	42.77	0.01
1991-08-27	Perennial Ryegrass	0.07	145.20	0.73	0.76	0.11	2.01	2	0	1.91	650.00	0.00	4.79	3.61	0.00	0.00	0.00	0.00	0.00	0.00	0.00	0.00	0.00	0.00	0.00	0.00	0.00	0.00	0.00	0.00	0.00	0.00	0.00	0.00	0.00	0.00	0.00	0.00	23.3	21.3	20.4	31.2	48.9	56.6	201.70	0.406	0.384	0.383	0.518	0.453	0.000	0.7257	1.0000	1.0000	0.4177	1.0000	0.2022	0.45	5.46	5.91	0.11	0.08	0.08	0.05	0.06	0.06	0.03	0.05	0.08	0.20	1.33	3.77	0.0155	0.0054	0.0028	0.0014	0.0008	0.0000	0.0039	0.0032	0.0029	0.0052	0.0167	0.0000	42.82	0.01
1991-08-28	Perennial Ryegrass	0.07	142.93	0.73	0.75	0.10	2.01	2	0	1.92	650.00	0.00	8.45	6.37	0.00	0.00	0.00	0.00	0.00	0.00	0.00	0.00	0.00	0.00	0.00	0.00	0.00	0.00	0.00	0.00	0.00	0.00	0.00	0.00	0.00	0.00	0.00	0.00	20.2	21.7	21.2	32.1	48.7	56.5	200.34	0.353	0.219	0.169	0.198	0.164	0.000	0.7263	1.0000	1.0000	0.4458	1.0000	0.7710	0.42	5.45	5.87	0.09	0.08	0.08	0.05	0.06	0.06	0.02	0.05	0.09	0.21	1.33	3.76	0.0418	0.0078	0.0023	0.0009	0.0004	0.0000	0.0100	0.0046	0.0023	0.0035	0.0072	0.0000	42.97	0.01
1991-08-29	Perennial Ryegrass	0.07	143.34	0.73	0.76	0.10	2.01	2	0	1.92	650.00	0.00	6.06	4.58	0.00	0.00	0.00	0.00	0.00	0.00	0.00	0.00	0.00	0.00	0.00	0.00	0.00	0.00	0.00	0.00	0.00	0.00	0.00	0.00	0.00	0.00	0.00	0.00	19.7	21.8	21.7	33.2	48.5	56.4	201.34	0.323	0.275	0.228	0.261	0.194	0.000	0.7281	1.0000	1.0000	0.4295	1.0000	0.3070	0.41	5.45	5.86	0.08	0.07	0.08	0.05	0.06	0.06	0.02	0.04	0.09	0.21	1.33	3.75	0.0232	0.0083	0.0027	0.0010	0.0004	0.0000	0.0052	0.0047	0.0029	0.0041	0.0080	0.0000	42.98	0.01
1991-08-30	Perennial Ryegrass	0.07	145.33	0.73	0.76	0.10	2.01	2	0	1.93	650.00	0.00	5.60	4.24	0.00	0.00	0.00	0.00	0.00	0.00	0.00	0.00	0.00	0.00	0.00	0.00	0.00	0.00	0.00	0.00	0.00	0.00	0.00	0.00	0.00	0.00	0.00	0.00	21.6	22.5	22.3	34.4	48.6	56.3	205.77	0.302	0.272	0.239	0.284	0.187	0.000	0.7289	1.0000	1.0000	0.3910	1.0000	0.3349	0.40	5.44	5.85	0.08	0.07	0.08	0.05	0.07	0.06	0.02	0.04	0.08	0.22	1.34	3.75	0.0205	0.0080	0.0030	0.0012	0.0004	0.0000	0.0042	0.0045	0.0031	0.0046	0.0078	0.0000	43.10	0.01
1991-08-31	Perennial Ryegrass	0.07	144.21	0.73	0.76	0.09	2.01	2	0	1.93	650.00	0.00	5.93	4.49	0.00	0.00	0.00	0.00	0.00	0.00	0.00	0.00	0.00	0.00	0.00	0.00	0.00	0.00	0.00	0.00	0.00	0.00	0.00	0.00	0.00	0.00	0.00	0.00	18.7	21.9	22.4	35.2	49.2	56.2	203.63	0.369	0.304	0.265	0.327	0.194	0.000	0.7298	1.0000	1.0000	0.3726	1.0000	0.2648	0.39	5.43	5.82	0.07	0.07	0.08	0.05	0.07	0.06	0.01	0.04	0.08	0.21	1.34	3.74	0.0250	0.0088	0.0033	0.0013	0.0004	0.0000	0.0048	0.0046	0.0033	0.0052	0.0080	0.0000	43.20	0.01
1991-09-01	Perennial Ryegrass	0.07	143.21	0.73	0.76	0.09	2.01	2	0	1.93	650.00	0.00	5.08	3.85	0.00	0.00	0.00	0.00	0.00	0.00	0.00	0.00	0.00	0.00	0.00	0.00	0.00	0.00	0.00	0.00	0.00	0.00	0.00	0.00	0.00	0.00	0.00	0.00	17.0	20.9	22.0	35.5	50.0	56.1	201.45	0.282	0.288	0.272	0.353	0.208	0.000	0.7305	0.8855	1.0000	0.3694	1.0000	0.2437	0.38	5.42	5.81	0.07	0.06	0.08	0.05	0.07	0.06	0.01	0.03	0.08	0.21	1.35	3.74	0.0154	0.0075	0.0033	0.0014	0.0004	0.0000	0.0029	0.0038	0.0032	0.0055	0.0085	0.0000	43.23	0.01
1991-09-02	Perennial Ryegrass	0.07	142.53	0.73	0.76	0.09	2.01	2	0	1.94	650.00	0.00	3.99	3.03	0.00	0.00	0.00	0.00	0.00	0.00	0.00	0.00	0.00	0.00	0.00	0.00	0.00	0.00	0.00	0.00	0.00	0.00	0.00	0.00	0.00	0.00	0.00	0.00	16.6	19.6	21.5	35.5	50.8	56.0	199.88	0.189	0.214	0.218	0.303	0.187	0.000	0.7310	0.6454	1.0000	0.3690	1.0000	0.3110	0.39	5.42	5.81	0.08	0.06	0.08	0.05	0.07	0.06	0.02	0.03	0.07	0.21	1.35	3.74	0.0117	0.0059	0.0029	0.0014	0.0004	0.0000	0.0023	0.0029	0.0028	0.0053	0.0082	0.0000	43.32	0.01
1991-09-03	Perennial Ryegrass	0.07	140.45	0.73	0.76	0.10	2.01	2	0	1.94	650.00	0.00	7.29	5.53	0.00	0.00	0.00	0.00	0.00	0.00	0.00	0.00	0.00	0.00	0.00	0.00	0.00	0.00	0.00	0.00	0.00	0.00	0.00	0.00	0.00	0.00	0.00	0.00	15.7	18.7	20.6	34.8	51.1	55.9	196.83	0.388	0.384	0.435	0.649	0.426	0.000	0.7315	1.0000	1.0000	0.4433	1.0000	0.2532	0.39	5.41	5.80	0.08	0.06	0.07	0.05	0.07	0.06	0.02	0.03	0.07	0.20	1.35	3.73	0.0130	0.0052	0.0033	0.0017	0.0007	0.0000	0.0027	0.0025	0.0031	0.0068	0.0152	0.0000	43.45	0.01
1991-09-04	Perennial Ryegrass	0.07	138.49	0.73	0.76	0.10	2.01	2	0	1.95	650.00	0.00	9.79	11.02	0.00	0.00	0.00	0.00	0.00	0.00	0.00	0.00	0.00	0.00	0.00	0.00	0.00	0.00	0.00	0.00	0.00	0.00	0.00	0.00	0.00	0.00	0.00	0.00	14.8	18.4	20.0	34.4	51.1	55.8	194.55	0.224	0.223	0.256	0.412	0.291	0.000	0.7322	0.5837	1.0000	0.5237	1.0000	0.4034	0.41	5.41	5.82	0.10	0.07	0.08	0.05	0.07	0.06	0.02	0.03	0.07	0.20	1.35	3.73	0.0120	0.0043	0.0025	0.0014	0.0005	0.0000	0.0026	0.0020	0.0024	0.0053	0.0110	0.0000	43.72	0.01
1991-09-05	Perennial Ryegrass	0.07	135.79	0.74	0.76	0.10	2.01	2	0	1.96	650.00	0.00	10.80	12.41	0.00	0.00	0.00	0.00	0.00	0.00	0.00	0.00	0.00	0.00	0.00	0.00	0.00	0.00	0.00	0.00	0.00	0.00	0.00	0.00	0.00	0.00	0.00	0.00	14.0	18.1	19.8	34.0	50.7	55.7	192.39	0.193	0.215	0.238	0.407	0.298	0.000	0.7339	0.5133	1.0000	0.6361	1.0000	0.4742	0.44	5.42	5.85	0.11	0.07	0.08	0.05	0.07	0.06	0.03	0.04	0.08	0.20	1.34	3.73	0.0119	0.0043	0.0023	0.0014	0.0006	0.0000	0.0029	0.0021	0.0022	0.0052	0.0111	0.0000	44.05	0.01
1991-09-06	Perennial Ryegrass	0.06	132.97	0.74	0.76	0.10	2.02	2	0	1.97	650.00	0.00	13.29	13.25	0.00	0.00	0.00	0.00	0.00	0.00	0.00	0.00	0.00	0.00	0.00	0.00	0.00	0.00	0.00	0.00	0.00	0.00	0.00	0.00	0.00	0.00	0.00	0.00	13.0	17.7	19.5	33.4	50.2	55.7	189.51	0.245	0.308	0.349	0.599	0.441	0.000	0.7360	0.5807	1.0000	0.7366	1.0000	0.3527	0.46	5.43	5.89	0.13	0.08	0.08	0.05	0.07	0.06	0.04	0.04	0.08	0.20	1.34	3.73	0.0123	0.0047	0.0027	0.0016	0.0008	0.0000	0.0035	0.0024	0.0027	0.0061	0.0156	0.0000	44.44	0.01
1991-09-07	Perennial Ryegrass	0.06	130.61	0.74	0.77	0.11	2.02	2	0	1.98	650.00	0.00	13.89	13.29	0.00	0.00	0.00	0.00	0.00	0.00	0.00	0.00	0.00	0.00	0.00	0.00	0.00	0.00	0.00	0.00	0.00	0.00	0.00	0.00	0.00	0.00	0.00	0.00	12.3	17.3	19.2	32.7	49.7	55.6	186.74	0.213	0.328	0.386	0.652	0.488	0.000	0.7380	0.6230	1.0000	0.8085	1.0000	0.2983	0.49	5.45	5.93	0.14	0.08	0.08	0.05	0.07	0.06	0.05	0.05	0.09	0.20	1.33	3.73	0.0110	0.0048	0.0028	0.0017	0.0009	0.0000	0.0039	0.0027	0.0031	0.0064	0.0175	0.0000	44.84	0.01
1991-09-08	Perennial Ryegrass	0.06	128.15	0.74	0.77	0.11	2.02	2	0	2.00	650.00	0.00	12.44	13.55	0.00	0.00	0.00	0.00	0.00	0.00	0.00	0.00	0.00	0.00	0.00	0.00	0.00	0.00	0.00	0.00	0.00	0.00	0.00	0.00	0.00	0.00	0.00	0.00	12.1	17.1	19.1	32.4	49.4	55.5	185.62	0.070	0.131	0.159	0.266	0.203	0.000	0.7400	0.6003	1.0000	0.8528	1.0000	0.4499	0.51	5.49	5.99	0.15	0.09	0.08	0.05	0.07	0.06	0.07	0.06	0.10	0.21	1.33	3.73	0.0087	0.0041	0.0020	0.0011	0.0004	0.0000	0.0038	0.0025	0.0022	0.0042	0.0083	0.0000	45.19	0.01
1991-09-09	Perennial Ryegrass	0.06	125.82	0.74	0.77	0.11	2.02	2	0	2.01	650.00	0.00	14.56	13.74	0.00	0.00	0.00	0.00	0.00	0.00	0.00	0.00	0.00	0.00	0.00	0.00	0.00	0.00	0.00	0.00	0.00	0.00	0.00	0.00	0.00	0.00	0.00	0.00	11.7	16.8	18.9	31.9	49.0	55.4	183.74	0.116	0.232	0.288	0.479	0.369	0.000	0.7427	0.7808	1.0000	0.8844	1.0000	0.2782	0.52	5.52	6.04	0.15	0.10	0.09	0.05	0.07	0.06	0.09	0.07	0.11	0.21	1.32	3.73	0.0088	0.0046	0.0025	0.0014	0.0007	0.0000	0.0047	0.0031	0.0030	0.0053	0.0132	0.0000	45.62	0.01
1991-09-10	Perennial Ryegrass	0.06	131.87	0.75	0.78	0.12	2.02	2	0	2.03	650.00	0.00	9.28	10.55	0.00	0.00	0.00	0.00	0.00	0.00	0.00	0.00	0.00	0.00	0.00	0.00	0.00	0.00	0.00	0.00	0.00	0.00	0.00	0.00	0.00	0.00	0.00	0.00	25.5	21.0	20.0	31.8	48.7	55.3	202.22	0.084	0.194	0.246	0.408	0.318	0.000	0.7449	1.0000	1.0000	0.8526	1.0000	0.3767	0.54	5.55	6.09	0.17	0.10	0.09	0.05	0.07	0.06	0.08	0.09	0.12	0.21	1.32	3.73	0.0087	0.0044	0.0023	0.0013	0.0006	0.0000	0.0041	0.0035	0.0029	0.0049	0.0116	0.0000	45.88	0.01
1991-09-11	Perennial Ryegrass	0.06	131.41	0.75	0.78	0.11	2.02	2	0	2.05	650.00	0.00	16.96	16.28	0.00	0.00	0.00	0.00	0.00	0.00	0.00	0.00	0.00	0.00	0.00	0.00	0.00	0.00	0.00	0.00	0.00	0.00	0.00	0.00	0.00	0.00	0.00	0.00	22.2	22.4	21.2	32.5	48.4	55.2	201.86	0.743	0.386	0.287	0.383	0.294	0.000	0.7476	1.0000	1.0000	0.8305	1.0000	0.3484	0.48	5.53	6.01	0.11	0.10	0.09	0.06	0.07	0.06	0.05	0.09	0.12	0.22	1.32	3.72	0.0793	0.0099	0.0028	0.0012	0.0005	0.0000	0.0345	0.0086	0.0037	0.0049	0.0108	0.0000	46.34	0.01
1991-09-12	Perennial Ryegrass	0.06	130.48	0.75	0.78	0.10	2.02	2	0	2.06	650.00	0.00	12.11	12.22	0.00	0.00	0.00	0.00	0.00	0.00	0.00	0.00	0.00	0.00	0.00	0.00	0.00	0.00	0.00	0.00	0.00	0.00	0.00	0.00	0.00	0.00	0.00	0.00	19.0	22.0	21.8	33.7	48.3	55.1	199.92	0.338	0.261	0.200	0.238	0.165	0.000	0.7510	0.5413	1.0000	0.7940	1.0000	0.3153	0.46	5.52	5.98	0.10	0.09	0.09	0.06	0.07	0.06	0.04	0.08	0.13	0.23	1.32	3.72	0.0375	0.0113	0.0029	0.0011	0.0004	0.0000	0.0150	0.0096	0.0040	0.0044	0.0071	0.0000	46.61	0.01
1991-09-13	Perennial Ryegrass	0.06	129.87	0.75	0.78	0.10	2.02	2	0	2.07	650.00	0.00	11.07	10.44	0.00	0.00	0.00	0.00	0.00	0.00	0.00	0.00	0.00	0.00	0.00	0.00	0.00	0.00	0.00	0.00	0.00	0.00	0.00	0.00	0.00	0.00	0.00	0.00	17.1	21.0	21.7	34.5	48.3	55.0	197.62	0.329	0.329	0.285	0.349	0.214	0.000	0.7528	0.7336	1.0000	0.7539	1.0000	0.2061	0.45	5.51	5.96	0.10	0.09	0.09	0.06	0.07	0.06	0.04	0.07	0.12	0.23	1.32	3.72	0.0218	0.0102	0.0034	0.0013	0.0004	0.0000	0.0081	0.0084	0.0047	0.0054	0.0083	0.0000	46.90	0.01
1991-09-14	Perennial Ryegrass	0.06	128.21	0.76	0.78	0.11	2.02	2	0	2.08	650.00	0.00	12.40	11.85	0.00	0.00	0.00	0.00	0.00	0.00	0.00	0.00	0.00	0.00	0.00	0.00	0.00	0.00	0.00	0.00	0.00	0.00	0.00	0.00	0.00	0.00	0.00	0.00	16.7	19.5	21.2	34.6	48.5	54.9	195.40	0.330	0.370	0.359	0.476	0.274	0.000	0.7543	0.8488	1.0000	0.7706	1.0000	0.2501	0.45	5.50	5.94	0.10	0.08	0.09	0.05	0.07	0.06	0.04	0.07	0.12	0.23	1.32	3.72	0.0162	0.0083	0.0035	0.0016	0.0005	0.0000	0.0060	0.0065	0.0048	0.0064	0.0102	0.0000	47.21	0.01
1991-09-15	Perennial Ryegrass	0.06	125.99	0.76	0.79	0.11	2.02	2	0	2.09	650.00	0.00	14.75	14.32	0.00	0.00	0.00	0.00	0.00	0.00	0.00	0.00	0.00	0.00	0.00	0.00	0.00	0.00	0.00	0.00	0.00	0.00	0.00	0.00	0.00	0.00	0.00	0.00	17.1	19.4	20.6	34.3	48.6	54.9	194.75	0.395	0.385	0.425	0.616	0.357	0.000	0.7561	0.8035	1.0000	0.8289	1.0000	0.3217	0.45	5.49	5.94	0.11	0.08	0.08	0.05	0.07	0.06	0.04	0.07	0.12	0.23	1.32	3.71	0.0167	0.0065	0.0035	0.0017	0.0007	0.0000	0.0057	0.0051	0.0048	0.0072	0.0130	0.0000	47.57	0.01
1991-09-16	Perennial Ryegrass	0.06	123.52	0.76	0.79	0.11	2.02	2	0	2.10	650.00	0.00	16.51	14.93	0.00	0.00	0.00	0.00	0.00	0.00	0.00	0.00	0.00	0.00	0.00	0.00	0.00	0.00	0.00	0.00	0.00	0.00	0.00	0.00	0.00	0.00	0.00	0.00	16.8	19.2	20.1	33.9	48.3	54.8	193.23	0.494	0.445	0.460	0.711	0.422	0.000	0.7584	1.0000	1.0000	0.8550	1.0000	0.2225	0.46	5.48	5.94	0.12	0.08	0.08	0.05	0.07	0.06	0.04	0.07	0.12	0.23	1.31	3.71	0.0197	0.0066	0.0034	0.0019	0.0008	0.0000	0.0065	0.0052	0.0047	0.0077	0.0156	0.0000	48.02	0.01
1991-09-17	Perennial Ryegrass	0.06	125.78	0.76	0.79	0.11	2.02	2	0	2.12	650.00	0.00	12.30	12.23	0.00	0.00	0.00	0.00	0.00	0.00	0.00	0.00	0.00	0.00	0.00	0.00	0.00	0.00	0.00	0.00	0.00	0.00	0.00	0.00	0.00	0.00	0.00	0.00	20.1	20.4	20.5	34.1	48.1	54.7	197.95	0.262	0.238	0.236	0.376	0.226	0.000	0.7605	1.0000	1.0000	0.8280	1.0000	0.2843	0.47	5.48	5.96	0.12	0.09	0.08	0.05	0.07	0.06	0.04	0.07	0.12	0.23	1.31	3.71	0.0184	0.0058	0.0025	0.0014	0.0004	0.0000	0.0058	0.0046	0.0035	0.0056	0.0087	0.0000	48.33	0.01
1991-09-18	Perennial Ryegrass	0.06	123.54	0.77	0.79	0.11	2.02	2	0	2.13	650.00	0.00	15.02	14.49	0.00	0.00	0.00	0.00	0.00	0.00	0.00	0.00	0.00	0.00	0.00	0.00	0.00	0.00	0.00	0.00	0.00	0.00	0.00	0.00	0.00	0.00	0.00	0.00	18.1	20.3	20.6	34.1	48.0	54.6	195.81	0.511	0.375	0.330	0.504	0.293	0.000	0.7627	1.0000	1.0000	0.8289	1.0000	0.2948	0.46	5.48	5.95	0.12	0.08	0.08	0.05	0.07	0.06	0.04	0.07	0.12	0.23	1.31	3.71	0.0319	0.0076	0.0029	0.0015	0.0006	0.0000	0.0100	0.0061	0.0042	0.0064	0.0108	0.0000	48.71	0.01
1991-09-19	Perennial Ryegrass	0.06	121.73	0.77	0.79	0.11	2.02	2	0	2.14	650.00	0.00	14.29	13.31	0.00	0.00	0.00	0.00	0.00	0.00	0.00	0.00	0.00	0.00	0.00	0.00	0.00	0.00	0.00	0.00	0.00	0.00	0.00	0.00	0.00	0.00	0.00	0.00	16.8	19.8	20.6	34.2	48.0	54.5	193.93	0.314	0.285	0.259	0.389	0.223	0.000	0.7652	0.9284	1.0000	0.8116	1.0000	0.2201	0.47	5.48	5.95	0.12	0.08	0.09	0.05	0.07	0.06	0.04	0.07	0.12	0.23	1.32	3.71	0.0223	0.0071	0.0027	0.0014	0.0004	0.0000	0.0071	0.0056	0.0039	0.0057	0.0086	0.0000	49.04	0.01
1991-09-20	Perennial Ryegrass	0.06	120.41	0.77	0.79	0.11	2.02	2	0	2.15	650.00	0.00	13.75	12.72	0.00	0.00	0.00	0.00	0.00	0.00	0.00	0.00	0.00	0.00	0.00	0.00	0.00	0.00	0.00	0.00	0.00	0.00	0.00	0.00	0.00	0.00	0.00	0.00	15.9	18.8	20.1	33.9	47.7	54.5	190.70	0.475	0.478	0.460	0.704	0.398	0.000	0.7669	1.0000	1.0000	0.7876	1.0000	0.1961	0.47	5.47	5.94	0.12	0.08	0.08	0.05	0.07	0.06	0.04	0.07	0.12	0.23	1.31	3.70	0.0194	0.0071	0.0034	0.0018	0.0008	0.0000	0.0064	0.0055	0.0049	0.0076	0.0149	0.0000	49.42	0.01
1991-09-21	Perennial Ryegrass	0.06	122.20	0.77	0.80	0.12	2.02	2	0	2.16	650.00	0.00	13.92	13.31	0.00	0.00	0.00	0.00	0.00	0.00	0.00	0.00	0.00	0.00	0.00	0.00	0.00	0.00	0.00	0.00	0.00	0.00	0.00	0.00	0.00	0.00	0.00	0.00	19.6	20.0	20.3	33.8	47.5	54.4	195.43	0.284	0.279	0.295	0.472	0.268	0.000	0.7686	0.9224	1.0000	0.7893	1.0000	0.2470	0.47	5.47	5.93	0.12	0.08	0.08	0.05	0.07	0.06	0.04	0.07	0.12	0.23	1.31	3.70	0.0158	0.0053	0.0026	0.0015	0.0005	0.0000	0.0049	0.0042	0.0038	0.0060	0.0099	0.0000	49.75	0.01
1991-09-22	Perennial Ryegrass	0.06	120.45	0.77	0.80	0.11	2.02	2	0	2.17	650.00	0.00	14.05	13.69	0.00	0.00	0.00	0.00	0.00	0.00	0.00	0.00	0.00	0.00	0.00	0.00	0.00	0.00	0.00	0.00	0.00	0.00	0.00	0.00	0.00	0.00	0.00	0.00	17.1	19.9	20.3	33.7	47.2	54.3	192.60	0.482	0.352	0.316	0.488	0.272	0.000	0.7703	0.5819	1.0000	0.7950	1.0000	0.2731	0.46	5.46	5.92	0.11	0.08	0.08	0.05	0.07	0.06	0.04	0.07	0.12	0.23	1.31	3.70	0.0289	0.0068	0.0028	0.0015	0.0005	0.0000	0.0088	0.0053	0.0040	0.0061	0.0101	0.0000	50.20	0.01
1991-09-23	Perennial Ryegrass	0.06	119.33	0.77	0.80	0.11	2.02	2	0	2.18	650.00	0.00	13.32	12.40	0.00	0.00	0.00	0.00	0.00	0.00	0.00	0.00	0.00	0.00	0.00	0.00	0.00	0.00	0.00	0.00	0.00	0.00	0.00	0.00	0.00	0.00	0.00	0.00	16.2	18.9	20.0	33.4	47.0	54.2	189.71	0.450	0.432	0.399	0.608	0.333	0.000	0.7718	0.8460	1.0000	0.7928	1.0000	0.1893	0.46	5.45	5.91	0.12	0.08	0.08	0.05	0.07	0.06	0.04	0.06	0.12	0.22	1.30	3.70	0.0198	0.0068	0.0031	0.0016	0.0006	0.0000	0.0063	0.0052	0.0045	0.0068	0.0124	0.0000	50.47	0.01
1991-09-24	Perennial Ryegrass	0.06	117.04	0.77	0.80	0.12	2.02	2	0	2.19	650.00	0.00	14.63	14.22	0.00	0.00	0.00	0.00	0.00	0.00	0.00	0.00	0.00	0.00	0.00	0.00	0.00	0.00	0.00	0.00	0.00	0.00	0.00	0.00	0.00	0.00	0.00	0.00	15.1	18.4	19.6	32.9	46.7	54.2	186.83	0.366	0.345	0.354	0.552	0.301	0.000	0.7731	0.5961	1.0000	0.8298	1.0000	0.2737	0.47	5.45	5.92	0.12	0.08	0.08	0.05	0.07	0.06	0.04	0.07	0.13	0.22	1.30	3.69	0.0177	0.0057	0.0028	0.0015	0.0006	0.0000	0.0060	0.0043	0.0042	0.0063	0.0112	0.0000	50.86	0.01
1991-09-25	Perennial Ryegrass	0.06	114.55	0.78	0.80	0.12	2.02	2	0	2.20	650.00	0.00	14.79	15.80	0.00	0.00	0.00	0.00	0.00	0.00	0.00	0.00	0.00	0.00	0.00	0.00	0.00	0.00	0.00	0.00	0.00	0.00	0.00	0.00	0.00	0.00	0.00	0.00	15.4	18.0	19.4	32.3	46.5	54.1	185.75	0.243	0.256	0.269	0.422	0.236	0.000	0.7745	0.5025	1.0000	0.8817	1.0000	0.4350	0.49	5.47	5.96	0.14	0.09	0.09	0.05	0.07	0.06	0.05	0.07	0.13	0.22	1.30	3.69	0.0155	0.0051	0.0024	0.0013	0.0005	0.0000	0.0056	0.0040	0.0036	0.0053	0.0089	0.0000	51.27	0.01
1991-09-26	Perennial Ryegrass	0.06	119.38	0.78	0.81	0.13	2.02	3	0	2.22	650.00	0.00	14.85	15.01	0.00	0.00	0.00	0.00	0.00	0.00	0.00	0.00	0.00	0.00	0.00	0.00	0.00	0.00	0.00	0.00	0.00	0.00	0.00	0.00	0.00	0.00	0.00	0.00	25.4	21.8	20.5	32.4	46.2	54.0	200.39	0.355	0.333	0.359	0.558	0.321	0.000	0.7764	1.0000	1.0000	0.8796	1.0000	0.3289	0.50	5.48	5.98	0.15	0.09	0.09	0.05	0.07	0.06	0.05	0.08	0.14	0.22	1.30	3.69	0.0179	0.0052	0.0028	0.0015	0.0006	0.0000	0.0061	0.0044	0.0043	0.0062	0.0121	0.0000	51.65	0.01
1991-09-27	Perennial Ryegrass	0.06	116.64	0.78	0.81	0.12	2.02	3	0	2.23	650.00	0.00	20.54	18.92	0.00	0.00	0.00	0.00	0.00	0.00	0.00	0.00	0.00	0.00	0.00	0.00	0.00	0.00	0.00	0.00	0.00	0.00	0.00	0.00	0.00	0.00	0.00	0.00	20.4	22.2	21.4	33.2	46.0	53.9	197.20	0.853	0.485	0.362	0.470	0.260	0.000	0.7789	1.0000	1.0000	0.8958	1.0000	0.2341	0.46	5.47	5.93	0.10	0.09	0.09	0.05	0.07	0.06	0.04	0.08	0.14	0.23	1.30	3.69	0.0711	0.0101	0.0031	0.0014	0.0005	0.0000	0.0242	0.0085	0.0049	0.0058	0.0097	0.0000	52.20	0.01
1991-09-28	Perennial Ryegrass	0.06	113.52	0.78	0.81	0.12	2.02	3	0	2.24	650.00	0.00	19.19	17.80	0.00	0.00	0.00	0.00	0.00	0.00	0.00	0.00	0.00	0.00	0.00	0.00	0.00	0.00	0.00	0.00	0.00	0.00	0.00	0.00	0.00	0.00	0.00	0.00	17.5	21.1	21.5	33.8	45.8	53.8	193.55	0.704	0.620	0.501	0.616	0.309	0.000	0.7811	0.8126	1.0000	0.9111	1.0000	0.2232	0.46	5.47	5.93	0.11	0.08	0.09	0.05	0.07	0.06	0.04	0.07	0.14	0.24	1.30	3.69	0.0319	0.0110	0.0039	0.0017	0.0006	0.0000	0.0109	0.0091	0.0062	0.0071	0.0118	0.0000	52.57	0.01
1991-09-29	Perennial Ryegrass	0.05	109.81	0.78	0.81	0.13	2.03	3	0	2.25	650.00	0.00	19.41	18.57	0.00	0.00	0.00	0.00	0.00	0.00	0.00	0.00	0.00	0.00	0.00	0.00	0.00	0.00	0.00	0.00	0.00	0.00	0.00	0.00	0.00	0.00	0.00	0.00	16.1	19.4	20.9	34.0	45.7	53.8	189.91	0.523	0.569	0.522	0.681	0.312	0.000	0.7828	0.6315	1.0000	0.9314	1.0000	0.2789	0.47	5.48	5.95	0.12	0.08	0.09	0.05	0.07	0.06	0.05	0.07	0.14	0.24	1.30	3.69	0.0219	0.0091	0.0039	0.0018	0.0006	0.0000	0.0080	0.0074	0.0063	0.0078	0.0120	0.0000	53.11	0.01
1991-09-30	Perennial Ryegrass	0.05	105.58	0.79	0.81	0.13	2.03	3	0	2.26	650.00	0.00	18.53	19.51	0.00	0.00	0.00	0.00	0.00	0.00	0.00	0.00	0.00	0.00	0.00	0.00	0.00	0.00	0.00	0.00	0.00	0.00	0.00	0.00	0.00	0.00	0.00	0.00	15.0	18.7	20.3	33.9	45.6	53.7	187.18	0.296	0.311	0.335	0.476	0.213	0.000	0.7843	0.3720	1.0000	0.9529	1.0000	0.4562	0.49	5.50	5.99	0.14	0.09	0.09	0.05	0.07	0.06	0.06	0.07	0.14	0.24	1.30	3.69	0.0184	0.0064	0.0031	0.0015	0.0004	0.0000	0.0073	0.0051	0.0049	0.0065	0.0082	0.0000	53.68	0.01
1991-10-01	Perennial Ryegrass	0.05	103.36	0.79	0.82	0.14	2.03	3	0	2.27	650.00	0.00	17.86	17.73	0.00	0.00	0.00	0.00	0.00	0.00	0.00	0.00	0.00	0.00	0.00	0.00	0.00	0.00	0.00	0.00	0.00	0.00	0.00	0.00	0.00	0.00	0.00	0.00	13.8	18.2	19.6	33.3	45.4	53.6	184.00	0.348	0.398	0.442	0.685	0.303	0.000	0.7858	0.5447	0.9162	0.9636	1.0000	0.3029	0.52	5.52	6.04	0.16	0.09	0.09	0.06	0.07	0.06	0.07	0.08	0.14	0.24	1.30	3.69	0.0179	0.0063	0.0034	0.0018	0.0006	0.0000	0.0078	0.0052	0.0055	0.0078	0.0118	0.0000	54.23	0.01
1991-10-02	Perennial Ryegrass	0.05	99.50	0.79	0.82	0.15	2.03	3	0	2.29	650.00	0.00	19.54	20.82	0.00	0.00	0.00	0.00	0.00	0.00	0.00	0.00	0.00	0.00	0.00	0.00	0.00	0.00	0.00	0.00	0.00	0.00	0.00	0.00	0.00	0.00	0.00	0.00	13.0	17.7	19.3	32.5	45.1	53.5	181.26	0.269	0.362	0.395	0.651	0.295	0.000	0.7872	0.4196	1.0000	0.9792	1.0000	0.4861	0.54	5.56	6.11	0.18	0.10	0.09	0.06	0.07	0.06	0.09	0.09	0.15	0.24	1.30	3.69	0.0159	0.0059	0.0031	0.0018	0.0006	0.0000	0.0081	0.0052	0.0051	0.0074	0.0115	0.0000	54.78	0.01
1991-10-03	Perennial Ryegrass	0.05	95.96	0.79	0.82	0.15	2.03	3	0	2.30	650.00	0.00	19.90	21.45	0.00	0.00	0.00	0.00	0.00	0.00	0.00	0.00	0.00	0.00	0.00	0.00	0.00	0.00	0.00	0.00	0.00	0.00	0.00	0.00	0.00	0.00	0.00	0.00	12.5	17.3	19.0	31.8	44.9	53.5	178.99	0.209	0.330	0.373	0.602	0.286	0.000	0.7890	0.3484	1.0000	0.9874	1.0000	0.5104	0.56	5.62	6.18	0.19	0.10	0.09	0.06	0.07	0.06	0.12	0.10	0.16	0.24	1.30	3.69	0.0138	0.0057	0.0030	0.0017	0.0006	0.0000	0.0086	0.0054	0.0052	0.0070	0.0112	0.0000	55.43	0.01
1991-10-04	Perennial Ryegrass	0.05	92.37	0.79	0.83	0.16	2.03	3	0	2.31	650.00	0.00	20.47	22.73	0.00	0.00	0.00	0.00	0.00	0.00	0.00	0.00	0.00	0.00	0.00	0.00	0.00	0.00	0.00	0.00	0.00	0.00	0.00	0.00	0.00	0.00	0.00	0.00	12.0	16.9	18.7	31.2	44.7	53.4	176.90	0.173	0.301	0.350	0.560	0.276	0.000	0.7905	0.3077	1.0000	0.9930	1.0000	0.5891	0.57	5.69	6.26	0.19	0.11	0.09	0.06	0.07	0.06	0.16	0.12	0.17	0.24	1.30	3.69	0.0122	0.0055	0.0028	0.0016	0.0005	0.0000	0.0096	0.0057	0.0052	0.0066	0.0109	0.0000	56.09	0.01
1991-10-05	Perennial Ryegrass	0.04	89.24	0.79	0.83	0.17	2.03	3	0	2.32	650.00	0.00	20.72	23.13	0.00	0.00	0.00	0.00	0.00	0.00	0.00	0.00	0.00	0.00	0.00	0.00	0.00	0.00	0.00	0.00	0.00	0.00	0.00	0.00	0.00	0.00	0.00	0.00	11.6	16.6	18.4	30.6	44.5	53.3	174.97	0.140	0.276	0.328	0.522	0.267	0.000	0.7919	0.3688	0.8227	0.9960	1.0000	0.5994	0.58	5.77	6.35	0.19	0.12	0.09	0.06	0.06	0.06	0.19	0.14	0.19	0.25	1.31	3.70	0.0104	0.0053	0.0027	0.0015	0.0005	0.0000	0.0104	0.0061	0.0053	0.0063	0.0106	0.0000	56.77	0.01
1991-10-06	Perennial Ryegrass	0.04	89.04	0.80	0.83	0.18	2.03	3	0	2.33	650.00	0.00	20.98	23.09	0.00	0.00	0.00	0.00	0.00	0.00	0.00	0.00	0.00	0.00	0.00	0.00	0.00	0.00	0.00	0.00	0.00	0.00	0.00	0.00	0.00	0.00	0.00	0.00	13.4	16.3	18.1	30.1	44.2	53.3	175.39	0.111	0.253	0.306	0.487	0.258	0.000	0.7933	0.6510	0.7241	0.9974	1.0000	0.5576	0.62	5.88	6.50	0.22	0.12	0.10	0.06	0.06	0.06	0.24	0.16	0.20	0.25	1.31	3.70	0.0110	0.0051	0.0026	0.0014	0.0005	0.0000	0.0116	0.0066	0.0054	0.0061	0.0104	0.0000	57.39	0.01
1991-10-07	Perennial Ryegrass	0.04	86.37	0.80	0.83	0.18	2.03	3	0	2.34	650.00	0.00	21.34	23.28	0.00	0.00	0.00	0.00	0.00	0.00	0.00	0.00	0.00	0.00	0.00	0.00	0.00	0.00	0.00	0.00	0.00	0.00	0.00	0.00	0.00	0.00	0.00	0.00	12.2	16.1	17.8	29.6	44.0	53.2	172.87	0.238	0.233	0.286	0.456	0.249	0.000	0.7954	0.6633	0.5126	0.9978	1.0000	0.5343	0.62	5.97	6.59	0.22	0.13	0.10	0.06	0.06	0.06	0.28	0.19	0.22	0.26	1.32	3.70	0.0172	0.0050	0.0025	0.0014	0.0005	0.0000	0.0213	0.0070	0.0055	0.0059	0.0101	0.0000	58.11	0.01
1991-10-08	Perennial Ryegrass	0.04	84.82	0.80	0.84	0.19	2.03	3	0	2.35	650.00	0.00	18.97	20.89	0.00	0.00	0.00	0.00	0.00	0.00	0.00	0.00	0.00	0.00	0.00	0.00	0.00	0.00	0.00	0.00	0.00	0.00	0.00	0.00	0.00	0.00	0.00	0.00	11.5	15.8	17.5	29.2	43.8	53.1	170.99	0.154	0.214	0.266	0.427	0.241	0.000	0.7968	0.6025	0.5116	0.9977	1.0000	0.4933	0.62	6.04	6.66	0.21	0.13	0.10	0.06	0.06	0.06	0.32	0.21	0.23	0.26	1.32	3.70	0.0118	0.0048	0.0024	0.0013	0.0004	0.0000	0.0175	0.0072	0.0055	0.0057	0.0098	0.0000	58.70	0.01
1991-10-09	Perennial Ryegrass	0.04	84.27	0.80	0.84	0.19	2.03	3	0	2.36	650.00	0.00	16.27	17.63	0.00	0.00	0.00	0.00	0.00	0.00	0.00	0.00	0.00	0.00	0.00	0.00	0.00	0.00	0.00	0.00	0.00	0.00	0.00	0.00	0.00	0.00	0.00	0.00	11.1	15.6	17.3	28.8	43.6	53.0	169.42	0.108	0.196	0.248	0.400	0.232	0.000	0.7980	0.4620	0.7366	0.9971	1.0000	0.3876	0.60	6.10	6.70	0.19	0.13	0.10	0.06	0.06	0.06	0.34	0.22	0.24	0.27	1.32	3.71	0.0090	0.0045	0.0023	0.0013	0.0004	0.0000	0.0155	0.0072	0.0054	0.0055	0.0095	0.0000	59.25	0.01
1991-10-10	Perennial Ryegrass	0.04	83.25	0.80	0.84	0.20	2.04	3	0	2.36	650.00	0.00	14.00	12.40	0.00	0.00	0.00	0.00	0.00	0.00	0.00	0.00	0.00	0.00	0.00	0.00	0.00	0.00	0.00	0.00	0.00	0.00	0.00	0.00	0.00	0.00	0.00	0.00	10.8	15.4	17.1	28.4	43.4	53.0	167.98	0.080	0.180	0.231	0.375	0.224	0.000	0.7991	0.6476	0.4687	0.9970	1.0000	0.4029	0.59	6.14	6.73	0.17	0.13	0.10	0.06	0.06	0.06	0.36	0.24	0.25	0.27	1.32	3.71	0.0071	0.0042	0.0022	0.0012	0.0004	0.0000	0.0141	0.0071	0.0053	0.0053	0.0092	0.0000	59.63	0.01
1991-10-11	Perennial Ryegrass	0.04	82.61	0.80	0.84	0.21	2.04	3	0	2.37	650.00	0.00	15.88	18.46	0.00	0.00	0.00	0.00	0.00	0.00	0.00	0.00	0.00	0.00	0.00	0.00	0.00	0.00	0.00	0.00	0.00	0.00	0.00	0.00	0.00	0.00	0.00	0.00	10.5	15.2	16.9	28.0	43.2	52.9	166.64	0.055	0.165	0.215	0.353	0.216	0.000	0.7992	0.3767	0.6598	0.9970	1.0000	0.5229	0.57	6.18	6.74	0.15	0.13	0.10	0.06	0.06	0.06	0.37	0.25	0.26	0.27	1.32	3.71	0.0055	0.0039	0.0021	0.0012	0.0004	0.0000	0.0128	0.0070	0.0051	0.0051	0.0089	0.0000	60.13	0.01
1991-10-12	Perennial Ryegrass	0.04	81.75	0.80	0.84	0.21	2.04	3	0	2.37	650.00	0.00	15.01	13.36	0.00	0.00	0.00	0.00	0.00	0.00	0.00	0.00	0.00	0.00	0.00	0.00	0.00	0.00	0.00	0.00	0.00	0.00	0.00	0.00	0.00	0.00	0.00	0.00	10.2	15.0	16.7	27.7	43.0	52.8	165.40	0.032	0.151	0.201	0.332	0.209	0.000	0.8001	0.3756	0.4298	0.9978	1.0000	0.7479	0.55	6.20	6.75	0.14	0.13	0.11	0.06	0.06	0.06	0.36	0.26	0.27	0.28	1.32	3.71	0.0046	0.0036	0.0020	0.0011	0.0004	0.0000	0.0111	0.0069	0.0050	0.0049	0.0086	0.0000	60.55	0.01
1991-10-13	Perennial Ryegrass	0.04	80.86	0.80	0.84	0.22	2.04	3	0	2.36	650.00	0.00	16.43	14.67	0.00	0.00	0.00	0.00	0.00	0.00	0.00	0.00	0.00	0.00	0.00	0.00	0.00	0.00	0.00	0.00	0.00	0.00	0.00	0.00	0.00	0.00	0.00	0.00	9.9	14.8	16.5	27.4	42.9	52.8	164.25	0.012	0.138	0.187	0.312	0.202	0.000	0.8000	0.4156	0.3958	0.9984	1.0000	0.8198	0.54	6.22	6.76	0.14	0.13	0.10	0.06	0.06	0.06	0.36	0.27	0.28	0.28	1.32	3.71	0.0039	0.0033	0.0019	0.0011	0.0003	0.0000	0.0096	0.0068	0.0049	0.0047	0.0084	0.0000	60.95	0.01
1991-10-14	Perennial Ryegrass	0.04	80.34	0.80	0.85	0.23	2.04	3	0	2.36	650.00	0.00	16.20	14.52	0.00	0.00	0.00	0.00	0.00	0.00	0.00	0.00	0.00	0.00	0.00	0.00	0.00	0.00	0.00	0.00	0.00	0.00	0.00	0.00	0.00	0.00	0.00	0.00	9.7	14.7	16.3	27.1	42.7	52.7	163.17	0.000	0.127	0.174	0.294	0.195	0.000	0.7998	0.5346	0.3323	0.9988	1.0000	0.7499	0.53	6.25	6.78	0.14	0.12	0.10	0.06	0.05	0.06	0.35	0.29	0.29	0.29	1.33	3.71	0.0034	0.0030	0.0017	0.0010	0.0003	0.0000	0.0085	0.0068	0.0048	0.0046	0.0081	0.0000	61.37	0.01
1991-10-15	Perennial Ryegrass	0.04	80.20	0.80	0.85	0.24	2.04	3	0	2.36	650.00	0.00	15.16	13.62	0.00	0.00	0.00	0.00	0.00	0.00	0.00	0.00	0.00	0.00	0.00	0.00	0.00	0.00	0.00	0.00	0.00	0.00	0.00	0.00	0.00	0.00	0.00	0.00	9.5	14.5	16.1	26.8	42.5	52.6	162.15	0.000	0.116	0.162	0.277	0.188	0.000	0.7995	0.4829	0.2857	0.9991	1.0000	0.8928	0.52	6.28	6.80	0.13	0.11	0.10	0.06	0.05	0.06	0.34	0.30	0.31	0.29	1.33	3.71	0.0031	0.0027	0.0016	0.0009	0.0003	0.0000	0.0078	0.0069	0.0048	0.0045	0.0078	0.0000	61.77	0.01
1991-10-16	Perennial Ryegrass	0.04	80.30	0.80	0.85	0.25	2.04	3	0	2.36	650.00	0.00	15.44	13.92	0.00	0.00	0.00	0.00	0.00	0.00	0.00	0.00	0.00	0.00	0.00	0.00	0.00	0.00	0.00	0.00	0.00	0.00	0.00	0.00	0.00	0.00	0.00	0.00	9.3	14.4	16.0	26.6	42.4	52.6	161.19	0.000	0.105	0.150	0.261	0.182	0.000	0.7991	0.8898	0.2999	0.9991	1.0000	0.5919	0.50	6.32	6.82	0.13	0.11	0.10	0.06	0.05	0.06	0.34	0.32	0.32	0.30	1.33	3.71	0.0028	0.0024	0.0015	0.0009	0.0003	0.0000	0.0071	0.0069	0.0047	0.0044	0.0076	0.0000	62.15	0.01
1991-10-17	Perennial Ryegrass	0.04	80.80	0.80	0.85	0.25	2.04	3	0	2.36	650.00	0.00	9.27	8.37	0.00	0.00	0.00	0.00	0.00	0.00	0.00	0.00	0.00	0.00	0.00	0.00	0.00	0.00	0.00	0.00	0.00	0.00	0.00	0.00	0.00	0.00	0.00	0.00	9.1	14.2	15.9	26.4	42.2	52.5	160.27	0.000	0.095	0.140	0.246	0.176	0.000	0.7990	0.3860	0.3763	0.9987	1.0000	0.5143	0.49	6.34	6.83	0.13	0.10	0.09	0.06	0.05	0.06	0.33	0.33	0.33	0.30	1.33	3.71	0.0026	0.0022	0.0014	0.0008	0.0003	0.0000	0.0065	0.0068	0.0046	0.0043	0.0074	0.0000	62.46	0.01
1991-10-18	Perennial Ryegrass	0.04	81.36	0.80	0.85	0.26	2.04	3	0	2.36	650.00	0.00	10.57	9.55	0.00	0.00	0.00	0.00	0.00	0.00	0.00	0.00	0.00	0.00	0.00	0.00	0.00	0.00	0.00	0.00	0.00	0.00	0.00	0.00	0.00	0.00	0.00	0.00	8.9	14.1	15.7	26.1	42.1	52.4	159.40	0.000	0.086	0.130	0.232	0.170	0.000	0.7989	0.5021	0.2709	0.9986	1.0000	0.6536	0.47	6.36	6.83	0.12	0.10	0.09	0.06	0.05	0.06	0.33	0.34	0.34	0.31	1.33	3.72	0.0024	0.0019	0.0012	0.0008	0.0003	0.0000	0.0060	0.0066	0.0045	0.0041	0.0072	0.0000	62.71	0.01
1991-10-19	Perennial Ryegrass	0.04	81.93	0.80	0.85	0.26	2.04	3	0	2.36	650.00	0.00	11.73	10.61	0.00	0.00	0.00	0.00	0.00	0.00	0.00	0.00	0.00	0.00	0.00	0.00	0.00	0.00	0.00	0.00	0.00	0.00	0.00	0.00	0.00	0.00	0.00	0.00	8.7	14.0	15.6	25.9	42.0	52.4	158.58	0.000	0.078	0.121	0.219	0.164	0.000	0.7986	0.4127	0.2767	0.9987	1.0000	0.8707	0.46	6.38	6.84	0.12	0.09	0.09	0.05	0.05	0.06	0.32	0.35	0.35	0.31	1.34	3.72	0.0022	0.0018	0.0011	0.0007	0.0002	0.0000	0.0056	0.0065	0.0044	0.0040	0.0069	0.0000	62.99	0.01
1991-10-20	Perennial Ryegrass	0.04	82.53	0.80	0.85	0.27	2.04	3	0	2.35	650.00	0.00	10.76	9.75	0.00	0.00	0.00	0.00	0.00	0.00	0.00	0.00	0.00	0.00	0.00	0.00	0.00	0.00	0.00	0.00	0.00	0.00	0.00	0.00	0.00	0.00	0.00	0.00	8.5	13.9	15.5	25.7	41.8	52.3	157.80	0.000	0.070	0.113	0.206	0.158	0.000	0.7982	0.5717	0.2450	0.9990	1.0000	0.9873	0.44	6.39	6.84	0.12	0.09	0.08	0.05	0.05	0.06	0.32	0.35	0.35	0.31	1.34	3.72	0.0020	0.0016	0.0010	0.0007	0.0002	0.0000	0.0052	0.0063	0.0043	0.0039	0.0067	0.0000	63.25	0.01
1991-10-21	Perennial Ryegrass	0.04	84.11	0.80	0.85	0.28	2.05	3	0	2.35	650.00	0.00	9.49	8.61	0.00	0.00	0.00	0.00	0.00	0.00	0.00	0.00	0.00	0.00	0.00	0.00	0.00	0.00	0.00	0.00	0.00	0.00	0.00	0.00	0.00	0.00	0.00	0.00	8.3	13.8	15.4	25.6	41.7	52.3	157.05	0.000	0.063	0.105	0.195	0.153	0.000	0.7976	0.9606	0.2264	0.9994	1.0000	1.0000	0.43	6.41	6.84	0.12	0.08	0.08	0.05	0.05	0.06	0.31	0.36	0.36	0.32	1.34	3.72	0.0019	0.0014	0.0009	0.0006	0.0002	0.0000	0.0048	0.0061	0.0041	0.0038	0.0066	0.0000	63.46	0.01
1991-10-22	Perennial Ryegrass	0.04	84.76	0.80	0.86	0.29	2.05	3	0	2.34	650.00	0.00	13.58	12.34	0.00	0.00	0.00	0.00	0.00	0.00	0.00	0.00	0.00	0.00	0.00	0.00	0.00	0.00	0.00	0.00	0.00	0.00	0.00	0.00	0.00	0.00	0.00	0.00	8.2	13.7	15.3	25.4	41.6	52.2	156.34	0.000	0.056	0.097	0.184	0.148	0.000	0.7962	0.4975	0.2533	0.9994	1.0000	0.8606	0.42	6.43	6.85	0.12	0.07	0.08	0.05	0.04	0.06	0.31	0.37	0.37	0.32	1.34	3.72	0.0017	0.0012	0.0009	0.0006	0.0002	0.0000	0.0045	0.0060	0.0040	0.0037	0.0064	0.0000	63.81	0.01
1991-10-23	Perennial Ryegrass	0.04	85.44	0.80	0.86	0.30	2.05	3	1	2.34	650.00	0.00	13.67	12.44	0.00	0.00	0.00	0.00	0.00	0.00	0.00	0.00	0.00	0.00	0.00	0.00	0.00	0.00	0.00	0.00	0.00	0.00	0.00	0.00	0.00	0.00	0.00	0.00	8.0	13.6	15.2	25.2	41.5	52.1	155.67	0.000	0.049	0.091	0.174	0.143	0.000	0.7956	0.7938	0.1833	0.9994	1.0000	0.8458	0.40	6.45	6.85	0.11	0.07	0.07	0.05	0.04	0.06	0.31	0.37	0.38	0.33	1.34	3.72	0.0016	0.0011	0.0008	0.0005	0.0002	0.0000	0.0042	0.0058	0.0039	0.0036	0.0062	0.0000	64.13	0.01
1991-10-24	Perennial Ryegrass	0.05	95.18	0.79	0.86	0.31	2.05	3	1	2.34	650.00	0.00	11.82	10.76	0.00	0.00	0.00	0.00	0.00	0.00	0.00	0.00	0.00	0.00	0.00	0.00	0.00	0.00	0.00	0.00	0.00	0.00	0.00	0.00	0.00	0.00	0.00	0.00	13.7	13.6	15.1	25.1	41.4	52.1	160.94	0.000	0.043	0.084	0.165	0.139	0.000	0.7950	0.4502	0.2688	0.9994	1.0000	0.9326	0.44	6.50	6.94	0.17	0.06	0.07	0.04	0.04	0.06	0.34	0.38	0.38	0.33	1.35	3.72	0.0022	0.0010	0.0007	0.0005	0.0002	0.0000	0.0043	0.0057	0.0038	0.0035	0.0060	0.0000	64.37	0.01
1991-10-25	Perennial Ryegrass	0.05	101.55	0.79	0.86	0.31	2.05	3	1	2.33	650.00	0.00	14.54	13.26	0.00	0.00	0.00	0.00	0.00	0.00	0.00	0.00	0.00	0.00	0.00	0.00	0.00	0.00	0.00	0.00	0.00	0.00	0.00	0.00	0.00	0.00	0.00	0.00	16.6	14.3	15.0	25.0	41.2	52.0	164.13	0.259	0.042	0.078	0.156	0.134	0.000	0.7942	0.4315	0.4558	0.9994	1.0000	0.6334	0.46	6.53	6.99	0.19	0.06	0.07	0.04	0.04	0.06	0.34	0.40	0.39	0.33	1.35	3.72	0.0148	0.0010	0.0006	0.0005	0.0002	0.0000	0.0258	0.0059	0.0037	0.0034	0.0059	0.0000	64.57	0.01
1991-10-26	Perennial Ryegrass	0.05	103.44	0.79	0.86	0.30	2.05	3	1	2.34	650.00	0.00	16.92	19.93	0.00	0.00	0.00	0.00	0.00	0.00	0.00	0.00	0.00	0.00	0.00	0.00	0.00	0.00	0.00	0.00	0.00	0.00	0.00	0.00	0.00	0.00	0.00	0.00	16.5	14.9	15.0	24.8	41.1	52.0	164.27	0.459	0.092	0.073	0.148	0.130	0.000	0.7938	0.5537	0.5071	0.9992	1.0000	0.5400	0.47	6.54	7.01	0.19	0.07	0.06	0.04	0.04	0.06	0.32	0.41	0.40	0.34	1.35	3.72	0.0267	0.0015	0.0006	0.0004	0.0002	0.0000	0.0427	0.0083	0.0036	0.0033	0.0057	0.0000	64.75	0.01
1991-10-27	Perennial Ryegrass	0.05	100.72	0.79	0.86	0.30	2.05	3	1	2.34	650.00	0.00	13.79	12.57	0.00	0.00	0.00	0.00	0.00	0.00	0.00	0.00	0.00	0.00	0.00	0.00	0.00	0.00	0.00	0.00	0.00	0.00	0.00	0.00	0.00	0.00	0.00	0.00	14.9	14.8	14.9	24.7	41.0	51.9	162.22	0.452	0.133	0.070	0.140	0.126	0.000	0.7948	0.4795	0.3900	0.9990	1.0000	0.5216	0.47	6.55	7.01	0.20	0.08	0.06	0.04	0.04	0.06	0.32	0.41	0.40	0.34	1.35	3.73	0.0263	0.0019	0.0005	0.0004	0.0002	0.0000	0.0407	0.0102	0.0035	0.0032	0.0056	0.0000	64.95	0.01
1991-10-28	Perennial Ryegrass	0.05	98.96	0.79	0.86	0.31	2.05	3	1	2.34	650.00	0.00	11.99	10.94	0.00	0.00	0.00	0.00	0.00	0.00	0.00	0.00	0.00	0.00	0.00	0.00	0.00	0.00	0.00	0.00	0.00	0.00	0.00	0.00	0.00	0.00	0.00	0.00	13.9	14.6	14.9	24.6	41.0	51.8	160.83	0.340	0.125	0.066	0.132	0.122	0.000	0.7945	0.3969	0.4299	0.9988	1.0000	0.5273	0.47	6.56	7.03	0.21	0.08	0.06	0.04	0.04	0.06	0.32	0.42	0.40	0.34	1.35	3.73	0.0203	0.0019	0.0005	0.0004	0.0002	0.0000	0.0305	0.0099	0.0035	0.0031	0.0054	0.0000	65.17	0.01
1991-10-29	Perennial Ryegrass	0.05	95.36	0.79	0.86	0.32	2.05	3	1	2.34	650.00	0.00	13.91	12.69	0.00	0.00	0.00	0.00	0.00	0.00	0.00	0.00	0.00	0.00	0.00	0.00	0.00	0.00	0.00	0.00	0.00	0.00	0.00	0.00	0.00	0.00	0.00	0.00	12.6	14.5	14.8	24.5	40.9	51.8	159.06	0.274	0.115	0.062	0.126	0.118	0.000	0.7942	0.4690	0.3256	0.9990	1.0000	0.7674	0.47	6.58	7.04	0.20	0.08	0.05	0.04	0.04	0.06	0.33	0.42	0.41	0.34	1.35	3.73	0.0165	0.0019	0.0005	0.0003	0.0001	0.0000	0.0259	0.0094	0.0034	0.0030	0.0053	0.0000	65.49	0.01
1991-10-30	Perennial Ryegrass	0.05	100.03	0.79	0.86	0.33	2.05	3	1	2.33	650.00	0.00	11.80	10.76	0.00	0.00	0.00	0.00	0.00	0.00	0.00	0.00	0.00	0.00	0.00	0.00	0.00	0.00	0.00	0.00	0.00	0.00	0.00	0.00	0.00	0.00	0.00	0.00	15.7	14.5	14.8	24.4	40.8	51.7	161.82	0.182	0.105	0.059	0.119	0.114	0.000	0.7936	0.5605	0.2285	0.9993	1.0000	1.0000	0.47	6.61	7.08	0.21	0.08	0.05	0.04	0.04	0.06	0.35	0.42	0.41	0.34	1.35	3.73	0.0127	0.0018	0.0004	0.0003	0.0001	0.0000	0.0200	0.0091	0.0033	0.0030	0.0051	0.0000	65.73	0.01
1991-10-31	Perennial Ryegrass	0.05	94.13	0.79	0.86	0.33	2.05	3	1	2.33	650.00	0.00	17.81	16.27	0.00	0.00	0.00	0.00	0.00	0.00	0.00	0.00	0.00	0.00	0.00	0.00	0.00	0.00	0.00	0.00	0.00	0.00	0.00	0.00	0.00	0.00	0.00	0.00	14.7	14.4	14.7	24.3	40.7	51.7	160.51	0.396	0.104	0.055	0.113	0.111	0.000	0.7922	1.0000	0.3447	0.9995	1.0000	0.5686	0.46	6.63	7.09	0.21	0.08	0.05	0.03	0.03	0.06	0.35	0.43	0.42	0.35	1.36	3.73	0.0238	0.0018	0.0004	0.0003	0.0001	0.0000	0.0392	0.0091	0.0032	0.0029	0.0050	0.0000	66.04	0.01
1991-11-01	Perennial Ryegrass	0.05	92.35	0.79	0.86	0.33	2.06	3	1	2.33	650.00	0.00	11.98	10.95	0.00	0.00	0.00	0.00	0.00	0.00	0.00	0.00	0.00	0.00	0.00	0.00	0.00	0.00	0.00	0.00	0.00	0.00	0.00	0.00	0.00	0.00	0.00	0.00	13.8	14.3	14.7	24.2	40.6	51.6	159.18	0.330	0.099	0.052	0.107	0.107	0.000	0.7918	0.6914	0.3648	0.9992	1.0000	0.4484	0.47	6.65	7.12	0.22	0.08	0.05	0.03	0.03	0.06	0.36	0.43	0.42	0.35	1.36	3.73	0.0209	0.0017	0.0004	0.0003	0.0001	0.0000	0.0336	0.0090	0.0032	0.0028	0.0049	0.0000	66.21	0.01
1991-11-02	Perennial Ryegrass	0.04	89.07	0.79	0.86	0.34	2.06	3	1	2.33	650.00	0.00	13.58	12.41	0.00	0.00	0.00	0.00	0.00	0.00	0.00	0.00	0.00	0.00	0.00	0.00	0.00	0.00	0.00	0.00	0.00	0.00	0.00	0.00	0.00	0.00	0.00	0.00	12.7	14.2	14.7	24.1	40.5	51.6	157.71	0.263	0.092	0.049	0.102	0.104	0.000	0.7917	0.4898	0.4300	0.9992	1.0000	0.6612	0.46	6.68	7.14	0.21	0.08	0.04	0.03	0.03	0.06	0.38	0.44	0.42	0.35	1.36	3.73	0.0169	0.0016	0.0003	0.0003	0.0001	0.0000	0.0287	0.0087	0.0031	0.0028	0.0048	0.0000	66.51	0.01
1991-11-03	Perennial Ryegrass	0.05	106.10	0.79	0.87	0.36	2.06	3	1	2.32	650.00	0.00	13.51	12.35	0.00	0.00	0.00	0.00	0.00	0.00	0.00	0.00	0.00	0.00	0.00	0.00	0.00	0.00	0.00	0.00	0.00	0.00	0.00	0.00	0.00	0.00	0.00	0.00	20.0	17.4	14.7	24.0	40.5	51.5	168.01	0.186	0.084	0.047	0.097	0.101	0.000	0.7913	0.9098	0.2524	0.9994	1.0000	0.9480	0.47	6.72	7.19	0.22	0.09	0.04	0.03	0.03	0.06	0.35	0.49	0.43	0.35	1.36	3.73	0.0132	0.0018	0.0003	0.0002	0.0001	0.0000	0.0205	0.0094	0.0030	0.0027	0.0047	0.0000	66.71	0.01
1991-11-04	Perennial Ryegrass	0.05	101.75	0.79	0.86	0.35	2.06	3	1	2.32	650.00	0.00	20.73	18.96	0.00	0.00	0.00	0.00	0.00	0.00	0.00	0.00	0.00	0.00	0.00	0.00	0.00	0.00	0.00	0.00	0.00	0.00	0.00	0.00	0.00	0.00	0.00	0.00	17.7	18.4	14.8	24.0	40.4	51.4	166.73	0.699	0.305	0.049	0.092	0.098	0.000	0.7905	1.0000	0.4252	0.9995	1.0000	0.4756	0.44	6.69	7.13	0.18	0.10	0.04	0.03	0.03	0.06	0.29	0.51	0.44	0.35	1.36	3.74	0.0436	0.0049	0.0003	0.0002	0.0001	0.0000	0.0683	0.0239	0.0032	0.0026	0.0046	0.0000	67.00	0.01
1991-11-05	Perennial Ryegrass	0.05	97.27	0.79	0.86	0.35	2.06	3	1	2.32	650.00	0.00	17.61	16.12	0.00	0.00	0.00	0.00	0.00	0.00	0.00	0.00	0.00	0.00	0.00	0.00	0.00	0.00	0.00	0.00	0.00	0.00	0.00	0.00	0.00	0.00	0.00	0.00	15.9	18.1	14.8	23.9	40.3	51.4	164.41	0.541	0.381	0.055	0.088	0.095	0.000	0.7905	0.5191	0.3795	0.9995	1.0000	0.5950	0.43	6.67	7.10	0.17	0.11	0.04	0.03	0.03	0.06	0.28	0.49	0.44	0.36	1.37	3.74	0.0287	0.0065	0.0003	0.0002	0.0001	0.0000	0.0454	0.0293	0.0034	0.0026	0.0045	0.0000	67.10	0.01
1991-11-06	Perennial Ryegrass	0.05	93.52	0.79	0.87	0.36	2.06	3	1	2.32	650.00	0.00	15.64	14.32	0.00	0.00	0.00	0.00	0.00	0.00	0.00	0.00	0.00	0.00	0.00	0.00	0.00	0.00	0.00	0.00	0.00	0.00	0.00	0.00	0.00	0.00	0.00	0.00	14.7	17.5	14.9	23.8	40.2	51.3	162.48	0.411	0.357	0.059	0.084	0.092	0.000	0.7898	0.5933	0.4536	0.9995	1.0000	0.5325	0.44	6.68	7.12	0.18	0.11	0.04	0.03	0.03	0.06	0.29	0.48	0.45	0.36	1.37	3.74	0.0216	0.0063	0.0003	0.0002	0.0001	0.0000	0.0337	0.0267	0.0036	0.0025	0.0044	0.0000	67.44	0.01
1991-11-07	Perennial Ryegrass	0.04	89.09	0.79	0.87	0.37	2.06	3	1	2.31	650.00	0.00	16.20	14.83	0.00	0.00	0.00	0.00	0.00	0.00	0.00	0.00	0.00	0.00	0.00	0.00	0.00	0.00	0.00	0.00	0.00	0.00	0.00	0.00	0.00	0.00	0.00	0.00	13.2	17.0	14.9	23.8	40.2	51.3	160.28	0.328	0.316	0.061	0.080	0.090	0.000	0.7894	0.8555	0.1978	0.9996	1.0000	0.6547	0.45	6.70	7.15	0.19	0.12	0.04	0.02	0.03	0.06	0.31	0.47	0.45	0.36	1.37	3.74	0.0180	0.0059	0.0003	0.0002	0.0001	0.0000	0.0285	0.0232	0.0037	0.0025	0.0043	0.0000	67.86	0.01
1991-11-08	Perennial Ryegrass	0.04	87.70	0.79	0.87	0.38	2.06	3	1	2.31	650.00	0.00	11.62	10.65	0.00	0.00	0.00	0.00	0.00	0.00	0.00	0.00	0.00	0.00	0.00	0.00	0.00	0.00	0.00	0.00	0.00	0.00	0.00	0.00	0.00	0.00	0.00	0.00	11.8	16.6	14.9	23.7	40.1	51.2	158.32	0.222	0.280	0.061	0.076	0.087	0.000	0.7882	0.5310	0.2352	0.9994	1.0000	0.6257	0.45	6.72	7.16	0.18	0.12	0.04	0.02	0.03	0.06	0.32	0.47	0.45	0.36	1.37	3.74	0.0124	0.0054	0.0003	0.0002	0.0001	0.0000	0.0217	0.0205	0.0037	0.0024	0.0042	0.0000	68.19	0.01
1991-11-09	Perennial Ryegrass	0.04	86.69	0.79	0.87	0.38	2.06	3	1	2.30	650.00	0.00	10.34	9.47	0.00	0.00	0.00	0.00	0.00	0.00	0.00	0.00	0.00	0.00	0.00	0.00	0.00	0.00	0.00	0.00	0.00	0.00	0.00	0.00	0.00	0.00	0.00	0.00	10.9	16.2	14.8	23.7	40.1	51.2	156.80	0.129	0.249	0.061	0.073	0.085	0.000	0.7876	0.5975	0.1987	0.9992	1.0000	0.6243	0.43	6.74	7.16	0.16	0.12	0.04	0.02	0.03	0.06	0.34	0.46	0.46	0.36	1.37	3.74	0.0077	0.0050	0.0003	0.0002	0.0001	0.0000	0.0160	0.0183	0.0037	0.0024	0.0041	0.0000	68.44	0.01
1991-11-10	Perennial Ryegrass	0.04	86.04	0.79	0.87	0.39	2.06	3	1	2.30	650.00	0.00	9.24	8.47	0.00	0.00	0.00	0.00	0.00	0.00	0.00	0.00	0.00	0.00	0.00	0.00	0.00	0.00	0.00	0.00	0.00	0.00	0.00	0.00	0.00	0.00	0.00	0.00	9.7	15.8	14.8	23.6	40.0	51.1	155.08	0.063	0.221	0.059	0.070	0.082	0.000	0.7868	0.6608	0.1541	0.9991	1.0000	0.6587	0.41	6.73	7.14	0.14	0.13	0.04	0.02	0.03	0.06	0.33	0.46	0.46	0.36	1.37	3.74	0.0052	0.0047	0.0003	0.0001	0.0001	0.0000	0.0115	0.0165	0.0037	0.0023	0.0040	0.0000	68.66	0.01
1991-11-11	Perennial Ryegrass	0.04	85.58	0.79	0.87	0.39	2.06	3	1	2.29	650.00	0.00	8.54	7.82	0.00	0.00	0.00	0.00	0.00	0.00	0.00	0.00	0.00	0.00	0.00	0.00	0.00	0.00	0.00	0.00	0.00	0.00	0.00	0.00	0.00	0.00	0.00	0.00	8.6	15.5	14.8	23.6	39.9	51.1	153.50	0.000	0.197	0.057	0.067	0.080	0.000	0.7861	0.6438	0.1496	0.9989	1.0000	0.6894	0.40	6.73	7.13	0.13	0.13	0.04	0.02	0.03	0.06	0.33	0.46	0.46	0.36	1.38	3.74	0.0031	0.0043	0.0003	0.0001	0.0001	0.0000	0.0071	0.0151	0.0036	0.0023	0.0039	0.0000	68.86	0.01
1991-11-12	Perennial Ryegrass	0.04	84.99	0.78	0.87	0.40	3.00	3	1	2.29	650.00	0.00	8.93	8.18	0.00	0.00	0.00	0.00	0.00	0.00	0.00	0.00	0.00	0.00	0.00	0.00	0.00	0.00	0.00	0.00	0.00	0.00	0.00	0.00	0.00	0.00	0.00	0.00	7.5	15.2	14.7	23.5	39.9	51.0	151.92	0.000	0.175	0.055	0.064	0.078	0.000	0.7853	0.6210	0.1364	0.9989	1.0000	0.8383	0.39	6.73	7.12	0.12	0.13	0.04	0.02	0.03	0.06	0.32	0.46	0.46	0.36	1.38	3.74	0.0020	0.0039	0.0003	0.0001	0.0001	0.0000	0.0050	0.0138	0.0035	0.0023	0.0038	0.0000	69.06	0.01
1991-11-13	Perennial Ryegrass	0.04	83.84	0.75	0.87	0.49	3.00	2	1	2.07	650.00	0.00	5.61	3.41	0.00	0.00	0.00	0.00	0.00	0.00	0.00	0.00	0.00	0.00	0.00	0.00	0.00	0.00	0.00	0.00	0.00	0.00	0.00	0.00	0.00	0.00	0.00	0.00	6.5	14.9	14.7	23.5	39.8	51.0	150.43	0.000	0.154	0.052	0.062	0.076	0.000	0.7843	0.4014	0.1350	0.9990	1.0000	0.3411	0.37	6.73	7.11	0.11	0.12	0.04	0.02	0.02	0.06	0.32	0.46	0.46	0.36	1.38	3.75	0.0012	0.0035	0.0003	0.0001	0.0001	0.0000	0.0034	0.0126	0.0035	0.0022	0.0038	0.0000	68.90	0.01
1991-11-14	Perennial Ryegrass	0.04	83.57	0.72	0.88	0.56	3.00	2	1	1.90	650.00	0.00	4.19	2.66	0.00	0.00	0.00	0.00	0.00	0.00	0.00	0.00	0.00	0.00	0.00	0.00	0.00	0.00	0.00	0.00	0.00	0.00	0.00	0.00	0.00	0.00	0.00	0.00	5.7	14.7	14.7	23.4	39.8	50.9	149.17	0.000	0.135	0.050	0.059	0.073	0.000	0.7505	0.4500	0.1608	0.9989	1.0000	0.2349	0.36	6.74	7.10	0.10	0.12	0.04	0.02	0.02	0.06	0.32	0.46	0.46	0.36	1.38	3.75	0.0007	0.0031	0.0003	0.0001	0.0001	0.0000	0.0022	0.0117	0.0034	0.0022	0.0037	0.0000	69.00	0.01
1991-11-15	Perennial Ryegrass	0.04	83.57	0.69	0.88	0.61	3.00	2	1	1.74	650.00	0.00	3.79	2.48	0.00	0.00	0.00	0.00	0.00	0.00	0.00	0.00	0.00	0.00	0.00	0.00	0.00	0.00	0.00	0.00	0.00	0.00	0.00	0.00	0.00	0.00	0.00	0.00	5.0	14.4	14.6	23.4	39.7	50.9	148.07	0.000	0.117	0.047	0.057	0.071	0.000	0.7198	0.4859	0.1274	0.9991	1.0000	0.3119	0.34	6.75	7.09	0.09	0.11	0.03	0.02	0.02	0.06	0.33	0.46	0.46	0.37	1.38	3.75	0.0005	0.0027	0.0003	0.0001	0.0001	0.0000	0.0015	0.0109	0.0033	0.0022	0.0036	0.0000	69.03	0.01
1991-11-16	Perennial Ryegrass	0.04	83.31	0.64	0.88	0.67	3.00	2	2	1.54	650.00	0.00	3.85	2.60	0.00	0.00	0.00	0.00	0.00	0.00	0.00	0.00	0.00	0.00	0.00	0.00	0.00	0.00	0.00	0.00	0.00	0.00	0.00	0.00	0.00	0.00	0.00	0.00	3.9	14.2	14.6	23.4	39.7	50.8	146.65	0.000	0.101	0.044	0.055	0.070	0.000	0.6863	0.3872	0.1169	0.9993	1.0000	0.3496	0.32	6.76	7.08	0.08	0.11	0.03	0.02	0.02	0.06	0.33	0.47	0.47	0.37	1.38	3.75	0.0003	0.0024	0.0002	0.0001	0.0001	0.0000	0.0010	0.0101	0.0032	0.0021	0.0036	0.0000	69.01	0.01
1991-11-17	Perennial Ryegrass	0.04	84.48	0.61	0.88	0.70	3.01	2	2	1.41	650.00	0.00	2.99	2.11	0.00	0.00	0.00	0.00	0.00	0.00	0.00	0.00	0.00	0.00	0.00	0.00	0.00	0.00	0.00	0.00	0.00	0.00	0.00	0.00	0.00	0.00	0.00	0.00	2.8	14.0	14.6	23.3	39.6	50.8	145.14	0.000	0.086	0.041	0.052	0.068	0.000	0.6403	0.3666	0.1096	0.9994	1.0000	0.2722	0.31	6.77	7.07	0.08	0.10	0.03	0.02	0.02	0.06	0.33	0.47	0.47	0.37	1.38	3.75	0.0001	0.0021	0.0002	0.0001	0.0001	0.0000	0.0005	0.0093	0.0032	0.0021	0.0035	0.0000	69.10	0.01
1991-11-18	Perennial Ryegrass	0.04	85.79	0.57	0.88	0.73	3.01	1	2	1.27	650.00	0.00	2.92	2.11	0.00	0.00	0.00	0.00	0.00	0.00	0.00	0.00	0.00	0.00	0.00	0.00	0.00	0.00	0.00	0.00	0.00	0.00	0.00	0.00	0.00	0.00	0.00	0.00	2.3	13.8	14.5	23.3	39.6	50.7	144.31	0.000	0.071	0.039	0.050	0.066	0.000	0.6091	0.2862	0.1089	0.9995	1.0000	0.3915	0.29	6.78	7.06	0.07	0.09	0.03	0.02	0.02	0.06	0.34	0.47	0.47	0.37	1.38	3.75	0.0000	0.0017	0.0002	0.0001	0.0001	0.0000	0.0002	0.0086	0.0031	0.0021	0.0035	0.0000	69.06	0.01
1991-11-19	Perennial Ryegrass	0.05	93.96	0.52	0.89	0.76	3.01	1	2	1.12	650.00	0.00	2.92	2.17	0.00	0.00	0.00	0.00	0.00	0.00	0.00	0.00	0.00	0.00	0.00	0.00	0.00	0.00	0.00	0.00	0.00	0.00	0.00	0.00	0.00	0.00	0.00	0.00	2.3	13.7	14.5	23.3	39.6	50.7	143.99	0.000	0.058	0.036	0.049	0.064	0.000	0.5708	0.2914	0.0728	0.9997	1.0000	0.6208	0.27	6.79	7.06	0.07	0.08	0.03	0.02	0.02	0.06	0.34	0.48	0.47	0.37	1.38	3.75	0.0000	0.0014	0.0002	0.0001	0.0001	0.0000	0.0001	0.0080	0.0030	0.0021	0.0034	0.0000	68.99	0.01
1991-11-20	Perennial Ryegrass	0.05	96.00	0.49	0.89	0.78	3.01	1	2	1.02	650.00	0.00	2.35	1.81	0.00	0.00	0.00	0.00	0.00	0.00	0.00	0.00	0.00	0.00	0.00	0.00	0.00	0.00	0.00	0.00	0.00	0.00	0.00	0.00	0.00	0.00	0.00	0.00	2.3	13.5	14.4	23.2	39.5	50.6	143.68	0.000	0.046	0.034	0.047	0.063	0.000	0.5242	1.0000	0.1343	0.9997	1.0000	0.1636	0.25	6.80	7.05	0.06	0.07	0.03	0.01	0.02	0.06	0.34	0.48	0.47	0.37	1.39	3.75	0.0000	0.0012	0.0002	0.0001	0.0001	0.0000	0.0001	0.0075	0.0029	0.0020	0.0034	0.0000	68.92	0.01
1991-11-21	Perennial Ryegrass	0.05	98.55	0.46	0.89	0.79	3.01	1	2	0.94	650.00	0.00	2.03	1.59	0.00	0.00	0.00	0.00	0.00	0.00	0.00	0.00	0.00	0.00	0.00	0.00	0.00	0.00	0.00	0.00	0.00	0.00	0.00	0.00	0.00	0.00	0.00	0.00	2.3	13.4	14.4	23.2	39.5	50.6	143.39	0.000	0.036	0.031	0.045	0.061	0.000	0.4914	0.3982	0.1031	0.9997	1.0000	0.2630	0.24	6.81	7.05	0.06	0.07	0.03	0.01	0.02	0.06	0.35	0.48	0.47	0.37	1.39	3.75	0.0000	0.0010	0.0002	0.0001	0.0000	0.0000	0.0001	0.0070	0.0029	0.0020	0.0033	0.0000	68.79	0.01
1991-11-22	Perennial Ryegrass	0.05	101.44	0.43	0.89	0.80	3.01	1	2	0.85	650.00	0.00	2.04	1.63	0.00	0.00	0.00	0.00	0.00	0.00	0.00	0.00	0.00	0.00	0.00	0.00	0.00	0.00	0.00	0.00	0.00	0.00	0.00	0.00	0.00	0.00	0.00	0.00	2.3	13.3	14.4	23.2	39.4	50.5	143.13	0.000	0.027	0.029	0.043	0.059	0.000	0.4638	0.2685	0.1127	0.9997	1.0000	0.3813	0.24	6.81	7.05	0.06	0.06	0.03	0.01	0.02	0.06	0.35	0.47	0.47	0.37	1.39	3.76	0.0000	0.0009	0.0002	0.0001	0.0000	0.0000	0.0001	0.0064	0.0028	0.0020	0.0033	0.0000	68.71	0.01
1991-11-23	Perennial Ryegrass	0.05	104.57	0.39	0.89	0.82	3.01	1	2	0.76	650.00	0.00	1.96	1.59	0.00	0.00	0.00	0.00	0.00	0.00	0.00	0.00	0.00	0.00	0.00	0.00	0.00	0.00	0.00	0.00	0.00	0.00	0.00	0.00	0.00	0.00	0.00	0.00	2.3	13.2	14.4	23.2	39.4	50.5	142.88	0.000	0.018	0.027	0.042	0.058	0.000	0.4295	0.2775	0.0780	0.9998	1.0000	0.5117	0.23	6.81	7.04	0.06	0.06	0.02	0.01	0.02	0.06	0.36	0.47	0.47	0.37	1.39	3.76	0.0000	0.0008	0.0001	0.0001	0.0000	0.0000	0.0001	0.0059	0.0027	0.0020	0.0032	0.0000	68.64	0.01
1991-11-24	Perennial Ryegrass	0.05	107.83	0.35	0.89	0.83	3.01	1	3	0.66	650.00	0.00	1.91	1.59	0.00	0.00	0.00	0.00	0.00	0.00	0.00	0.00	0.00	0.00	0.00	0.00	0.00	0.00	0.00	0.00	0.00	0.00	0.00	0.00	0.00	0.00	0.00	0.00	2.3	13.1	14.3	23.1	39.4	50.5	142.65	0.000	0.011	0.025	0.040	0.056	0.000	0.3930	0.2741	0.0778	0.9999	1.0000	0.5941	0.23	6.81	7.04	0.06	0.06	0.02	0.01	0.02	0.06	0.36	0.46	0.47	0.37	1.39	3.76	0.0000	0.0007	0.0001	0.0001	0.0000	0.0000	0.0001	0.0055	0.0026	0.0019	0.0032	0.0000	68.56	0.01
1991-11-25	Perennial Ryegrass	0.05	111.21	0.32	0.89	0.84	3.01	1	3	0.58	650.00	0.00	1.77	1.50	0.00	0.00	0.00	0.00	0.00	0.00	0.00	0.00	0.00	0.00	0.00	0.00	0.00	0.00	0.00	0.00	0.00	0.00	0.00	0.00	0.00	0.00	0.00	0.00	2.3	13.0	14.3	23.1	39.3	50.4	142.43	0.000	0.004	0.023	0.039	0.055	0.000	0.3533	0.3449	0.0760	0.9999	1.0000	0.6222	0.23	6.81	7.03	0.06	0.06	0.02	0.01	0.02	0.05	0.36	0.45	0.47	0.37	1.39	3.76	0.0000	0.0007	0.0001	0.0001	0.0000	0.0000	0.0001	0.0051	0.0026	0.0019	0.0031	0.0000	68.48	0.01
1991-11-26	Perennial Ryegrass	0.09	178.09	0.28	0.90	0.85	3.01	1	3	0.51	650.00	0.00	1.60	1.39	0.00	0.00	0.00	0.00	0.00	0.00	0.00	0.00	0.00	0.00	0.00	0.00	0.00	0.00	0.00	0.00	0.00	0.00	0.00	0.00	0.00	0.00	0.00	0.00	9.1	13.0	14.3	23.1	39.3	50.4	149.15	0.000	0.000	0.021	0.038	0.054	0.000	0.3156	0.3939	0.1991	1.0000	1.0000	0.3486	0.17	6.81	6.97	0.00	0.06	0.02	0.01	0.02	0.05	0.36	0.45	0.47	0.37	1.39	3.76	0.0000	0.0007	0.0001	0.0001	0.0000	0.0000	0.0001	0.0049	0.0025	0.0019	0.0031	0.0000	68.09	0.01
1991-11-27	Perennial Ryegrass	0.08	171.05	0.26	0.88	0.84	3.02	1	3	0.46	650.00	0.00	1.51	1.34	0.00	0.00	0.00	0.00	0.00	0.00	0.00	0.00	0.00	0.00	0.00	0.00	0.00	0.00	0.00	0.00	0.00	0.00	0.00	0.00	0.00	0.00	0.00	0.00	7.9	13.0	14.3	23.1	39.3	50.3	147.82	0.000	0.001	0.019	0.036	0.052	0.000	0.2819	0.5545	0.0809	1.0000	1.0000	0.3104	0.16	6.74	6.91	0.00	0.06	0.02	0.01	0.02	0.05	0.30	0.44	0.47	0.37	1.39	3.77	0.0000	0.0007	0.0001	0.0001	0.0000	0.0000	0.0051	0.0048	0.0025	0.0019	0.0030	0.0000	67.18	0.02
1991-11-28	Perennial Ryegrass	0.08	164.15	0.24	0.88	0.85	3.02	0	3	0.42	650.00	0.00	1.34	1.19	0.00	0.00	0.00	0.00	0.00	0.00	0.00	0.00	0.00	0.00	0.00	0.00	0.00	0.00	0.00	0.00	0.00	0.00	0.00	0.00	0.00	0.00	0.00	0.00	6.8	13.0	14.2	23.1	39.2	50.3	146.66	0.000	0.001	0.018	0.035	0.051	0.000	0.2603	0.3313	0.1464	1.0000	1.0000	0.3355	0.16	6.68	6.84	0.00	0.06	0.02	0.01	0.02	0.05	0.24	0.44	0.47	0.37	1.40	3.77	0.0000	0.0006	0.0001	0.0001	0.0000	0.0000	0.0027	0.0048	0.0024	0.0019	0.0030	0.0000	66.01	0.02
1991-11-29	Perennial Ryegrass	0.08	160.99	0.22	0.88	0.85	3.02	0	3	0.38	650.00	0.00	1.19	1.08	0.00	0.00	0.00	0.00	0.00	0.00	0.00	0.00	0.00	0.00	0.00	0.00	0.00	0.00	0.00	0.00	0.00	0.00	0.00	0.00	0.00	0.00	0.00	0.00	5.8	13.0	14.2	23.1	39.2	50.2	145.47	0.000	0.001	0.016	0.034	0.050	0.000	0.2390	0.5885	0.0731	1.0000	1.0000	0.3106	0.16	6.62	6.78	0.00	0.06	0.02	0.01	0.02	0.05	0.18	0.44	0.47	0.37	1.40	3.77	0.0000	0.0006	0.0001	0.0001	0.0000	0.0000	0.0014	0.0047	0.0023	0.0018	0.0030	0.0000	65.90	0.02
1991-11-30	Perennial Ryegrass	0.08	160.32	0.21	0.88	0.85	3.02	0	3	0.36	650.00	0.00	0.95	0.86	0.00	0.00	0.00	0.00	0.00	0.00	0.00	0.00	0.00	0.00	0.00	0.00	0.00	0.00	0.00	0.00	0.00	0.00	0.00	0.00	0.00	0.00	0.00	0.00	5.1	13.0	14.2	23.0	39.2	50.2	144.66	0.000	0.001	0.015	0.033	0.049	0.000	0.2192	0.4973	0.2084	0.9999	1.0000	0.1727	0.16	6.59	6.75	0.00	0.06	0.02	0.01	0.02	0.05	0.16	0.43	0.47	0.37	1.40	3.77	0.0000	0.0006	0.0001	0.0001	0.0000	0.0000	0.0007	0.0046	0.0023	0.0018	0.0029	0.0000	65.77	0.02
1991-12-01	Perennial Ryegrass	0.08	157.90	0.19	0.88	0.85	3.02	0	3	0.34	650.00	0.00	0.96	0.88	0.00	0.00	0.00	0.00	0.00	0.00	0.00	0.00	0.00	0.00	0.00	0.00	0.00	0.00	0.00	0.00	0.00	0.00	0.00	0.00	0.00	0.00	0.00	0.00	3.7	13.0	14.2	23.0	39.2	50.1	143.22	0.000	0.001	0.014	0.032	0.048	0.000	0.2087	0.3085	0.1255	0.9999	1.0000	0.2910	0.16	6.56	6.71	0.00	0.06	0.02	0.01	0.02	0.05	0.12	0.43	0.47	0.37	1.40	3.77	0.0000	0.0006	0.0001	0.0001	0.0000	0.0000	0.0004	0.0046	0.0023	0.0018	0.0029	0.0000	65.60	0.02
1991-12-02	Perennial Ryegrass	0.07	153.80	0.18	0.88	0.86	3.02	0	3	0.30	650.00	0.00	0.97	0.89	0.00	0.00	0.00	0.00	0.00	0.00	0.00	0.00	0.00	0.00	0.00	0.00	0.00	0.00	0.00	0.00	0.00	0.00	0.00	0.00	0.00	0.00	0.00	0.00	3.1	13.0	14.2	23.0	39.1	50.1	142.49	0.000	0.001	0.013	0.031	0.046	0.000	0.1946	0.3017	0.1189	0.9999	1.0000	0.3458	0.16	6.51	6.67	0.00	0.05	0.02	0.01	0.01	0.05	0.08	0.42	0.47	0.37	1.40	3.77	0.0000	0.0006	0.0001	0.0001	0.0000	0.0000	0.0001	0.0045	0.0022	0.0018	0.0028	0.0000	65.48	0.02
1991-12-03	Perennial Ryegrass	0.08	160.67	0.16	0.88	0.86	3.02	0	3	0.28	650.00	0.00	0.90	0.84	0.00	0.00	0.00	0.00	0.00	0.00	0.00	0.00	0.00	0.00	0.00	0.00	0.00	0.00	0.00	0.00	0.00	0.00	0.00	0.00	0.00	0.00	0.00	0.00	2.6	13.0	14.2	23.0	39.1	50.1	141.92	0.000	0.001	0.012	0.030	0.045	0.000	0.1777	0.3582	0.1259	0.9999	1.0000	0.3382	0.15	6.47	6.62	0.00	0.05	0.02	0.01	0.01	0.05	0.04	0.42	0.46	0.37	1.40	3.77	0.0000	0.0006	0.0001	0.0001	0.0000	0.0000	0.0000	0.0044	0.0022	0.0018	0.0028	0.0000	65.32	0.02
1991-12-04	Perennial Ryegrass	0.08	158.41	0.15	0.88	0.86	3.02	0	3	0.25	650.00	0.00	0.84	0.79	0.00	0.00	0.00	0.00	0.00	0.00	0.00	0.00	0.00	0.00	0.00	0.00	0.00	0.00	0.00	0.00	0.00	0.00	0.00	0.00	0.00	0.00	0.00	0.00	2.2	13.0	14.1	23.0	39.1	50.0	141.43	0.000	0.001	0.011	0.029	0.044	0.000	0.1631	0.5218	0.0938	0.9999	1.0000	0.2814	0.15	6.43	6.58	0.00	0.05	0.02	0.01	0.01	0.05	0.01	0.41	0.46	0.37	1.40	3.77	0.0000	0.0006	0.0001	0.0001	0.0000	0.0000	0.0000	0.0044	0.0021	0.0017	0.0028	0.0000	65.10	0.02
1991-12-05	Perennial Ryegrass	0.08	160.29	0.14	0.88	0.86	3.02	0	3	0.24	650.00	0.00	0.78	0.73	0.00	0.00	0.00	0.00	0.00	0.00	0.00	0.00	0.00	0.00	0.00	0.00	0.00	0.00	0.00	0.00	0.00	0.00	0.00	0.00	0.00	0.00	0.00	0.00	2.2	13.0	14.1	23.0	39.1	50.0	141.34	0.000	0.001	0.010	0.028	0.043	0.000	0.1503	0.2613	0.1713	0.9999	1.0000	0.2979	0.15	6.42	6.57	0.00	0.05	0.02	0.01	0.01	0.05	0.00	0.41	0.46	0.37	1.40	3.78	0.0000	0.0006	0.0001	0.0001	0.0000	0.0000	0.0000	0.0043	0.0021	0.0017	0.0027	0.0000	64.82	0.02
1991-12-06	Perennial Ryegrass	0.08	163.99	0.13	0.88	0.86	3.02	0	3	0.22	650.00	0.00	0.75	0.71	0.00	0.00	0.00	0.00	0.00	0.00	0.00	0.00	0.00	0.00	0.00	0.00	0.00	0.00	0.00	0.00	0.00	0.00	0.00	0.00	0.00	0.00	0.00	0.00	2.2	13.0	14.1	22.9	39.0	49.9	141.25	0.000	0.001	0.009	0.028	0.042	0.000	0.1401	0.3353	0.1492	0.9999	1.0000	0.2956	0.15	6.41	6.56	0.00	0.05	0.02	0.01	0.01	0.05	0.00	0.41	0.46	0.37	1.40	3.78	0.0000	0.0006	0.0001	0.0000	0.0000	0.0000	0.0000	0.0043	0.0021	0.0017	0.0027	0.0000	64.70	0.02
1991-12-07	Perennial Ryegrass	0.08	167.70	0.12	0.88	0.86	3.03	0	3	0.20	650.00	0.00	0.78	0.74	0.00	0.00	0.00	0.00	0.00	0.00	0.00	0.00	0.00	0.00	0.00	0.00	0.00	0.00	0.00	0.00	0.00	0.00	0.00	0.00	0.00	0.00	0.00	0.00	2.2	13.0	14.1	22.9	39.0	49.9	141.17	0.000	0.001	0.008	0.027	0.041	0.000	0.1303	0.3828	0.1393	0.9999	1.0000	0.3247	0.15	6.41	6.56	0.00	0.05	0.02	0.01	0.01	0.05	0.00	0.40	0.46	0.37	1.40	3.78	0.0000	0.0006	0.0001	0.0000	0.0000	0.0000	0.0000	0.0042	0.0020	0.0017	0.0027	0.0000	64.56	0.02
1991-12-08	Perennial Ryegrass	0.08	171.43	0.11	0.88	0.86	3.03	0	3	0.18	650.00	0.00	0.77	0.74	0.00	0.00	0.00	0.00	0.00	0.00	0.00	0.00	0.00	0.00	0.00	0.00	0.00	0.00	0.00	0.00	0.00	0.00	0.00	0.00	0.00	0.00	0.00	0.00	2.2	13.0	14.1	22.9	39.0	49.9	141.08	0.000	0.001	0.008	0.026	0.041	0.000	0.1182	0.3047	0.1287	1.0000	1.0000	0.4246	0.15	6.41	6.55	0.00	0.05	0.02	0.01	0.01	0.05	0.00	0.40	0.46	0.37	1.40	3.78	0.0000	0.0006	0.0001	0.0000	0.0000	0.0000	0.0000	0.0041	0.0020	0.0017	0.0026	0.0000	64.44	0.02
1991-12-09	Perennial Ryegrass	0.08	175.19	0.09	0.88	0.87	3.03	0	3	0.16	650.00	0.00	0.73	0.70	0.00	0.00	0.00	0.00	0.00	0.00	0.00	0.00	0.00	0.00	0.00	0.00	0.00	0.00	0.00	0.00	0.00	0.00	0.00	0.00	0.00	0.00	0.00	0.00	2.2	13.0	14.1	22.9	39.0	49.8	141.00	0.000	0.001	0.007	0.026	0.040	0.000	0.1057	0.2855	0.1281	1.0000	1.0000	0.4992	0.14	6.40	6.55	0.00	0.05	0.02	0.01	0.01	0.05	0.00	0.39	0.46	0.37	1.41	3.78	0.0000	0.0005	0.0001	0.0000	0.0000	0.0000	0.0000	0.0041	0.0020	0.0017	0.0026	0.0000	64.31	0.02
1991-12-10	Perennial Ryegrass	0.15	325.94	0.08	0.89	0.88	3.03	0	3	0.14	650.00	0.00	0.74	0.71	0.00	0.00	0.00	0.00	0.00	0.00	0.00	0.00	0.00	0.00	0.00	0.00	0.00	0.00	0.00	0.00	0.00	0.00	0.00	0.00	0.00	0.00	0.00	0.00	27.5	19.6	14.8	22.9	38.9	49.8	173.46	0.000	0.001	0.006	0.025	0.039	0.000	0.0948	0.5852	0.2665	1.0000	1.0000	0.4387	0.29	6.49	6.78	0.12	0.08	0.02	0.01	0.01	0.05	0.05	0.40	0.47	0.37	1.41	3.79	0.0000	0.0008	0.0001	0.0000	0.0000	0.0000	0.0000	0.0042	0.0020	0.0017	0.0026	0.0000	63.53	0.02
1991-12-11	Perennial Ryegrass	0.15	316.56	0.08	0.85	0.84	3.03	0	3	0.13	650.00	0.00	0.79	0.77	0.00	0.00	0.00	0.00	0.00	0.00	0.00	0.00	0.00	0.00	0.00	0.00	0.00	0.00	0.00	0.00	0.00	0.00	0.00	0.00	0.00	0.00	0.00	0.00	22.4	21.4	17.0	23.0	39.0	49.7	172.49	0.226	0.085	0.010	0.005	0.007	0.000	0.0849	1.0000	1.0000	1.0000	1.0000	0.2492	0.29	6.53	6.82	0.08	0.09	0.04	0.01	0.01	0.05	0.06	0.38	0.52	0.37	1.41	3.79	0.0535	0.0053	0.0002	0.0000	0.0000	0.0000	0.0342	0.0219	0.0028	0.0014	0.0018	0.0000	61.94	0.02
1991-12-12	Perennial Ryegrass	0.17	381.03	0.08	0.86	0.85	3.03	0	3	0.13	650.00	0.00	0.75	0.72	0.00	0.00	0.00	0.00	0.00	0.00	0.00	0.00	0.00	0.00	0.00	0.00	0.00	0.00	0.00	0.00	0.00	0.00	0.00	0.00	0.00	0.00	0.00	0.00	24.3	23.5	19.9	23.1	39.0	49.7	179.36	0.068	0.046	0.017	0.002	0.003	0.000	0.0809	1.0000	1.0000	1.0000	1.0000	0.3989	0.30	6.56	6.87	0.08	0.09	0.06	0.01	0.01	0.05	0.06	0.34	0.57	0.37	1.41	3.80	0.0230	0.0078	0.0005	0.0000	0.0000	0.0000	0.0164	0.0278	0.0054	0.0014	0.0017	0.0000	59.15	0.02
1991-12-13	Perennial Ryegrass	0.21	460.13	0.07	0.85	0.84	3.03	0	3	0.12	650.00	0.00	0.70	0.67	0.00	0.00	0.00	0.00	0.00	0.00	0.00	0.00	0.00	0.00	0.00	0.00	0.00	0.00	0.00	0.00	0.00	0.00	0.00	0.00	0.00	0.00	0.00	0.00	28.0	26.2	22.5	25.3	39.0	49.7	190.60	0.070	0.051	0.029	0.002	0.003	0.000	0.0777	1.0000	1.0000	0.9999	1.0000	0.4774	0.28	6.55	6.83	0.05	0.09	0.06	0.01	0.01	0.05	0.04	0.29	0.57	0.43	1.41	3.80	0.0197	0.0112	0.0012	0.0001	0.0000	0.0000	0.0137	0.0341	0.0103	0.0017	0.0017	0.0000	57.99	0.02
1991-12-14	Perennial Ryegrass	0.20	447.59	0.07	0.82	0.81	3.03	0	2	0.11	650.00	0.00	0.63	0.61	0.00	0.00	0.00	0.00	0.00	0.00	0.00	0.00	0.00	0.00	0.00	0.00	0.00	0.00	0.00	0.00	0.00	0.00	0.00	0.00	0.00	0.00	0.00	0.00	22.8	25.9	23.8	28.6	39.0	49.6	189.70	0.065	0.048	0.031	0.009	0.002	0.000	0.0740	0.5803	1.0000	0.9999	1.0000	0.5069	0.27	6.49	6.77	0.04	0.08	0.07	0.02	0.01	0.05	0.01	0.22	0.54	0.51	1.42	3.81	0.0298	0.0166	0.0021	0.0001	0.0000	0.0000	0.0047	0.0427	0.0159	0.0028	0.0017	0.0000	56.05	0.02
1991-12-15	Perennial Ryegrass	0.20	441.51	0.06	0.82	0.81	3.03	0	2	0.10	650.00	0.00	0.55	0.53	0.00	0.00	0.00	0.00	0.00	0.00	0.00	0.00	0.00	0.00	0.00	0.00	0.00	0.00	0.00	0.00	0.00	0.00	0.00	0.00	0.00	0.00	0.00	0.00	18.8	24.4	23.9	32.0	39.1	49.6	187.68	0.157	0.158	0.120	0.064	0.007	0.000	0.0688	0.8598	1.0000	0.9999	1.0000	0.1876	0.29	6.47	6.76	0.06	0.08	0.07	0.03	0.01	0.05	0.01	0.17	0.48	0.57	1.42	3.81	0.0169	0.0150	0.0029	0.0003	0.0000	0.0000	0.0025	0.0324	0.0193	0.0055	0.0018	0.0000	54.20	0.02
1991-12-16	Perennial Ryegrass	0.19	432.71	0.06	0.82	0.81	3.03	0	2	0.10	650.00	0.00	0.51	0.50	0.00	0.00	0.00	0.00	0.00	0.00	0.00	0.00	0.00	0.00	0.00	0.00	0.00	0.00	0.00	0.00	0.00	0.00	0.00	0.00	0.00	0.00	0.00	0.00	17.1	22.6	23.7	34.4	39.2	49.5	186.61	0.035	0.046	0.040	0.033	0.003	0.000	0.0627	0.4658	1.0000	0.9999	1.0000	0.5347	0.31	6.46	6.77	0.07	0.08	0.07	0.03	0.01	0.05	0.01	0.15	0.45	0.62	1.42	3.81	0.0103	0.0111	0.0029	0.0004	0.0000	0.0000	0.0016	0.0206	0.0170	0.0079	0.0017	0.0000	54.09	0.02
1991-12-17	Perennial Ryegrass	0.19	423.30	0.06	0.82	0.81	3.04	0	2	0.09	650.00	0.00	0.48	0.47	0.00	0.00	0.00	0.00	0.00	0.00	0.00	0.00	0.00	0.00	0.00	0.00	0.00	0.00	0.00	0.00	0.00	0.00	0.00	0.00	0.00	0.00	0.00	0.00	17.0	20.7	23.1	35.5	40.2	49.5	185.83	0.049	0.065	0.066	0.069	0.005	0.000	0.0588	1.0000	1.0000	0.9999	1.0000	0.3575	0.34	6.49	6.83	0.08	0.09	0.08	0.04	0.01	0.05	0.01	0.15	0.43	0.64	1.44	3.81	0.0016	0.0017	0.0006	0.0001	0.0000	0.0000	0.0003	0.0027	0.0031	0.0021	0.0004	0.0000	53.97	0.02
1991-12-18	Perennial Ryegrass	0.20	453.12	0.05	0.82	0.81	3.04	0	2	0.09	650.00	0.00	0.46	0.45	0.00	0.00	0.00	0.00	0.00	0.00	0.00	0.00	0.00	0.00	0.00	0.00	0.00	0.00	0.00	0.00	0.00	0.00	0.00	0.00	0.00	0.00	0.00	0.00	18.5	20.8	22.6	36.0	41.4	49.5	188.75	0.024	0.027	0.032	0.039	0.004	0.000	0.0559	1.0000	1.0000	0.9998	1.0000	0.3159	0.35	6.51	6.86	0.07	0.09	0.08	0.04	0.02	0.05	0.02	0.15	0.40	0.65	1.47	3.82	0.0062	0.0051	0.0021	0.0006	0.0000	0.0000	0.0019	0.0077	0.0104	0.0093	0.0016	0.0000	53.61	0.02
1991-12-19	Perennial Ryegrass	0.20	438.37	0.05	0.81	0.80	3.04	0	2	0.08	650.00	0.00	0.42	0.42	0.00	0.00	0.00	0.00	0.00	0.00	0.00	0.00	0.00	0.00	0.00	0.00	0.00	0.00	0.00	0.00	0.00	0.00	0.00	0.00	0.00	0.00	0.00	0.00	16.8	20.0	22.1	36.0	42.7	49.4	187.00	0.063	0.058	0.063	0.086	0.014	0.000	0.0539	0.4515	1.0000	0.9998	1.0000	0.4096	0.38	6.54	6.91	0.08	0.10	0.08	0.05	0.02	0.05	0.02	0.15	0.40	0.65	1.50	3.82	0.0016	0.0012	0.0004	0.0001	0.0000	0.0000	0.0003	0.0017	0.0019	0.0021	0.0004	0.0000	53.30	0.02
1991-12-20	Perennial Ryegrass	0.19	423.42	0.05	0.81	0.80	0.00	0	2	0.08	650.00	0.00	0.38	0.38	0.00	0.00	0.00	0.00	0.00	0.00	0.00	0.00	0.00	0.00	0.00	0.00	0.00	0.00	0.00	0.00	0.00	0.00	0.00	0.00	0.00	0.00	0.00	0.00	15.5	19.2	21.4	35.8	43.8	49.4	185.13	0.059	0.061	0.070	0.101	0.023	0.000	0.0512	0.4781	1.0000	0.9998	1.0000	0.3565	0.40	6.56	6.96	0.08	0.11	0.09	0.05	0.02	0.04	0.01	0.16	0.39	0.65	1.52	3.82	0.0040	0.0033	0.0012	0.0005	0.0000	0.0000	0.0007	0.0047	0.0054	0.0065	0.0015	0.0000	52.38	0.02
1991-12-21	Perennial Ryegrass	0.19	419.28	0.05	0.81	0.80	0.01	0	2	0.08	650.00	0.00	-5.69	4.55	0.00	0.00	0.00	0.00	0.00	0.00	0.00	0.00	0.00	0.00	0.00	0.00	0.00	0.00	0.00	0.00	0.00	0.00	0.00	0.00	0.00	0.00	0.00	0.00	15.4	18.9	20.9	35.6	44.7	49.4	184.86	0.000	0.000	0.000	0.000	0.000	0.000	0.0479	1.0000	0.1099	0.9998	0.1099	1.0000	0.43	6.62	7.04	0.09	0.12	0.09	0.05	0.03	0.04	0.02	0.18	0.40	0.65	1.54	3.83	0.0000	0.0000	0.0000	0.0000	0.0000	0.0000	0.0000	0.0000	0.0000	0.0000	0.0000	0.0000	52.28	0.02
1991-12-22	Perennial Ryegrass	0.18	402.25	0.05	0.81	0.80	0.01	0	2	0.08	650.00	0.00	-3.28	4.31	0.00	0.00	0.00	0.00	0.00	0.00	0.00	0.00	0.00	0.00	0.00	0.00	0.00	0.00	0.00	0.00	0.00	0.00	0.00	0.00	0.00	0.00	0.00	0.00	14.3	18.8	20.4	35.3	45.3	49.4	183.50	0.004	0.004	0.005	0.008	0.003	0.000	0.0484	1.0000	0.2103	0.9998	0.2103	1.0000	0.44	6.66	7.10	0.09	0.12	0.09	0.05	0.03	0.04	0.02	0.20	0.40	0.65	1.56	3.83	0.0071	0.0057	0.0019	0.0009	0.0001	0.0000	0.0015	0.0088	0.0079	0.0110	0.0031	0.0000	52.27	0.02
1991-12-23	Perennial Ryegrass	0.17	383.89	0.05	0.81	0.80	0.02	0	2	0.08	650.00	0.00	-1.73	4.63	0.00	0.00	0.00	0.00	0.00	0.00	0.00	0.00	0.00	0.00	0.00	0.00	0.00	0.00	0.00	0.00	0.00	0.00	0.00	0.00	0.00	0.00	0.00	0.00	13.4	18.7	20.1	35.0	45.8	49.3	182.31	0.006	0.008	0.009	0.015	0.006	0.000	0.0477	1.0000	0.3150	0.9999	0.3150	1.0000	0.47	6.72	7.20	0.11	0.13	0.10	0.06	0.04	0.04	0.03	0.23	0.41	0.65	1.57	3.84	0.0065	0.0056	0.0018	0.0009	0.0001	0.0000	0.0018	0.0094	0.0072	0.0105	0.0033	0.0000	52.06	0.03
1991-12-24	Perennial Ryegrass	0.17	365.94	0.05	0.81	0.80	0.02	0	2	0.08	650.00	0.00	-0.47	5.71	0.00	0.00	0.00	0.00	0.00	0.00	0.00	0.00	0.00	0.00	0.00	0.00	0.00	0.00	0.00	0.00	0.00	0.00	0.00	0.00	0.00	0.00	0.00	0.00	12.0	18.5	20.0	34.8	46.0	49.3	180.64	0.008	0.014	0.015	0.027	0.011	0.000	0.0469	1.0000	0.4266	0.9999	0.4266	0.9734	0.44	6.82	7.26	0.07	0.13	0.10	0.06	0.04	0.04	0.05	0.26	0.43	0.65	1.58	3.84	0.0032	0.0055	0.0017	0.0009	0.0001	0.0000	0.0024	0.0103	0.0071	0.0102	0.0035	0.0000	52.09	0.03
1991-12-25	Perennial Ryegrass	0.16	352.04	0.05	0.81	0.80	0.03	0	2	0.08	650.00	0.00	-0.22	5.85	0.00	0.00	0.00	0.00	0.00	0.00	0.00	0.00	0.00	0.00	0.00	0.00	0.00	0.00	0.00	0.00	0.00	0.00	0.00	0.00	0.00	0.00	0.00	0.00	10.5	18.4	20.0	34.5	46.1	49.3	178.76	0.009	0.023	0.025	0.045	0.019	0.000	0.0473	0.8662	0.5298	1.0000	0.5298	0.9573	0.41	6.88	7.29	0.02	0.14	0.10	0.06	0.05	0.04	0.03	0.30	0.46	0.65	1.60	3.85	0.0007	0.0054	0.0016	0.0009	0.0001	0.0000	0.0010	0.0113	0.0072	0.0100	0.0037	0.0000	52.15	0.03
1991-12-26	Perennial Ryegrass	0.16	344.75	0.05	0.81	0.80	0.03	0	2	0.08	650.00	0.00	-0.17	5.80	0.00	0.00	0.00	0.00	0.00	0.00	0.00	0.00	0.00	0.00	0.00	0.00	0.00	0.00	0.00	0.00	0.00	0.00	0.00	0.00	0.00	0.00	0.00	0.00	9.1	18.3	20.0	34.3	46.1	49.3	177.01	0.002	0.027	0.030	0.052	0.023	0.000	0.0477	0.7906	0.6195	1.0000	0.6195	0.9554	0.39	6.96	7.35	0.00	0.14	0.10	0.06	0.05	0.04	0.00	0.35	0.49	0.66	1.61	3.86	0.0000	0.0052	0.0016	0.0009	0.0001	0.0000	0.0000	0.0125	0.0076	0.0097	0.0038	0.0000	52.19	0.03
1991-12-27	Perennial Ryegrass	0.16	357.64	0.05	0.81	0.80	0.03	0	2	0.08	650.00	0.00	0.93	6.74	0.00	0.00	0.00	0.00	0.00	0.00	0.00	0.00	0.00	0.00	0.00	0.00	0.00	0.00	0.00	0.00	0.00	0.00	0.00	0.00	0.00	0.00	0.00	0.00	8.4	18.1	19.9	34.1	46.1	49.3	175.89	0.000	0.046	0.052	0.089	0.041	0.000	0.0488	0.8161	0.7092	1.0000	0.7092	0.9019	0.39	7.10	7.49	0.00	0.14	0.10	0.06	0.06	0.04	0.00	0.41	0.53	0.67	1.63	3.87	0.0000	0.0050	0.0016	0.0009	0.0001	0.0000	0.0000	0.0141	0.0085	0.0099	0.0041	0.0000	52.19	0.02
1991-12-28	Perennial Ryegrass	0.16	359.77	0.05	0.81	0.79	0.04	0	2	0.09	650.00	0.00	2.20	6.88	0.00	0.00	0.00	0.00	0.00	0.00	0.00	0.00	0.00	0.00	0.00	0.00	0.00	0.00	0.00	0.00	0.00	0.00	0.00	0.00	0.00	0.00	0.00	0.00	7.7	17.9	20.0	33.9	46.1	49.2	174.86	0.000	0.032	0.037	0.062	0.029	0.000	0.0503	1.0000	0.7694	1.0000	0.7694	0.7799	0.39	7.23	7.63	0.00	0.14	0.10	0.06	0.06	0.04	0.00	0.46	0.57	0.68	1.64	3.88	0.0000	0.0047	0.0015	0.0009	0.0001	0.0000	0.0000	0.0150	0.0086	0.0094	0.0038	0.0000	52.23	0.02
1991-12-29	Perennial Ryegrass	0.17	361.74	0.06	0.81	0.79	0.04	0	2	0.10	650.00	0.00	2.46	6.93	0.00	0.00	0.00	0.00	0.00	0.00	0.00	0.00	0.00	0.00	0.00	0.00	0.00	0.00	0.00	0.00	0.00	0.00	0.00	0.00	0.00	0.00	0.00	0.00	7.2	17.8	20.0	33.6	46.1	49.2	173.95	0.000	0.032	0.039	0.063	0.030	0.000	0.0549	1.0000	0.8117	1.0000	0.8117	0.7537	0.40	7.34	7.75	0.00	0.14	0.10	0.06	0.06	0.04	0.00	0.51	0.60	0.69	1.66	3.89	0.0000	0.0045	0.0015	0.0009	0.0001	0.0000	0.0000	0.0157	0.0089	0.0092	0.0038	0.0000	52.08	0.02
1991-12-30	Perennial Ryegrass	0.17	363.60	0.07	0.81	0.79	0.04	0	2	0.11	650.00	0.00	1.97	6.87	0.00	0.00	0.00	0.00	0.00	0.00	0.00	0.00	0.00	0.00	0.00	0.00	0.00	0.00	0.00	0.00	0.00	0.00	0.00	0.00	0.00	0.00	0.00	0.00	7.0	17.7	20.0	33.4	46.1	49.2	173.34	0.000	0.027	0.033	0.053	0.025	0.000	0.0613	1.0000	0.8433	1.0000	0.8433	0.8111	0.41	7.42	7.84	0.00	0.15	0.10	0.06	0.06	0.04	0.00	0.54	0.62	0.70	1.67	3.89	0.0000	0.0044	0.0015	0.0008	0.0001	0.0000	0.0000	0.0157	0.0090	0.0088	0.0037	0.0000	52.14	0.02
1991-12-31	Perennial Ryegrass	0.21	480.98	0.08	0.82	0.81	0.05	0	2	0.13	650.00	0.00	2.59	6.91	0.00	0.00	0.00	0.00	0.00	0.00	0.00	0.00	0.00	0.00	0.00	0.00	0.00	0.00	0.00	0.00	0.00	0.00	0.00	0.00	0.00	0.00	0.00	0.00	27.5	22.6	21.4	34.3	46.0	49.2	200.90	0.000	0.044	0.056	0.087	0.043	0.000	0.0695	1.0000	0.8706	1.0000	0.8706	0.7412	0.52	7.52	8.04	0.10	0.15	0.10	0.06	0.06	0.04	0.03	0.51	0.66	0.73	1.68	3.90	0.0007	0.0043	0.0016	0.0009	0.0002	0.0000	0.0002	0.0146	0.0099	0.0093	0.0040	0.0000	51.54	0.02
1992-01-01	Perennial Ryegrass	0.21	460.58	0.08	0.78	0.76	0.05	0	2	0.14	650.00	0.00	5.88	9.59	0.00	0.00	0.00	0.00	0.00	0.00	0.00	0.00	0.00	0.00	0.00	0.00	0.00	0.00	0.00	0.00	0.00	0.00	0.00	0.00	0.00	0.00	0.00	0.00	21.9	23.6	22.6	35.4	46.7	49.2	199.30	0.103	0.056	0.043	0.059	0.027	0.000	0.0776	0.6555	0.8999	1.0000	0.8999	0.6738	0.49	7.54	8.02	0.07	0.14	0.10	0.07	0.07	0.04	0.02	0.46	0.68	0.78	1.71	3.91	0.0286	0.0108	0.0020	0.0009	0.0001	0.0000	0.0064	0.0336	0.0125	0.0100	0.0036	0.0000	51.40	0.02
1992-01-02	Perennial Ryegrass	0.20	447.35	0.09	0.78	0.76	0.05	0	2	0.15	650.00	0.00	6.50	9.42	0.00	0.00	0.00	0.00	0.00	0.00	0.00	0.00	0.00	0.00	0.00	0.00	0.00	0.00	0.00	0.00	0.00	0.00	0.00	0.00	0.00	0.00	0.00	0.00	18.2	22.8	23.1	36.1	47.9	49.2	197.20	0.116	0.104	0.085	0.108	0.049	0.000	0.0840	0.6096	0.9210	1.0000	0.9210	0.5650	0.50	7.56	8.06	0.09	0.14	0.10	0.07	0.07	0.04	0.02	0.41	0.67	0.81	1.74	3.91	0.0160	0.0125	0.0026	0.0010	0.0002	0.0000	0.0036	0.0360	0.0162	0.0121	0.0044	0.0000	49.16	0.02
1992-01-03	Perennial Ryegrass	0.20	444.04	0.10	0.79	0.76	0.06	0	2	0.16	650.00	0.00	5.45	8.93	0.00	0.00	0.00	0.00	0.00	0.00	0.00	0.00	0.00	0.00	0.00	0.00	0.00	0.00	0.00	0.00	0.00	0.00	0.00	0.00	0.00	0.00	0.00	0.00	17.2	21.8	22.9	36.6	49.3	49.2	196.98	0.065	0.078	0.072	0.093	0.045	0.000	0.0897	0.5862	0.9381	1.0000	0.9381	0.6488	0.52	7.60	8.12	0.11	0.13	0.10	0.07	0.07	0.04	0.03	0.38	0.65	0.83	1.78	3.92	0.0104	0.0105	0.0027	0.0011	0.0002	0.0000	0.0027	0.0288	0.0165	0.0129	0.0047	0.0000	49.20	0.02
1992-01-04	Perennial Ryegrass	0.21	463.75	0.10	0.79	0.76	0.06	0	2	0.17	650.00	0.00	6.03	8.42	0.00	0.00	0.00	0.00	0.00	0.00	0.00	0.00	0.00	0.00	0.00	0.00	0.00	0.00	0.00	0.00	0.00	0.00	0.00	0.00	0.00	0.00	0.00	0.00	19.2	21.8	22.8	36.8	50.8	49.2	200.67	0.063	0.077	0.077	0.105	0.056	0.000	0.0964	1.0000	0.9487	1.0000	0.9487	0.4869	0.52	7.65	8.17	0.11	0.13	0.10	0.07	0.07	0.04	0.03	0.37	0.64	0.85	1.83	3.93	0.0088	0.0086	0.0026	0.0011	0.0002	0.0000	0.0024	0.0228	0.0157	0.0137	0.0055	0.0000	49.03	0.02
1992-01-05	Perennial Ryegrass	0.22	489.04	0.11	0.78	0.75	0.07	0	2	0.19	650.00	0.00	5.86	8.41	0.00	0.00	0.00	0.00	0.00	0.00	0.00	0.00	0.00	0.00	0.00	0.00	0.00	0.00	0.00	0.00	0.00	0.00	0.00	0.00	0.00	0.00	0.00	0.00	21.0	22.6	23.1	37.1	52.5	49.3	205.52	0.053	0.051	0.051	0.071	0.042	0.000	0.1049	0.6977	0.9570	1.0000	0.9570	0.5167	0.52	7.71	8.22	0.11	0.13	0.10	0.07	0.07	0.04	0.03	0.36	0.63	0.87	1.88	3.94	0.0116	0.0084	0.0024	0.0011	0.0002	0.0000	0.0032	0.0212	0.0146	0.0135	0.0058	0.0000	48.50	0.02
1992-01-06	Perennial Ryegrass	0.21	466.67	0.12	0.76	0.73	0.08	0	2	0.20	650.00	0.00	7.54	8.92	0.00	0.00	0.00	0.00	0.00	0.00	0.00	0.00	0.00	0.00	0.00	0.00	0.00	0.00	0.00	0.00	0.00	0.00	0.00	0.00	0.00	0.00	0.00	0.00	17.6	22.0	23.0	37.1	54.0	49.5	203.22	0.153	0.134	0.127	0.174	0.115	0.000	0.1126	0.6734	0.9644	1.0000	0.9644	0.3447	0.52	7.74	8.26	0.11	0.13	0.10	0.07	0.07	0.04	0.03	0.34	0.62	0.88	1.92	3.95	0.0154	0.0099	0.0028	0.0012	0.0003	0.0000	0.0041	0.0241	0.0161	0.0155	0.0084	0.0000	47.76	0.02
1992-01-07	Perennial Ryegrass	0.20	442.96	0.12	0.76	0.73	0.08	0	2	0.21	650.00	0.00	6.50	8.33	0.00	0.00	0.00	0.00	0.00	0.00	0.00	0.00	0.00	0.00	0.00	0.00	0.00	0.00	0.00	0.00	0.00	0.00	0.00	0.00	0.00	0.00	0.00	0.00	16.4	20.4	22.5	37.0	54.8	50.3	201.31	0.084	0.098	0.098	0.137	0.100	0.000	0.1181	0.5728	0.9703	1.0000	0.9703	0.4147	0.52	7.77	8.29	0.11	0.14	0.10	0.07	0.07	0.04	0.03	0.33	0.60	0.88	1.94	3.99	0.0092	0.0087	0.0026	0.0012	0.0003	0.0000	0.0023	0.0202	0.0147	0.0149	0.0086	0.0000	46.76	0.02
1992-01-08	Perennial Ryegrass	0.21	481.55	0.13	0.77	0.74	0.09	0	2	0.22	650.00	0.00	6.53	7.81	0.00	0.00	0.00	0.00	0.00	0.00	0.00	0.00	0.00	0.00	0.00	0.00	0.00	0.00	0.00	0.00	0.00	0.00	0.00	0.00	0.00	0.00	0.00	0.00	21.1	21.8	22.5	36.9	55.3	51.4	208.92	0.083	0.096	0.110	0.161	0.125	0.000	0.1240	1.0000	0.9751	1.0000	0.9751	0.3263	0.52	7.80	8.31	0.10	0.14	0.10	0.07	0.07	0.04	0.02	0.32	0.59	0.89	1.94	4.04	0.0065	0.0065	0.0024	0.0012	0.0004	0.0000	0.0014	0.0145	0.0134	0.0150	0.0096	0.0000	46.44	0.02
1992-01-09	Perennial Ryegrass	0.24	551.59	0.14	0.76	0.72	0.10	0	2	0.23	650.00	0.00	6.56	7.96	0.00	0.00	0.00	0.00	0.00	0.00	0.00	0.00	0.00	0.00	0.00	0.00	0.00	0.00	0.00	0.00	0.00	0.00	0.00	0.00	0.00	0.00	0.00	0.00	33.2	27.4	24.8	37.8	55.9	52.9	231.89	0.112	0.088	0.086	0.124	0.100	0.000	0.1312	1.0000	0.9786	0.9999	0.9786	0.3530	0.49	7.82	8.31	0.07	0.13	0.10	0.07	0.07	0.04	0.02	0.28	0.58	0.90	1.95	4.10	0.0102	0.0081	0.0023	0.0011	0.0003	0.0000	0.0021	0.0163	0.0127	0.0144	0.0091	0.0000	45.99	0.02
1992-01-10	Perennial Ryegrass	0.25	565.46	0.15	0.73	0.68	0.10	0	2	0.25	650.00	0.00	8.61	10.62	0.00	0.00	0.00	0.00	0.00	0.00	0.00	0.00	0.00	0.00	0.00	0.00	0.00	0.00	0.00	0.00	0.00	0.00	0.00	0.00	0.00	0.00	0.00	0.00	28.2	28.7	26.7	39.1	56.9	55.0	234.55	0.116	0.072	0.054	0.065	0.051	0.000	0.1391	1.0000	0.9818	0.9999	0.9818	0.4961	0.45	7.82	8.27	0.05	0.12	0.10	0.07	0.07	0.04	0.01	0.23	0.54	0.92	1.95	4.17	0.0378	0.0185	0.0032	0.0011	0.0003	0.0000	0.0075	0.0335	0.0166	0.0147	0.0082	0.0000	44.68	0.02
1992-01-11	Perennial Ryegrass	0.24	556.94	0.16	0.72	0.66	0.11	0	2	0.27	650.00	0.00	9.22	10.63	0.00	0.00	0.00	0.00	0.00	0.00	0.00	0.00	0.00	0.00	0.00	0.00	0.00	0.00	0.00	0.00	0.00	0.00	0.00	0.00	0.00	0.00	0.00	0.00	21.8	27.3	27.3	40.1	57.9	57.7	232.12	0.174	0.150	0.122	0.136	0.103	0.000	0.1508	0.4661	0.9849	0.9999	0.9849	0.4091	0.46	7.82	8.27	0.07	0.11	0.10	0.07	0.07	0.05	0.02	0.18	0.49	0.91	1.95	4.27	0.0267	0.0204	0.0043	0.0013	0.0004	0.0000	0.0054	0.0331	0.0210	0.0173	0.0098	0.0000	42.89	0.02
1992-01-12	Perennial Ryegrass	0.24	543.50	0.16	0.72	0.66	0.12	0	2	0.28	650.00	0.00	8.53	9.68	0.00	0.00	0.00	0.00	0.00	0.00	0.00	0.00	0.00	0.00	0.00	0.00	0.00	0.00	0.00	0.00	0.00	0.00	0.00	0.00	0.00	0.00	0.00	0.00	18.1	25.0	26.7	40.4	58.6	59.7	228.53	0.148	0.181	0.168	0.190	0.143	0.000	0.1573	0.5695	0.9877	0.9999	0.9877	0.3646	0.47	7.73	8.20	0.09	0.10	0.09	0.07	0.07	0.05	0.02	0.16	0.44	0.89	1.93	4.30	0.0143	0.0157	0.0046	0.0014	0.0004	0.0000	0.0030	0.0232	0.0208	0.0188	0.0111	0.0000	42.37	0.02
1992-01-13	Perennial Ryegrass	0.23	523.77	0.17	0.72	0.66	0.12	0	2	0.29	650.00	0.00	8.35	9.10	0.00	0.00	0.00	0.00	0.00	0.00	0.00	0.00	0.00	0.00	0.00	0.00	0.00	0.00	0.00	0.00	0.00	0.00	0.00	0.00	0.00	0.00	0.00	0.00	16.6	21.6	25.3	39.9	58.8	61.1	223.32	0.172	0.253	0.268	0.325	0.249	0.000	0.1639	0.5718	0.9899	1.0000	0.9899	0.2948	0.49	7.60	8.09	0.11	0.11	0.09	0.06	0.07	0.05	0.03	0.15	0.40	0.86	1.90	4.27	0.0099	0.0113	0.0044	0.0016	0.0005	0.0000	0.0025	0.0152	0.0183	0.0204	0.0140	0.0000	42.58	0.02
1992-01-14	Perennial Ryegrass	0.22	499.70	0.17	0.72	0.66	0.13	0	2	0.30	650.00	0.00	7.23	8.42	0.00	0.00	0.00	0.00	0.00	0.00	0.00	0.00	0.00	0.00	0.00	0.00	0.00	0.00	0.00	0.00	0.00	0.00	0.00	0.00	0.00	0.00	0.00	0.00	15.7	20.0	23.6	39.0	58.6	61.8	218.67	0.117	0.154	0.201	0.267	0.212	0.000	0.1693	0.4410	0.9918	1.0000	0.9918	0.3650	0.51	7.48	7.99	0.13	0.12	0.09	0.06	0.07	0.05	0.04	0.17	0.38	0.83	1.87	4.20	0.0085	0.0068	0.0034	0.0015	0.0005	0.0000	0.0025	0.0093	0.0136	0.0182	0.0128	0.0000	42.75	0.02
1992-01-15	Perennial Ryegrass	0.21	475.13	0.18	0.72	0.66	0.13	0	2	0.31	650.00	0.00	7.27	8.14	0.00	0.00	0.00	0.00	0.00	0.00	0.00	0.00	0.00	0.00	0.00	0.00	0.00	0.00	0.00	0.00	0.00	0.00	0.00	0.00	0.00	0.00	0.00	0.00	14.2	19.1	22.2	37.9	58.0	62.0	213.37	0.116	0.142	0.196	0.288	0.240	0.000	0.1745	0.5355	0.9933	1.0000	0.9933	0.3140	0.54	7.40	7.94	0.14	0.13	0.09	0.06	0.07	0.05	0.07	0.20	0.38	0.80	1.83	4.12	0.0081	0.0054	0.0027	0.0014	0.0005	0.0000	0.0041	0.0082	0.0106	0.0169	0.0131	0.0000	42.90	0.02
1992-01-16	Perennial Ryegrass	0.20	456.72	0.19	0.72	0.66	0.14	0	2	0.32	650.00	0.00	7.37	7.96	0.00	0.00	0.00	0.00	0.00	0.00	0.00	0.00	0.00	0.00	0.00	0.00	0.00	0.00	0.00	0.00	0.00	0.00	0.00	0.00	0.00	0.00	0.00	0.00	12.7	18.7	21.2	36.7	57.1	61.7	208.14	0.104	0.152	0.204	0.327	0.283	0.000	0.1799	0.6051	0.9945	1.0000	0.9945	0.2704	0.54	7.38	7.92	0.14	0.13	0.09	0.06	0.07	0.05	0.13	0.24	0.39	0.79	1.80	4.03	0.0060	0.0050	0.0023	0.0013	0.0005	0.0000	0.0054	0.0086	0.0092	0.0159	0.0138	0.0000	43.06	0.02
1992-01-17	Perennial Ryegrass	0.20	444.14	0.19	0.72	0.66	0.14	0	2	0.33	650.00	0.00	7.05	7.66	0.00	0.00	0.00	0.00	0.00	0.00	0.00	0.00	0.00	0.00	0.00	0.00	0.00	0.00	0.00	0.00	0.00	0.00	0.00	0.00	0.00	0.00	0.00	0.00	11.1	18.5	20.3	35.8	56.2	61.3	203.23	0.073	0.153	0.193	0.330	0.296	0.000	0.1851	0.5344	0.9954	1.0000	0.9954	0.2753	0.50	7.35	7.86	0.09	0.14	0.10	0.06	0.07	0.05	0.16	0.28	0.40	0.78	1.77	3.95	0.0029	0.0047	0.0020	0.0012	0.0005	0.0000	0.0050	0.0093	0.0082	0.0148	0.0137	0.0000	43.21	0.02
1992-01-18	Perennial Ryegrass	0.20	435.33	0.19	0.72	0.66	0.15	0	2	0.34	650.00	0.00	6.65	7.44	0.00	0.00	0.00	0.00	0.00	0.00	0.00	0.00	0.00	0.00	0.00	0.00	0.00	0.00	0.00	0.00	0.00	0.00	0.00	0.00	0.00	0.00	0.00	0.00	10.3	18.2	19.9	35.0	55.4	60.6	199.47	0.032	0.154	0.179	0.322	0.295	0.000	0.1900	0.4542	0.9962	1.0000	0.9962	0.3061	0.46	7.33	7.79	0.05	0.14	0.10	0.06	0.07	0.05	0.17	0.32	0.43	0.78	1.76	3.88	0.0009	0.0047	0.0018	0.0012	0.0005	0.0000	0.0033	0.0103	0.0077	0.0139	0.0133	0.0000	43.35	0.02
1992-01-19	Perennial Ryegrass	0.19	428.45	0.20	0.73	0.66	0.15	0	2	0.35	650.00	0.00	6.88	7.66	0.00	0.00	0.00	0.00	0.00	0.00	0.00	0.00	0.00	0.00	0.00	0.00	0.00	0.00	0.00	0.00	0.00	0.00	0.00	0.00	0.00	0.00	0.00	0.00	9.6	18.0	19.8	34.3	54.6	60.0	196.21	0.010	0.185	0.209	0.379	0.351	0.000	0.1948	0.4460	0.9969	1.0000	0.9969	0.3178	0.42	7.33	7.75	0.00	0.14	0.10	0.06	0.07	0.05	0.16	0.37	0.46	0.77	1.74	3.83	0.0000	0.0047	0.0019	0.0012	0.0006	0.0000	0.0024	0.0117	0.0085	0.0145	0.0150	0.0000	43.49	0.02
1992-01-20	Perennial Ryegrass	0.19	425.36	0.20	0.73	0.66	0.15	0	2	0.36	650.00	0.00	6.84	8.04	0.00	0.00	0.00	0.00	0.00	0.00	0.00	0.00	0.00	0.00	0.00	0.00	0.00	0.00	0.00	0.00	0.00	0.00	0.00	0.00	0.00	0.00	0.00	0.00	9.1	17.7	19.7	34.0	53.6	59.3	193.33	0.000	0.206	0.240	0.418	0.394	0.000	0.1996	0.3986	0.9976	1.0000	0.9976	0.4061	0.42	7.35	7.77	0.00	0.15	0.10	0.06	0.07	0.05	0.14	0.42	0.49	0.79	1.73	3.79	0.0000	0.0047	0.0020	0.0013	0.0006	0.0000	0.0018	0.0130	0.0098	0.0152	0.0166	0.0000	43.63	0.02
1992-01-21	Perennial Ryegrass	0.19	427.12	0.21	0.73	0.66	0.16	0	2	0.37	650.00	0.00	6.77	8.42	0.00	0.00	0.00	0.00	0.00	0.00	0.00	0.00	0.00	0.00	0.00	0.00	0.00	0.00	0.00	0.00	0.00	0.00	0.00	0.00	0.00	0.00	0.00	0.00	8.6	17.4	19.5	33.6	53.1	58.6	190.80	0.000	0.212	0.258	0.447	0.406	0.000	0.2049	0.3417	0.9982	1.0000	0.9982	0.5040	0.41	7.44	7.86	0.00	0.14	0.10	0.06	0.06	0.05	0.13	0.48	0.53	0.80	1.74	3.76	0.0000	0.0044	0.0021	0.0013	0.0006	0.0000	0.0015	0.0144	0.0110	0.0161	0.0175	0.0000	43.79	0.02
1992-01-22	Perennial Ryegrass	0.21	476.34	0.22	0.74	0.67	0.16	0	2	0.38	650.00	0.00	8.58	9.51	0.00	0.00	0.00	0.00	0.00	0.00	0.00	0.00	0.00	0.00	0.00	0.00	0.00	0.00	0.00	0.00	0.00	0.00	0.00	0.00	0.00	0.00	0.00	0.00	20.0	19.7	19.7	33.3	52.4	58.2	203.32	0.000	0.294	0.370	0.639	0.578	0.000	0.2104	0.4995	0.9986	1.0000	0.9986	0.4217	0.58	7.57	8.15	0.18	0.14	0.09	0.06	0.06	0.04	0.11	0.55	0.58	0.83	1.74	3.75	0.0018	0.0046	0.0026	0.0016	0.0010	0.0000	0.0011	0.0182	0.0162	0.0221	0.0278	0.0000	43.44	0.02
1992-01-23	Perennial Ryegrass	0.20	436.59	0.22	0.71	0.63	0.16	0	1	0.40	650.00	0.00	8.91	9.69	0.00	0.00	0.00	0.00	0.00	0.00	0.00	0.00	0.00	0.00	0.00	0.00	0.00	0.00	0.00	0.00	0.00	0.00	0.00	0.00	0.00	0.00	0.00	0.00	17.2	20.0	20.1	33.5	52.0	58.0	200.85	0.283	0.189	0.162	0.261	0.232	0.000	0.2171	0.5691	0.9989	1.0000	0.9989	0.4120	0.57	7.81	8.38	0.19	0.13	0.09	0.06	0.06	0.04	0.17	0.61	0.65	0.86	1.76	3.76	0.0207	0.0052	0.0015	0.0009	0.0004	0.0000	0.0179	0.0237	0.0104	0.0125	0.0108	0.0000	43.89	0.02
1992-01-24	Perennial Ryegrass	0.22	486.13	0.23	0.72	0.64	0.16	0	1	0.42	650.00	0.00	7.06	8.16	0.00	0.00	0.00	0.00	0.00	0.00	0.00	0.00	0.00	0.00	0.00	0.00	0.00	0.00	0.00	0.00	0.00	0.00	0.00	0.00	0.00	0.00	0.00	0.00	33.4	26.3	22.9	35.0	52.5	57.9	227.90	0.076	0.073	0.064	0.098	0.084	0.000	0.2245	1.0000	0.9991	1.0000	0.9991	0.4364	0.58	7.99	8.57	0.20	0.13	0.09	0.06	0.06	0.04	0.17	0.58	0.73	0.93	1.80	3.77	0.0129	0.0051	0.0012	0.0006	0.0002	0.0000	0.0110	0.0213	0.0094	0.0100	0.0064	0.0000	41.59	0.02
1992-01-25	Perennial Ryegrass	0.20	448.28	0.24	0.69	0.59	0.16	0	1	0.43	650.00	0.00	15.44	14.84	0.00	0.00	0.00	0.00	0.00	0.00	0.00	0.00	0.00	0.00	0.00	0.00	0.00	0.00	0.00	0.00	0.00	0.00	0.00	0.00	0.00	0.00	0.00	0.00	24.8	27.1	24.9	36.6	53.9	57.9	225.14	0.400	0.227	0.153	0.183	0.142	0.000	0.2345	0.5976	0.9993	1.0000	0.9993	0.3577	0.47	8.03	8.51	0.10	0.13	0.08	0.06	0.06	0.04	0.12	0.51	0.75	1.00	1.86	3.78	0.0620	0.0150	0.0020	0.0008	0.0003	0.0000	0.0722	0.0576	0.0176	0.0138	0.0083	0.0000	42.35	0.02
1992-01-26	Perennial Ryegrass	0.19	425.70	0.25	0.69	0.59	0.17	0	1	0.45	650.00	0.00	12.17	11.66	0.00	0.00	0.00	0.00	0.00	0.00	0.00	0.00	0.00	0.00	0.00	0.00	0.00	0.00	0.00	0.00	0.00	0.00	0.00	0.00	0.00	0.00	0.00	0.00	20.0	25.4	25.4	37.8	55.2	58.5	222.21	0.293	0.279	0.217	0.240	0.180	0.000	0.2437	0.6781	0.9994	1.0000	0.9994	0.2915	0.49	8.04	8.53	0.13	0.11	0.08	0.06	0.06	0.04	0.11	0.44	0.73	1.05	1.91	3.81	0.0265	0.0155	0.0028	0.0010	0.0003	0.0000	0.0215	0.0568	0.0239	0.0173	0.0101	0.0000	40.60	0.02
1992-01-27	Perennial Ryegrass	0.18	400.41	0.26	0.70	0.59	0.18	0	1	0.46	650.00	0.00	11.03	10.55	0.00	0.00	0.00	0.00	0.00	0.00	0.00	0.00	0.00	0.00	0.00	0.00	0.00	0.00	0.00	0.00	0.00	0.00	0.00	0.00	0.00	0.00	0.00	0.00	16.7	23.1	24.8	38.2	56.0	59.2	217.95	0.268	0.335	0.308	0.354	0.264	0.000	0.2517	0.5315	0.9995	1.0000	0.9995	0.2728	0.50	8.00	8.50	0.13	0.11	0.08	0.06	0.06	0.05	0.12	0.39	0.69	1.06	1.93	3.82	0.0144	0.0119	0.0033	0.0012	0.0004	0.0000	0.0124	0.0398	0.0258	0.0212	0.0133	0.0000	40.89	0.02
1992-01-28	Perennial Ryegrass	0.17	378.94	0.26	0.70	0.59	0.18	1	1	0.48	650.00	0.00	10.19	9.75	0.00	0.00	0.00	0.00	0.00	0.00	0.00	0.00	0.00	0.00	0.00	0.00	0.00	0.00	0.00	0.00	0.00	0.00	0.00	0.00	0.00	0.00	0.00	0.00	15.8	20.5	23.5	37.8	56.4	59.8	213.67	0.227	0.340	0.363	0.453	0.348	0.000	0.2577	0.5357	0.9996	1.0000	0.9996	0.2647	0.51	7.96	8.47	0.14	0.12	0.08	0.06	0.06	0.05	0.16	0.36	0.65	1.05	1.93	3.81	0.0091	0.0086	0.0032	0.0014	0.0005	0.0000	0.0105	0.0259	0.0235	0.0237	0.0164	0.0000	41.12	0.02
1992-01-29	Perennial Ryegrass	0.17	366.96	0.27	0.70	0.59	0.19	1	1	0.49	650.00	0.00	8.95	8.56	0.00	0.00	0.00	0.00	0.00	0.00	0.00	0.00	0.00	0.00	0.00	0.00	0.00	0.00	0.00	0.00	0.00	0.00	0.00	0.00	0.00	0.00	0.00	0.00	14.4	19.4	22.2	37.1	56.3	60.1	209.51	0.141	0.184	0.233	0.322	0.258	0.000	0.2634	0.5485	0.9996	1.0000	0.9996	0.2400	0.56	7.96	8.52	0.18	0.12	0.09	0.06	0.06	0.05	0.22	0.37	0.62	1.04	1.93	3.79	0.0098	0.0055	0.0025	0.0012	0.0004	0.0000	0.0113	0.0161	0.0170	0.0200	0.0133	0.0000	41.31	0.02
1992-01-30	Perennial Ryegrass	0.16	355.04	0.27	0.70	0.59	0.20	1	1	0.50	650.00	0.00	8.25	8.31	0.00	0.00	0.00	0.00	0.00	0.00	0.00	0.00	0.00	0.00	0.00	0.00	0.00	0.00	0.00	0.00	0.00	0.00	0.00	0.00	0.00	0.00	0.00	0.00	12.8	18.8	21.2	36.3	56.0	60.2	205.28	0.111	0.163	0.210	0.321	0.268	0.000	0.2686	0.3981	0.9997	1.0000	0.9997	0.3162	0.58	7.98	8.56	0.19	0.13	0.09	0.06	0.06	0.05	0.28	0.39	0.61	1.02	1.92	3.75	0.0080	0.0047	0.0021	0.0012	0.0005	0.0000	0.0111	0.0138	0.0139	0.0190	0.0135	0.0000	41.50	0.02
1992-01-31	Perennial Ryegrass	0.16	354.96	0.28	0.71	0.59	0.20	1	1	0.51	650.00	0.00	8.86	8.73	0.00	0.00	0.00	0.00	0.00	0.00	0.00	0.00	0.00	0.00	0.00	0.00	0.00	0.00	0.00	0.00	0.00	0.00	0.00	0.00	0.00	0.00	0.00	0.00	16.5	18.8	20.5	35.5	55.4	60.0	206.65	0.111	0.231	0.287	0.472	0.409	0.000	0.2736	0.4813	0.9998	1.0000	0.9998	0.3076	0.55	8.00	8.55	0.16	0.13	0.09	0.06	0.06	0.05	0.32	0.42	0.62	1.01	1.91	3.72	0.0050	0.0048	0.0022	0.0013	0.0006	0.0000	0.0099	0.0148	0.0145	0.0217	0.0186	0.0000	41.41	0.02
1992-02-01	Perennial Ryegrass	0.15	325.18	0.29	0.69	0.57	0.20	1	1	0.52	650.00	0.00	9.36	9.06	0.00	0.00	0.00	0.00	0.00	0.00	0.00	0.00	0.00	0.00	0.00	0.00	0.00	0.00	0.00	0.00	0.00	0.00	0.00	0.00	0.00	0.00	0.00	0.00	15.2	18.5	20.0	34.8	54.8	59.6	202.93	0.217	0.196	0.220	0.373	0.333	0.000	0.2791	0.6591	0.9998	1.0000	0.9998	0.3013	0.55	8.02	8.57	0.15	0.14	0.09	0.06	0.06	0.05	0.35	0.46	0.63	1.00	1.90	3.69	0.0095	0.0047	0.0019	0.0012	0.0005	0.0000	0.0210	0.0153	0.0122	0.0184	0.0155	0.0000	41.78	0.02
1992-02-02	Perennial Ryegrass	0.14	300.67	0.29	0.70	0.57	0.20	1	1	0.54	650.00	0.00	9.63	9.36	0.00	0.00	0.00	0.00	0.00	0.00	0.00	0.00	0.00	0.00	0.00	0.00	0.00	0.00	0.00	0.00	0.00	0.00	0.00	0.00	0.00	0.00	0.00	0.00	13.5	18.2	19.8	34.2	54.1	59.2	198.91	0.211	0.226	0.246	0.433	0.392	0.000	0.2857	0.5043	0.9998	1.0000	0.9998	0.3259	0.56	8.08	8.65	0.16	0.14	0.09	0.06	0.06	0.05	0.40	0.49	0.65	1.00	1.89	3.66	0.0082	0.0047	0.0019	0.0012	0.0006	0.0000	0.0199	0.0164	0.0129	0.0196	0.0180	0.0000	41.11	0.02
1992-02-03	Perennial Ryegrass	0.13	279.98	0.30	0.70	0.57	0.21	1	1	0.55	650.00	0.00	9.49	9.11	0.00	0.00	0.00	0.00	0.00	0.00	0.00	0.00	0.00	0.00	0.00	0.00	0.00	0.00	0.00	0.00	0.00	0.00	0.00	0.00	0.00	0.00	0.00	0.00	12.2	17.9	19.6	33.8	53.4	58.8	195.64	0.151	0.227	0.251	0.437	0.403	0.000	0.2916	0.6713	0.9999	1.0000	0.9999	0.3079	0.54	8.19	8.73	0.13	0.14	0.09	0.06	0.06	0.05	0.45	0.53	0.68	1.01	1.88	3.64	0.0050	0.0045	0.0019	0.0012	0.0006	0.0000	0.0162	0.0169	0.0136	0.0196	0.0186	0.0000	41.29	0.02
