Date	species	surfaceom_cover	surfaceom_wt	cover_green	cover_tot	residue_cover	phenology	gai	dai	lai	rtdep	stress_index	npp	growth	incorp_rate[1][1]	incorp_rate[1][2]	incorp_rate[1][3]	incorp_rate[1][4]	incorp_rate[1][5]	incorp_rate[1][6]	incorp_rate[1][7]	incorp_rate[1][8]	incorp_rate[1][9]	incorp_rate[1][10]	incorp_rate[1][11]	incorp_rate[1][12]	incorp_rate[2][1]	incorp_rate[2][2]	incorp_rate[2][3]	incorp_rate[2][4]	incorp_rate[2][5]	incorp_rate[2][6]	incorp_rate[2][7]	incorp_rate[2][8]	incorp_rate[2][9]	incorp_rate[2][10]	incorp_rate[2][11]	incorp_rate[2][12]	sw_dep[1]	sw_dep[2]	sw_dep[3]	sw_dep[4]	sw_dep[5]	sw_dep[6]	total_soil_water	sw_uptake[1]	sw_uptake[2]	sw_uptake[3]	sw_uptake[4]	sw_uptake[5]	sw_uptake[6]	glf_gai	glf_vpd	glf_sm	glf_tmp	glf_wl	glf_nitr	total_nh4	total_no3	total_n	nh4[1]	nh4[2]	nh4[3]	nh4[4]	nh4[5]	nh4[6]	no3[1]	no3[2]	no3[3]	no3[4]	no3[5]	no3[6]	uptake_nh4[1]	uptake_nh4[2]	uptake_nh4[3]	uptake_nh4[4]	uptake_nh4[5]	uptake_nh4[6]	uptake_no3[1]	uptake_no3[2]	uptake_no3[3]	uptake_no3[4]	uptake_no3[5]	uptake_no3[6]	height	farm.pasture01.ryegrass.green_n
		m^2/m^2	kg/ha	m^2/m^2	m^2/m^2	m^2/m^2	-	m^2/m^2	m^2/m^2	m^2/m^2	mm	-	kg/ha/d	kg/ha/d	kg/ha/d	kg/ha/d	kg/ha/d	kg/ha/d	kg/ha/d	kg/ha/d	kg/ha/d	kg/ha/d	kg/ha/d	kg/ha/d	kg/ha/d	kg/ha/d	kg/ha/d	kg/ha/d	kg/ha/d	kg/ha/d	kg/ha/d	kg/ha/d	kg/ha/d	kg/ha/d	kg/ha/d	kg/ha/d	kg/ha/d	kg/ha/d	mm	mm	mm	mm	mm	mm	mm	mm	mm	mm	mm	mm	mm	-	-	-	-	-	-	kg/ha	kg/ha	kg/ha	kg/ha	kg/ha	kg/ha	kg/ha	kg/ha	kg/ha	kg/ha	kg/ha	kg/ha	kg/ha	kg/ha	kg/ha	kg/ha/d	kg/ha/d	kg/ha/d	kg/ha/d	kg/ha/d	kg/ha/d	kg/ha/d	kg/ha/d	kg/ha/d	kg/ha/d	kg/ha/d	kg/ha/d	mm	g/g
1990-08-01	Perennial Ryegrass	0.03	66.84	0.96	1.00	0.91	1.00	4	3	3.43	650.00	0.00	-4.65	0.00	0.00	0.00	0.00	0.00	0.00	0.00	0.00	0.00	0.00	0.00	0.00	0.00	0.00	0.00	0.00	0.00	0.00	0.00	0.00	0.00	0.00	0.00	0.00	0.00	21.1	20.6	20.5	34.4	53.8	58.0	208.47	0.237	0.203	0.203	0.349	0.310	0.000	0.9579	1.0000	1.0000	0.1765	1.0000	1.0000	0.00	64.78	64.78	0.00	0.00	0.00	0.00	0.00	0.00	27.82	17.21	6.53	4.38	4.33	4.50	0.0000	0.0000	0.0000	0.0000	0.0000	0.0000	4.2974	0.6982	0.1322	0.0917	0.0370	0.0000	107.86	0.02
1990-08-02	Perennial Ryegrass	0.07	149.40	0.96	1.00	0.90	1.00	4	3	3.44	650.00	0.00	6.31	3.84	0.00	0.00	0.00	0.00	0.00	0.00	0.00	0.00	0.00	0.00	0.00	0.00	0.00	0.00	0.00	0.00	0.00	0.00	0.00	0.00	0.00	0.00	0.00	0.00	25.7	23.3	21.9	34.8	53.8	58.1	217.58	0.574	0.392	0.336	0.529	0.467	0.000	0.9575	1.0000	1.0000	0.2188	1.0000	1.0000	0.00	57.59	57.59	0.00	0.00	0.00	0.00	0.00	0.00	16.85	18.76	8.37	4.75	4.34	4.51	0.0000	0.0000	0.0000	0.0000	0.0000	0.0000	5.5252	1.1224	0.2293	0.1212	0.0509	0.0000	105.99	0.03
1990-08-03	Perennial Ryegrass	0.07	148.71	0.96	0.99	0.88	1.00	4	3	3.46	650.00	0.00	19.76	12.05	0.00	0.00	0.00	0.00	0.00	0.00	0.00	0.00	0.00	0.00	0.00	0.00	0.00	0.00	0.00	0.00	0.00	0.00	0.00	0.00	0.00	0.00	0.00	0.00	21.6	23.5	22.8	35.6	54.2	58.2	216.00	0.382	0.252	0.192	0.257	0.219	0.000	0.9577	1.0000	1.0000	0.3418	1.0000	1.0000	0.00	52.36	52.36	0.00	0.00	0.00	0.00	0.00	0.00	10.62	17.60	9.80	5.40	4.44	4.52	0.0000	0.0000	0.0000	0.0000	0.0000	0.0000	3.8430	0.9483	0.1552	0.0666	0.0200	0.0000	103.85	0.03
1990-08-04	Perennial Ryegrass	0.09	197.01	0.96	1.00	0.88	1.00	4	3	3.48	650.00	0.00	18.86	11.55	0.00	0.00	0.00	0.00	0.00	0.00	0.00	0.00	0.00	0.00	0.00	0.00	0.00	0.00	0.00	0.00	0.00	0.00	0.00	0.00	0.00	0.00	0.00	0.00	22.7	23.9	23.5	36.4	54.8	58.5	219.79	0.295	0.266	0.223	0.285	0.234	0.000	0.9583	1.0000	1.0000	0.3684	1.0000	1.0000	0.00	52.12	52.12	0.00	0.00	0.00	0.00	0.00	0.00	8.93	16.74	10.99	6.29	4.62	4.54	0.0000	0.0000	0.0000	0.0000	0.0000	0.0000	0.0000	0.0000	0.0000	0.0000	0.0000	0.0000	103.93	0.03
1990-08-05	Perennial Ryegrass	0.11	241.82	0.96	0.99	0.87	1.00	4	3	3.50	650.00	0.00	18.16	11.15	0.00	0.00	0.00	0.00	0.00	0.00	0.00	0.00	0.00	0.00	0.00	0.00	0.00	0.00	0.00	0.00	0.00	0.00	0.00	0.00	0.00	0.00	0.00	0.00	23.2	24.4	24.2	37.2	55.4	59.0	223.35	0.249	0.215	0.188	0.234	0.188	0.000	0.9588	1.0000	1.0000	0.3836	1.0000	1.0000	0.00	51.80	51.80	0.00	0.00	0.00	0.00	0.00	0.00	7.42	15.67	11.91	7.32	4.90	4.58	0.0000	0.0000	0.0000	0.0000	0.0000	0.0000	0.0000	0.0000	0.0000	0.0000	0.0000	0.0000	102.76	0.03
1990-08-06	Perennial Ryegrass	0.11	243.63	0.96	0.99	0.86	1.00	4	3	3.52	650.00	0.00	23.40	14.42	0.00	0.00	0.00	0.00	0.00	0.00	0.00	0.00	0.00	0.00	0.00	0.00	0.00	0.00	0.00	0.00	0.00	0.00	0.00	0.00	0.00	0.00	0.00	0.00	20.1	23.4	24.1	37.4	55.9	59.5	220.40	0.442	0.382	0.341	0.420	0.333	0.000	0.9593	1.0000	1.0000	0.3765	1.0000	1.0000	0.00	51.46	51.46	0.00	0.00	0.00	0.00	0.00	0.00	6.53	14.46	12.31	8.29	5.24	4.64	0.0000	0.0000	0.0000	0.0000	0.0000	0.0000	0.0000	0.0000	0.0000	0.0000	0.0000	0.0000	101.73	0.03
1990-08-07	Perennial Ryegrass	0.11	243.63	0.96	0.99	0.86	1.00	4	3	3.53	650.00	0.00	17.28	10.69	0.00	0.00	0.00	0.00	0.00	0.00	0.00	0.00	0.00	0.00	0.00	0.00	0.00	0.00	0.00	0.00	0.00	0.00	0.00	0.00	0.00	0.00	0.00	0.00	18.4	22.3	23.7	37.6	56.3	59.8	218.17	0.116	0.119	0.115	0.147	0.117	0.000	0.9599	0.5452	1.0000	0.3849	1.0000	1.0000	0.00	50.51	50.51	0.00	0.00	0.00	0.00	0.00	0.00	5.78	13.21	12.22	9.01	5.59	4.69	0.0000	0.0000	0.0000	0.0000	0.0000	0.0000	0.2642	0.2215	0.0801	0.0395	0.0072	0.0000	101.84	0.03
1990-08-08	Perennial Ryegrass	0.11	243.88	0.96	0.99	0.86	1.00	4	3	3.54	650.00	0.00	11.14	6.91	0.00	0.00	0.00	0.00	0.00	0.00	0.00	0.00	0.00	0.00	0.00	0.00	0.00	0.00	0.00	0.00	0.00	0.00	0.00	0.00	0.00	0.00	0.00	0.00	17.5	21.1	23.0	37.4	56.5	60.2	215.64	0.152	0.168	0.176	0.235	0.190	0.000	0.9600	1.0000	1.0000	0.3689	1.0000	1.0000	0.00	50.20	50.20	0.00	0.00	0.00	0.00	0.00	0.00	5.55	12.43	11.99	9.54	5.92	4.76	0.0000	0.0000	0.0000	0.0000	0.0000	0.0000	0.0005	0.0005	0.0002	0.0001	0.0000	0.0000	101.94	0.03
1990-08-09	Perennial Ryegrass	0.12	261.74	0.96	0.99	0.86	1.00	4	3	3.57	650.00	0.00	28.16	17.51	0.00	0.00	0.00	0.00	0.00	0.00	0.00	0.00	0.00	0.00	0.00	0.00	0.00	0.00	0.00	0.00	0.00	0.00	0.00	0.00	0.00	0.00	0.00	0.00	17.9	20.6	22.2	36.8	56.2	60.3	214.09	0.265	0.287	0.316	0.450	0.372	0.000	0.9603	1.0000	1.0000	0.3782	1.0000	1.0000	0.00	49.03	49.03	0.00	0.00	0.00	0.00	0.00	0.00	4.90	11.67	11.64	9.81	6.19	4.82	0.0000	0.0000	0.0000	0.0000	0.0000	0.0000	0.3051	0.2805	0.1492	0.1023	0.0237	0.0000	102.35	0.03
1990-08-10	Perennial Ryegrass	0.12	262.18	0.96	0.99	0.85	1.00	4	3	3.59	650.00	0.00	23.99	14.98	0.00	0.00	0.00	0.00	0.00	0.00	0.00	0.00	0.00	0.00	0.00	0.00	0.00	0.00	0.00	0.00	0.00	0.00	0.00	0.00	0.00	0.00	0.00	0.00	17.0	19.9	21.5	36.2	55.8	60.3	210.85	0.250	0.239	0.258	0.386	0.327	0.000	0.9609	1.0000	1.0000	0.3476	1.0000	1.0000	0.00	48.37	48.37	0.00	0.00	0.00	0.00	0.00	0.00	4.61	11.17	11.36	9.99	6.39	4.85	0.0000	0.0000	0.0000	0.0000	0.0000	0.0000	0.1481	0.1194	0.0623	0.0476	0.0112	0.0000	102.17	0.03
1990-08-11	Perennial Ryegrass	0.12	263.32	0.96	0.99	0.85	1.00	4	3	3.60	650.00	0.00	25.68	16.09	0.00	0.00	0.00	0.00	0.00	0.00	0.00	0.00	0.00	0.00	0.00	0.00	0.00	0.00	0.00	0.00	0.00	0.00	0.00	0.00	0.00	0.00	0.00	0.00	16.7	19.1	20.9	35.6	55.4	60.0	207.81	0.224	0.221	0.240	0.374	0.324	0.000	0.9613	1.0000	1.0000	0.3204	1.0000	1.0000	0.00	47.32	47.32	0.00	0.00	0.00	0.00	0.00	0.00	4.40	10.55	11.01	9.99	6.50	4.87	0.0000	0.0000	0.0000	0.0000	0.0000	0.0000	0.3005	0.2400	0.1288	0.1078	0.0264	0.0000	102.53	0.03
1990-08-12	Perennial Ryegrass	0.13	284.14	0.96	0.99	0.85	1.00	4	3	3.62	650.00	0.00	24.31	15.31	0.00	0.00	0.00	0.00	0.00	0.00	0.00	0.00	0.00	0.00	0.00	0.00	0.00	0.00	0.00	0.00	0.00	0.00	0.00	0.00	0.00	0.00	0.00	0.00	17.7	19.3	20.5	35.0	54.8	59.7	206.99	0.291	0.264	0.299	0.486	0.429	0.000	0.9612	1.0000	1.0000	0.3378	1.0000	1.0000	0.00	46.77	46.77	0.00	0.00	0.00	0.00	0.00	0.00	4.04	10.41	10.86	10.01	6.57	4.87	0.0000	0.0000	0.0000	0.0000	0.0000	0.0000	0.1111	0.0907	0.0546	0.0486	0.0132	0.0000	102.88	0.03
1990-08-13	Perennial Ryegrass	0.13	285.33	0.96	0.99	0.85	1.00	4	3	3.64	650.00	0.00	20.03	12.65	0.00	0.00	0.00	0.00	0.00	0.00	0.00	0.00	0.00	0.00	0.00	0.00	0.00	0.00	0.00	0.00	0.00	0.00	0.00	0.00	0.00	0.00	0.00	0.00	17.0	19.2	20.2	34.6	54.4	59.3	204.75	0.247	0.203	0.208	0.343	0.308	0.000	0.9617	1.0000	1.0000	0.3302	1.0000	1.0000	0.00	45.87	45.87	0.00	0.00	0.00	0.00	0.00	0.00	3.64	10.11	10.72	9.97	6.58	4.85	0.0000	0.0000	0.0000	0.0000	0.0000	0.0000	0.2766	0.2038	0.1038	0.0960	0.0247	0.0000	102.54	0.03
1990-08-14	Perennial Ryegrass	0.13	289.68	0.96	0.99	0.85	1.01	4	3	3.67	650.00	0.00	35.80	22.67	0.00	0.00	0.00	0.00	0.00	0.00	0.00	0.00	0.00	0.00	0.00	0.00	0.00	0.00	0.00	0.00	0.00	0.00	0.00	0.00	0.00	0.00	0.00	0.00	16.7	19.0	20.0	34.3	53.9	58.9	202.83	0.276	0.243	0.245	0.408	0.367	0.000	0.9621	1.0000	1.0000	0.3553	1.0000	1.0000	0.00	45.09	45.09	0.00	0.00	0.00	0.00	0.00	0.00	3.35	9.84	10.60	9.92	6.56	4.82	0.0000	0.0000	0.0000	0.0000	0.0000	0.0000	0.2042	0.1791	0.0945	0.0883	0.0239	0.0000	103.03	0.03
1990-08-15	Perennial Ryegrass	0.14	303.64	0.96	0.99	0.85	1.01	4	3	3.69	650.00	0.00	13.91	8.85	0.00	0.00	0.00	0.00	0.00	0.00	0.00	0.00	0.00	0.00	0.00	0.00	0.00	0.00	0.00	0.00	0.00	0.00	0.00	0.00	0.00	0.00	0.00	0.00	17.4	19.1	19.9	34.2	53.6	58.4	202.63	0.218	0.195	0.195	0.328	0.296	0.000	0.9627	1.0000	1.0000	0.3441	1.0000	1.0000	0.00	44.40	44.40	0.00	0.00	0.00	0.00	0.00	0.00	3.03	9.62	10.55	9.89	6.53	4.78	0.0000	0.0000	0.0000	0.0000	0.0000	0.0000	0.1796	0.1694	0.0864	0.0821	0.0212	0.0000	103.03	0.03
1990-08-16	Perennial Ryegrass	0.14	303.32	0.96	0.99	0.84	1.01	4	3	3.71	650.00	0.00	33.59	21.39	0.00	0.00	0.00	0.00	0.00	0.00	0.00	0.00	0.00	0.00	0.00	0.00	0.00	0.00	0.00	0.00	0.00	0.00	0.00	0.00	0.00	0.00	0.00	0.00	16.7	18.8	19.8	34.1	53.1	58.1	200.71	0.266	0.221	0.215	0.362	0.323	0.000	0.9631	0.9540	1.0000	0.3576	1.0000	1.0000	0.00	43.67	43.67	0.00	0.00	0.00	0.00	0.00	0.00	2.83	9.30	10.48	9.83	6.47	4.75	0.0000	0.0000	0.0000	0.0000	0.0000	0.0000	0.1993	0.1793	0.0923	0.0878	0.0229	0.0000	103.14	0.03
1990-08-17	Perennial Ryegrass	0.14	304.14	0.96	0.99	0.84	1.01	4	3	3.72	650.00	0.00	32.62	20.86	0.00	0.00	0.00	0.00	0.00	0.00	0.00	0.00	0.00	0.00	0.00	0.00	0.00	0.00	0.00	0.00	0.00	0.00	0.00	0.00	0.00	0.00	0.00	0.00	16.3	18.5	19.8	33.9	52.7	57.9	199.13	0.211	0.181	0.182	0.312	0.271	0.000	0.9634	0.8983	1.0000	0.3438	1.0000	1.0000	0.00	42.50	42.50	0.00	0.00	0.00	0.00	0.00	0.00	2.54	8.89	10.31	9.62	6.40	4.74	0.0000	0.0000	0.0000	0.0000	0.0000	0.0000	0.3441	0.3244	0.1716	0.1663	0.0410	0.0000	103.65	0.03
1990-08-18	Perennial Ryegrass	0.14	304.72	0.96	0.99	0.84	1.01	4	3	3.74	650.00	0.00	29.44	18.91	0.00	0.00	0.00	0.00	0.00	0.00	0.00	0.00	0.00	0.00	0.00	0.00	0.00	0.00	0.00	0.00	0.00	0.00	0.00	0.00	0.00	0.00	0.00	0.00	15.8	18.2	19.7	33.5	52.3	57.8	197.25	0.259	0.226	0.237	0.399	0.345	0.000	0.9635	0.7880	1.0000	0.3435	1.0000	1.0000	0.00	41.92	41.92	0.00	0.00	0.00	0.00	0.00	0.00	2.45	8.68	10.21	9.50	6.36	4.73	0.0000	0.0000	0.0000	0.0000	0.0000	0.0000	0.1306	0.1369	0.0819	0.0772	0.0203	0.0000	104.12	0.03
1990-08-19	Perennial Ryegrass	0.15	326.10	0.96	0.99	0.84	1.01	4	3	3.76	650.00	0.00	25.87	16.67	0.00	0.00	0.00	0.00	0.00	0.00	0.00	0.00	0.00	0.00	0.00	0.00	0.00	0.00	0.00	0.00	0.00	0.00	0.00	0.00	0.00	0.00	0.00	0.00	17.1	18.5	19.6	33.2	51.9	57.7	197.96	0.209	0.187	0.204	0.340	0.293	0.000	0.9638	0.8328	1.0000	0.3244	1.0000	1.0000	0.00	40.87	40.87	0.00	0.00	0.00	0.00	0.00	0.00	2.10	8.44	10.03	9.30	6.29	4.71	0.0000	0.0000	0.0000	0.0000	0.0000	0.0000	0.2561	0.2940	0.1778	0.1661	0.0424	0.0000	104.52	0.03
1990-08-20	Perennial Ryegrass	0.16	343.71	0.96	0.99	0.84	1.01	4	3	3.77	650.00	0.00	12.05	7.79	0.00	0.00	0.00	0.00	0.00	0.00	0.00	0.00	0.00	0.00	0.00	0.00	0.00	0.00	0.00	0.00	0.00	0.00	0.00	0.00	0.00	0.00	0.00	0.00	17.7	18.9	19.6	32.8	51.4	57.6	197.98	0.356	0.277	0.280	0.462	0.398	0.000	0.9640	1.0000	1.0000	0.3124	1.0000	1.0000	0.00	40.76	40.76	0.00	0.00	0.00	0.00	0.00	0.00	1.98	8.43	10.11	9.26	6.27	4.70	0.0000	0.0000	0.0000	0.0000	0.0000	0.0000	0.0000	0.0000	0.0000	0.0000	0.0000	0.0000	104.08	0.03
1990-08-21	Perennial Ryegrass	0.16	344.42	0.96	0.99	0.83	1.01	4	3	3.80	650.00	0.00	34.81	22.51	0.00	0.00	0.00	0.00	0.00	0.00	0.00	0.00	0.00	0.00	0.00	0.00	0.00	0.00	0.00	0.00	0.00	0.00	0.00	0.00	0.00	0.00	0.00	0.00	17.0	19.0	19.6	32.5	51.0	57.4	196.38	0.366	0.282	0.265	0.421	0.363	0.000	0.9642	1.0000	1.0000	0.3588	1.0000	1.0000	0.00	39.60	39.60	0.00	0.00	0.00	0.00	0.00	0.00	1.59	8.04	10.00	9.07	6.21	4.69	0.0000	0.0000	0.0000	0.0000	0.0000	0.0000	0.2792	0.3380	0.1918	0.1657	0.0458	0.0000	104.12	0.03
1990-08-22	Perennial Ryegrass	0.16	351.40	0.97	0.99	0.83	1.01	4	3	3.82	650.00	0.00	19.39	12.58	0.00	0.00	0.00	0.00	0.00	0.00	0.00	0.00	0.00	0.00	0.00	0.00	0.00	0.00	0.00	0.00	0.00	0.00	0.00	0.00	0.00	0.00	0.00	0.00	17.0	19.0	19.6	32.2	50.6	57.3	195.71	0.265	0.227	0.213	0.326	0.282	0.000	0.9649	1.0000	1.0000	0.3388	1.0000	1.0000	0.00	39.25	39.25	0.00	0.00	0.00	0.00	0.00	0.00	1.47	7.90	10.01	9.01	6.18	4.68	0.0000	0.0000	0.0000	0.0000	0.0000	0.0000	0.0520	0.0815	0.0451	0.0374	0.0099	0.0000	104.25	0.03
1990-08-23	Perennial Ryegrass	0.16	352.38	0.97	0.99	0.83	1.01	4	3	3.85	650.00	0.00	37.01	24.03	0.00	0.00	0.00	0.00	0.00	0.00	0.00	0.00	0.00	0.00	0.00	0.00	0.00	0.00	0.00	0.00	0.00	0.00	0.00	0.00	0.00	0.00	0.00	0.00	16.3	18.4	19.3	31.7	50.1	57.2	192.99	0.475	0.404	0.381	0.566	0.490	0.000	0.9653	1.0000	1.0000	0.3173	1.0000	1.0000	0.00	37.99	37.99	0.00	0.00	0.00	0.00	0.00	0.00	1.28	7.42	9.74	8.79	6.10	4.66	0.0000	0.0000	0.0000	0.0000	0.0000	0.0000	0.2414	0.3955	0.2584	0.2069	0.0641	0.0000	104.64	0.03
1990-08-24	Perennial Ryegrass	0.16	350.39	0.97	0.99	0.83	1.01	4	2	3.88	650.00	0.00	41.64	27.12	0.00	0.00	0.00	0.00	0.00	0.00	0.00	0.00	0.00	0.00	0.00	0.00	0.00	0.00	0.00	0.00	0.00	0.00	0.00	0.00	0.00	0.00	0.00	0.00	15.6	18.0	19.0	31.3	49.6	57.0	190.53	0.397	0.342	0.334	0.499	0.436	0.000	0.9657	0.9927	1.0000	0.3476	1.0000	1.0000	0.00	37.17	37.17	0.00	0.00	0.00	0.00	0.00	0.00	1.17	7.11	9.55	8.63	6.05	4.65	0.0000	0.0000	0.0000	0.0000	0.0000	0.0000	0.1312	0.2354	0.1614	0.1312	0.0403	0.0000	105.35	0.03
1990-08-25	Perennial Ryegrass	0.16	358.54	0.97	0.99	0.83	1.01	4	2	3.90	650.00	0.00	24.76	16.18	0.00	0.00	0.00	0.00	0.00	0.00	0.00	0.00	0.00	0.00	0.00	0.00	0.00	0.00	0.00	0.00	0.00	0.00	0.00	0.00	0.00	0.00	0.00	0.00	16.1	17.6	18.8	31.0	49.3	56.9	189.59	0.305	0.271	0.273	0.412	0.363	0.000	0.9662	1.0000	1.0000	0.3260	1.0000	1.0000	0.00	36.16	36.16	0.00	0.00	0.00	0.00	0.00	0.00	1.02	6.76	9.32	8.44	5.98	4.64	0.0000	0.0000	0.0000	0.0000	0.0000	0.0000	0.1579	0.3043	0.2098	0.1735	0.0516	0.0000	105.74	0.03
1990-08-26	Perennial Ryegrass	0.16	359.23	0.97	0.99	0.82	1.01	4	2	3.93	650.00	0.00	33.89	22.18	0.00	0.00	0.00	0.00	0.00	0.00	0.00	0.00	0.00	0.00	0.00	0.00	0.00	0.00	0.00	0.00	0.00	0.00	0.00	0.00	0.00	0.00	0.00	0.00	15.4	17.3	18.5	30.6	48.9	56.8	187.41	0.370	0.284	0.290	0.442	0.393	0.000	0.9666	0.9872	1.0000	0.2998	1.0000	1.0000	0.00	35.52	35.52	0.00	0.00	0.00	0.00	0.00	0.00	0.94	6.54	9.16	8.32	5.94	4.63	0.0000	0.0000	0.0000	0.0000	0.0000	0.0000	0.0968	0.1763	0.1309	0.1093	0.0341	0.0000	106.06	0.03
1990-08-27	Perennial Ryegrass	0.16	358.37	0.97	0.99	0.82	1.01	4	2	3.95	650.00	0.00	23.72	15.56	0.00	0.00	0.00	0.00	0.00	0.00	0.00	0.00	0.00	0.00	0.00	0.00	0.00	0.00	0.00	0.00	0.00	0.00	0.00	0.00	0.00	0.00	0.00	0.00	14.9	17.1	18.3	30.3	48.6	56.7	185.87	0.229	0.183	0.191	0.294	0.264	0.000	0.9670	0.8752	1.0000	0.3120	1.0000	1.0000	0.00	34.60	34.60	0.00	0.00	0.00	0.00	0.00	0.00	0.80	6.22	8.94	8.14	5.88	4.61	0.0000	0.0000	0.0000	0.0000	0.0000	0.0000	0.1413	0.2726	0.1903	0.1630	0.0467	0.0000	106.42	0.03
1990-08-28	Perennial Ryegrass	0.16	357.02	0.97	0.99	0.82	1.01	4	2	3.97	650.00	0.00	33.49	22.00	0.00	0.00	0.00	0.00	0.00	0.00	0.00	0.00	0.00	0.00	0.00	0.00	0.00	0.00	0.00	0.00	0.00	0.00	0.00	0.00	0.00	0.00	0.00	0.00	14.2	16.7	18.1	29.9	48.2	56.5	183.61	0.333	0.279	0.296	0.459	0.414	0.000	0.9674	0.8079	1.0000	0.3471	1.0000	1.0000	0.00	33.95	33.95	0.00	0.00	0.00	0.00	0.00	0.00	0.73	6.00	8.78	8.00	5.83	4.60	0.0000	0.0000	0.0000	0.0000	0.0000	0.0000	0.0715	0.1703	0.1404	0.1198	0.0396	0.0000	106.99	0.03
1990-08-29	Perennial Ryegrass	0.16	356.79	0.97	0.99	0.82	1.01	4	2	3.99	650.00	0.00	16.36	10.77	0.00	0.00	0.00	0.00	0.00	0.00	0.00	0.00	0.00	0.00	0.00	0.00	0.00	0.00	0.00	0.00	0.00	0.00	0.00	0.00	0.00	0.00	0.00	0.00	14.0	16.5	17.9	29.7	47.9	56.4	182.42	0.200	0.180	0.195	0.306	0.280	0.000	0.9678	1.0000	1.0000	0.3825	1.0000	1.0000	0.00	33.25	33.25	0.00	0.00	0.00	0.00	0.00	0.00	0.66	5.77	8.60	7.86	5.79	4.59	0.0000	0.0000	0.0000	0.0000	0.0000	0.0000	0.0738	0.1901	0.1461	0.1283	0.0390	0.0000	107.22	0.03
1990-08-30	Perennial Ryegrass	0.16	352.86	0.97	0.99	0.82	1.01	4	2	4.04	650.00	0.00	49.61	32.67	0.00	0.00	0.00	0.00	0.00	0.00	0.00	0.00	0.00	0.00	0.00	0.00	0.00	0.00	0.00	0.00	0.00	0.00	0.00	0.00	0.00	0.00	0.00	0.00	13.9	16.2	17.6	29.3	47.5	56.3	180.86	0.282	0.246	0.271	0.431	0.397	0.000	0.9682	0.9933	1.0000	0.4949	1.0000	1.0000	0.00	32.29	32.29	0.00	0.00	0.00	0.00	0.00	0.00	0.53	5.47	8.35	7.65	5.71	4.58	0.0000	0.0000	0.0000	0.0000	0.0000	0.0000	0.0810	0.2464	0.2171	0.1904	0.0652	0.0000	108.04	0.03
1990-08-31	Perennial Ryegrass	0.18	390.45	0.97	0.99	0.82	1.01	4	2	4.05	650.00	0.00	12.95	8.55	0.00	0.00	0.00	0.00	0.00	0.00	0.00	0.00	0.00	0.00	0.00	0.00	0.00	0.00	0.00	0.00	0.00	0.00	0.00	0.00	0.00	0.00	0.00	0.00	18.2	17.3	17.6	29.3	47.5	56.2	186.03	0.055	0.046	0.051	0.082	0.077	0.000	0.9691	0.7154	1.0000	0.5082	1.0000	1.0000	0.00	31.64	31.64	0.00	0.00	0.00	0.00	0.00	0.00	0.40	5.28	8.21	7.51	5.67	4.57	0.0000	0.0000	0.0000	0.0000	0.0000	0.0000	0.0558	0.1823	0.1237	0.1142	0.0296	0.0000	108.08	0.03
1990-09-01	Perennial Ryegrass	0.17	383.32	0.97	0.99	0.81	1.01	4	2	4.10	650.00	0.00	48.25	31.88	0.00	0.00	0.00	0.00	0.00	0.00	0.00	0.00	0.00	0.00	0.00	0.00	0.00	0.00	0.00	0.00	0.00	0.00	0.00	0.00	0.00	0.00	0.00	0.00	16.8	17.6	17.5	29.0	47.2	56.0	184.10	0.441	0.233	0.195	0.313	0.292	0.000	0.9694	0.7397	1.0000	0.5806	1.0000	1.0000	0.00	80.58	80.58	0.00	0.00	0.00	0.00	0.00	0.00	48.18	6.51	8.19	7.49	5.66	4.56	0.0000	0.0000	0.0000	0.0000	0.0000	0.0000	0.7960	0.0195	0.0103	0.0093	0.0030	0.0000	107.80	0.03
1990-09-02	Perennial Ryegrass	0.18	395.17	0.97	0.99	0.81	1.01	4	2	4.15	650.00	0.00	72.97	48.34	0.00	0.00	0.00	0.00	0.00	0.00	0.00	0.00	0.00	0.00	0.00	0.00	0.00	0.00	0.00	0.00	0.00	0.00	0.00	0.00	0.00	0.00	0.00	0.00	17.0	17.8	17.3	28.7	46.9	55.9	183.55	0.476	0.319	0.244	0.391	0.368	0.000	0.9701	0.9633	0.7520	0.5807	1.0000	1.0000	0.00	78.21	78.21	0.00	0.00	0.00	0.00	0.00	0.00	44.52	7.92	8.14	7.44	5.64	4.55	0.0000	0.0000	0.0000	0.0000	0.0000	0.0000	2.0089	0.0858	0.0366	0.0324	0.0114	0.0000	109.10	0.03
1990-09-03	Perennial Ryegrass	0.19	409.70	0.97	0.99	0.80	1.01	4	2	4.20	650.00	0.00	53.15	35.36	0.00	0.00	0.00	0.00	0.00	0.00	0.00	0.00	0.00	0.00	0.00	0.00	0.00	0.00	0.00	0.00	0.00	0.00	0.00	0.00	0.00	0.00	0.00	0.00	17.5	18.3	17.2	28.4	46.5	55.8	183.70	0.469	0.322	0.223	0.355	0.340	0.000	0.9710	1.0000	1.0000	0.5642	1.0000	1.0000	0.00	77.19	77.19	0.00	0.00	0.00	0.00	0.00	0.00	41.65	9.82	8.15	7.41	5.63	4.53	0.0000	0.0000	0.0000	0.0000	0.0000	0.0000	0.7463	0.0437	0.0134	0.0118	0.0041	0.0000	109.68	0.03
1990-09-04	Perennial Ryegrass	0.18	407.97	0.97	0.99	0.80	1.01	4	2	4.24	650.00	0.00	56.05	37.38	0.00	0.00	0.00	0.00	0.00	0.00	0.00	0.00	0.00	0.00	0.00	0.00	0.00	0.00	0.00	0.00	0.00	0.00	0.00	0.00	0.00	0.00	0.00	0.00	16.4	17.9	17.1	28.1	46.2	55.7	181.41	0.518	0.365	0.221	0.347	0.337	0.000	0.9718	0.7095	1.0000	0.5527	1.0000	1.0000	0.00	75.17	75.17	0.00	0.00	0.00	0.00	0.00	0.00	39.47	10.06	8.13	7.37	5.62	4.52	0.0000	0.0000	0.0000	0.0000	0.0000	0.0000	1.6937	0.1072	0.0281	0.0244	0.0086	0.0000	110.21	0.03
1990-09-05	Perennial Ryegrass	0.18	404.92	0.97	0.99	0.79	1.01	4	2	4.30	650.00	0.00	61.61	41.19	0.00	0.00	0.00	0.00	0.00	0.00	0.00	0.00	0.00	0.00	0.00	0.00	0.00	0.00	0.00	0.00	0.00	0.00	0.00	0.00	0.00	0.00	0.00	0.00	15.6	17.5	16.9	27.8	45.9	55.6	179.28	0.447	0.346	0.215	0.334	0.329	0.000	0.9724	0.8436	1.0000	0.5835	1.0000	1.0000	0.00	74.01	74.01	0.00	0.00	0.00	0.00	0.00	0.00	38.57	9.87	8.12	7.34	5.60	4.51	0.0000	0.0000	0.0000	0.0000	0.0000	0.0000	0.8902	0.0641	0.0176	0.0152	0.0054	0.0000	111.33	0.03
1990-09-06	Perennial Ryegrass	0.18	402.15	0.97	0.99	0.79	1.01	5	2	4.34	650.00	0.00	54.82	36.75	0.00	0.00	0.00	0.00	0.00	0.00	0.00	0.00	0.00	0.00	0.00	0.00	0.00	0.00	0.00	0.00	0.00	0.00	0.00	0.00	0.00	0.00	0.00	0.00	14.9	17.0	16.8	27.5	45.6	55.5	177.32	0.392	0.312	0.205	0.317	0.317	0.000	0.9731	0.8170	1.0000	0.6075	1.0000	1.0000	0.00	72.02	72.02	0.00	0.00	0.00	0.00	0.00	0.00	36.91	9.65	8.07	7.30	5.59	4.50	0.0000	0.0000	0.0000	0.0000	0.0000	0.0000	1.6385	0.1226	0.0360	0.0311	0.0110	0.0000	112.35	0.03
1990-09-07	Perennial Ryegrass	0.18	399.23	0.97	0.99	0.79	1.01	5	2	4.38	650.00	0.00	48.35	32.48	0.00	0.00	0.00	0.00	0.00	0.00	0.00	0.00	0.00	0.00	0.00	0.00	0.00	0.00	0.00	0.00	0.00	0.00	0.00	0.00	0.00	0.00	0.00	0.00	14.2	16.6	16.6	27.3	45.4	55.4	175.48	0.342	0.282	0.194	0.301	0.306	0.000	0.9738	0.5914	1.0000	0.6305	1.0000	1.0000	0.00	71.25	71.25	0.00	0.00	0.00	0.00	0.00	0.00	36.35	9.51	8.05	7.27	5.58	4.49	0.0000	0.0000	0.0000	0.0000	0.0000	0.0000	0.5345	0.0422	0.0132	0.0114	0.0041	0.0000	113.24	0.03
1990-09-08	Perennial Ryegrass	0.18	396.70	0.98	0.99	0.79	1.01	5	2	4.43	650.00	0.00	52.33	35.21	0.00	0.00	0.00	0.00	0.00	0.00	0.00	0.00	0.00	0.00	0.00	0.00	0.00	0.00	0.00	0.00	0.00	0.00	0.00	0.00	0.00	0.00	0.00	0.00	13.6	16.3	16.5	27.0	45.1	55.3	173.76	0.296	0.255	0.183	0.286	0.295	0.000	0.9744	0.7719	0.9263	0.6339	1.0000	1.0000	0.00	69.28	69.28	0.00	0.00	0.00	0.00	0.00	0.00	34.73	9.28	7.99	7.23	5.56	4.48	0.0000	0.0000	0.0000	0.0000	0.0000	0.0000	1.5905	0.1306	0.0427	0.0373	0.0133	0.0000	114.21	0.03
1990-09-09	Perennial Ryegrass	0.18	391.26	0.98	0.99	0.79	1.01	5	2	4.47	650.00	0.00	53.11	35.80	0.00	0.00	0.00	0.00	0.00	0.00	0.00	0.00	0.00	0.00	0.00	0.00	0.00	0.00	0.00	0.00	0.00	0.00	0.00	0.00	0.00	0.00	0.00	0.00	13.0	16.0	16.3	26.8	44.9	55.2	172.08	0.253	0.231	0.172	0.271	0.285	0.000	0.9750	0.6912	1.0000	0.6676	1.0000	1.0000	0.00	68.50	68.50	0.00	0.00	0.00	0.00	0.00	0.00	34.16	9.15	7.96	7.20	5.55	4.47	0.0000	0.0000	0.0000	0.0000	0.0000	0.0000	0.5322	0.0466	0.0159	0.0141	0.0050	0.0000	115.20	0.03
1990-09-10	Perennial Ryegrass	0.18	387.71	0.98	1.00	0.79	1.01	5	2	4.51	650.00	0.00	45.43	30.66	0.00	0.00	0.00	0.00	0.00	0.00	0.00	0.00	0.00	0.00	0.00	0.00	0.00	0.00	0.00	0.00	0.00	0.00	0.00	0.00	0.00	0.00	0.00	0.00	12.3	15.7	16.2	26.6	44.6	55.1	170.40	0.207	0.209	0.162	0.258	0.275	0.000	0.9757	0.4825	1.0000	0.7076	1.0000	1.0000	0.00	66.66	66.66	0.00	0.00	0.00	0.00	0.00	0.00	32.69	8.93	7.89	7.15	5.53	4.46	0.0000	0.0000	0.0000	0.0000	0.0000	0.0000	1.4501	0.1353	0.0479	0.0427	0.0154	0.0000	116.04	0.03
1990-09-11	Perennial Ryegrass	0.17	383.42	0.98	1.00	0.79	1.01	5	2	4.53	650.00	0.00	33.95	22.94	0.00	0.00	0.00	0.00	0.00	0.00	0.00	0.00	0.00	0.00	0.00	0.00	0.00	0.00	0.00	0.00	0.00	0.00	0.00	0.00	0.00	0.00	0.00	0.00	11.6	15.4	16.0	26.4	44.4	55.0	168.81	0.159	0.189	0.152	0.245	0.265	0.000	0.9761	0.4673	0.5959	0.7582	1.0000	1.0000	0.00	66.50	66.50	0.00	0.00	0.00	0.00	0.00	0.00	32.65	8.85	7.87	7.14	5.53	4.45	0.0000	0.0000	0.0000	0.0000	0.0000	0.0000	0.0130	0.0013	0.0005	0.0004	0.0002	0.0000	116.65	0.03
1990-09-12	Perennial Ryegrass	0.20	439.16	0.98	1.00	0.80	1.01	5	2	4.57	650.00	0.00	30.49	20.62	0.00	0.00	0.00	0.00	0.00	0.00	0.00	0.00	0.00	0.00	0.00	0.00	0.00	0.00	0.00	0.00	0.00	0.00	0.00	0.00	0.00	0.00	0.00	0.00	20.8	18.7	16.0	26.2	44.2	54.9	180.71	0.112	0.171	0.142	0.233	0.256	0.000	0.9765	1.0000	0.5391	0.7860	1.0000	1.0000	0.00	64.90	64.90	0.00	0.00	0.00	0.00	0.00	0.00	26.76	13.22	7.89	7.08	5.51	4.45	0.0000	0.0000	0.0000	0.0000	0.0000	0.0000	1.0304	0.2111	0.0526	0.0475	0.0173	0.0000	117.15	0.03
1990-09-13	Perennial Ryegrass	0.21	464.48	0.98	0.99	0.77	1.01	5	2	4.59	650.00	0.00	19.25	13.02	0.00	0.00	0.00	0.00	0.00	0.00	0.00	0.00	0.00	0.00	0.00	0.00	0.00	0.00	0.00	0.00	0.00	0.00	0.00	0.00	0.00	0.00	0.00	0.00	21.3	20.2	17.4	26.0	44.0	54.8	183.65	0.734	0.390	0.138	0.216	0.242	0.000	0.9770	1.0000	1.0000	0.7624	1.0000	1.0000	0.00	64.66	64.66	0.00	0.00	0.00	0.00	0.00	0.00	23.04	15.61	8.99	7.08	5.50	4.44	0.0000	0.0000	0.0000	0.0000	0.0000	0.0000	0.0000	0.0000	0.0000	0.0000	0.0000	0.0000	115.69	0.03
1990-09-14	Perennial Ryegrass	0.20	457.04	0.98	0.99	0.76	1.01	5	2	4.65	650.00	0.00	50.77	34.35	0.00	0.00	0.00	0.00	0.00	0.00	0.00	0.00	0.00	0.00	0.00	0.00	0.00	0.00	0.00	0.00	0.00	0.00	0.00	0.00	0.00	0.00	0.00	0.00	18.6	20.2	18.5	26.0	43.8	54.7	181.74	0.653	0.420	0.196	0.175	0.198	0.000	0.9774	1.0000	1.0000	0.7665	1.0000	1.0000	0.00	63.21	63.21	0.00	0.00	0.00	0.00	0.00	0.00	20.04	16.15	10.01	7.09	5.50	4.43	0.0000	0.0000	0.0000	0.0000	0.0000	0.0000	1.0321	0.1713	0.0218	0.0102	0.0035	0.0000	115.69	0.03
1990-09-15	Perennial Ryegrass	0.20	452.56	0.98	0.99	0.76	1.01	5	2	4.71	650.00	0.00	75.01	50.82	0.00	0.00	0.00	0.00	0.00	0.00	0.00	0.00	0.00	0.00	0.00	0.00	0.00	0.00	0.00	0.00	0.00	0.00	0.00	0.00	0.00	0.00	0.00	0.00	16.9	19.5	18.9	25.9	43.6	54.6	179.39	0.604	0.501	0.315	0.207	0.233	0.000	0.9783	0.7308	1.0000	0.7607	1.0000	1.0000	0.00	61.38	61.38	0.00	0.00	0.00	0.00	0.00	0.00	18.00	15.83	10.54	7.10	5.49	4.42	0.0000	0.0000	0.0000	0.0000	0.0000	0.0000	1.2506	0.3234	0.0599	0.0201	0.0072	0.0000	117.10	0.03
1990-09-16	Perennial Ryegrass	0.20	452.52	0.98	1.00	0.76	1.01	5	2	4.77	650.00	0.00	74.55	50.61	0.00	0.00	0.00	0.00	0.00	0.00	0.00	0.00	0.00	0.00	0.00	0.00	0.00	0.00	0.00	0.00	0.00	0.00	0.00	0.00	0.00	0.00	0.00	0.00	16.4	18.7	18.8	25.8	43.5	54.5	177.62	0.482	0.455	0.346	0.202	0.226	0.000	0.9790	0.7663	1.0000	0.7509	1.0000	1.0000	0.00	59.16	59.16	0.00	0.00	0.00	0.00	0.00	0.00	16.52	15.07	10.59	7.10	5.48	4.41	0.0000	0.0000	0.0000	0.0000	0.0000	0.0000	1.4816	0.4569	0.1081	0.0326	0.0115	0.0000	118.54	0.03
1990-09-17	Perennial Ryegrass	0.20	446.28	0.98	1.00	0.76	1.01	5	2	4.82	650.00	0.00	63.60	43.26	0.00	0.00	0.00	0.00	0.00	0.00	0.00	0.00	0.00	0.00	0.00	0.00	0.00	0.00	0.00	0.00	0.00	0.00	0.00	0.00	0.00	0.00	0.00	0.00	15.6	18.1	18.4	25.7	43.3	54.4	175.45	0.451	0.398	0.335	0.196	0.218	0.000	0.9797	0.5812	1.0000	0.7694	1.0000	1.0000	0.00	57.89	57.89	0.00	0.00	0.00	0.00	0.00	0.00	15.78	14.67	10.48	7.10	5.47	4.40	0.0000	0.0000	0.0000	0.0000	0.0000	0.0000	0.7996	0.2354	0.0646	0.0200	0.0069	0.0000	119.68	0.03
1990-09-18	Perennial Ryegrass	0.20	441.56	0.98	1.00	0.76	1.01	5	2	4.86	650.00	0.00	58.18	39.62	0.00	0.00	0.00	0.00	0.00	0.00	0.00	0.00	0.00	0.00	0.00	0.00	0.00	0.00	0.00	0.00	0.00	0.00	0.00	0.00	0.00	0.00	0.00	0.00	14.8	17.6	18.1	25.6	43.1	54.3	173.46	0.392	0.358	0.309	0.190	0.211	0.000	0.9802	0.5132	0.9852	0.7909	1.0000	1.0000	0.00	55.91	55.91	0.00	0.00	0.00	0.00	0.00	0.00	14.54	14.12	10.31	7.08	5.45	4.40	0.0000	0.0000	0.0000	0.0000	0.0000	0.0000	1.2791	0.3958	0.1137	0.0378	0.0129	0.0000	120.79	0.03
1990-09-19	Perennial Ryegrass	0.20	437.45	0.98	1.00	0.75	1.01	5	2	4.90	650.00	0.00	42.22	28.79	0.00	0.00	0.00	0.00	0.00	0.00	0.00	0.00	0.00	0.00	0.00	0.00	0.00	0.00	0.00	0.00	0.00	0.00	0.00	0.00	0.00	0.00	0.00	0.00	14.2	17.2	17.7	25.4	42.9	54.2	171.72	0.338	0.323	0.284	0.184	0.204	0.000	0.9807	0.4157	0.7829	0.8259	1.0000	1.0000	0.00	55.35	55.35	0.00	0.00	0.00	0.00	0.00	0.00	14.30	13.90	10.24	7.09	5.45	4.39	0.0000	0.0000	0.0000	0.0000	0.0000	0.0000	0.2618	0.0879	0.0264	0.0094	0.0032	0.0000	121.58	0.03
1990-09-20	Perennial Ryegrass	0.20	450.55	0.98	1.00	0.76	1.01	5	2	4.97	650.00	0.00	66.90	45.64	0.00	0.00	0.00	0.00	0.00	0.00	0.00	0.00	0.00	0.00	0.00	0.00	0.00	0.00	0.00	0.00	0.00	0.00	0.00	0.00	0.00	0.00	0.00	0.00	16.9	17.2	17.4	25.3	42.8	54.1	173.76	0.296	0.292	0.261	0.177	0.198	0.000	0.9810	0.9821	1.0000	0.8549	1.0000	1.0000	0.00	53.01	53.01	0.00	0.00	0.00	0.00	0.00	0.00	12.51	13.61	10.04	7.04	5.43	4.38	0.0000	0.0000	0.0000	0.0000	0.0000	0.0000	1.4043	0.5088	0.1534	0.0580	0.0195	0.0000	122.80	0.03
1990-09-21	Perennial Ryegrass	0.20	438.19	0.98	1.00	0.74	1.02	5	2	5.05	650.00	0.00	84.76	57.89	0.00	0.00	0.00	0.00	0.00	0.00	0.00	0.00	0.00	0.00	0.00	0.00	0.00	0.00	0.00	0.00	0.00	0.00	0.00	0.00	0.00	0.00	0.00	0.00	15.9	16.9	17.2	25.2	42.6	54.0	171.86	0.480	0.295	0.241	0.170	0.192	0.000	0.9819	1.0000	0.6776	0.8794	1.0000	1.0000	0.00	51.46	51.46	0.00	0.00	0.00	0.00	0.00	0.00	11.43	13.29	9.93	7.02	5.42	4.37	0.0000	0.0000	0.0000	0.0000	0.0000	0.0000	0.9865	0.2421	0.0689	0.0276	0.0093	0.0000	123.80	0.03
1990-09-22	Perennial Ryegrass	0.20	434.14	0.98	1.00	0.74	1.02	5	2	5.09	650.00	0.00	51.27	35.07	0.00	0.00	0.00	0.00	0.00	0.00	0.00	0.00	0.00	0.00	0.00	0.00	0.00	0.00	0.00	0.00	0.00	0.00	0.00	0.00	0.00	0.00	0.00	0.00	15.1	16.6	17.0	25.1	42.5	53.9	170.12	0.413	0.272	0.223	0.164	0.186	0.000	0.9828	0.5044	0.8787	0.8830	1.0000	1.0000	0.00	49.41	49.41	0.00	0.00	0.00	0.00	0.00	0.00	10.06	12.83	9.79	6.97	5.40	4.36	0.0000	0.0000	0.0000	0.0000	0.0000	0.0000	1.3306	0.3796	0.1098	0.0462	0.0154	0.0000	124.76	0.03
1990-09-23	Perennial Ryegrass	0.19	421.69	0.98	1.00	0.74	1.02	5	2	5.13	650.00	0.00	45.59	31.21	0.00	0.00	0.00	0.00	0.00	0.00	0.00	0.00	0.00	0.00	0.00	0.00	0.00	0.00	0.00	0.00	0.00	0.00	0.00	0.00	0.00	0.00	0.00	0.00	14.2	16.2	16.7	25.0	42.4	53.9	168.39	0.354	0.249	0.207	0.157	0.180	0.000	0.9832	0.5235	0.7715	0.9135	1.0000	1.0000	0.00	49.11	49.11	0.00	0.00	0.00	0.00	0.00	0.00	9.92	12.72	9.74	6.97	5.40	4.36	0.0000	0.0000	0.0000	0.0000	0.0000	0.0000	0.0595	0.0201	0.0060	0.0026	0.0009	0.0000	125.62	0.03
1990-09-24	Perennial Ryegrass	0.19	409.23	0.98	1.00	0.74	1.02	5	2	5.17	650.00	0.00	41.06	28.11	0.00	0.00	0.00	0.00	0.00	0.00	0.00	0.00	0.00	0.00	0.00	0.00	0.00	0.00	0.00	0.00	0.00	0.00	0.00	0.00	0.00	0.00	0.00	0.00	13.6	16.0	16.5	24.9	42.2	53.8	166.95	0.293	0.227	0.191	0.151	0.174	0.000	0.9836	0.7450	0.4951	0.9399	1.0000	1.0000	0.00	47.15	47.15	0.00	0.00	0.00	0.00	0.00	0.00	8.73	12.20	9.58	6.91	5.38	4.35	0.0000	0.0000	0.0000	0.0000	0.0000	0.0000	1.1192	0.4175	0.1266	0.0582	0.0194	0.0000	126.39	0.03
1990-09-25	Perennial Ryegrass	0.18	398.86	0.98	1.00	0.74	1.02	5	2	5.19	650.00	0.00	24.44	16.74	0.00	0.00	0.00	0.00	0.00	0.00	0.00	0.00	0.00	0.00	0.00	0.00	0.00	0.00	0.00	0.00	0.00	0.00	0.00	0.00	0.00	0.00	0.00	0.00	13.3	15.7	16.3	24.8	42.1	53.7	165.92	0.249	0.207	0.177	0.144	0.169	0.000	0.9839	0.5983	0.4643	0.9647	1.0000	1.0000	0.00	46.91	46.91	0.00	0.00	0.00	0.00	0.00	0.00	8.63	12.11	9.54	6.91	5.37	4.34	0.0000	0.0000	0.0000	0.0000	0.0000	0.0000	0.0000	0.0000	0.0000	0.0000	0.0000	0.0000	126.82	0.03
1990-09-26	Perennial Ryegrass	0.17	382.66	0.98	1.00	0.74	1.02	5	2	5.21	650.00	0.00	22.69	15.54	0.00	0.00	0.00	0.00	0.00	0.00	0.00	0.00	0.00	0.00	0.00	0.00	0.00	0.00	0.00	0.00	0.00	0.00	0.00	0.00	0.00	0.00	0.00	0.00	12.6	15.5	16.2	24.7	42.0	53.6	164.55	0.230	0.189	0.164	0.138	0.164	0.000	0.9841	1.0000	0.3824	0.9734	1.0000	1.0000	0.00	46.62	46.62	0.00	0.00	0.00	0.00	0.00	0.00	8.50	12.01	9.50	6.90	5.37	4.34	0.0000	0.0000	0.0000	0.0000	0.0000	0.0000	0.0350	0.0151	0.0048	0.0024	0.0008	0.0000	127.09	0.03
1990-09-27	Perennial Ryegrass	0.17	379.65	0.98	1.00	0.74	1.02	6	2	5.23	650.00	0.00	27.98	19.16	0.00	0.00	0.00	0.00	0.00	0.00	0.00	0.00	0.00	0.00	0.00	0.00	0.00	0.00	0.00	0.00	0.00	0.00	0.00	0.00	0.00	0.00	0.00	0.00	11.9	15.2	16.0	24.6	41.9	53.5	163.08	0.184	0.172	0.151	0.132	0.159	0.000	0.9844	0.3431	0.6591	0.9693	1.0000	1.0000	0.00	45.92	45.92	0.00	0.00	0.00	0.00	0.00	0.00	8.16	11.77	9.42	6.87	5.36	4.33	0.0000	0.0000	0.0000	0.0000	0.0000	0.0000	0.3290	0.1534	0.0495	0.0255	0.0086	0.0000	127.59	0.03
1990-09-28	Perennial Ryegrass	0.17	375.97	0.98	1.00	0.74	1.02	6	2	5.25	650.00	0.00	25.94	17.76	0.00	0.00	0.00	0.00	0.00	0.00	0.00	0.00	0.00	0.00	0.00	0.00	0.00	0.00	0.00	0.00	0.00	0.00	0.00	0.00	0.00	0.00	0.00	0.00	11.1	15.0	15.9	24.5	41.7	53.5	161.72	0.130	0.156	0.140	0.127	0.154	0.000	0.9845	0.7173	0.3205	0.9688	1.0000	1.0000	0.00	45.21	45.21	0.00	0.00	0.00	0.00	0.00	0.00	7.84	11.52	9.34	6.84	5.35	4.32	0.0000	0.0000	0.0000	0.0000	0.0000	0.0000	0.3218	0.1738	0.0573	0.0305	0.0103	0.0000	128.05	0.03
1990-09-29	Perennial Ryegrass	0.17	370.82	0.98	1.00	0.74	1.02	6	2	5.27	650.00	0.00	18.56	12.71	0.00	0.00	0.00	0.00	0.00	0.00	0.00	0.00	0.00	0.00	0.00	0.00	0.00	0.00	0.00	0.00	0.00	0.00	0.00	0.00	0.00	0.00	0.00	0.00	10.8	14.8	15.7	24.4	41.6	53.4	160.76	0.079	0.142	0.130	0.121	0.150	0.000	0.9847	1.0000	0.3885	0.9658	1.0000	1.0000	0.00	45.04	45.04	0.00	0.00	0.00	0.00	0.00	0.00	7.80	11.43	9.31	6.83	5.35	4.32	0.0000	0.0000	0.0000	0.0000	0.0000	0.0000	0.0340	0.0214	0.0072	0.0040	0.0013	0.0000	128.36	0.03
1990-09-30	Perennial Ryegrass	0.17	364.60	0.99	1.00	0.74	1.02	6	2	5.30	650.00	0.00	33.70	23.07	0.00	0.00	0.00	0.00	0.00	0.00	0.00	0.00	0.00	0.00	0.00	0.00	0.00	0.00	0.00	0.00	0.00	0.00	0.00	0.00	0.00	0.00	0.00	0.00	10.4	14.7	15.6	24.3	41.5	53.3	159.81	0.053	0.129	0.120	0.116	0.145	0.000	0.9849	0.6730	0.7296	0.9654	1.0000	1.0000	0.00	43.91	43.91	0.00	0.00	0.00	0.00	0.00	0.00	7.29	11.04	9.17	6.77	5.33	4.31	0.0000	0.0000	0.0000	0.0000	0.0000	0.0000	0.5048	0.3336	0.1135	0.0642	0.0217	0.0000	128.97	0.03
1990-10-01	Perennial Ryegrass	0.16	357.30	0.99	1.00	0.74	1.02	6	2	5.33	650.00	0.00	24.83	16.99	0.00	0.00	0.00	0.00	0.00	0.00	0.00	0.00	0.00	0.00	0.00	0.00	0.00	0.00	0.00	0.00	0.00	0.00	0.00	0.00	0.00	0.00	0.00	0.00	9.8	14.5	15.5	24.3	41.4	53.2	158.72	0.027	0.117	0.111	0.111	0.141	0.000	0.9852	1.0000	0.2960	0.9701	1.0000	1.0000	0.00	43.82	43.82	0.00	0.00	0.00	0.00	0.00	0.00	7.28	10.99	9.16	6.77	5.33	4.31	0.0000	0.0000	0.0000	0.0000	0.0000	0.0000	0.0000	0.0000	0.0000	0.0000	0.0000	0.0000	129.41	0.03
1990-10-02	Perennial Ryegrass	0.16	353.36	0.99	1.00	0.74	1.02	6	2	5.35	650.00	0.00	21.95	15.03	0.00	0.00	0.00	0.00	0.00	0.00	0.00	0.00	0.00	0.00	0.00	0.00	0.00	0.00	0.00	0.00	0.00	0.00	0.00	0.00	0.00	0.00	0.00	0.00	9.4	14.4	15.4	24.2	41.3	53.1	157.75	0.000	0.105	0.103	0.106	0.137	0.000	0.9854	0.9709	0.2921	0.9698	1.0000	1.0000	0.00	42.93	42.93	0.00	0.00	0.00	0.00	0.00	0.00	6.94	10.65	9.04	6.70	5.31	4.30	0.0000	0.0000	0.0000	0.0000	0.0000	0.0000	0.3471	0.2900	0.1023	0.0609	0.0207	0.0000	129.79	0.03
1990-10-03	Perennial Ryegrass	0.16	352.81	0.99	1.00	0.74	1.02	6	2	5.36	650.00	0.00	16.64	11.39	0.00	0.00	0.00	0.00	0.00	0.00	0.00	0.00	0.00	0.00	0.00	0.00	0.00	0.00	0.00	0.00	0.00	0.00	0.00	0.00	0.00	0.00	0.00	0.00	9.0	14.2	15.3	24.1	41.2	53.1	156.86	0.000	0.095	0.095	0.102	0.133	0.000	0.9856	0.6492	0.2748	0.9668	1.0000	1.0000	0.00	42.88	42.88	0.00	0.00	0.00	0.00	0.00	0.00	6.96	10.60	9.02	6.70	5.31	4.29	0.0000	0.0000	0.0000	0.0000	0.0000	0.0000	0.0000	0.0000	0.0000	0.0000	0.0000	0.0000	130.06	0.03
1990-10-04	Perennial Ryegrass	0.16	348.01	0.99	1.00	0.73	1.02	6	2	5.37	650.00	0.00	11.83	8.09	0.00	0.00	0.00	0.00	0.00	0.00	0.00	0.00	0.00	0.00	0.00	0.00	0.00	0.00	0.00	0.00	0.00	0.00	0.00	0.00	0.00	0.00	0.00	0.00	8.6	14.1	15.2	24.1	41.1	53.0	156.03	0.000	0.085	0.088	0.097	0.129	0.000	0.9857	1.0000	0.1723	0.9725	1.0000	1.0000	0.00	42.60	42.60	0.00	0.00	0.00	0.00	0.00	0.00	6.89	10.47	8.98	6.68	5.30	4.29	0.0000	0.0000	0.0000	0.0000	0.0000	0.0000	0.0790	0.0811	0.0296	0.0184	0.0063	0.0000	130.19	0.03
1990-10-05	Perennial Ryegrass	0.17	367.50	0.99	1.00	0.74	1.02	6	2	5.34	650.00	0.00	-11.88	0.00	0.00	0.00	0.00	0.00	0.00	0.00	0.00	0.00	0.00	0.00	0.00	0.00	0.00	0.00	0.00	0.00	0.00	0.00	0.00	0.00	0.00	0.00	0.00	0.00	13.8	14.0	15.1	24.0	41.1	52.9	160.91	0.000	0.076	0.081	0.093	0.126	0.000	0.9858	1.0000	0.1660	0.9798	1.0000	1.0000	0.00	42.45	42.46	0.00	0.00	0.00	0.00	0.00	0.00	6.77	10.46	8.96	6.68	5.30	4.28	0.0000	0.0000	0.0000	0.0000	0.0000	0.0000	0.0000	0.0000	0.0000	0.0000	0.0000	0.0000	129.82	0.03
1990-10-06	Perennial Ryegrass	0.16	358.19	0.99	1.00	0.72	1.02	6	2	5.37	650.00	0.00	30.02	20.52	0.00	0.00	0.00	0.00	0.00	0.00	0.00	0.00	0.00	0.00	0.00	0.00	0.00	0.00	0.00	0.00	0.00	0.00	0.00	0.00	0.00	0.00	0.00	0.00	13.0	13.9	15.0	23.9	41.0	52.9	159.73	0.269	0.071	0.075	0.089	0.122	0.000	0.9856	0.9166	0.3551	0.9792	1.0000	1.0000	0.00	40.15	40.15	0.00	0.00	0.00	0.00	0.00	0.00	5.19	10.04	8.80	6.58	5.27	4.28	0.0000	0.0000	0.0000	0.0000	0.0000	0.0000	1.4903	0.4081	0.1490	0.0964	0.0332	0.0000	129.44	0.03
1990-10-07	Perennial Ryegrass	0.16	351.19	0.99	1.00	0.72	1.02	6	2	5.39	650.00	0.00	23.50	16.06	0.00	0.00	0.00	0.00	0.00	0.00	0.00	0.00	0.00	0.00	0.00	0.00	0.00	0.00	0.00	0.00	0.00	0.00	0.00	0.00	0.00	0.00	0.00	0.00	12.2	13.9	14.9	23.9	40.9	52.8	158.50	0.212	0.066	0.070	0.085	0.119	0.000	0.9858	1.0000	0.2327	0.9788	1.0000	1.0000	0.00	38.43	38.43	0.00	0.00	0.00	0.00	0.00	0.00	4.16	9.63	8.65	6.49	5.23	4.27	0.0000	0.0000	0.0000	0.0000	0.0000	0.0000	0.9727	0.3848	0.1422	0.0938	0.0326	0.0000	129.82	0.03
1990-10-08	Perennial Ryegrass	0.18	389.29	0.99	1.00	0.73	1.03	6	2	5.40	650.00	0.00	8.53	5.83	0.00	0.00	0.00	0.00	0.00	0.00	0.00	0.00	0.00	0.00	0.00	0.00	0.00	0.00	0.00	0.00	0.00	0.00	0.00	0.00	0.00	0.00	0.00	0.00	19.1	16.0	14.9	23.8	40.8	52.7	167.33	0.152	0.061	0.065	0.082	0.116	0.000	0.9859	1.0000	0.2527	0.9775	1.0000	1.0000	0.00	38.32	38.32	0.00	0.00	0.00	0.00	0.00	0.00	3.67	10.01	8.66	6.48	5.23	4.27	0.0000	0.0000	0.0000	0.0000	0.0000	0.0000	0.0000	0.0000	0.0000	0.0000	0.0000	0.0000	129.92	0.03
1990-10-09	Perennial Ryegrass	0.17	378.10	0.99	1.00	0.70	1.03	6	2	5.46	650.00	0.00	61.17	41.79	0.00	0.00	0.00	0.00	0.00	0.00	0.00	0.00	0.00	0.00	0.00	0.00	0.00	0.00	0.00	0.00	0.00	0.00	0.00	0.00	0.00	0.00	0.00	0.00	17.2	16.8	14.9	23.8	40.7	52.7	166.01	0.634	0.212	0.062	0.078	0.112	0.000	0.9860	0.9698	0.7377	0.9781	1.0000	1.0000	0.00	37.55	37.55	0.00	0.00	0.00	0.00	0.00	0.00	2.97	9.98	8.65	6.46	5.23	4.26	0.0000	0.0000	0.0000	0.0000	0.0000	0.0000	0.4105	0.1578	0.0297	0.0199	0.0070	0.0000	129.83	0.03
1990-10-10	Perennial Ryegrass	0.18	405.18	0.99	1.00	0.71	1.03	6	2	5.49	650.00	0.00	38.19	26.11	0.00	0.00	0.00	0.00	0.00	0.00	0.00	0.00	0.00	0.00	0.00	0.00	0.00	0.00	0.00	0.00	0.00	0.00	0.00	0.00	0.00	0.00	0.00	0.00	20.3	19.0	15.3	23.7	40.7	52.6	171.51	0.506	0.264	0.062	0.075	0.109	0.000	0.9866	0.6019	0.4967	0.9786	1.0000	1.0000	0.00	36.04	36.04	0.00	0.00	0.00	0.00	0.00	0.00	1.86	9.52	8.79	6.41	5.21	4.25	0.0000	0.0000	0.0000	0.0000	0.0000	0.0000	0.6854	0.5490	0.0881	0.0566	0.0199	0.0000	130.47	0.03
1990-10-11	Perennial Ryegrass	0.18	401.36	0.99	1.00	0.69	1.03	6	2	5.54	650.00	0.00	54.39	37.19	0.00	0.00	0.00	0.00	0.00	0.00	0.00	0.00	0.00	0.00	0.00	0.00	0.00	0.00	0.00	0.00	0.00	0.00	0.00	0.00	0.00	0.00	0.00	0.00	19.0	19.7	16.3	23.7	40.6	52.5	171.84	0.718	0.422	0.089	0.072	0.106	0.000	0.9868	0.8358	0.5538	0.9854	1.0000	1.0000	0.01	35.26	35.26	0.00	0.00	0.00	0.00	0.00	0.00	1.32	8.86	9.23	6.39	5.20	4.25	0.0006	0.0000	0.0000	0.0000	0.0000	0.0000	0.2406	0.2957	0.0392	0.0202	0.0071	0.0000	130.52	0.03
1990-10-12	Perennial Ryegrass	0.18	390.06	0.99	1.00	0.68	1.03	6	2	5.59	650.00	0.00	49.65	33.97	0.00	0.00	0.00	0.00	0.00	0.00	0.00	0.00	0.00	0.00	0.00	0.00	0.00	0.00	0.00	0.00	0.00	0.00	0.00	0.00	0.00	0.00	0.00	0.00	17.2	19.3	16.9	23.7	40.5	52.5	170.01	0.631	0.472	0.161	0.070	0.104	0.000	0.9872	1.0000	0.6503	0.9844	1.0000	1.0000	0.01	33.53	33.54	0.01	0.00	0.00	0.00	0.00	0.00	0.75	7.63	9.37	6.35	5.18	4.24	0.0032	0.0000	0.0000	0.0000	0.0000	0.0000	0.4410	0.9090	0.1616	0.0566	0.0198	0.0000	131.04	0.03
1990-10-13	Perennial Ryegrass	0.17	383.48	0.99	1.00	0.68	1.03	6	2	5.63	650.00	0.00	49.94	34.17	0.00	0.00	0.00	0.00	0.00	0.00	0.00	0.00	0.00	0.00	0.00	0.00	0.00	0.00	0.00	0.00	0.00	0.00	0.00	0.00	0.00	0.00	0.00	0.00	16.1	18.5	16.9	23.6	40.5	52.4	167.98	0.503	0.441	0.203	0.069	0.101	0.000	0.9876	0.5678	0.5952	0.9822	1.0000	1.0000	0.02	32.79	32.81	0.01	0.00	0.00	0.00	0.00	0.00	0.67	7.04	9.33	6.33	5.17	4.24	0.0020	0.0000	0.0000	0.0000	0.0000	0.0000	0.1172	0.3849	0.0997	0.0294	0.0103	0.0000	132.00	0.03
1990-10-14	Perennial Ryegrass	0.17	378.94	0.99	1.00	0.68	1.03	6	2	5.66	650.00	0.00	44.13	30.21	0.00	0.00	0.00	0.00	0.00	0.00	0.00	0.00	0.00	0.00	0.00	0.00	0.00	0.00	0.00	0.00	0.00	0.00	0.00	0.00	0.00	0.00	0.00	0.00	15.3	17.9	16.7	23.6	40.4	52.3	166.26	0.428	0.383	0.204	0.068	0.098	0.000	0.9879	0.5199	0.5619	0.9800	1.0000	1.0000	0.01	31.28	31.30	0.01	0.00	0.00	0.00	0.00	0.00	0.47	6.11	9.06	6.27	5.15	4.23	0.0050	0.0000	0.0000	0.0000	0.0000	0.0000	0.2376	0.8182	0.2652	0.0778	0.0269	0.0000	132.84	0.03
1990-10-15	Perennial Ryegrass	0.17	373.70	0.99	1.00	0.68	1.03	6	2	5.68	650.00	0.00	32.09	21.97	0.00	0.00	0.00	0.00	0.00	0.00	0.00	0.00	0.00	0.00	0.00	0.00	0.00	0.00	0.00	0.00	0.00	0.00	0.00	0.00	0.00	0.00	0.00	0.00	15.6	17.4	16.6	23.6	40.3	52.3	165.74	0.372	0.340	0.192	0.067	0.096	0.000	0.9881	0.4169	0.8039	0.9848	1.0000	1.0000	0.02	31.01	31.03	0.02	0.00	0.00	0.00	0.00	0.01	0.42	5.94	9.01	6.26	5.14	4.23	0.0007	0.0000	0.0000	0.0000	0.0000	0.0000	0.0165	0.0813	0.0319	0.0099	0.0034	0.0000	133.43	0.03
1990-10-16	Perennial Ryegrass	0.17	361.82	0.99	1.00	0.67	1.03	6	2	5.72	650.00	0.00	44.78	30.66	0.00	0.00	0.00	0.00	0.00	0.00	0.00	0.00	0.00	0.00	0.00	0.00	0.00	0.00	0.00	0.00	0.00	0.00	0.00	0.00	0.00	0.00	0.00	0.00	14.6	16.9	16.4	23.6	40.3	52.2	163.96	0.392	0.306	0.181	0.066	0.093	0.000	0.9883	0.7468	0.4807	0.9879	1.0000	1.0000	0.02	29.76	29.77	0.01	0.00	0.00	0.00	0.00	0.01	0.26	5.24	8.73	6.19	5.11	4.23	0.0071	0.0000	0.0000	0.0000	0.0000	0.0000	0.1378	0.6242	0.2646	0.0854	0.0293	0.0000	134.08	0.03
1990-10-17	Perennial Ryegrass	0.16	349.61	0.99	1.00	0.67	1.03	6	2	5.74	650.00	0.00	25.81	17.68	0.00	0.00	0.00	0.00	0.00	0.00	0.00	0.00	0.00	0.00	0.00	0.00	0.00	0.00	0.00	0.00	0.00	0.00	0.00	0.00	0.00	0.00	0.00	0.00	13.5	16.5	16.2	23.6	40.2	52.1	162.21	0.320	0.276	0.169	0.065	0.091	0.000	0.9885	0.5531	0.4489	0.9902	1.0000	1.0000	0.03	29.26	29.29	0.02	0.00	0.00	0.00	0.00	0.01	0.20	4.97	8.61	6.16	5.10	4.22	0.0029	0.0000	0.0000	0.0000	0.0000	0.0000	0.0262	0.2034	0.0993	0.0339	0.0116	0.0000	134.55	0.03
1990-10-18	Perennial Ryegrass	0.16	343.48	0.99	1.00	0.67	1.03	6	2	5.76	650.00	0.00	24.88	17.04	0.00	0.00	0.00	0.00	0.00	0.00	0.00	0.00	0.00	0.00	0.00	0.00	0.00	0.00	0.00	0.00	0.00	0.00	0.00	0.00	0.00	0.00	0.00	0.00	12.9	16.2	16.1	23.5	40.2	52.1	160.98	0.246	0.248	0.157	0.063	0.089	0.000	0.9887	0.8163	0.2843	0.9919	1.0000	1.0000	0.03	28.64	28.66	0.02	0.00	0.00	0.00	0.00	0.01	0.16	4.62	8.44	6.11	5.08	4.22	0.0040	0.0000	0.0000	0.0000	0.0000	0.0000	0.0288	0.2809	0.1489	0.0533	0.0183	0.0000	135.00	0.03
1990-10-19	Perennial Ryegrass	0.18	386.94	0.99	1.00	0.68	1.03	6	2	5.72	650.00	0.00	-18.87	0.00	0.00	0.00	0.00	0.00	0.00	0.00	0.00	0.00	0.00	0.00	0.00	0.00	0.00	0.00	0.00	0.00	0.00	0.00	0.00	0.00	0.00	0.00	0.00	0.00	25.4	20.4	17.4	23.5	40.1	52.0	178.77	0.206	0.223	0.146	0.062	0.086	0.000	0.9888	1.0000	0.2968	0.9910	1.0000	1.0000	0.03	28.53	28.56	0.03	0.00	0.00	0.00	0.00	0.01	0.09	4.31	8.70	6.13	5.08	4.21	0.0000	0.0000	0.0000	0.0000	0.0000	0.0000	0.0000	0.0000	0.0000	0.0000	0.0000	0.0000	134.39	0.03
1990-10-20	Perennial Ryegrass	0.18	388.49	0.99	1.00	0.64	1.03	6	1	5.79	650.00	0.00	91.47	62.61	0.00	0.00	0.00	0.00	0.00	0.00	0.00	0.00	0.00	0.00	0.00	0.00	0.00	0.00	0.00	0.00	0.00	0.00	0.00	0.00	0.00	0.00	0.00	0.00	21.1	21.3	19.4	23.6	40.1	52.0	177.46	1.077	0.516	0.236	0.061	0.084	0.000	0.9885	0.8051	0.8293	0.9870	1.0000	1.0000	0.01	27.18	27.19	0.00	0.00	0.00	0.00	0.00	0.01	0.00	3.10	8.73	6.09	5.06	4.21	0.0252	0.0000	0.0000	0.0000	0.0000	0.0000	0.0692	0.7645	0.3311	0.0826	0.0278	0.0000	134.66	0.03
1990-10-21	Perennial Ryegrass	0.19	425.16	0.99	1.00	0.65	1.03	6	1	5.89	650.00	0.00	94.31	64.63	0.00	0.00	0.00	0.00	0.00	0.00	0.00	0.00	0.00	0.00	0.00	0.00	0.00	0.00	0.00	0.00	0.00	0.00	0.00	0.00	0.00	0.00	0.00	0.00	23.9	23.0	20.9	24.7	40.0	51.9	184.49	0.780	0.579	0.381	0.065	0.082	0.000	0.9890	1.0000	1.0000	0.9833	1.0000	1.0000	0.02	25.86	25.88	0.01	0.00	0.00	0.00	0.00	0.01	0.00	2.06	8.09	6.47	5.03	4.20	0.0483	0.0000	0.0000	0.0000	0.0000	0.0000	0.0050	0.6500	0.5005	0.0901	0.0276	0.0000	136.28	0.03
1990-10-22	Perennial Ryegrass	0.19	425.33	0.99	1.00	0.62	1.03	6	1	5.95	650.00	0.00	100.39	68.87	0.00	0.00	0.00	0.00	0.00	0.00	0.00	0.00	0.00	0.00	0.00	0.00	0.00	0.00	0.00	0.00	0.00	0.00	0.00	0.00	0.00	0.00	0.00	0.00	19.5	22.4	21.5	26.3	40.0	51.8	181.41	0.973	0.701	0.486	0.134	0.080	0.000	0.9896	0.6518	0.8567	0.9803	1.0000	1.0000	0.01	24.45	24.46	0.00	0.00	0.00	0.00	0.00	0.01	0.00	1.23	7.08	6.94	5.00	4.20	0.0527	0.0000	0.0000	0.0000	0.0000	0.0000	0.0050	0.6067	0.6041	0.1261	0.0274	0.0000	137.28	0.03
1990-10-23	Perennial Ryegrass	0.19	426.72	0.99	1.00	0.62	1.03	6	1	6.05	650.00	0.00	95.11	65.32	0.00	0.00	0.00	0.00	0.00	0.00	0.00	0.00	0.00	0.00	0.00	0.00	0.00	0.00	0.00	0.00	0.00	0.00	0.00	0.00	0.00	0.00	0.00	0.00	17.3	21.0	21.2	27.6	39.9	51.8	178.74	0.662	0.655	0.523	0.228	0.079	0.000	0.9900	0.8657	1.0000	0.9827	1.0000	1.0000	0.02	23.27	23.30	0.01	0.00	0.00	0.00	0.00	0.01	0.00	0.78	6.11	7.21	4.98	4.20	0.0359	0.0000	0.0000	0.0000	0.0000	0.0000	0.0029	0.3439	0.5912	0.1774	0.0274	0.0000	139.14	0.03
1990-10-24	Perennial Ryegrass	0.19	423.73	0.99	1.00	0.62	1.04	6	1	6.09	650.00	0.00	63.11	43.39	0.00	0.00	0.00	0.00	0.00	0.00	0.00	0.00	0.00	0.00	0.00	0.00	0.00	0.00	0.00	0.00	0.00	0.00	0.00	0.00	0.00	0.00	0.00	0.00	16.4	19.3	20.6	28.2	39.9	51.7	176.13	0.511	0.557	0.504	0.304	0.077	0.000	0.9906	0.4258	0.9030	0.9849	1.0000	1.0000	0.03	22.29	22.33	0.02	0.00	0.00	0.00	0.00	0.01	0.00	0.55	5.35	7.24	4.96	4.19	0.0295	0.0000	0.0000	0.0000	0.0000	0.0000	0.0026	0.1798	0.5039	0.2203	0.0273	0.0000	140.41	0.03
1990-10-25	Perennial Ryegrass	0.19	419.62	0.99	1.00	0.62	1.04	6	1	6.12	650.00	0.00	42.33	29.11	0.00	0.00	0.00	0.00	0.00	0.00	0.00	0.00	0.00	0.00	0.00	0.00	0.00	0.00	0.00	0.00	0.00	0.00	0.00	0.00	0.00	0.00	0.00	0.00	15.3	18.5	19.9	28.2	39.9	51.7	173.53	0.445	0.443	0.461	0.343	0.076	0.000	0.9909	0.5924	0.4981	0.9869	1.0000	1.0000	0.04	21.48	21.52	0.03	0.00	0.00	0.00	0.00	0.01	0.00	0.44	4.84	7.08	4.93	4.19	0.0304	0.0000	0.0000	0.0000	0.0000	0.0000	0.0033	0.0990	0.4089	0.2386	0.0272	0.0000	141.23	0.03
1990-10-26	Perennial Ryegrass	0.19	414.12	0.99	1.00	0.62	1.04	7	1	6.15	650.00	0.00	38.93	26.77	0.00	0.00	0.00	0.00	0.00	0.00	0.00	0.00	0.00	0.00	0.00	0.00	0.00	0.00	0.00	0.00	0.00	0.00	0.00	0.00	0.00	0.00	0.00	0.00	14.3	18.0	19.3	28.0	39.9	51.6	171.08	0.373	0.386	0.413	0.345	0.075	0.000	0.9910	0.4615	0.6372	0.9905	1.0000	1.0000	0.06	20.77	20.83	0.05	0.00	0.00	0.00	0.00	0.01	0.01	0.38	4.45	6.84	4.91	4.18	0.0312	0.0000	0.0000	0.0000	0.0000	0.0000	0.0044	0.0714	0.3302	0.2332	0.0270	0.0000	141.98	0.03
1990-10-27	Perennial Ryegrass	0.18	406.16	0.99	1.00	0.62	1.04	7	1	6.17	650.00	0.00	33.76	23.21	0.00	0.00	0.00	0.00	0.00	0.00	0.00	0.00	0.00	0.00	0.00	0.00	0.00	0.00	0.00	0.00	0.00	0.00	0.00	0.00	0.00	0.00	0.00	0.00	13.2	17.6	18.9	27.7	39.8	51.6	168.73	0.301	0.351	0.374	0.327	0.074	0.000	0.9912	0.5697	0.5249	0.9945	1.0000	1.0000	0.07	20.15	20.23	0.06	0.00	0.00	0.00	0.00	0.01	0.01	0.34	4.13	6.61	4.88	4.18	0.0309	0.0000	0.0000	0.0000	0.0000	0.0000	0.0055	0.0561	0.2752	0.2183	0.0268	0.0000	142.62	0.03
1990-10-28	Perennial Ryegrass	0.18	395.05	0.99	1.00	0.62	1.04	7	1	6.19	650.00	0.00	24.26	16.68	0.00	0.00	0.00	0.00	0.00	0.00	0.00	0.00	0.00	0.00	0.00	0.00	0.00	0.00	0.00	0.00	0.00	0.00	0.00	0.00	0.00	0.00	0.00	0.00	12.2	17.2	18.5	27.4	39.8	51.5	166.49	0.227	0.319	0.341	0.310	0.073	0.000	0.9913	0.7352	0.3693	0.9971	1.0000	1.0000	0.07	19.59	19.66	0.06	0.00	0.00	0.00	0.00	0.01	0.01	0.30	3.86	6.39	4.86	4.18	0.0202	0.0000	0.0000	0.0000	0.0000	0.0000	0.0046	0.0450	0.2332	0.2041	0.0266	0.0000	143.07	0.02
1990-10-29	Perennial Ryegrass	0.18	385.03	0.99	1.00	0.62	2.00	7	1	6.20	650.00	0.00	17.03	11.70	0.00	0.00	0.00	0.00	0.00	0.00	0.00	0.00	0.00	0.00	0.00	0.00	0.00	0.00	0.00	0.00	0.00	0.00	0.00	0.00	0.00	0.00	0.00	0.00	11.5	16.8	18.1	27.1	39.8	51.4	164.74	0.154	0.291	0.312	0.293	0.072	0.000	0.9914	1.0000	0.2659	0.9985	1.0000	1.0000	0.06	19.08	19.14	0.05	0.00	0.00	0.00	0.00	0.01	0.01	0.27	3.61	6.18	4.83	4.18	0.0126	0.0000	0.0000	0.0000	0.0000	0.0000	0.0035	0.0367	0.1999	0.1905	0.0263	0.0000	143.36	0.03
1990-10-30	Perennial Ryegrass	0.17	376.41	0.99	1.00	0.62	2.00	7	1	6.21	650.00	0.00	8.01	5.61	0.00	0.00	0.00	0.00	0.00	0.00	0.00	0.00	0.00	0.00	0.00	0.00	0.00	0.00	0.00	0.00	0.00	0.00	0.00	0.00	0.00	0.00	0.00	0.00	11.1	16.4	17.8	26.9	39.7	51.4	163.30	0.108	0.264	0.286	0.277	0.070	0.000	0.9915	1.0000	0.2385	0.9993	1.0000	1.0000	0.05	18.62	18.68	0.04	0.00	0.00	0.00	0.00	0.01	0.01	0.25	3.40	5.98	4.81	4.17	0.0086	0.0001	0.0000	0.0000	0.0000	0.0000	0.0029	0.0305	0.1730	0.1777	0.0260	0.0000	143.48	0.03
1990-10-31	Perennial Ryegrass	0.17	369.06	0.99	1.00	0.62	2.00	7	1	6.22	650.00	0.00	9.47	6.66	0.00	0.00	0.00	0.00	0.00	0.00	0.00	0.00	0.00	0.00	0.00	0.00	0.00	0.00	0.00	0.00	0.00	0.00	0.00	0.00	0.00	0.00	0.00	0.00	10.8	16.1	17.4	26.6	39.7	51.3	162.00	0.079	0.241	0.263	0.262	0.069	0.000	0.9915	1.0000	0.3225	0.9996	1.0000	1.0000	0.05	18.20	18.25	0.03	0.00	0.00	0.00	0.00	0.02	0.01	0.23	3.21	5.80	4.78	4.17	0.0059	0.0003	0.0000	0.0000	0.0000	0.0000	0.0015	0.0257	0.1509	0.1657	0.0257	0.0000	143.62	0.03
1990-11-01	Perennial Ryegrass	0.17	363.98	0.99	1.00	0.62	2.00	7	1	6.23	650.00	0.00	13.34	9.42	0.00	0.00	0.00	0.00	0.00	0.00	0.00	0.00	0.00	0.00	0.00	0.00	0.00	0.00	0.00	0.00	0.00	0.00	0.00	0.00	0.00	0.00	0.00	0.00	10.4	15.9	17.2	26.4	39.7	51.3	160.81	0.053	0.220	0.241	0.247	0.068	0.000	0.9915	1.0000	0.2488	0.9997	1.0000	1.0000	0.04	18.15	18.19	0.02	0.00	0.00	0.00	0.00	0.02	0.00	0.23	3.18	5.78	4.78	4.17	0.0000	0.0000	0.0000	0.0000	0.0000	0.0000	0.0000	0.0000	0.0000	0.0000	0.0000	0.0000	143.85	0.02
1990-11-02	Perennial Ryegrass	0.17	360.86	0.99	1.00	0.62	2.01	7	1	6.24	650.00	0.00	19.68	13.98	0.00	0.00	0.00	0.00	0.00	0.00	0.00	0.00	0.00	0.00	0.00	0.00	0.00	0.00	0.00	0.00	0.00	0.00	0.00	0.00	0.00	0.00	0.00	0.00	9.6	15.6	16.9	26.2	39.6	51.2	159.13	0.030	0.200	0.222	0.233	0.067	0.000	0.9916	0.9724	0.2557	0.9998	1.0000	1.0000	0.02	18.11	18.13	0.00	0.01	0.00	0.00	0.00	0.02	0.00	0.24	3.15	5.76	4.79	4.17	0.0000	0.0000	0.0000	0.0000	0.0000	0.0000	0.0000	0.0000	0.0000	0.0000	0.0000	0.0000	144.22	0.02
1990-11-03	Perennial Ryegrass	0.17	362.00	0.99	1.00	0.62	2.01	7	1	6.22	650.00	0.00	-8.08	0.00	0.00	0.00	0.00	0.00	0.00	0.00	0.00	0.00	0.00	0.00	0.00	0.00	0.00	0.00	0.00	0.00	0.00	0.00	0.00	0.00	0.00	0.00	0.00	0.00	9.0	15.4	16.7	26.0	39.6	51.2	157.79	0.000	0.182	0.205	0.220	0.065	0.000	0.9916	1.0000	0.1863	0.9998	1.0000	1.0000	0.03	18.08	18.10	0.00	0.01	0.00	0.00	0.00	0.02	0.00	0.25	3.12	5.75	4.79	4.17	0.0000	0.0000	0.0000	0.0000	0.0000	0.0000	0.0000	0.0000	0.0000	0.0000	0.0000	0.0000	143.97	0.02
1990-11-04	Perennial Ryegrass	0.18	406.78	0.99	1.00	0.63	2.01	7	1	6.22	650.00	0.00	14.15	10.16	0.00	0.00	0.00	0.00	0.00	0.00	0.00	0.00	0.00	0.00	0.00	0.00	0.00	0.00	0.00	0.00	0.00	0.00	0.00	0.00	0.00	0.00	0.00	0.00	20.4	18.6	16.6	25.8	39.6	51.1	172.01	0.000	0.165	0.189	0.208	0.064	0.000	0.9915	1.0000	0.2254	0.9998	1.0000	1.0000	0.13	17.79	17.92	0.11	0.01	0.00	0.00	0.00	0.02	0.03	0.23	3.00	5.60	4.76	4.16	0.0100	0.0008	0.0000	0.0000	0.0000	0.0000	0.0028	0.0191	0.1080	0.1394	0.0249	0.0000	144.20	0.02
1990-11-05	Perennial Ryegrass	0.18	386.38	0.99	1.00	0.60	2.01	7	1	6.25	650.00	0.00	47.73	34.48	0.00	0.00	0.00	0.00	0.00	0.00	0.00	0.00	0.00	0.00	0.00	0.00	0.00	0.00	0.00	0.00	0.00	0.00	0.00	0.00	0.00	0.00	0.00	0.00	17.4	19.0	16.9	25.6	39.5	51.1	169.54	0.726	0.389	0.183	0.196	0.063	0.000	0.9915	0.6078	0.5840	0.9998	1.0000	1.0000	0.04	17.45	17.49	0.01	0.01	0.00	0.00	0.00	0.02	0.00	0.19	2.89	5.46	4.74	4.16	0.1026	0.0019	0.0000	0.0000	0.0000	0.0000	0.0260	0.0370	0.1018	0.1323	0.0246	0.0000	143.92	0.02
1990-11-06	Perennial Ryegrass	0.17	384.48	0.99	1.00	0.60	2.01	7	1	6.26	650.00	0.00	31.12	22.65	0.00	0.00	0.00	0.00	0.00	0.00	0.00	0.00	0.00	0.00	0.00	0.00	0.00	0.00	0.00	0.00	0.00	0.00	0.00	0.00	0.00	0.00	0.00	0.00	16.1	18.4	16.9	25.4	39.5	51.0	167.31	0.517	0.422	0.204	0.186	0.062	0.000	0.9916	0.8728	0.3736	0.9998	1.0000	1.0000	0.08	17.14	17.22	0.05	0.01	0.00	0.00	0.00	0.02	0.01	0.16	2.77	5.33	4.72	4.16	0.0670	0.0023	0.0000	0.0000	0.0000	0.0000	0.0168	0.0342	0.1069	0.1262	0.0244	0.0000	144.51	0.02
1990-11-07	Perennial Ryegrass	0.17	375.50	0.99	1.00	0.61	2.01	7	1	6.26	650.00	0.00	27.58	20.27	0.00	0.00	0.00	0.00	0.00	0.00	0.00	0.00	0.00	0.00	0.00	0.00	0.00	0.00	0.00	0.00	0.00	0.00	0.00	0.00	0.00	0.00	0.00	0.00	15.1	17.8	16.7	25.3	39.5	51.0	165.37	0.425	0.377	0.201	0.176	0.060	0.000	0.9917	0.8563	0.4466	0.9999	1.0000	1.0000	0.10	16.86	16.95	0.06	0.01	0.00	0.00	0.00	0.02	0.02	0.13	2.65	5.20	4.69	4.16	0.0545	0.0023	0.0000	0.0000	0.0000	0.0000	0.0137	0.0250	0.1015	0.1203	0.0241	0.0000	145.07	0.02
1990-11-08	Perennial Ryegrass	0.17	365.00	0.99	1.00	0.61	2.01	7	1	6.25	650.00	0.00	15.62	11.60	0.00	0.00	0.00	0.00	0.00	0.00	0.00	0.00	0.00	0.00	0.00	0.00	0.00	0.00	0.00	0.00	0.00	0.00	0.00	0.00	0.00	0.00	0.00	0.00	14.3	17.3	16.6	25.1	39.5	50.9	163.70	0.359	0.335	0.191	0.167	0.059	0.000	0.9917	1.0000	0.3278	0.9999	1.0000	1.0000	0.11	16.59	16.70	0.08	0.01	0.00	0.00	0.00	0.02	0.02	0.12	2.55	5.08	4.67	4.16	0.0485	0.0023	0.0000	0.0000	0.0000	0.0000	0.0134	0.0189	0.0939	0.1147	0.0239	0.0000	145.37	0.02
1990-11-09	Perennial Ryegrass	0.17	363.64	0.99	1.00	0.62	2.01	7	1	6.25	650.00	0.00	17.26	13.00	0.00	0.00	0.00	0.00	0.00	0.00	0.00	0.00	0.00	0.00	0.00	0.00	0.00	0.00	0.00	0.00	0.00	0.00	0.00	0.00	0.00	0.00	0.00	0.00	16.2	16.9	16.4	25.0	39.4	50.9	164.81	0.304	0.300	0.180	0.158	0.058	0.000	0.9916	1.0000	0.3912	0.9999	1.0000	1.0000	0.16	16.59	16.76	0.12	0.02	0.00	0.00	0.00	0.02	0.03	0.12	2.53	5.08	4.67	4.16	0.0000	0.0000	0.0000	0.0000	0.0000	0.0000	0.0000	0.0000	0.0000	0.0000	0.0000	0.0000	145.67	0.02
1990-11-10	Perennial Ryegrass	0.16	355.59	0.99	1.00	0.62	2.01	7	1	6.26	650.00	0.00	41.77	31.89	0.00	0.00	0.00	0.00	0.00	0.00	0.00	0.00	0.00	0.00	0.00	0.00	0.00	0.00	0.00	0.00	0.00	0.00	0.00	0.00	0.00	0.00	0.00	0.00	15.9	16.6	16.3	24.9	39.4	50.8	163.94	0.432	0.275	0.169	0.150	0.057	0.000	0.9916	0.9612	0.3900	0.9999	1.0000	1.0000	0.13	16.61	16.74	0.09	0.02	0.00	0.00	0.00	0.02	0.06	0.12	2.53	5.07	4.67	4.16	0.0000	0.0000	0.0000	0.0000	0.0000	0.0000	0.0000	0.0000	0.0000	0.0000	0.0000	0.0000	146.20	0.02
1990-11-11	Perennial Ryegrass	0.16	348.91	0.99	1.00	0.62	2.02	7	1	6.27	650.00	0.00	34.49	26.56	0.00	0.00	0.00	0.00	0.00	0.00	0.00	0.00	0.00	0.00	0.00	0.00	0.00	0.00	0.00	0.00	0.00	0.00	0.00	0.00	0.00	0.00	0.00	0.00	14.7	16.3	16.1	24.7	39.4	50.8	162.07	0.416	0.255	0.158	0.142	0.056	0.000	0.9917	0.6024	0.4022	0.9998	1.0000	1.0000	0.11	16.62	16.73	0.07	0.02	0.00	0.00	0.00	0.02	0.07	0.13	2.52	5.07	4.67	4.15	0.0000	0.0000	0.0000	0.0000	0.0000	0.0000	0.0000	0.0000	0.0000	0.0000	0.0000	0.0000	146.80	0.02
1990-11-12	Perennial Ryegrass	0.16	338.97	0.99	1.00	0.62	2.02	7	1	6.26	650.00	0.00	20.64	15.98	0.00	0.00	0.00	0.00	0.00	0.00	0.00	0.00	0.00	0.00	0.00	0.00	0.00	0.00	0.00	0.00	0.00	0.00	0.00	0.00	0.00	0.00	0.00	0.00	13.5	16.0	16.0	24.6	39.3	50.7	160.20	0.331	0.232	0.148	0.135	0.055	0.000	0.9917	0.6505	0.2951	0.9998	1.0000	1.0000	0.09	16.61	16.71	0.05	0.03	0.00	0.00	0.00	0.02	0.07	0.13	2.51	5.07	4.67	4.15	0.0000	0.0000	0.0000	0.0000	0.0000	0.0000	0.0000	0.0000	0.0000	0.0000	0.0000	0.0000	147.22	0.02
1990-11-13	Perennial Ryegrass	0.15	323.56	0.99	1.00	0.63	2.02	7	1	6.25	650.00	0.00	14.52	11.34	0.00	0.00	0.00	0.00	0.00	0.00	0.00	0.00	0.00	0.00	0.00	0.00	0.00	0.00	0.00	0.00	0.00	0.00	0.00	0.00	0.00	0.00	0.00	0.00	12.3	15.7	15.8	24.5	39.3	50.7	158.42	0.246	0.210	0.138	0.128	0.054	0.000	0.9916	0.9570	0.2087	0.9998	1.0000	1.0000	0.11	16.56	16.68	0.06	0.03	0.00	0.00	0.00	0.02	0.03	0.14	2.51	5.07	4.67	4.15	0.0000	0.0000	0.0000	0.0000	0.0000	0.0000	0.0000	0.0000	0.0000	0.0000	0.0000	0.0000	147.51	0.02
1990-11-14	Perennial Ryegrass	0.15	317.90	0.99	1.00	0.64	2.02	7	1	6.16	650.00	0.00	-27.49	0.00	0.00	0.00	0.00	0.00	0.00	0.00	0.00	0.00	0.00	0.00	0.00	0.00	0.00	0.00	0.00	0.00	0.00	0.00	0.00	0.00	0.00	0.00	0.00	0.00	12.5	15.5	15.7	24.4	39.3	50.6	158.04	0.164	0.190	0.129	0.121	0.052	0.000	0.9915	1.0000	0.1160	0.9999	1.0000	1.0000	0.14	16.56	16.69	0.09	0.03	0.00	0.00	0.00	0.02	0.02	0.14	2.51	5.06	4.68	4.15	0.0000	0.0000	0.0000	0.0000	0.0000	0.0000	0.0000	0.0000	0.0000	0.0000	0.0000	0.0000	146.80	0.02
1990-11-15	Perennial Ryegrass	0.15	316.62	0.99	1.00	0.65	2.02	7	1	6.12	650.00	0.00	-1.55	0.00	0.00	0.00	0.00	0.00	0.00	0.00	0.00	0.00	0.00	0.00	0.00	0.00	0.00	0.00	0.00	0.00	0.00	0.00	0.00	0.00	0.00	0.00	0.00	0.00	14.6	15.3	15.6	24.3	39.3	50.6	159.66	0.176	0.172	0.120	0.115	0.051	0.000	0.9910	1.0000	0.3012	0.9999	1.0000	1.0000	0.15	16.36	16.51	0.09	0.03	0.00	0.00	0.00	0.02	0.03	0.14	2.44	4.96	4.65	4.15	0.0279	0.0025	0.0000	0.0000	0.0000	0.0000	0.0072	0.0121	0.0666	0.0949	0.0225	0.0000	146.50	0.02
1990-11-16	Perennial Ryegrass	0.14	299.15	0.99	1.00	0.65	2.02	7	1	6.09	650.00	0.00	12.75	10.47	0.00	0.00	0.00	0.00	0.00	0.00	0.00	0.00	0.00	0.00	0.00	0.00	0.00	0.00	0.00	0.00	0.00	0.00	0.00	0.00	0.00	0.00	0.00	0.00	13.4	15.1	15.5	24.2	39.2	50.5	157.93	0.322	0.159	0.112	0.109	0.050	0.000	0.9907	1.0000	0.1940	0.9999	1.0000	1.0000	0.14	16.18	16.31	0.09	0.03	0.00	0.00	0.00	0.02	0.03	0.13	2.37	4.87	4.63	4.15	0.0465	0.0022	0.0000	0.0000	0.0000	0.0000	0.0136	0.0111	0.0621	0.0909	0.0222	0.0000	146.34	0.02
1990-11-17	Perennial Ryegrass	0.13	286.98	0.99	1.00	0.65	2.02	6	2	6.06	650.00	0.00	1.37	1.14	0.00	0.00	0.00	0.00	0.00	0.00	0.00	0.00	0.00	0.00	0.00	0.00	0.00	0.00	0.00	0.00	0.00	0.00	0.00	0.00	0.00	0.00	0.00	0.00	12.3	14.9	15.4	24.1	39.2	50.5	156.38	0.235	0.146	0.104	0.104	0.049	0.000	0.9905	1.0000	0.1353	0.9999	1.0000	1.0000	0.10	16.01	16.11	0.05	0.02	0.00	0.00	0.00	0.03	0.03	0.13	2.31	4.78	4.61	4.15	0.0198	0.0020	0.0000	0.0000	0.0000	0.0000	0.0124	0.0102	0.0582	0.0874	0.0219	0.0000	146.31	0.02
1990-11-18	Perennial Ryegrass	0.13	281.72	0.99	1.00	0.66	2.02	6	2	6.04	650.00	0.00	7.47	6.29	0.00	0.00	0.00	0.00	0.00	0.00	0.00	0.00	0.00	0.00	0.00	0.00	0.00	0.00	0.00	0.00	0.00	0.00	0.00	0.00	0.00	0.00	0.00	0.00	36.3	31.3	21.9	25.8	39.2	50.5	204.94	0.158	0.132	0.097	0.099	0.048	0.000	0.9903	1.0000	0.1251	0.9998	1.0000	1.0000	0.11	15.84	15.95	0.06	0.02	0.00	0.00	0.00	0.03	0.03	0.11	2.11	4.85	4.59	4.15	0.0164	0.0019	0.0000	0.0000	0.0000	0.0000	0.0079	0.0082	0.0511	0.0868	0.0217	0.0000	146.44	0.02
1990-11-19	Perennial Ryegrass	0.13	275.56	0.99	1.00	0.66	2.02	7	2	6.10	650.00	0.00	95.90	102.81	0.00	0.00	0.00	0.00	0.00	0.00	0.00	0.00	0.00	0.00	0.00	0.00	0.00	0.00	0.00	0.00	0.00	0.00	0.00	0.00	0.00	0.00	0.00	0.00	25.8	29.7	24.5	30.4	39.2	50.4	200.07	1.844	1.282	0.552	0.196	0.048	0.000	0.9902	0.4877	1.0000	0.9998	1.0000	1.0000	0.03	15.38	15.40	0.00	0.00	0.00	0.00	0.00	0.03	0.00	0.00	1.60	5.06	4.57	4.15	0.0740	0.0259	0.0000	0.0000	0.0000	0.0000	0.0406	0.0978	0.1816	0.1233	0.0214	0.0000	149.44	0.02
1990-11-20	Perennial Ryegrass	0.13	277.09	0.99	1.00	0.67	2.02	7	2	6.14	650.00	0.00	75.66	85.98	0.00	0.00	0.00	0.00	0.00	0.00	0.00	0.00	0.00	0.00	0.00	0.00	0.00	0.00	0.00	0.00	0.00	0.00	0.00	0.00	0.00	0.00	0.00	0.00	20.3	26.4	25.4	33.9	39.3	50.4	195.62	1.107	1.172	0.736	0.473	0.048	0.000	0.9905	0.4707	1.0000	0.9998	1.0000	1.0000	0.03	14.89	14.92	0.00	0.00	0.00	0.00	0.00	0.03	0.00	0.00	1.16	5.02	4.57	4.15	0.1006	0.0259	0.0000	0.0000	0.0000	0.0000	0.0217	0.0052	0.2141	0.2293	0.0212	0.0000	151.96	0.02
1990-11-21	Perennial Ryegrass	0.13	278.66	0.99	1.00	0.68	2.03	7	2	6.15	650.00	0.00	45.52	60.87	0.00	0.00	0.00	0.00	0.00	0.00	0.00	0.00	0.00	0.00	0.00	0.00	0.00	0.00	0.00	0.00	0.00	0.00	0.00	0.00	0.00	0.00	0.00	0.00	17.4	23.3	24.5	35.5	40.6	50.3	191.60	0.718	0.937	0.796	0.686	0.051	0.000	0.9907	0.5221	0.8098	0.9999	1.0000	1.0000	0.05	14.38	14.43	0.02	0.01	0.00	0.00	0.00	0.03	0.00	0.00	0.83	4.66	4.73	4.15	0.0928	0.0187	0.0000	0.0000	0.0000	0.0000	0.0202	0.0038	0.1784	0.3073	0.0221	0.0000	153.73	0.02
1990-11-22	Perennial Ryegrass	0.13	276.98	0.99	1.00	0.69	2.03	7	2	6.17	650.00	0.00	51.29	65.75	0.00	0.00	0.00	0.00	0.00	0.00	0.00	0.00	0.00	0.00	0.00	0.00	0.00	0.00	0.00	0.00	0.00	0.00	0.00	0.00	0.00	0.00	0.00	0.00	16.3	20.3	23.0	35.7	42.1	50.3	187.67	0.519	0.720	0.736	0.778	0.104	0.000	0.9907	0.6510	0.5048	0.9999	1.0000	1.0000	0.10	13.91	14.01	0.05	0.02	0.00	0.00	0.00	0.03	0.01	0.01	0.64	4.21	4.90	4.15	0.0633	0.0121	0.0004	0.0000	0.0000	0.0000	0.0147	0.0034	0.1145	0.3178	0.0296	0.0000	155.65	0.02
1990-11-23	Perennial Ryegrass	0.13	270.01	0.99	1.00	0.70	2.03	7	2	6.17	650.00	0.00	57.75	50.17	0.00	0.00	0.00	0.00	0.00	0.00	0.00	0.00	0.00	0.00	0.00	0.00	0.00	0.00	0.00	0.00	0.00	0.00	0.00	0.00	0.00	0.00	0.00	0.00	15.2	19.0	21.5	35.2	43.1	50.2	184.12	0.441	0.511	0.633	0.790	0.163	0.000	0.9908	0.7552	0.4399	0.9998	1.0000	1.0000	0.12	13.52	13.63	0.06	0.02	0.01	0.00	0.00	0.03	0.02	0.01	0.53	3.82	4.99	4.15	0.0493	0.0069	0.0008	0.0000	0.0000	0.0000	0.0168	0.0028	0.0712	0.2898	0.0383	0.0000	157.09	0.02
1990-11-24	Perennial Ryegrass	0.12	265.57	0.99	1.00	0.70	2.03	7	2	6.18	650.00	0.00	43.35	59.26	0.00	0.00	0.00	0.00	0.00	0.00	0.00	0.00	0.00	0.00	0.00	0.00	0.00	0.00	0.00	0.00	0.00	0.00	0.00	0.00	0.00	0.00	0.00	0.00	14.3	18.5	20.2	34.4	43.5	50.2	181.11	0.361	0.417	0.525	0.759	0.204	0.000	0.9907	0.4878	0.5836	0.9998	1.0000	1.0000	0.13	13.18	13.31	0.07	0.02	0.01	0.00	0.00	0.03	0.03	0.02	0.46	3.50	5.01	4.15	0.0382	0.0052	0.0010	0.0000	0.0000	0.0000	0.0176	0.0035	0.0470	0.2543	0.0446	0.0000	158.80	0.02
1990-11-25	Perennial Ryegrass	0.12	261.43	0.99	1.00	0.71	2.03	7	2	6.18	650.00	0.00	33.29	50.46	0.00	0.00	0.00	0.00	0.00	0.00	0.00	0.00	0.00	0.00	0.00	0.00	0.00	0.00	0.00	0.00	0.00	0.00	0.00	0.00	0.00	0.00	0.00	0.00	13.2	18.0	19.6	33.7	43.4	50.2	178.01	0.301	0.382	0.435	0.715	0.221	0.000	0.9907	0.3880	0.6494	0.9998	1.0000	1.0000	0.13	12.89	13.02	0.07	0.03	0.01	0.00	0.00	0.03	0.04	0.02	0.43	3.27	4.97	4.15	0.0296	0.0048	0.0011	0.0000	0.0000	0.0000	0.0172	0.0041	0.0333	0.2182	0.0463	0.0000	160.25	0.02
1990-11-26	Perennial Ryegrass	0.12	255.11	0.99	1.00	0.72	2.03	7	2	6.15	650.00	0.00	32.66	28.81	0.00	0.00	0.00	0.00	0.00	0.00	0.00	0.00	0.00	0.00	0.00	0.00	0.00	0.00	0.00	0.00	0.00	0.00	0.00	0.00	0.00	0.00	0.00	0.00	12.1	17.5	19.3	32.8	43.2	50.1	175.12	0.221	0.349	0.391	0.674	0.215	0.000	0.9907	0.6518	0.4117	0.9999	1.0000	1.0000	0.11	12.63	12.74	0.04	0.03	0.02	0.00	0.00	0.03	0.04	0.03	0.42	3.05	4.93	4.15	0.0113	0.0045	0.0012	0.0000	0.0000	0.0000	0.0123	0.0044	0.0283	0.1876	0.0447	0.0000	161.05	0.02
1990-11-27	Perennial Ryegrass	0.12	248.99	0.99	1.00	0.73	2.03	7	2	6.12	650.00	0.00	26.89	23.91	0.00	0.00	0.00	0.00	0.00	0.00	0.00	0.00	0.00	0.00	0.00	0.00	0.00	0.00	0.00	0.00	0.00	0.00	0.00	0.00	0.00	0.00	0.00	0.00	11.0	17.2	19.0	32.1	43.1	50.1	172.41	0.145	0.318	0.371	0.620	0.210	0.000	0.9905	0.6461	0.4054	0.9999	1.0000	1.0000	0.10	12.39	12.49	0.02	0.03	0.02	0.00	0.00	0.03	0.03	0.03	0.41	2.87	4.89	4.16	0.0038	0.0044	0.0014	0.0000	0.0000	0.0000	0.0061	0.0047	0.0261	0.1613	0.0435	0.0000	161.70	0.02
1990-11-28	Perennial Ryegrass	0.11	243.68	0.99	1.00	0.74	2.03	7	2	6.07	650.00	0.00	18.86	16.91	0.00	0.00	0.00	0.00	0.00	0.00	0.00	0.00	0.00	0.00	0.00	0.00	0.00	0.00	0.00	0.00	0.00	0.00	0.00	0.00	0.00	0.00	0.00	0.00	10.0	16.8	18.7	31.4	42.9	50.1	169.79	0.072	0.291	0.349	0.573	0.203	0.000	0.9902	0.6270	0.3679	0.9999	1.0000	1.0000	0.09	12.17	12.25	0.00	0.03	0.02	0.00	0.00	0.03	0.00	0.04	0.41	2.71	4.85	4.16	0.0002	0.0043	0.0015	0.0000	0.0000	0.0000	0.0000	0.0052	0.0239	0.1405	0.0423	0.0000	162.14	0.02
1990-11-29	Perennial Ryegrass	0.12	245.33	0.99	1.00	0.76	2.04	6	2	6.00	650.00	0.00	4.46	4.03	0.00	0.00	0.00	0.00	0.00	0.00	0.00	0.00	0.00	0.00	0.00	0.00	0.00	0.00	0.00	0.00	0.00	0.00	0.00	0.00	0.00	0.00	0.00	0.00	9.0	16.5	18.4	30.7	42.7	50.0	167.40	0.000	0.267	0.327	0.532	0.197	0.000	0.9899	1.0000	0.2094	1.0000	1.0000	1.0000	0.09	11.99	12.08	0.00	0.03	0.03	0.00	0.00	0.03	0.00	0.05	0.40	2.57	4.81	4.16	0.0000	0.0042	0.0015	0.0000	0.0000	0.0000	0.0000	0.0059	0.0220	0.1237	0.0410	0.0000	162.19	0.02
1990-11-30	Perennial Ryegrass	0.12	247.29	0.99	1.00	0.77	2.04	6	2	5.95	650.00	0.00	15.55	14.14	0.00	0.00	0.00	0.00	0.00	0.00	0.00	0.00	0.00	0.00	0.00	0.00	0.00	0.00	0.00	0.00	0.00	0.00	0.00	0.00	0.00	0.00	0.00	0.00	8.0	16.2	18.1	30.2	42.6	50.0	165.01	0.000	0.244	0.306	0.495	0.190	0.000	0.9893	0.8646	0.2477	1.0000	1.0000	1.0000	0.09	11.84	11.94	0.00	0.04	0.03	0.00	0.00	0.03	0.00	0.06	0.40	2.45	4.78	4.16	0.0000	0.0041	0.0015	0.0000	0.0000	0.0000	0.0000	0.0067	0.0203	0.1098	0.0397	0.0000	162.53	0.02
1990-12-01	Perennial Ryegrass	0.12	249.32	0.99	1.00	0.78	2.04	6	2	5.89	650.00	0.00	2.30	2.10	0.00	0.00	0.00	0.00	0.00	0.00	0.00	0.00	0.00	0.00	0.00	0.00	0.00	0.00	0.00	0.00	0.00	0.00	0.00	0.00	0.00	0.00	0.00	0.00	7.1	15.9	17.8	29.7	42.4	49.9	162.79	0.000	0.222	0.286	0.461	0.183	0.000	0.9889	1.0000	0.1857	1.0000	1.0000	1.0000	0.10	11.88	11.98	0.00	0.04	0.03	0.00	0.00	0.03	0.00	0.08	0.41	2.44	4.78	4.16	0.0000	0.0000	0.0000	0.0000	0.0000	0.0000	0.0000	0.0000	0.0000	0.0000	0.0000	0.0000	162.52	0.02
1990-12-02	Perennial Ryegrass	0.13	273.03	0.99	1.00	0.79	2.04	6	2	5.83	650.00	0.00	6.73	6.17	0.00	0.00	0.00	0.00	0.00	0.00	0.00	0.00	0.00	0.00	0.00	0.00	0.00	0.00	0.00	0.00	0.00	0.00	0.00	0.00	0.00	0.00	0.00	0.00	9.2	15.6	17.5	29.2	42.3	49.9	163.70	0.000	0.200	0.266	0.431	0.177	0.000	0.9883	1.0000	0.2659	1.0000	1.0000	1.0000	0.11	11.91	12.02	0.00	0.05	0.04	0.00	0.00	0.03	0.00	0.11	0.43	2.43	4.78	4.17	0.0000	0.0000	0.0000	0.0000	0.0000	0.0000	0.0000	0.0000	0.0000	0.0000	0.0000	0.0000	162.61	0.02
1990-12-03	Perennial Ryegrass	0.16	359.83	0.99	1.00	0.80	2.04	6	2	5.77	650.00	0.00	18.09	16.67	0.00	0.00	0.00	0.00	0.00	0.00	0.00	0.00	0.00	0.00	0.00	0.00	0.00	0.00	0.00	0.00	0.00	0.00	0.00	0.00	0.00	0.00	0.00	0.00	27.8	21.1	19.3	28.8	42.1	49.9	188.95	0.000	0.183	0.248	0.402	0.171	0.000	0.9877	0.8943	0.3947	1.0000	1.0000	1.0000	0.28	12.03	12.31	0.16	0.05	0.04	0.00	0.00	0.03	0.07	0.13	0.46	2.42	4.78	4.17	0.0000	0.0000	0.0000	0.0000	0.0000	0.0000	0.0000	0.0000	0.0000	0.0000	0.0000	0.0000	162.37	0.02
1990-12-04	Perennial Ryegrass	0.15	329.53	0.99	1.00	0.78	2.04	6	2	5.77	650.00	0.00	53.64	70.40	0.00	0.00	0.00	0.00	0.00	0.00	0.00	0.00	0.00	0.00	0.00	0.00	0.00	0.00	0.00	0.00	0.00	0.00	0.00	0.00	0.00	0.00	0.00	0.00	21.3	22.3	20.6	29.3	42.0	49.8	185.27	1.243	0.569	0.368	0.380	0.164	0.000	0.9872	0.5143	0.8351	1.0000	1.0000	1.0000	0.25	12.13	12.38	0.13	0.05	0.04	0.00	0.00	0.03	0.11	0.15	0.47	2.44	4.78	4.18	0.0000	0.0000	0.0000	0.0000	0.0000	0.0000	0.0000	0.0000	0.0000	0.0000	0.0000	0.0000	161.93	0.02
1990-12-05	Perennial Ryegrass	0.14	303.91	0.99	1.00	0.79	2.05	6	2	5.73	650.00	0.00	31.73	50.22	0.00	0.00	0.00	0.00	0.00	0.00	0.00	0.00	0.00	0.00	0.00	0.00	0.00	0.00	0.00	0.00	0.00	0.00	0.00	0.00	0.00	0.00	0.00	0.00	17.6	21.3	21.0	30.1	41.8	49.8	181.62	0.788	0.650	0.464	0.408	0.159	0.000	0.9870	0.5363	0.5381	1.0000	1.0000	1.0000	0.24	12.21	12.45	0.12	0.05	0.04	0.00	0.00	0.03	0.14	0.17	0.48	2.46	4.78	4.18	0.0000	0.0000	0.0000	0.0000	0.0000	0.0000	0.0000	0.0000	0.0000	0.0000	0.0000	0.0000	163.28	0.02
1990-12-06	Perennial Ryegrass	0.13	282.27	0.99	1.00	0.80	2.05	6	2	5.68	650.00	0.00	29.21	27.01	0.00	0.00	0.00	0.00	0.00	0.00	0.00	0.00	0.00	0.00	0.00	0.00	0.00	0.00	0.00	0.00	0.00	0.00	0.00	0.00	0.00	0.00	0.00	0.00	16.0	19.5	20.7	30.5	41.7	49.8	178.22	0.531	0.584	0.490	0.453	0.154	0.000	0.9866	0.5630	0.4943	1.0000	1.0000	1.0000	0.22	12.29	12.51	0.09	0.06	0.04	0.00	0.00	0.03	0.17	0.19	0.48	2.48	4.79	4.19	0.0000	0.0000	0.0000	0.0000	0.0000	0.0000	0.0000	0.0000	0.0000	0.0000	0.0000	0.0000	164.00	0.02
1990-12-07	Perennial Ryegrass	0.12	264.04	0.99	1.00	0.81	2.05	6	2	5.61	650.00	0.00	22.88	21.20	0.00	0.00	0.00	0.00	0.00	0.00	0.00	0.00	0.00	0.00	0.00	0.00	0.00	0.00	0.00	0.00	0.00	0.00	0.00	0.00	0.00	0.00	0.00	0.00	14.7	18.6	20.1	30.4	41.6	49.7	175.07	0.423	0.458	0.467	0.478	0.149	0.000	0.9859	0.7128	0.3807	1.0000	1.0000	1.0000	0.22	12.37	12.59	0.08	0.06	0.04	0.00	0.00	0.03	0.20	0.21	0.50	2.49	4.79	4.19	0.0000	0.0000	0.0000	0.0000	0.0000	0.0000	0.0000	0.0000	0.0000	0.0000	0.0000	0.0000	164.54	0.02
1990-12-08	Perennial Ryegrass	0.12	248.84	0.98	1.00	0.82	2.05	6	2	5.54	650.00	0.00	21.33	19.81	0.00	0.00	0.00	0.00	0.00	0.00	0.00	0.00	0.00	0.00	0.00	0.00	0.00	0.00	0.00	0.00	0.00	0.00	0.00	0.00	0.00	0.00	0.00	0.00	13.5	18.1	19.5	29.9	41.5	49.7	172.25	0.330	0.392	0.424	0.472	0.144	0.000	0.9851	0.8546	0.2957	1.0000	1.0000	1.0000	0.23	12.47	12.70	0.09	0.06	0.04	0.00	0.00	0.03	0.23	0.25	0.51	2.49	4.80	4.19	0.0000	0.0000	0.0000	0.0000	0.0000	0.0000	0.0000	0.0000	0.0000	0.0000	0.0000	0.0000	165.03	0.02
1990-12-09	Perennial Ryegrass	0.11	236.00	0.98	1.00	0.83	2.05	6	3	5.51	650.00	0.00	25.27	43.95	0.00	0.00	0.00	0.00	0.00	0.00	0.00	0.00	0.00	0.00	0.00	0.00	0.00	0.00	0.00	0.00	0.00	0.00	0.00	0.00	0.00	0.00	0.00	0.00	12.5	17.6	19.1	29.5	41.4	49.7	169.65	0.248	0.356	0.386	0.445	0.140	0.000	0.9843	0.5578	0.5015	1.0000	1.0000	1.0000	0.22	12.58	12.79	0.07	0.06	0.05	0.00	0.00	0.03	0.28	0.28	0.53	2.49	4.80	4.20	0.0000	0.0000	0.0000	0.0000	0.0000	0.0000	0.0000	0.0000	0.0000	0.0000	0.0000	0.0000	166.24	0.02
1990-12-10	Perennial Ryegrass	0.15	314.92	0.98	1.00	0.85	2.05	6	3	5.51	650.00	0.00	29.22	46.84	0.00	0.00	0.00	0.00	0.00	0.00	0.00	0.00	0.00	0.00	0.00	0.00	0.00	0.00	0.00	0.00	0.00	0.00	0.00	0.00	0.00	0.00	0.00	0.00	22.3	20.4	19.7	29.2	41.3	49.6	182.49	0.172	0.324	0.354	0.418	0.136	0.000	0.9838	0.6136	0.5097	1.0000	1.0000	1.0000	0.24	12.68	12.92	0.09	0.07	0.05	0.00	0.00	0.03	0.28	0.34	0.57	2.49	4.80	4.20	0.0000	0.0000	0.0000	0.0000	0.0000	0.0000	0.0000	0.0000	0.0000	0.0000	0.0000	0.0000	167.51	0.02
1990-12-11	Perennial Ryegrass	0.14	304.04	0.98	1.00	0.82	2.05	6	2	5.52	650.00	0.00	56.55	71.30	0.00	0.00	0.00	0.00	0.00	0.00	0.00	0.00	0.00	0.00	0.00	0.00	0.00	0.00	0.00	0.00	0.00	0.00	0.00	0.00	0.00	0.00	0.00	0.00	18.4	20.6	20.2	29.3	41.2	49.6	179.22	0.864	0.515	0.401	0.400	0.131	0.000	0.9836	0.5252	0.6080	1.0000	1.0000	1.0000	0.15	12.30	12.45	0.01	0.06	0.05	0.00	0.00	0.03	0.03	0.29	0.56	2.42	4.78	4.21	0.0917	0.0144	0.0031	0.0002	0.0000	0.0000	0.2556	0.0717	0.0353	0.0841	0.0299	0.0000	166.93	0.02
1990-12-12	Perennial Ryegrass	0.14	298.19	0.98	1.00	0.83	2.06	6	3	5.51	650.00	0.00	45.65	42.33	0.00	0.00	0.00	0.00	0.00	0.00	0.00	0.00	0.00	0.00	0.00	0.00	0.00	0.00	0.00	0.00	0.00	0.00	0.00	0.00	0.00	0.00	0.00	0.00	16.4	19.5	20.1	29.4	41.1	49.5	176.05	0.587	0.531	0.435	0.407	0.127	0.000	0.9837	0.6118	0.3906	1.0000	1.0000	1.0000	0.21	12.12	12.33	0.07	0.05	0.05	0.01	0.01	0.03	0.02	0.24	0.53	2.36	4.75	4.21	0.0766	0.0136	0.0034	0.0002	0.0000	0.0000	0.0243	0.0600	0.0367	0.0819	0.0288	0.0000	168.01	0.02
1990-12-13	Perennial Ryegrass	0.13	286.55	0.98	1.00	0.83	2.06	6	3	5.50	650.00	0.00	33.97	50.37	0.00	0.00	0.00	0.00	0.00	0.00	0.00	0.00	0.00	0.00	0.00	0.00	0.00	0.00	0.00	0.00	0.00	0.00	0.00	0.00	0.00	0.00	0.00	0.00	15.1	18.6	19.7	29.1	41.0	49.5	173.09	0.449	0.455	0.430	0.412	0.123	0.000	0.9834	0.4547	0.5066	1.0000	1.0000	1.0000	0.22	11.98	12.19	0.07	0.05	0.05	0.01	0.01	0.03	0.03	0.21	0.51	2.28	4.73	4.21	0.0458	0.0106	0.0034	0.0003	0.0000	0.0000	0.0202	0.0409	0.0346	0.0802	0.0282	0.0000	169.41	0.02
1990-12-14	Perennial Ryegrass	0.13	275.11	0.98	1.00	0.84	2.06	6	3	5.47	650.00	0.00	30.75	28.49	0.00	0.00	0.00	0.00	0.00	0.00	0.00	0.00	0.00	0.00	0.00	0.00	0.00	0.00	0.00	0.00	0.00	0.00	0.00	0.00	0.00	0.00	0.00	0.00	13.9	18.1	19.2	28.8	40.9	49.5	170.29	0.359	0.391	0.402	0.398	0.119	0.000	0.9832	0.6532	0.3063	1.0000	1.0000	1.0000	0.22	11.86	12.08	0.07	0.05	0.05	0.01	0.01	0.03	0.05	0.20	0.49	2.21	4.70	4.21	0.0313	0.0088	0.0031	0.0004	0.0000	0.0000	0.0186	0.0301	0.0301	0.0745	0.0272	0.0000	170.15	0.02
1990-12-15	Perennial Ryegrass	0.12	264.17	0.98	1.00	0.85	2.06	6	3	5.44	650.00	0.00	25.76	23.87	0.00	0.00	0.00	0.00	0.00	0.00	0.00	0.00	0.00	0.00	0.00	0.00	0.00	0.00	0.00	0.00	0.00	0.00	0.00	0.00	0.00	0.00	0.00	0.00	12.7	17.6	18.8	28.4	40.8	49.4	167.75	0.270	0.354	0.367	0.376	0.116	0.000	0.9827	0.6177	0.3133	1.0000	1.0000	1.0000	0.22	11.76	11.98	0.06	0.06	0.05	0.01	0.01	0.03	0.06	0.19	0.48	2.15	4.68	4.21	0.0189	0.0083	0.0029	0.0004	0.0000	0.0000	0.0162	0.0254	0.0263	0.0690	0.0266	0.0000	170.75	0.02
1990-12-16	Perennial Ryegrass	0.12	250.15	0.98	1.00	0.85	2.06	6	3	5.38	650.00	0.00	22.99	21.32	0.00	0.00	0.00	0.00	0.00	0.00	0.00	0.00	0.00	0.00	0.00	0.00	0.00	0.00	0.00	0.00	0.00	0.00	0.00	0.00	0.00	0.00	0.00	0.00	11.6	17.2	18.4	28.1	40.7	49.4	165.37	0.190	0.321	0.336	0.355	0.112	0.000	0.9822	0.8063	0.3024	1.0000	1.0000	1.0000	0.21	11.65	11.86	0.04	0.06	0.05	0.01	0.01	0.03	0.04	0.19	0.47	2.09	4.66	4.22	0.0099	0.0078	0.0028	0.0004	0.0000	0.0000	0.0087	0.0225	0.0235	0.0640	0.0259	0.0000	171.26	0.02
1990-12-17	Perennial Ryegrass	0.11	238.31	0.98	1.00	0.86	2.06	6	3	5.32	650.00	0.00	14.79	13.73	0.00	0.00	0.00	0.00	0.00	0.00	0.00	0.00	0.00	0.00	0.00	0.00	0.00	0.00	0.00	0.00	0.00	0.00	0.00	0.00	0.00	0.00	0.00	0.00	10.7	16.8	18.1	27.8	40.6	49.4	163.25	0.112	0.291	0.309	0.335	0.108	0.000	0.9814	0.9179	0.2565	1.0000	1.0000	1.0000	0.20	11.55	11.75	0.03	0.07	0.05	0.01	0.01	0.03	0.01	0.19	0.46	2.04	4.63	4.22	0.0047	0.0074	0.0026	0.0004	0.0000	0.0000	0.0022	0.0208	0.0213	0.0596	0.0253	0.0000	171.55	0.02
1990-12-18	Perennial Ryegrass	0.11	233.03	0.98	1.00	0.87	2.06	6	3	5.20	650.00	0.00	-21.50	0.00	0.00	0.00	0.00	0.00	0.00	0.00	0.00	0.00	0.00	0.00	0.00	0.00	0.00	0.00	0.00	0.00	0.00	0.00	0.00	0.00	0.00	0.00	0.00	0.00	9.5	16.4	17.7	27.5	40.5	49.3	161.04	0.046	0.265	0.284	0.315	0.105	0.000	0.9805	1.0000	0.1442	1.0000	1.0000	1.0000	0.19	11.60	11.79	0.00	0.08	0.06	0.02	0.01	0.03	0.00	0.22	0.48	2.04	4.64	4.22	0.0000	0.0000	0.0000	0.0000	0.0000	0.0000	0.0000	0.0000	0.0000	0.0000	0.0000	0.0000	170.91	0.02
1990-12-19	Perennial Ryegrass	0.12	247.18	0.98	1.00	0.88	2.07	6	3	5.20	650.00	0.00	18.21	35.63	0.00	0.00	0.00	0.00	0.00	0.00	0.00	0.00	0.00	0.00	0.00	0.00	0.00	0.00	0.00	0.00	0.00	0.00	0.00	0.00	0.00	0.00	0.00	0.00	10.1	16.1	17.5	27.2	40.5	49.3	160.60	0.000	0.241	0.262	0.297	0.101	0.000	0.9786	0.9668	0.6092	1.0000	1.0000	1.0000	0.19	11.55	11.74	0.01	0.08	0.06	0.02	0.01	0.03	0.00	0.23	0.48	2.00	4.61	4.22	0.0005	0.0070	0.0024	0.0004	0.0000	0.0000	0.0000	0.0210	0.0190	0.0531	0.0242	0.0000	171.81	0.02
1990-12-20	Perennial Ryegrass	0.12	249.14	0.98	1.00	0.88	2.07	6	3	5.13	650.00	0.00	4.70	4.37	0.00	0.00	0.00	0.00	0.00	0.00	0.00	0.00	0.00	0.00	0.00	0.00	0.00	0.00	0.00	0.00	0.00	0.00	0.00	0.00	0.00	0.00	0.00	0.00	9.0	15.8	17.2	26.9	40.4	49.3	158.52	0.007	0.220	0.242	0.280	0.098	0.000	0.9785	1.0000	0.1514	1.0000	1.0000	1.0000	0.19	11.51	11.70	0.00	0.08	0.06	0.02	0.01	0.03	0.00	0.25	0.49	1.95	4.59	4.23	0.0000	0.0066	0.0022	0.0004	0.0000	0.0000	0.0000	0.0201	0.0176	0.0491	0.0233	0.0000	171.51	0.02
1990-12-21	Perennial Ryegrass	0.12	252.52	0.98	1.00	0.89	2.07	5	3	5.08	650.00	0.00	15.03	14.00	0.00	0.00	0.00	0.00	0.00	0.00	0.00	0.00	0.00	0.00	0.00	0.00	0.00	0.00	0.00	0.00	0.00	0.00	0.00	0.00	0.00	0.00	0.00	0.00	8.1	15.6	16.9	26.6	40.3	49.2	156.77	0.000	0.199	0.223	0.264	0.095	0.000	0.9772	0.8089	0.2547	1.0000	1.0000	1.0000	0.19	11.47	11.66	0.00	0.08	0.06	0.02	0.01	0.03	0.00	0.26	0.49	1.91	4.57	4.23	0.0000	0.0060	0.0021	0.0004	0.0000	0.0000	0.0000	0.0196	0.0166	0.0461	0.0228	0.0000	171.77	0.02
1990-12-22	Perennial Ryegrass	0.12	255.98	0.97	1.00	0.89	2.07	5	3	4.97	650.00	0.00	-19.27	0.00	0.00	0.00	0.00	0.00	0.00	0.00	0.00	0.00	0.00	0.00	0.00	0.00	0.00	0.00	0.00	0.00	0.00	0.00	0.00	0.00	0.00	0.00	0.00	0.00	7.4	15.3	16.7	26.4	40.2	49.2	155.18	0.000	0.180	0.206	0.248	0.092	0.000	0.9762	1.0000	0.1427	1.0000	1.0000	1.0000	0.19	11.43	11.62	0.00	0.08	0.06	0.02	0.01	0.03	0.00	0.27	0.50	1.88	4.55	4.23	0.0000	0.0054	0.0020	0.0004	0.0000	0.0000	0.0000	0.0189	0.0158	0.0434	0.0223	0.0000	171.17	0.02
1990-12-23	Perennial Ryegrass	0.12	259.52	0.97	1.00	0.90	2.07	5	3	4.89	650.00	0.00	-6.90	0.00	0.00	0.00	0.00	0.00	0.00	0.00	0.00	0.00	0.00	0.00	0.00	0.00	0.00	0.00	0.00	0.00	0.00	0.00	0.00	0.00	0.00	0.00	0.00	0.00	6.3	15.1	16.5	26.2	40.1	49.2	153.33	0.000	0.161	0.190	0.234	0.088	0.000	0.9742	1.0000	0.0969	1.0000	1.0000	1.0000	0.19	11.39	11.58	0.00	0.07	0.06	0.02	0.01	0.03	0.00	0.28	0.50	1.84	4.53	4.23	0.0000	0.0048	0.0019	0.0004	0.0000	0.0000	0.0000	0.0178	0.0148	0.0408	0.0217	0.0000	170.85	0.02
1990-12-24	Perennial Ryegrass	0.12	263.13	0.97	1.00	0.90	2.07	5	3	4.85	650.00	0.00	9.15	8.55	0.00	0.00	0.00	0.00	0.00	0.00	0.00	0.00	0.00	0.00	0.00	0.00	0.00	0.00	0.00	0.00	0.00	0.00	0.00	0.00	0.00	0.00	0.00	0.00	5.4	14.8	16.3	26.0	40.1	49.1	151.69	0.000	0.144	0.176	0.221	0.085	0.000	0.9726	1.0000	0.1104	1.0000	1.0000	1.0000	0.18	11.35	11.53	0.00	0.07	0.06	0.02	0.01	0.03	0.00	0.29	0.51	1.81	4.51	4.23	0.0000	0.0042	0.0017	0.0004	0.0000	0.0000	0.0000	0.0169	0.0141	0.0384	0.0212	0.0000	170.94	0.02
1990-12-25	Perennial Ryegrass	0.12	266.79	0.97	1.00	0.91	2.08	5	3	4.79	650.00	0.00	-0.95	0.00	0.00	0.00	0.00	0.00	0.00	0.00	0.00	0.00	0.00	0.00	0.00	0.00	0.00	0.00	0.00	0.00	0.00	0.00	0.00	0.00	0.00	0.00	0.00	0.00	4.8	14.6	16.1	25.8	40.0	49.1	150.39	0.000	0.127	0.163	0.208	0.083	0.000	0.9716	1.0000	0.1066	1.0000	1.0000	1.0000	0.18	11.31	11.49	0.00	0.06	0.06	0.02	0.01	0.03	0.00	0.29	0.51	1.78	4.49	4.23	0.0000	0.0036	0.0016	0.0004	0.0000	0.0000	0.0000	0.0159	0.0134	0.0364	0.0207	0.0000	170.76	0.02
1990-12-26	Perennial Ryegrass	0.13	270.54	0.95	1.00	0.91	3.00	5	3	4.72	650.00	0.00	-6.17	0.00	0.00	0.00	0.00	0.00	0.00	0.00	0.00	0.00	0.00	0.00	0.00	0.00	0.00	0.00	0.00	0.00	0.00	0.00	0.00	0.00	0.00	0.00	0.00	0.00	4.3	14.4	16.0	25.6	39.9	49.0	149.18	0.000	0.111	0.150	0.196	0.080	0.000	0.9702	1.0000	0.0868	1.0000	1.0000	1.0000	0.17	11.27	11.44	0.00	0.06	0.06	0.02	0.01	0.03	0.00	0.30	0.51	1.75	4.47	4.23	0.0000	0.0031	0.0015	0.0003	0.0000	0.0000	0.0000	0.0150	0.0127	0.0344	0.0202	0.0000	170.72	0.02
1990-12-27	Perennial Ryegrass	0.13	274.38	0.92	1.00	0.95	3.00	4	4	3.95	650.00	0.00	11.65	7.90	0.00	0.00	0.00	0.00	0.00	0.00	0.00	0.00	0.00	0.00	0.00	0.00	0.00	0.00	0.00	0.00	0.00	0.00	0.00	0.00	0.00	0.00	0.00	0.00	3.8	14.2	15.8	25.4	39.9	49.0	148.06	0.000	0.097	0.139	0.185	0.077	0.000	0.9512	0.4716	0.1362	1.0000	1.0000	1.0000	0.16	11.23	11.39	0.00	0.05	0.05	0.02	0.01	0.03	0.00	0.30	0.52	1.72	4.46	4.23	0.0000	0.0026	0.0013	0.0003	0.0000	0.0000	0.0000	0.0141	0.0121	0.0326	0.0198	0.0000	170.45	0.02
1990-12-28	Perennial Ryegrass	0.13	279.20	0.87	1.00	0.97	3.00	3	5	3.22	650.00	0.00	6.36	4.56	0.00	0.00	0.00	0.00	0.00	0.00	0.00	0.00	0.00	0.00	0.00	0.00	0.00	0.00	0.00	0.00	0.00	0.00	0.00	0.00	0.00	0.00	0.00	0.00	3.3	14.0	15.7	25.2	39.8	49.0	147.01	0.000	0.084	0.128	0.174	0.074	0.000	0.9201	0.2938	0.0682	1.0000	1.0000	1.0000	0.15	11.19	11.35	0.00	0.05	0.05	0.02	0.01	0.03	0.00	0.30	0.52	1.69	4.44	4.24	0.0000	0.0022	0.0012	0.0003	0.0000	0.0000	0.0000	0.0134	0.0117	0.0313	0.0194	0.0000	170.42	0.02
1990-12-29	Perennial Ryegrass	0.13	284.96	0.82	1.00	0.98	3.00	3	6	2.67	650.00	0.00	7.38	5.58	0.00	0.00	0.00	0.00	0.00	0.00	0.00	0.00	0.00	0.00	0.00	0.00	0.00	0.00	0.00	0.00	0.00	0.00	0.00	0.00	0.00	0.00	0.00	0.00	2.8	13.8	15.6	25.1	39.7	48.9	146.03	0.000	0.071	0.119	0.164	0.072	0.000	0.8724	0.2856	0.0838	1.0000	1.0000	1.0000	0.14	11.16	11.30	0.00	0.04	0.05	0.02	0.01	0.03	0.00	0.31	0.52	1.67	4.42	4.24	0.0000	0.0018	0.0011	0.0003	0.0000	0.0000	0.0000	0.0127	0.0112	0.0299	0.0191	0.0000	170.38	0.02
1990-12-30	Perennial Ryegrass	0.14	291.93	0.75	1.00	0.99	3.00	2	6	2.20	650.00	0.00	7.46	5.89	0.00	0.00	0.00	0.00	0.00	0.00	0.00	0.00	0.00	0.00	0.00	0.00	0.00	0.00	0.00	0.00	0.00	0.00	0.00	0.00	0.00	0.00	0.00	0.00	2.4	13.7	15.4	24.9	39.7	48.9	145.10	0.000	0.059	0.110	0.155	0.070	0.000	0.8178	0.2749	0.1116	1.0000	1.0000	1.0000	0.14	11.12	11.26	0.00	0.04	0.05	0.02	0.01	0.03	0.00	0.30	0.53	1.65	4.40	4.24	0.0000	0.0016	0.0010	0.0003	0.0000	0.0000	0.0000	0.0119	0.0108	0.0287	0.0187	0.0000	170.31	0.02
1990-12-31	Perennial Ryegrass	0.15	317.16	0.68	1.00	0.99	3.01	2	7	1.79	650.00	0.00	6.35	5.21	0.00	0.00	0.00	0.00	0.00	0.00	0.00	0.00	0.00	0.00	0.00	0.00	0.00	0.00	0.00	0.00	0.00	0.00	0.00	0.00	0.00	0.00	0.00	0.00	2.3	13.6	15.3	24.8	39.6	48.9	144.51	0.000	0.049	0.101	0.147	0.067	0.000	0.7533	0.2342	0.1134	1.0000	1.0000	1.0000	0.13	11.09	11.22	0.00	0.04	0.04	0.01	0.01	0.03	0.01	0.30	0.53	1.62	4.39	4.24	0.0000	0.0015	0.0009	0.0003	0.0000	0.0000	0.0000	0.0110	0.0104	0.0275	0.0184	0.0000	170.19	0.02
1991-01-01	Perennial Ryegrass	0.15	325.22	0.61	1.00	0.99	3.01	2	7	1.49	650.00	0.00	7.74	6.57	0.00	0.00	0.00	0.00	0.00	0.00	0.00	0.00	0.00	0.00	0.00	0.00	0.00	0.00	0.00	0.00	0.00	0.00	0.00	0.00	0.00	0.00	0.00	0.00	2.3	13.4	15.2	24.7	39.6	48.8	144.07	0.000	0.039	0.093	0.138	0.065	0.000	0.6809	0.4392	0.0926	1.0000	1.0000	1.0000	0.13	11.05	11.18	0.00	0.04	0.04	0.01	0.01	0.03	0.01	0.29	0.53	1.60	4.37	4.24	0.0000	0.0014	0.0008	0.0002	0.0000	0.0000	0.0000	0.0102	0.0100	0.0264	0.0180	0.0000	169.58	0.02
1991-01-02	Perennial Ryegrass	0.15	333.66	0.54	1.00	0.99	3.01	1	7	1.23	650.00	0.00	6.31	5.49	0.00	0.00	0.00	0.00	0.00	0.00	0.00	0.00	0.00	0.00	0.00	0.00	0.00	0.00	0.00	0.00	0.00	0.00	0.00	0.00	0.00	0.00	0.00	0.00	2.3	13.3	15.1	24.6	39.5	48.8	143.65	0.000	0.030	0.086	0.131	0.063	0.000	0.6123	0.2777	0.1115	1.0000	1.0000	1.0000	0.13	11.01	11.14	0.00	0.04	0.04	0.01	0.01	0.03	0.01	0.29	0.54	1.58	4.35	4.24	0.0000	0.0013	0.0007	0.0002	0.0000	0.0000	0.0000	0.0095	0.0097	0.0254	0.0177	0.0000	169.40	0.02
1991-01-03	Perennial Ryegrass	0.16	342.43	0.47	1.00	0.99	3.01	1	7	1.01	650.00	0.00	4.93	4.40	0.00	0.00	0.00	0.00	0.00	0.00	0.00	0.00	0.00	0.00	0.00	0.00	0.00	0.00	0.00	0.00	0.00	0.00	0.00	0.00	0.00	0.00	0.00	0.00	2.3	13.2	15.0	24.4	39.5	48.8	143.26	0.000	0.022	0.080	0.124	0.061	0.000	0.5406	0.2878	0.0917	1.0000	1.0000	1.0000	0.12	10.97	11.09	0.00	0.04	0.04	0.01	0.01	0.03	0.01	0.28	0.54	1.56	4.34	4.24	0.0000	0.0012	0.0006	0.0002	0.0000	0.0000	0.0000	0.0088	0.0093	0.0245	0.0174	0.0000	169.20	0.02
1991-01-04	Perennial Ryegrass	0.16	351.46	0.41	1.00	0.99	3.01	1	8	0.82	650.00	0.00	4.10	3.73	0.00	0.00	0.00	0.00	0.00	0.00	0.00	0.00	0.00	0.00	0.00	0.00	0.00	0.00	0.00	0.00	0.00	0.00	0.00	0.00	0.00	0.00	0.00	0.00	2.3	13.1	15.0	24.3	39.4	48.8	142.89	0.000	0.015	0.073	0.117	0.059	0.000	0.4718	0.2719	0.0950	1.0000	1.0000	1.0000	0.12	10.93	11.05	0.00	0.04	0.03	0.01	0.01	0.03	0.01	0.27	0.54	1.54	4.32	4.24	0.0000	0.0011	0.0006	0.0002	0.0000	0.0000	0.0000	0.0081	0.0090	0.0235	0.0171	0.0000	168.96	0.02
1991-01-05	Perennial Ryegrass	0.30	722.28	0.35	1.00	1.00	3.01	1	8	0.67	650.00	0.00	4.08	3.77	0.00	0.00	0.00	0.00	0.00	0.00	0.00	0.00	0.00	0.00	0.00	0.00	0.00	0.00	0.00	0.00	0.00	0.00	0.00	0.00	0.00	0.00	0.00	0.00	31.5	21.4	17.0	24.3	39.4	48.7	182.20	0.000	0.008	0.068	0.110	0.057	0.000	0.4066	0.3883	0.0893	1.0000	1.0000	1.0000	0.35	11.02	11.37	0.21	0.06	0.04	0.01	0.01	0.03	0.07	0.28	0.58	1.53	4.31	4.25	0.0002	0.0017	0.0007	0.0002	0.0000	0.0000	0.0001	0.0080	0.0094	0.0227	0.0168	0.0000	168.62	0.02
1991-01-06	Perennial Ryegrass	0.30	704.77	0.32	1.00	0.99	3.01	1	7	0.62	650.00	0.00	4.15	3.89	0.00	0.00	0.00	0.00	0.00	0.00	0.00	0.00	0.00	0.00	0.00	0.00	0.00	0.00	0.00	0.00	0.00	0.00	0.00	0.00	0.00	0.00	0.00	0.00	24.5	23.7	20.0	24.5	39.4	48.7	180.69	0.862	0.336	0.122	0.061	0.032	0.000	0.3460	0.8848	1.0000	1.0000	1.0000	0.5249	0.15	10.93	11.08	0.00	0.05	0.05	0.01	0.01	0.03	0.00	0.23	0.62	1.52	4.29	4.26	0.1671	0.0143	0.0015	0.0002	0.0000	0.0000	0.1401	0.0581	0.0171	0.0202	0.0147	0.0000	157.93	0.02
1991-01-07	Perennial Ryegrass	0.30	713.49	0.29	1.00	0.99	3.01	1	7	0.55	650.00	0.00	3.70	3.48	0.00	0.00	0.00	0.00	0.00	0.00	0.00	0.00	0.00	0.00	0.00	0.00	0.00	0.00	0.00	0.00	0.00	0.00	0.00	0.00	0.00	0.00	0.00	0.00	19.5	22.9	21.2	25.8	39.3	48.7	177.40	0.944	0.694	0.390	0.111	0.050	0.000	0.3220	0.4372	1.0000	1.0000	1.0000	0.7870	0.35	11.11	11.45	0.18	0.07	0.06	0.01	0.01	0.03	0.10	0.24	0.64	1.57	4.30	4.26	0.0000	0.0000	0.0000	0.0000	0.0000	0.0000	0.0000	0.0000	0.0000	0.0000	0.0000	0.0000	156.83	0.02
1991-01-08	Perennial Ryegrass	0.28	658.21	0.26	0.99	0.99	3.01	1	7	0.48	650.00	0.00	3.20	3.03	0.00	0.00	0.00	0.00	0.00	0.00	0.00	0.00	0.00	0.00	0.00	0.00	0.00	0.00	0.00	0.00	0.00	0.00	0.00	0.00	0.00	0.00	0.00	0.00	17.2	21.5	21.4	27.2	39.3	48.6	175.20	0.426	0.446	0.326	0.128	0.034	0.000	0.2933	0.5279	1.0000	1.0000	1.0000	0.7147	0.27	11.11	11.38	0.09	0.07	0.06	0.02	0.01	0.03	0.11	0.23	0.62	1.61	4.29	4.27	0.0296	0.0104	0.0021	0.0001	0.0000	0.0000	0.0342	0.0331	0.0205	0.0139	0.0072	0.0000	156.55	0.02
1991-01-09	Perennial Ryegrass	0.26	611.03	0.23	0.99	0.99	3.01	0	7	0.42	650.00	0.00	2.69	2.57	0.00	0.00	0.00	0.00	0.00	0.00	0.00	0.00	0.00	0.00	0.00	0.00	0.00	0.00	0.00	0.00	0.00	0.00	0.00	0.00	0.00	0.00	0.00	0.00	16.2	19.7	20.9	28.1	39.3	48.6	172.71	0.403	0.474	0.413	0.224	0.042	0.000	0.2628	0.4529	1.0000	1.0000	1.0000	0.8463	0.35	11.16	11.51	0.14	0.08	0.07	0.02	0.01	0.03	0.09	0.24	0.62	1.64	4.29	4.27	0.0000	0.0000	0.0000	0.0000	0.0000	0.0000	0.0000	0.0000	0.0000	0.0000	0.0000	0.0000	156.28	0.02
1991-01-10	Perennial Ryegrass	0.25	571.39	0.20	0.99	0.99	3.02	0	7	0.36	650.00	0.00	2.20	2.11	0.00	0.00	0.00	0.00	0.00	0.00	0.00	0.00	0.00	0.00	0.00	0.00	0.00	0.00	0.00	0.00	0.00	0.00	0.00	0.00	0.00	0.00	0.00	0.00	15.0	18.7	20.2	28.3	39.3	48.6	170.04	0.378	0.405	0.419	0.291	0.045	0.000	0.2315	0.3799	1.0000	1.0000	1.0000	0.8303	0.32	11.21	11.52	0.10	0.09	0.07	0.02	0.01	0.03	0.13	0.25	0.61	1.65	4.29	4.27	0.0139	0.0052	0.0018	0.0002	0.0000	0.0000	0.0163	0.0148	0.0153	0.0163	0.0058	0.0000	155.99	0.02
1991-01-11	Perennial Ryegrass	0.25	584.33	0.17	1.00	0.99	3.02	0	7	0.30	650.00	0.00	1.78	1.72	0.00	0.00	0.00	0.00	0.00	0.00	0.00	0.00	0.00	0.00	0.00	0.00	0.00	0.00	0.00	0.00	0.00	0.00	0.00	0.00	0.00	0.00	0.00	0.00	15.1	18.2	19.5	28.1	39.2	48.5	168.70	0.348	0.400	0.433	0.351	0.051	0.000	0.2008	0.3443	1.0000	1.0000	1.0000	0.9280	0.35	11.34	11.69	0.13	0.09	0.07	0.03	0.01	0.03	0.17	0.30	0.64	1.66	4.30	4.28	0.0000	0.0000	0.0000	0.0000	0.0000	0.0000	0.0000	0.0000	0.0000	0.0000	0.0000	0.0000	155.67	0.02
1991-01-12	Perennial Ryegrass	0.24	551.70	0.15	0.99	0.99	3.02	0	7	0.26	650.00	0.00	1.43	1.39	0.00	0.00	0.00	0.00	0.00	0.00	0.00	0.00	0.00	0.00	0.00	0.00	0.00	0.00	0.00	0.00	0.00	0.00	0.00	0.00	0.00	0.00	0.00	0.00	14.3	17.8	19.1	27.9	39.2	48.5	166.83	0.279	0.287	0.304	0.266	0.039	0.000	0.1737	0.5945	1.0000	1.0000	1.0000	0.8533	0.37	11.49	11.86	0.14	0.10	0.07	0.03	0.01	0.03	0.24	0.34	0.66	1.67	4.30	4.28	0.0046	0.0014	0.0005	0.0001	0.0000	0.0000	0.0080	0.0049	0.0043	0.0056	0.0020	0.0000	153.95	0.02
1991-01-13	Perennial Ryegrass	0.23	521.22	0.13	0.99	0.99	3.02	0	7	0.22	650.00	0.00	1.13	1.10	0.00	0.00	0.00	0.00	0.00	0.00	0.00	0.00	0.00	0.00	0.00	0.00	0.00	0.00	0.00	0.00	0.00	0.00	0.00	0.00	0.00	0.00	0.00	0.00	13.4	17.5	18.8	27.7	39.2	48.5	165.09	0.205	0.232	0.246	0.223	0.034	0.000	0.1506	0.3036	1.0000	1.0000	1.0000	1.0000	0.40	11.70	12.10	0.16	0.10	0.07	0.03	0.01	0.03	0.35	0.39	0.69	1.68	4.30	4.29	0.0000	0.0000	0.0000	0.0000	0.0000	0.0000	0.0000	0.0000	0.0000	0.0000	0.0000	0.0000	153.45	0.02
1991-01-14	Perennial Ryegrass	0.22	496.16	0.11	0.99	0.99	3.02	0	7	0.19	650.00	0.00	0.86	0.84	0.00	0.00	0.00	0.00	0.00	0.00	0.00	0.00	0.00	0.00	0.00	0.00	0.00	0.00	0.00	0.00	0.00	0.00	0.00	0.00	0.00	0.00	0.00	0.00	12.1	17.2	18.4	27.5	39.2	48.4	162.86	0.189	0.249	0.265	0.247	0.039	0.000	0.1301	0.3601	1.0000	1.0000	1.0000	1.0000	0.39	11.91	12.29	0.15	0.10	0.07	0.03	0.01	0.03	0.44	0.45	0.73	1.70	4.30	4.29	0.0013	0.0005	0.0002	0.0000	0.0000	0.0000	0.0038	0.0021	0.0015	0.0020	0.0007	0.0000	153.12	0.03
1991-01-15	Perennial Ryegrass	0.21	475.12	0.10	0.99	0.99	3.02	0	7	0.16	650.00	0.00	0.69	0.68	0.00	0.00	0.00	0.00	0.00	0.00	0.00	0.00	0.00	0.00	0.00	0.00	0.00	0.00	0.00	0.00	0.00	0.00	0.00	0.00	0.00	0.00	0.00	0.00	11.2	16.9	18.2	27.3	39.2	48.4	161.23	0.094	0.182	0.195	0.187	0.030	0.000	0.1115	0.3767	1.0000	1.0000	1.0000	1.0000	0.35	12.08	12.44	0.11	0.10	0.08	0.03	0.01	0.03	0.50	0.51	0.77	1.71	4.31	4.29	0.0000	0.0000	0.0000	0.0000	0.0000	0.0000	0.0000	0.0000	0.0000	0.0000	0.0000	0.0000	152.78	0.03
1991-01-16	Perennial Ryegrass	0.21	460.43	0.09	0.99	0.99	3.02	0	7	0.15	650.00	0.00	0.65	0.63	0.00	0.00	0.00	0.00	0.00	0.00	0.00	0.00	0.00	0.00	0.00	0.00	0.00	0.00	0.00	0.00	0.00	0.00	0.00	0.00	0.00	0.00	0.00	0.00	10.1	16.6	18.0	27.2	39.2	48.4	159.45	0.053	0.167	0.180	0.177	0.029	0.000	0.0971	0.4583	1.0000	1.0000	1.0000	0.8082	0.30	12.19	12.49	0.06	0.10	0.08	0.03	0.01	0.03	0.50	0.56	0.80	1.72	4.31	4.30	0.0002	0.0003	0.0001	0.0000	0.0000	0.0000	0.0018	0.0015	0.0010	0.0013	0.0005	0.0000	152.44	0.03
1991-01-17	Perennial Ryegrass	0.20	445.47	0.08	0.99	0.99	3.02	0	7	0.13	650.00	0.00	0.52	0.51	0.00	0.00	0.00	0.00	0.00	0.00	0.00	0.00	0.00	0.00	0.00	0.00	0.00	0.00	0.00	0.00	0.00	0.00	0.00	0.00	0.00	0.00	0.00	0.00	9.7	16.5	17.8	27.1	39.2	48.3	158.63	0.003	0.087	0.094	0.095	0.016	0.000	0.0879	0.6454	1.0000	1.0000	1.0000	1.0000	0.25	12.28	12.53	0.00	0.11	0.08	0.03	0.01	0.03	0.50	0.60	0.83	1.73	4.31	4.30	0.0000	0.0001	0.0000	0.0000	0.0000	0.0000	0.0004	0.0005	0.0003	0.0004	0.0001	0.0000	152.10	0.03
1991-01-18	Perennial Ryegrass	0.20	433.86	0.07	0.99	0.99	3.02	0	7	0.12	650.00	0.00	0.35	0.34	0.00	0.00	0.00	0.00	0.00	0.00	0.00	0.00	0.00	0.00	0.00	0.00	0.00	0.00	0.00	0.00	0.00	0.00	0.00	0.00	0.00	0.00	0.00	0.00	8.7	16.3	17.6	26.9	39.2	48.3	157.03	0.000	0.129	0.142	0.145	0.025	0.000	0.0790	0.3693	1.0000	1.0000	1.0000	1.0000	0.26	12.32	12.57	0.00	0.11	0.08	0.03	0.01	0.03	0.46	0.65	0.86	1.74	4.31	4.30	0.0000	0.0002	0.0001	0.0000	0.0000	0.0000	0.0009	0.0013	0.0008	0.0010	0.0004	0.0000	151.75	0.03
1991-01-19	Perennial Ryegrass	0.19	425.45	0.06	0.99	0.99	3.02	0	7	0.10	650.00	0.00	0.25	0.25	0.00	0.00	0.00	0.00	0.00	0.00	0.00	0.00	0.00	0.00	0.00	0.00	0.00	0.00	0.00	0.00	0.00	0.00	0.00	0.00	0.00	0.00	0.00	0.00	7.6	16.0	17.4	26.8	39.2	48.3	155.29	0.000	0.148	0.165	0.172	0.031	0.000	0.0693	0.4988	1.0000	1.0000	1.0000	0.8439	0.26	12.36	12.62	0.00	0.11	0.08	0.03	0.01	0.03	0.42	0.69	0.88	1.75	4.32	4.31	0.0000	0.0000	0.0000	0.0000	0.0000	0.0000	0.0000	0.0000	0.0000	0.0000	0.0000	0.0000	151.40	0.03
1991-01-20	Perennial Ryegrass	0.19	419.69	0.05	0.99	0.99	3.03	0	7	0.09	650.00	0.00	0.16	0.15	0.00	0.00	0.00	0.00	0.00	0.00	0.00	0.00	0.00	0.00	0.00	0.00	0.00	0.00	0.00	0.00	0.00	0.00	0.00	0.00	0.00	0.00	0.00	0.00	6.6	15.8	17.2	26.6	39.2	48.3	153.66	0.000	0.151	0.171	0.182	0.033	0.000	0.0609	0.4778	1.0000	1.0000	1.0000	1.0000	0.27	12.41	12.67	0.00	0.11	0.09	0.03	0.01	0.03	0.39	0.73	0.91	1.76	4.32	4.31	0.0000	0.0000	0.0000	0.0000	0.0000	0.0000	0.0000	0.0000	0.0000	0.0000	0.0000	0.0000	151.05	0.03
1991-01-21	Perennial Ryegrass	0.28	656.32	0.05	0.99	0.99	3.03	0	7	0.08	650.00	0.00	0.16	0.16	0.00	0.00	0.00	0.00	0.00	0.00	0.00	0.00	0.00	0.00	0.00	0.00	0.00	0.00	0.00	0.00	0.00	0.00	0.00	0.00	0.00	0.00	0.00	0.00	18.3	17.2	17.2	26.5	39.2	48.2	166.52	0.000	0.069	0.080	0.087	0.016	0.000	0.0535	0.6967	1.0000	1.0000	1.0000	1.0000	0.41	12.47	12.88	0.14	0.12	0.09	0.03	0.01	0.03	0.32	0.80	0.94	1.77	4.32	4.31	0.0000	0.0000	0.0000	0.0000	0.0000	0.0000	0.0000	0.0000	0.0000	0.0000	0.0000	0.0000	150.57	0.03
1991-01-22	Perennial Ryegrass	0.34	830.97	0.04	0.99	0.99	3.03	0	7	0.07	650.00	0.00	0.08	0.08	0.00	0.00	0.00	0.00	0.00	0.00	0.00	0.00	0.00	0.00	0.00	0.00	0.00	0.00	0.00	0.00	0.00	0.00	0.00	0.00	0.00	0.00	0.00	0.00	23.7	20.7	18.7	26.5	39.2	48.2	176.99	0.095	0.048	0.037	0.040	0.008	0.000	0.0482	0.4251	1.0000	1.0000	1.0000	1.0000	0.41	12.65	13.06	0.14	0.12	0.09	0.03	0.01	0.03	0.33	0.85	1.04	1.79	4.32	4.32	0.0000	0.0000	0.0000	0.0000	0.0000	0.0000	0.0000	0.0000	0.0000	0.0000	0.0000	0.0000	142.59	0.03
1991-01-23	Perennial Ryegrass	0.40	1037.98	0.04	0.99	0.99	3.03	0	6	0.07	650.00	0.00	0.09	0.09	0.00	0.00	0.00	0.00	0.00	0.00	0.00	0.00	0.00	0.00	0.00	0.00	0.00	0.00	0.00	0.00	0.00	0.00	0.00	0.00	0.00	0.00	0.00	0.00	31.8	26.1	21.8	28.1	39.2	48.2	195.09	0.028	0.016	0.010	0.007	0.001	0.000	0.0431	1.0000	1.0000	1.0000	1.0000	1.0000	0.40	12.78	13.19	0.14	0.11	0.09	0.03	0.01	0.03	0.30	0.83	1.13	1.88	4.33	4.32	0.0000	0.0000	0.0000	0.0000	0.0000	0.0000	0.0000	0.0000	0.0000	0.0000	0.0000	0.0000	135.31	0.03
1991-01-24	Perennial Ryegrass	0.38	944.89	0.03	0.98	0.98	3.03	0	6	0.06	650.00	0.00	-0.07	0.00	0.00	0.00	0.00	0.00	0.00	0.00	0.00	0.00	0.00	0.00	0.00	0.00	0.00	0.00	0.00	0.00	0.00	0.00	0.00	0.00	0.00	0.00	0.00	0.00	25.2	26.7	23.7	31.3	39.2	48.1	194.30	0.067	0.040	0.024	0.015	0.002	0.000	0.0395	0.6029	1.0000	1.0000	1.0000	1.0000	0.40	12.88	13.28	0.13	0.11	0.09	0.04	0.01	0.03	0.25	0.78	1.15	2.04	4.33	4.32	0.0000	0.0000	0.0000	0.0000	0.0000	0.0000	0.0000	0.0000	0.0000	0.0000	0.0000	0.0000	127.44	0.03
1991-01-25	Perennial Ryegrass	0.35	865.87	0.03	0.98	0.98	3.03	0	6	0.05	650.00	0.00	-0.18	0.00	0.00	0.00	0.00	0.00	0.00	0.00	0.00	0.00	0.00	0.00	0.00	0.00	0.00	0.00	0.00	0.00	0.00	0.00	0.00	0.00	0.00	0.00	0.00	0.00	20.8	25.5	24.8	34.4	39.4	48.1	193.00	0.075	0.068	0.048	0.037	0.003	0.000	0.0349	0.5433	1.0000	1.0000	1.0000	1.0000	0.41	12.98	13.38	0.14	0.11	0.09	0.04	0.01	0.03	0.25	0.72	1.15	2.19	4.34	4.33	0.0030	0.0011	0.0002	0.0000	0.0000	0.0000	0.0052	0.0069	0.0021	0.0013	0.0003	0.0000	126.34	0.03
1991-01-26	Perennial Ryegrass	0.33	798.83	0.03	0.98	0.98	3.03	0	6	0.04	650.00	0.00	-0.14	0.00	0.00	0.00	0.00	0.00	0.00	0.00	0.00	0.00	0.00	0.00	0.00	0.00	0.00	0.00	0.00	0.00	0.00	0.00	0.00	0.00	0.00	0.00	0.00	0.00	18.1	23.8	24.8	36.2	40.8	48.1	191.66	0.057	0.066	0.057	0.054	0.004	0.000	0.0305	0.5435	1.0000	1.0000	1.0000	1.0000	0.43	13.12	13.55	0.16	0.11	0.08	0.04	0.01	0.03	0.29	0.69	1.12	2.26	4.43	4.33	0.0021	0.0009	0.0002	0.0000	0.0000	0.0000	0.0036	0.0055	0.0025	0.0019	0.0003	0.0000	126.05	0.03
1991-01-27	Perennial Ryegrass	0.31	743.65	0.02	0.98	0.98	3.03	0	6	0.04	650.00	0.00	-0.13	0.00	0.00	0.00	0.00	0.00	0.00	0.00	0.00	0.00	0.00	0.00	0.00	0.00	0.00	0.00	0.00	0.00	0.00	0.00	0.00	0.00	0.00	0.00	0.00	0.00	17.0	21.6	24.1	36.9	42.7	48.1	190.35	0.034	0.045	0.045	0.049	0.007	0.000	0.0272	0.4600	1.0000	1.0000	1.0000	1.0000	0.47	13.29	13.76	0.20	0.11	0.08	0.04	0.01	0.03	0.38	0.66	1.08	2.27	4.55	4.34	0.0017	0.0007	0.0002	0.0000	0.0000	0.0000	0.0031	0.0040	0.0024	0.0023	0.0003	0.0000	125.75	0.03
1991-01-28	Perennial Ryegrass	0.30	700.95	0.02	0.98	0.98	3.03	0	6	0.04	650.00	0.00	-0.14	0.00	0.00	0.00	0.00	0.00	0.00	0.00	0.00	0.00	0.00	0.00	0.00	0.00	0.00	0.00	0.00	0.00	0.00	0.00	0.00	0.00	0.00	0.00	0.00	0.00	16.3	20.1	23.0	37.0	44.7	48.0	189.10	0.032	0.039	0.046	0.056	0.012	0.000	0.0246	0.6410	1.0000	1.0000	1.0000	1.0000	0.53	13.50	14.03	0.25	0.12	0.08	0.04	0.01	0.02	0.51	0.66	1.05	2.25	4.68	4.34	0.0017	0.0005	0.0002	0.0000	0.0000	0.0000	0.0033	0.0026	0.0020	0.0023	0.0004	0.0000	125.46	0.03
1991-01-29	Perennial Ryegrass	0.28	666.89	0.02	0.98	0.98	3.03	0	6	0.03	650.00	0.00	-0.15	0.00	0.00	0.00	0.00	0.00	0.00	0.00	0.00	0.00	0.00	0.00	0.00	0.00	0.00	0.00	0.00	0.00	0.00	0.00	0.00	0.00	0.00	0.00	0.00	0.00	15.6	19.3	22.0	36.7	46.3	48.0	188.00	0.022	0.024	0.031	0.043	0.013	0.000	0.0224	0.4696	1.0000	1.0000	1.0000	1.0000	0.58	13.72	14.30	0.29	0.12	0.08	0.04	0.02	0.02	0.64	0.69	1.04	2.23	4.78	4.35	0.0016	0.0003	0.0001	0.0000	0.0000	0.0000	0.0035	0.0019	0.0015	0.0021	0.0005	0.0000	125.17	0.03
1991-01-30	Perennial Ryegrass	0.27	639.09	0.02	0.98	0.98	3.04	0	6	0.03	650.00	0.00	-0.17	0.00	0.00	0.00	0.00	0.00	0.00	0.00	0.00	0.00	0.00	0.00	0.00	0.00	0.00	0.00	0.00	0.00	0.00	0.00	0.00	0.00	0.00	0.00	0.00	0.00	14.7	18.9	21.3	36.2	47.6	48.0	186.74	0.014	0.016	0.021	0.031	0.012	0.000	0.0205	0.2637	1.0000	1.0000	1.0000	1.0000	0.63	13.96	14.59	0.33	0.12	0.09	0.04	0.02	0.02	0.78	0.72	1.03	2.20	4.87	4.36	0.0015	0.0003	0.0001	0.0000	0.0000	0.0000	0.0034	0.0015	0.0011	0.0018	0.0005	0.0000	124.87	0.03
1991-01-31	Perennial Ryegrass	0.26	609.62	0.02	0.98	0.98	3.04	0	6	0.03	650.00	0.00	-0.28	0.00	0.00	0.00	0.00	0.00	0.00	0.00	0.00	0.00	0.00	0.00	0.00	0.00	0.00	0.00	0.00	0.00	0.00	0.00	0.00	0.00	0.00	0.00	0.00	0.00	13.7	18.8	20.6	35.8	48.4	48.1	185.37	0.022	0.028	0.034	0.055	0.026	0.000	0.0188	0.5048	1.0000	1.0000	1.0000	1.0000	0.66	14.21	14.87	0.36	0.13	0.09	0.04	0.02	0.02	0.94	0.77	1.03	2.18	4.93	4.37	0.0012	0.0002	0.0001	0.0000	0.0000	0.0000	0.0030	0.0013	0.0009	0.0016	0.0005	0.0000	124.58	0.03
1991-02-01	Perennial Ryegrass	0.25	585.38	0.02	0.98	0.98	3.04	0	6	0.02	650.00	0.00	-0.29	0.00	0.00	0.00	0.00	0.00	0.00	0.00	0.00	0.00	0.00	0.00	0.00	0.00	0.00	0.00	0.00	0.00	0.00	0.00	0.00	0.00	0.00	0.00	0.00	0.00	12.8	18.7	20.2	35.4	49.0	48.1	184.09	0.012	0.019	0.021	0.037	0.019	0.000	0.0168	0.4339	1.0000	1.0000	1.0000	1.0000	0.66	14.48	15.14	0.35	0.13	0.09	0.05	0.03	0.02	1.10	0.81	1.05	2.17	4.97	4.37	0.0009	0.0002	0.0001	0.0000	0.0000	0.0000	0.0027	0.0013	0.0007	0.0013	0.0005	0.0000	124.29	0.03
1991-02-02	Perennial Ryegrass	0.25	565.84	0.01	0.98	0.98	3.04	0	6	0.02	650.00	0.00	-0.29	0.00	0.00	0.00	0.00	0.00	0.00	0.00	0.00	0.00	0.00	0.00	0.00	0.00	0.00	0.00	0.00	0.00	0.00	0.00	0.00	0.00	0.00	0.00	0.00	0.00	11.8	18.5	20.0	35.1	49.4	48.1	182.82	0.007	0.015	0.017	0.030	0.017	0.000	0.0151	0.3699	1.0000	1.0000	1.0000	1.0000	0.61	14.74	15.35	0.30	0.13	0.09	0.05	0.03	0.02	1.25	0.87	1.07	2.17	5.00	4.38	0.0006	0.0002	0.0001	0.0000	0.0000	0.0000	0.0023	0.0012	0.0006	0.0012	0.0005	0.0000	124.00	0.03
1991-02-03	Perennial Ryegrass	0.24	550.63	0.01	0.98	0.98	3.04	0	6	0.02	650.00	0.00	-0.37	0.00	0.00	0.00	0.00	0.00	0.00	0.00	0.00	0.00	0.00	0.00	0.00	0.00	0.00	0.00	0.00	0.00	0.00	0.00	0.00	0.00	0.00	0.00	0.00	0.00	10.8	18.4	19.9	34.8	49.5	48.1	181.50	0.006	0.019	0.020	0.036	0.022	0.000	0.0137	0.4251	1.0000	1.0000	1.0000	1.0000	0.58	14.95	15.53	0.26	0.13	0.09	0.05	0.03	0.02	1.32	0.93	1.11	2.17	5.02	4.39	0.0004	0.0002	0.0000	0.0000	0.0000	0.0000	0.0018	0.0011	0.0006	0.0011	0.0005	0.0000	123.71	0.03
1991-02-04	Perennial Ryegrass	0.24	539.81	0.01	0.98	0.98	3.04	0	6	0.02	650.00	0.00	-0.46	0.00	0.00	0.00	0.00	0.00	0.00	0.00	0.00	0.00	0.00	0.00	0.00	0.00	0.00	0.00	0.00	0.00	0.00	0.00	0.00	0.00	0.00	0.00	0.00	0.00	9.6	18.3	20.0	34.5	49.6	48.1	180.02	0.003	0.019	0.021	0.037	0.023	0.000	0.0122	0.3884	1.0000	1.0000	1.0000	1.0000	0.54	15.12	15.66	0.23	0.12	0.09	0.05	0.03	0.02	1.33	1.00	1.17	2.18	5.04	4.40	0.0002	0.0001	0.0000	0.0000	0.0000	0.0000	0.0012	0.0011	0.0005	0.0009	0.0004	0.0000	123.42	0.03
1991-02-05	Perennial Ryegrass	0.26	612.65	0.01	0.98	0.98	3.04	0	6	0.02	650.00	0.00	-0.57	0.00	0.00	0.00	0.00	0.00	0.00	0.00	0.00	0.00	0.00	0.00	0.00	0.00	0.00	0.00	0.00	0.00	0.00	0.00	0.00	0.00	0.00	0.00	0.00	0.00	12.1	18.2	20.0	34.4	49.5	48.1	182.22	0.000	0.020	0.022	0.038	0.025	0.000	0.0107	0.4461	1.0000	1.0000	1.0000	1.0000	0.56	15.46	16.02	0.25	0.12	0.08	0.05	0.03	0.02	1.49	1.08	1.22	2.20	5.05	4.42	0.0001	0.0001	0.0000	0.0000	0.0000	0.0000	0.0008	0.0010	0.0005	0.0008	0.0004	0.0000	123.02	0.03
1991-02-06	Perennial Ryegrass	0.31	737.58	0.01	0.98	0.98	3.04	0	6	0.01	650.00	0.00	-0.43	0.00	0.00	0.00	0.00	0.00	0.00	0.00	0.00	0.00	0.00	0.00	0.00	0.00	0.00	0.00	0.00	0.00	0.00	0.00	0.00	0.00	0.00	0.00	0.00	0.00	19.2	19.7	20.3	34.5	49.5	48.2	191.37	0.003	0.007	0.008	0.014	0.009	0.000	0.0092	0.4919	1.0000	1.0000	1.0000	1.0000	0.62	15.84	16.46	0.32	0.12	0.08	0.04	0.03	0.02	1.55	1.27	1.30	2.24	5.06	4.43	0.0002	0.0001	0.0000	0.0000	0.0000	0.0000	0.0011	0.0007	0.0003	0.0005	0.0002	0.0000	120.30	0.03
1991-02-07	Perennial Ryegrass	0.29	674.49	0.01	0.97	0.97	3.04	0	5	0.01	650.00	0.00	-0.46	0.00	0.00	0.00	0.00	0.00	0.00	0.00	0.00	0.00	0.00	0.00	0.00	0.00	0.00	0.00	0.00	0.00	0.00	0.00	0.00	0.00	0.00	0.00	0.00	0.00	17.2	20.0	20.5	34.7	49.6	48.2	190.24	0.011	0.008	0.008	0.012	0.008	0.000	0.0082	0.4848	1.0000	1.0000	1.0000	1.0000	0.66	16.26	16.92	0.36	0.12	0.08	0.04	0.03	0.02	1.70	1.38	1.37	2.28	5.09	4.44	0.0003	0.0000	0.0000	0.0000	0.0000	0.0000	0.0016	0.0004	0.0001	0.0002	0.0001	0.0000	115.35	0.03
1991-02-08	Perennial Ryegrass	0.27	621.42	0.01	0.97	0.97	3.04	0	5	0.01	650.00	0.00	-0.50	0.00	0.00	0.00	0.00	0.00	0.00	0.00	0.00	0.00	0.00	0.00	0.00	0.00	0.00	0.00	0.00	0.00	0.00	0.00	0.00	0.00	0.00	0.00	0.00	0.00	16.2	19.3	20.6	34.9	49.8	48.2	188.99	0.009	0.008	0.008	0.013	0.008	0.000	0.0073	0.4827	1.0000	1.0000	1.0000	1.0000	0.71	16.70	17.40	0.41	0.12	0.08	0.04	0.04	0.02	1.96	1.42	1.43	2.32	5.12	4.46	0.0003	0.0000	0.0000	0.0000	0.0000	0.0000	0.0012	0.0004	0.0001	0.0002	0.0001	0.0000	114.25	0.03
1991-02-09	Perennial Ryegrass	0.25	576.84	0.01	0.97	0.97	3.05	0	5	0.01	650.00	0.00	-0.52	0.00	0.00	0.00	0.00	0.00	0.00	0.00	0.00	0.00	0.00	0.00	0.00	0.00	0.00	0.00	0.00	0.00	0.00	0.00	0.00	0.00	0.00	0.00	0.00	0.00	15.2	18.9	20.4	34.9	50.0	48.2	187.71	0.010	0.010	0.011	0.017	0.011	0.000	0.0064	0.6817	1.0000	1.0000	1.0000	1.0000	0.74	17.16	17.90	0.44	0.12	0.08	0.04	0.04	0.02	2.25	1.47	1.47	2.35	5.15	4.47	0.0002	0.0000	0.0000	0.0000	0.0000	0.0000	0.0010	0.0003	0.0001	0.0002	0.0001	0.0000	113.98	0.03
1991-02-10	Perennial Ryegrass	0.24	538.48	0.01	0.97	0.97	3.05	0	5	0.01	650.00	0.00	-0.42	0.00	0.00	0.00	0.00	0.00	0.00	0.00	0.00	0.00	0.00	0.00	0.00	0.00	0.00	0.00	0.00	0.00	0.00	0.00	0.00	0.00	0.00	0.00	0.00	0.00	14.6	18.8	20.1	34.8	50.2	48.3	186.79	0.004	0.005	0.005	0.008	0.005	0.000	0.0056	0.7664	1.0000	1.0000	1.0000	1.0000	0.76	17.60	18.35	0.45	0.12	0.08	0.05	0.04	0.02	2.54	1.53	1.49	2.37	5.18	4.48	0.0002	0.0000	0.0000	0.0000	0.0000	0.0000	0.0009	0.0003	0.0001	0.0001	0.0001	0.0000	113.72	0.03
1991-02-11	Perennial Ryegrass	0.22	505.59	0.00	0.97	0.97	3.05	0	5	0.01	650.00	0.00	-0.48	0.00	0.00	0.00	0.00	0.00	0.00	0.00	0.00	0.00	0.00	0.00	0.00	0.00	0.00	0.00	0.00	0.00	0.00	0.00	0.00	0.00	0.00	0.00	0.00	0.00	13.9	18.6	20.0	34.7	50.3	48.3	185.83	0.004	0.005	0.005	0.008	0.006	0.000	0.0051	0.6982	1.0000	1.0000	1.0000	1.0000	0.78	18.03	18.81	0.46	0.12	0.08	0.05	0.04	0.02	2.84	1.59	1.53	2.38	5.21	4.49	0.0001	0.0000	0.0000	0.0000	0.0000	0.0000	0.0007	0.0002	0.0001	0.0001	0.0001	0.0000	113.45	0.03
1991-02-12	Perennial Ryegrass	0.21	477.65	0.00	0.97	0.97	3.05	0	5	0.01	650.00	0.00	-0.53	0.00	0.00	0.00	0.00	0.00	0.00	0.00	0.00	0.00	0.00	0.00	0.00	0.00	0.00	0.00	0.00	0.00	0.00	0.00	0.00	0.00	0.00	0.00	0.00	0.00	13.1	18.5	20.0	34.5	50.4	48.3	184.80	0.003	0.004	0.004	0.008	0.005	0.000	0.0045	0.6515	1.0000	1.0000	1.0000	1.0000	0.78	18.45	19.23	0.45	0.13	0.09	0.05	0.04	0.02	3.12	1.64	1.57	2.39	5.23	4.50	0.0001	0.0000	0.0000	0.0000	0.0000	0.0000	0.0006	0.0002	0.0001	0.0001	0.0000	0.0000	113.19	0.03
1991-02-13	Perennial Ryegrass	0.20	454.58	0.00	0.97	0.97	3.05	0	5	0.01	650.00	0.00	-0.50	0.00	0.00	0.00	0.00	0.00	0.00	0.00	0.00	0.00	0.00	0.00	0.00	0.00	0.00	0.00	0.00	0.00	0.00	0.00	0.00	0.00	0.00	0.00	0.00	0.00	12.0	18.4	20.0	34.5	50.3	48.3	183.52	0.003	0.005	0.006	0.010	0.007	0.000	0.0040	0.6342	1.0000	1.0000	1.0000	1.0000	0.72	18.84	19.56	0.38	0.13	0.09	0.05	0.04	0.02	3.36	1.70	1.62	2.42	5.23	4.52	0.0001	0.0000	0.0000	0.0000	0.0000	0.0000	0.0005	0.0002	0.0001	0.0001	0.0000	0.0000	112.93	0.03
1991-02-14	Perennial Ryegrass	0.20	436.20	0.00	0.97	0.97	3.05	0	5	0.01	650.00	0.00	-0.52	0.00	0.00	0.00	0.00	0.00	0.00	0.00	0.00	0.00	0.00	0.00	0.00	0.00	0.00	0.00	0.00	0.00	0.00	0.00	0.00	0.00	0.00	0.00	0.00	0.00	10.8	18.3	20.0	34.5	50.1	48.4	182.06	0.001	0.004	0.004	0.007	0.005	0.000	0.0035	0.4572	1.0000	1.0000	1.0000	1.0000	0.68	19.10	19.78	0.34	0.13	0.09	0.05	0.04	0.02	3.47	1.77	1.66	2.45	5.24	4.53	0.0000	0.0000	0.0000	0.0000	0.0000	0.0000	0.0004	0.0002	0.0001	0.0001	0.0000	0.0000	112.67	0.03
1991-02-15	Perennial Ryegrass	0.22	496.48	0.00	0.97	0.97	3.05	0	5	0.00	650.00	0.00	-0.47	0.00	0.00	0.00	0.00	0.00	0.00	0.00	0.00	0.00	0.00	0.00	0.00	0.00	0.00	0.00	0.00	0.00	0.00	0.00	0.00	0.00	0.00	0.00	0.00	0.00	14.1	18.2	20.0	34.5	50.0	48.4	185.19	0.000	0.002	0.003	0.004	0.003	0.000	0.0031	0.9528	1.0000	1.0000	1.0000	1.0000	0.75	19.55	20.30	0.42	0.13	0.09	0.05	0.04	0.03	3.74	1.84	1.71	2.47	5.24	4.54	0.0000	0.0000	0.0000	0.0000	0.0000	0.0000	0.0003	0.0002	0.0001	0.0001	0.0000	0.0000	112.26	0.03
1991-02-16	Perennial Ryegrass	0.21	470.23	0.00	0.97	0.97	3.05	0	5	0.00	650.00	0.00	-0.42	0.00	0.00	0.00	0.00	0.00	0.00	0.00	0.00	0.00	0.00	0.00	0.00	0.00	0.00	0.00	0.00	0.00	0.00	0.00	0.00	0.00	0.00	0.00	0.00	0.00	13.3	18.1	20.0	34.5	49.9	48.4	184.20	0.002	0.003	0.003	0.005	0.003	0.000	0.0028	1.0000	1.0000	1.0000	1.0000	1.0000	0.79	19.99	20.77	0.45	0.13	0.09	0.05	0.04	0.03	4.03	1.90	1.76	2.50	5.25	4.55	0.0000	0.0000	0.0000	0.0000	0.0000	0.0000	0.0004	0.0001	0.0000	0.0000	0.0000	0.0000	110.10	0.03
1991-02-17	Perennial Ryegrass	0.20	456.70	0.00	0.97	0.97	3.05	0	5	0.00	650.00	0.00	-0.34	0.00	0.00	0.00	0.00	0.00	0.00	0.00	0.00	0.00	0.00	0.00	0.00	0.00	0.00	0.00	0.00	0.00	0.00	0.00	0.00	0.00	0.00	0.00	0.00	0.00	12.4	18.1	20.0	34.4	49.7	48.4	183.10	0.001	0.002	0.002	0.004	0.003	0.000	0.0025	0.6387	1.0000	1.0000	1.0000	1.0000	0.77	20.38	21.15	0.43	0.13	0.09	0.05	0.05	0.03	4.28	1.96	1.80	2.53	5.25	4.56	0.0000	0.0000	0.0000	0.0000	0.0000	0.0000	0.0003	0.0001	0.0000	0.0000	0.0000	0.0000	109.36	0.03
1991-02-18	Perennial Ryegrass	0.20	438.70	0.00	0.97	0.97	3.05	0	5	0.00	650.00	0.00	-0.40	0.00	0.00	0.00	0.00	0.00	0.00	0.00	0.00	0.00	0.00	0.00	0.00	0.00	0.00	0.00	0.00	0.00	0.00	0.00	0.00	0.00	0.00	0.00	0.00	0.00	11.5	18.0	20.0	34.4	49.6	48.4	182.01	0.001	0.002	0.002	0.004	0.003	0.000	0.0023	0.7358	1.0000	1.0000	1.0000	1.0000	0.71	20.69	21.40	0.36	0.14	0.09	0.05	0.05	0.03	4.47	2.01	1.84	2.55	5.26	4.57	0.0000	0.0000	0.0000	0.0000	0.0000	0.0000	0.0003	0.0001	0.0000	0.0000	0.0000	0.0000	109.11	0.03
1991-02-19	Perennial Ryegrass	0.19	423.50	0.00	0.97	0.97	3.06	0	5	0.00	650.00	0.00	-0.45	0.00	0.00	0.00	0.00	0.00	0.00	0.00	0.00	0.00	0.00	0.00	0.00	0.00	0.00	0.00	0.00	0.00	0.00	0.00	0.00	0.00	0.00	0.00	0.00	0.00	10.6	17.9	20.0	34.4	49.5	48.5	180.90	0.001	0.002	0.003	0.004	0.003	0.000	0.0021	0.6887	1.0000	1.0000	1.0000	1.0000	0.68	20.88	21.56	0.32	0.14	0.09	0.05	0.05	0.03	4.54	2.06	1.87	2.57	5.26	4.58	0.0000	0.0000	0.0000	0.0000	0.0000	0.0000	0.0002	0.0001	0.0000	0.0000	0.0000	0.0000	108.86	0.03
1991-02-20	Perennial Ryegrass	0.19	412.21	0.00	0.97	0.97	3.06	0	5	0.00	650.00	0.00	-0.39	0.00	0.00	0.00	0.00	0.00	0.00	0.00	0.00	0.00	0.00	0.00	0.00	0.00	0.00	0.00	0.00	0.00	0.00	0.00	0.00	0.00	0.00	0.00	0.00	0.00	10.1	17.9	20.0	34.3	49.4	48.5	180.19	0.000	0.001	0.002	0.003	0.002	0.000	0.0019	1.0000	1.0000	1.0000	1.0000	1.0000	0.65	21.01	21.66	0.28	0.14	0.10	0.06	0.05	0.03	4.57	2.10	1.90	2.59	5.26	4.59	0.0000	0.0000	0.0000	0.0000	0.0000	0.0000	0.0002	0.0001	0.0000	0.0000	0.0000	0.0000	108.61	0.03
1991-02-21	Perennial Ryegrass	0.18	401.39	0.00	0.97	0.97	3.06	0	5	0.00	650.00	0.00	-0.45	0.00	0.00	0.00	0.00	0.00	0.00	0.00	0.00	0.00	0.00	0.00	0.00	0.00	0.00	0.00	0.00	0.00	0.00	0.00	0.00	0.00	0.00	0.00	0.00	0.00	9.4	17.8	20.0	34.3	49.3	48.5	179.37	0.000	0.001	0.001	0.002	0.002	0.000	0.0017	1.0000	1.0000	1.0000	1.0000	1.0000	0.63	21.14	21.77	0.25	0.14	0.10	0.06	0.05	0.03	4.59	2.15	1.93	2.61	5.27	4.60	0.0000	0.0000	0.0000	0.0000	0.0000	0.0000	0.0001	0.0001	0.0000	0.0000	0.0000	0.0000	108.36	0.03
1991-02-22	Perennial Ryegrass	0.19	430.46	0.00	0.97	0.97	3.06	0	5	0.00	650.00	0.00	-0.48	0.00	0.00	0.00	0.00	0.00	0.00	0.00	0.00	0.00	0.00	0.00	0.00	0.00	0.00	0.00	0.00	0.00	0.00	0.00	0.00	0.00	0.00	0.00	0.00	0.00	10.5	17.8	20.0	34.3	49.2	48.5	180.28	0.000	0.002	0.002	0.003	0.002	0.000	0.0016	1.0000	1.0000	1.0000	1.0000	1.0000	0.61	21.32	21.93	0.23	0.15	0.10	0.06	0.05	0.03	4.64	2.20	1.97	2.63	5.28	4.61	0.0000	0.0000	0.0000	0.0000	0.0000	0.0000	0.0001	0.0001	0.0000	0.0000	0.0000	0.0000	108.03	0.03
1991-02-23	Perennial Ryegrass	0.19	418.07	0.00	0.97	0.97	3.06	0	5	0.00	650.00	0.00	-0.45	0.00	0.00	0.00	0.00	0.00	0.00	0.00	0.00	0.00	0.00	0.00	0.00	0.00	0.00	0.00	0.00	0.00	0.00	0.00	0.00	0.00	0.00	0.00	0.00	0.00	10.1	17.8	20.0	34.2	49.1	48.5	179.69	0.000	0.001	0.001	0.002	0.001	0.000	0.0014	1.0000	1.0000	1.0000	1.0000	1.0000	0.58	21.47	22.06	0.20	0.15	0.10	0.06	0.05	0.03	4.66	2.26	2.01	2.65	5.28	4.62	0.0000	0.0000	0.0000	0.0000	0.0000	0.0000	0.0000	0.0000	0.0000	0.0000	0.0000	0.0000	106.89	0.03
1991-02-24	Perennial Ryegrass	0.18	408.55	0.00	0.97	0.97	3.06	0	5	0.00	650.00	0.00	-0.48	0.00	0.00	0.00	0.00	0.00	0.00	0.00	0.00	0.00	0.00	0.00	0.00	0.00	0.00	0.00	0.00	0.00	0.00	0.00	0.00	0.00	0.00	0.00	0.00	0.00	9.2	17.7	20.0	34.2	49.0	48.5	178.59	0.000	0.001	0.001	0.002	0.001	0.000	0.0012	1.0000	1.0000	1.0000	1.0000	1.0000	0.56	21.61	22.17	0.17	0.15	0.10	0.06	0.05	0.03	4.69	2.30	2.04	2.66	5.29	4.63	0.0000	0.0000	0.0000	0.0000	0.0000	0.0000	0.0001	0.0000	0.0000	0.0000	0.0000	0.0000	106.37	0.03
1991-02-25	Perennial Ryegrass	0.18	401.76	0.00	0.96	0.96	3.06	0	5	0.00	650.00	0.00	-0.50	0.00	0.00	0.00	0.00	0.00	0.00	0.00	0.00	0.00	0.00	0.00	0.00	0.00	0.00	0.00	0.00	0.00	0.00	0.00	0.00	0.00	0.00	0.00	0.00	0.00	8.6	17.7	20.0	34.1	48.9	48.5	177.89	0.000	0.001	0.001	0.002	0.002	0.000	0.0011	1.0000	1.0000	1.0000	1.0000	1.0000	0.53	21.77	22.30	0.15	0.15	0.10	0.06	0.05	0.03	4.71	2.36	2.08	2.69	5.30	4.64	0.0000	0.0000	0.0000	0.0000	0.0000	0.0000	0.0001	0.0000	0.0000	0.0000	0.0000	0.0000	106.13	0.03
1991-02-26	Perennial Ryegrass	0.18	397.67	0.00	0.96	0.96	3.06	0	5	0.00	650.00	0.00	-0.55	0.00	0.00	0.00	0.00	0.00	0.00	0.00	0.00	0.00	0.00	0.00	0.00	0.00	0.00	0.00	0.00	0.00	0.00	0.00	0.00	0.00	0.00	0.00	0.00	0.00	8.2	17.6	20.0	34.0	48.9	48.6	177.23	0.000	0.001	0.002	0.003	0.002	0.000	0.0010	1.0000	1.0000	1.0000	1.0000	1.0000	0.51	21.95	22.46	0.13	0.14	0.10	0.06	0.05	0.03	4.74	2.42	2.12	2.71	5.31	4.65	0.0000	0.0000	0.0000	0.0000	0.0000	0.0000	0.0000	0.0000	0.0000	0.0000	0.0000	0.0000	105.89	0.03
1991-02-27	Perennial Ryegrass	0.18	395.33	0.00	0.96	0.96	3.06	0	5	0.00	650.00	0.00	-0.40	0.00	0.00	0.00	0.00	0.00	0.00	0.00	0.00	0.00	0.00	0.00	0.00	0.00	0.00	0.00	0.00	0.00	0.00	0.00	0.00	0.00	0.00	0.00	0.00	0.00	7.8	17.5	20.0	34.0	48.8	48.6	176.69	0.000	0.001	0.001	0.001	0.001	0.000	0.0009	1.0000	1.0000	1.0000	1.0000	1.0000	0.49	22.11	22.60	0.11	0.14	0.10	0.06	0.05	0.03	4.76	2.48	2.16	2.73	5.32	4.66	0.0000	0.0000	0.0000	0.0000	0.0000	0.0000	0.0000	0.0000	0.0000	0.0000	0.0000	0.0000	105.64	0.03
1991-02-28	Perennial Ryegrass	0.18	394.13	0.00	0.96	0.96	3.06	0	5	0.00	650.00	0.00	-0.39	0.00	0.00	0.00	0.00	0.00	0.00	0.00	0.00	0.00	0.00	0.00	0.00	0.00	0.00	0.00	0.00	0.00	0.00	0.00	0.00	0.00	0.00	0.00	0.00	0.00	7.5	17.5	20.0	33.9	48.7	48.6	176.15	0.000	0.000	0.001	0.001	0.001	0.000	0.0008	1.0000	1.0000	1.0000	1.0000	1.0000	0.48	22.26	22.74	0.10	0.14	0.10	0.06	0.05	0.03	4.79	2.53	2.20	2.75	5.33	4.67	0.0000	0.0000	0.0000	0.0000	0.0000	0.0000	0.0000	0.0000	0.0000	0.0000	0.0000	0.0000	105.40	0.03
1991-03-01	Perennial Ryegrass	0.18	396.45	0.00	0.96	0.96	3.07	0	5	0.00	650.00	0.00	-0.32	0.00	0.00	0.00	0.00	0.00	0.00	0.00	0.00	0.00	0.00	0.00	0.00	0.00	0.00	0.00	0.00	0.00	0.00	0.00	0.00	0.00	0.00	0.00	0.00	0.00	7.1	17.4	20.0	33.9	48.6	48.6	175.50	0.000	0.001	0.001	0.002	0.001	0.000	0.0007	1.0000	1.0000	1.0000	1.0000	1.0000	0.48	22.40	22.88	0.09	0.15	0.10	0.06	0.05	0.03	4.82	2.57	2.23	2.77	5.34	4.68	0.0000	0.0000	0.0000	0.0000	0.0000	0.0000	0.0000	0.0000	0.0000	0.0000	0.0000	0.0000	105.16	0.03
1991-03-02	Perennial Ryegrass	0.18	400.49	0.00	0.96	0.96	3.07	0	5	0.00	650.00	0.00	-0.28	0.00	0.00	0.00	0.00	0.00	0.00	0.00	0.00	0.00	0.00	0.00	0.00	0.00	0.00	0.00	0.00	0.00	0.00	0.00	0.00	0.00	0.00	0.00	0.00	0.00	6.7	17.3	20.0	33.8	48.5	48.6	174.97	0.000	0.000	0.001	0.001	0.001	0.000	0.0007	1.0000	1.0000	1.0000	1.0000	1.0000	0.48	22.52	23.00	0.09	0.15	0.10	0.06	0.06	0.03	4.85	2.60	2.26	2.78	5.34	4.69	0.0000	0.0000	0.0000	0.0000	0.0000	0.0000	0.0000	0.0000	0.0000	0.0000	0.0000	0.0000	104.92	0.03
1991-03-03	Perennial Ryegrass	0.18	404.81	0.00	0.96	0.96	3.07	0	5	0.00	650.00	0.00	-0.34	0.00	0.00	0.00	0.00	0.00	0.00	0.00	0.00	0.00	0.00	0.00	0.00	0.00	0.00	0.00	0.00	0.00	0.00	0.00	0.00	0.00	0.00	0.00	0.00	0.00	6.4	17.3	20.0	33.7	48.4	48.6	174.47	0.000	0.001	0.001	0.001	0.001	0.000	0.0006	1.0000	1.0000	1.0000	1.0000	1.0000	0.49	22.62	23.11	0.09	0.15	0.10	0.06	0.06	0.03	4.88	2.63	2.28	2.79	5.35	4.69	0.0000	0.0000	0.0000	0.0000	0.0000	0.0000	0.0000	0.0000	0.0000	0.0000	0.0000	0.0000	104.68	0.03
1991-03-04	Perennial Ryegrass	0.19	410.58	0.00	0.96	0.96	3.07	0	5	0.00	650.00	0.00	-0.38	0.00	0.00	0.00	0.00	0.00	0.00	0.00	0.00	0.00	0.00	0.00	0.00	0.00	0.00	0.00	0.00	0.00	0.00	0.00	0.00	0.00	0.00	0.00	0.00	0.00	6.2	17.2	20.0	33.6	48.4	48.6	173.99	0.000	0.000	0.001	0.001	0.001	0.000	0.0006	1.0000	1.0000	1.0000	1.0000	1.0000	0.49	22.74	23.23	0.09	0.16	0.10	0.06	0.06	0.03	4.91	2.66	2.31	2.80	5.35	4.70	0.0000	0.0000	0.0000	0.0000	0.0000	0.0000	0.0000	0.0000	0.0000	0.0000	0.0000	0.0000	104.44	0.03
1991-03-05	Perennial Ryegrass	0.19	416.59	0.00	0.96	0.96	3.07	0	5	0.00	650.00	0.00	-0.43	0.00	0.00	0.00	0.00	0.00	0.00	0.00	0.00	0.00	0.00	0.00	0.00	0.00	0.00	0.00	0.00	0.00	0.00	0.00	0.00	0.00	0.00	0.00	0.00	0.00	5.9	17.1	20.0	33.6	48.3	48.6	173.52	0.000	0.000	0.001	0.001	0.001	0.000	0.0005	1.0000	1.0000	1.0000	1.0000	1.0000	0.50	22.87	23.37	0.09	0.16	0.10	0.06	0.06	0.03	4.95	2.70	2.34	2.82	5.36	4.71	0.0000	0.0000	0.0000	0.0000	0.0000	0.0000	0.0000	0.0000	0.0000	0.0000	0.0000	0.0000	104.20	0.03
1991-03-06	Perennial Ryegrass	0.19	422.59	0.00	0.96	0.96	3.07	0	5	0.00	650.00	0.00	-0.52	0.00	0.00	0.00	0.00	0.00	0.00	0.00	0.00	0.00	0.00	0.00	0.00	0.00	0.00	0.00	0.00	0.00	0.00	0.00	0.00	0.00	0.00	0.00	0.00	0.00	5.7	17.1	20.0	33.5	48.2	48.6	173.07	0.000	0.000	0.001	0.001	0.001	0.000	0.0005	1.0000	1.0000	1.0000	1.0000	1.0000	0.49	23.02	23.52	0.09	0.15	0.10	0.06	0.06	0.03	4.98	2.75	2.37	2.84	5.37	4.72	0.0000	0.0000	0.0000	0.0000	0.0000	0.0000	0.0000	0.0000	0.0000	0.0000	0.0000	0.0000	103.96	0.03
1991-03-07	Perennial Ryegrass	0.19	428.57	0.00	0.96	0.96	3.07	0	5	0.00	650.00	0.00	-0.54	0.00	0.00	0.00	0.00	0.00	0.00	0.00	0.00	0.00	0.00	0.00	0.00	0.00	0.00	0.00	0.00	0.00	0.00	0.00	0.00	0.00	0.00	0.00	0.00	0.00	5.5	17.0	20.0	33.4	48.2	48.6	172.64	0.000	0.000	0.001	0.001	0.001	0.000	0.0004	1.0000	1.0000	1.0000	1.0000	1.0000	0.48	23.20	23.69	0.09	0.15	0.10	0.06	0.06	0.03	5.01	2.81	2.41	2.86	5.39	4.73	0.0000	0.0000	0.0000	0.0000	0.0000	0.0000	0.0000	0.0000	0.0000	0.0000	0.0000	0.0000	103.72	0.03
1991-03-08	Perennial Ryegrass	0.20	434.54	0.00	0.96	0.96	3.07	0	5	0.00	650.00	0.00	-0.52	0.00	0.00	0.00	0.00	0.00	0.00	0.00	0.00	0.00	0.00	0.00	0.00	0.00	0.00	0.00	0.00	0.00	0.00	0.00	0.00	0.00	0.00	0.00	0.00	0.00	5.3	17.0	20.0	33.3	48.1	48.6	172.21	0.000	0.000	0.001	0.001	0.001	0.000	0.0004	1.0000	1.0000	1.0000	1.0000	1.0000	0.47	23.40	23.88	0.09	0.14	0.10	0.06	0.06	0.03	5.05	2.87	2.46	2.88	5.40	4.74	0.0000	0.0000	0.0000	0.0000	0.0000	0.0000	0.0000	0.0000	0.0000	0.0000	0.0000	0.0000	103.48	0.03
1991-03-09	Perennial Ryegrass	0.20	445.20	0.00	0.96	0.96	3.07	0	5	0.00	650.00	0.00	-0.45	0.00	0.00	0.00	0.00	0.00	0.00	0.00	0.00	0.00	0.00	0.00	0.00	0.00	0.00	0.00	0.00	0.00	0.00	0.00	0.00	0.00	0.00	0.00	0.00	0.00	5.1	16.9	20.0	33.2	48.0	48.6	171.80	0.000	0.000	0.001	0.001	0.001	0.000	0.0003	1.0000	1.0000	1.0000	1.0000	1.0000	0.46	23.61	24.07	0.09	0.14	0.09	0.06	0.06	0.03	5.08	2.94	2.51	2.90	5.42	4.75	0.0000	0.0000	0.0000	0.0000	0.0000	0.0000	0.0000	0.0000	0.0000	0.0000	0.0000	0.0000	103.23	0.03
1991-03-10	Perennial Ryegrass	0.20	451.12	0.00	0.96	0.96	3.07	0	5	0.00	650.00	0.00	-0.36	0.00	0.00	0.00	0.00	0.00	0.00	0.00	0.00	0.00	0.00	0.00	0.00	0.00	0.00	0.00	0.00	0.00	0.00	0.00	0.00	0.00	0.00	0.00	0.00	0.00	4.9	16.8	20.0	33.2	47.9	48.6	171.40	0.000	0.000	0.000	0.000	0.000	0.000	0.0003	1.0000	1.0000	1.0000	1.0000	1.0000	0.46	23.79	24.25	0.09	0.14	0.09	0.06	0.06	0.03	5.12	3.00	2.55	2.93	5.43	4.76	0.0000	0.0000	0.0000	0.0000	0.0000	0.0000	0.0000	0.0000	0.0000	0.0000	0.0000	0.0000	102.90	0.03
1991-03-11	Perennial Ryegrass	0.20	457.03	0.00	0.96	0.96	3.08	0	5	0.00	650.00	0.00	-0.37	0.00	0.00	0.00	0.00	0.00	0.00	0.00	0.00	0.00	0.00	0.00	0.00	0.00	0.00	0.00	0.00	0.00	0.00	0.00	0.00	0.00	0.00	0.00	0.00	0.00	4.7	16.8	20.0	33.1	47.9	48.6	171.01	0.000	0.000	0.000	0.001	0.000	0.000	0.0003	1.0000	1.0000	1.0000	1.0000	1.0000	0.47	23.95	24.41	0.09	0.14	0.09	0.06	0.06	0.03	5.16	3.05	2.58	2.94	5.45	4.77	0.0000	0.0000	0.0000	0.0000	0.0000	0.0000	0.0000	0.0000	0.0000	0.0000	0.0000	0.0000	102.63	0.03
1991-03-12	Perennial Ryegrass	0.21	462.93	0.00	0.96	0.96	3.08	0	5	0.00	650.00	0.00	-0.32	0.00	0.00	0.00	0.00	0.00	0.00	0.00	0.00	0.00	0.00	0.00	0.00	0.00	0.00	0.00	0.00	0.00	0.00	0.00	0.00	0.00	0.00	0.00	0.00	0.00	4.5	16.7	20.0	33.0	47.8	48.6	170.63	0.000	0.000	0.000	0.000	0.000	0.000	0.0002	1.0000	1.0000	1.0000	1.0000	1.0000	0.47	24.09	24.56	0.09	0.14	0.10	0.06	0.06	0.03	5.20	3.08	2.61	2.96	5.46	4.78	0.0000	0.0000	0.0000	0.0000	0.0000	0.0000	0.0000	0.0000	0.0000	0.0000	0.0000	0.0000	102.40	0.03
1991-03-13	Perennial Ryegrass	0.21	468.81	0.00	0.96	0.96	3.08	0	5	0.00	650.00	0.00	-0.31	0.00	0.00	0.00	0.00	0.00	0.00	0.00	0.00	0.00	0.00	0.00	0.00	0.00	0.00	0.00	0.00	0.00	0.00	0.00	0.00	0.00	0.00	0.00	0.00	0.00	4.4	16.7	19.9	32.9	47.7	48.6	170.26	0.000	0.000	0.000	0.000	0.000	0.000	0.0002	1.0000	1.0000	1.0000	1.0000	1.0000	0.48	24.21	24.69	0.09	0.15	0.10	0.06	0.06	0.03	5.24	3.11	2.63	2.97	5.46	4.78	0.0000	0.0000	0.0000	0.0000	0.0000	0.0000	0.0000	0.0000	0.0000	0.0000	0.0000	0.0000	102.16	0.03
1991-03-14	Perennial Ryegrass	0.22	494.86	0.00	0.96	0.96	3.08	0	5	0.00	650.00	0.00	-0.36	0.00	0.00	0.00	0.00	0.00	0.00	0.00	0.00	0.00	0.00	0.00	0.00	0.00	0.00	0.00	0.00	0.00	0.00	0.00	0.00	0.00	0.00	0.00	0.00	0.00	4.5	16.6	19.9	32.9	47.7	48.6	170.22	0.000	0.000	0.000	0.000	0.000	0.000	0.0002	1.0000	1.0000	1.0000	1.0000	1.0000	0.49	24.32	24.81	0.09	0.15	0.10	0.06	0.06	0.03	5.28	3.14	2.65	2.99	5.47	4.79	0.0000	0.0000	0.0000	0.0000	0.0000	0.0000	0.0000	0.0000	0.0000	0.0000	0.0000	0.0000	101.88	0.03
1991-03-15	Perennial Ryegrass	0.23	509.79	0.00	0.96	0.96	3.08	0	5	0.00	650.00	0.00	-0.37	0.00	0.00	0.00	0.00	0.00	0.00	0.00	0.00	0.00	0.00	0.00	0.00	0.00	0.00	0.00	0.00	0.00	0.00	0.00	0.00	0.00	0.00	0.00	0.00	0.00	4.5	16.6	19.9	32.8	47.6	48.6	170.00	0.000	0.000	0.000	0.000	0.000	0.000	0.0002	1.0000	1.0000	1.0000	1.0000	1.0000	0.50	24.43	24.93	0.09	0.16	0.10	0.06	0.06	0.03	5.31	3.17	2.67	3.00	5.48	4.80	0.0000	0.0000	0.0000	0.0000	0.0000	0.0000	0.0000	0.0000	0.0000	0.0000	0.0000	0.0000	101.22	0.03
1991-03-16	Perennial Ryegrass	0.23	515.56	0.00	0.96	0.96	3.08	0	5	0.00	650.00	0.00	-0.36	0.00	0.00	0.00	0.00	0.00	0.00	0.00	0.00	0.00	0.00	0.00	0.00	0.00	0.00	0.00	0.00	0.00	0.00	0.00	0.00	0.00	0.00	0.00	0.00	0.00	4.4	16.5	19.9	32.8	47.5	48.6	169.64	0.000	0.000	0.000	0.000	0.000	0.000	0.0002	1.0000	1.0000	1.0000	1.0000	1.0000	0.50	24.56	25.06	0.09	0.16	0.10	0.06	0.06	0.03	5.35	3.20	2.70	3.01	5.49	4.81	0.0000	0.0000	0.0000	0.0000	0.0000	0.0000	0.0000	0.0000	0.0000	0.0000	0.0000	0.0000	100.66	0.03
1991-03-17	Perennial Ryegrass	0.23	521.33	0.00	0.96	0.96	3.08	0	5	0.00	650.00	0.00	-0.37	0.00	0.00	0.00	0.00	0.00	0.00	0.00	0.00	0.00	0.00	0.00	0.00	0.00	0.00	0.00	0.00	0.00	0.00	0.00	0.00	0.00	0.00	0.00	0.00	0.00	4.2	16.5	19.8	32.7	47.5	48.6	169.29	0.000	0.000	0.000	0.000	0.000	0.000	0.0002	1.0000	1.0000	1.0000	1.0000	1.0000	0.50	24.69	25.19	0.09	0.16	0.10	0.06	0.06	0.03	5.39	3.23	2.72	3.03	5.50	4.81	0.0000	0.0000	0.0000	0.0000	0.0000	0.0000	0.0000	0.0000	0.0000	0.0000	0.0000	0.0000	100.36	0.03
1991-03-18	Perennial Ryegrass	0.23	527.07	0.00	0.96	0.96	3.08	0	4	0.00	650.00	0.00	-0.39	0.00	0.00	0.00	0.00	0.00	0.00	0.00	0.00	0.00	0.00	0.00	0.00	0.00	0.00	0.00	0.00	0.00	0.00	0.00	0.00	0.00	0.00	0.00	0.00	0.00	4.1	16.4	19.8	32.6	47.4	48.6	168.95	0.000	0.000	0.000	0.000	0.000	0.000	0.0001	1.0000	1.0000	1.0000	1.0000	1.0000	0.50	24.83	25.34	0.09	0.16	0.10	0.06	0.06	0.03	5.43	3.27	2.75	3.05	5.51	4.82	0.0000	0.0000	0.0000	0.0000	0.0000	0.0000	0.0000	0.0000	0.0000	0.0000	0.0000	0.0000	100.13	0.03
1991-03-19	Perennial Ryegrass	0.23	532.81	0.00	0.96	0.96	3.08	0	4	0.00	650.00	0.00	-0.42	0.00	0.00	0.00	0.00	0.00	0.00	0.00	0.00	0.00	0.00	0.00	0.00	0.00	0.00	0.00	0.00	0.00	0.00	0.00	0.00	0.00	0.00	0.00	0.00	0.00	3.9	16.4	19.8	32.6	47.4	48.6	168.61	0.000	0.000	0.000	0.000	0.000	0.000	0.0001	1.0000	1.0000	1.0000	1.0000	1.0000	0.50	24.98	25.48	0.09	0.16	0.10	0.06	0.06	0.03	5.47	3.31	2.78	3.07	5.52	4.83	0.0000	0.0000	0.0000	0.0000	0.0000	0.0000	0.0000	0.0000	0.0000	0.0000	0.0000	0.0000	99.90	0.03
1991-03-20	Perennial Ryegrass	0.24	538.53	0.00	0.96	0.96	3.08	0	4	0.00	650.00	0.00	-0.37	0.00	0.00	0.00	0.00	0.00	0.00	0.00	0.00	0.00	0.00	0.00	0.00	0.00	0.00	0.00	0.00	0.00	0.00	0.00	0.00	0.00	0.00	0.00	0.00	0.00	3.8	16.3	19.7	32.5	47.3	48.6	168.28	0.000	0.000	0.000	0.000	0.000	0.000	0.0001	1.0000	1.0000	1.0000	1.0000	1.0000	0.50	25.12	25.62	0.09	0.16	0.10	0.06	0.06	0.03	5.51	3.35	2.80	3.08	5.53	4.84	0.0000	0.0000	0.0000	0.0000	0.0000	0.0000	0.0000	0.0000	0.0000	0.0000	0.0000	0.0000	99.67	0.03
1991-03-21	Perennial Ryegrass	0.24	544.23	0.00	0.96	0.96	3.09	0	4	0.00	650.00	0.00	-0.34	0.00	0.00	0.00	0.00	0.00	0.00	0.00	0.00	0.00	0.00	0.00	0.00	0.00	0.00	0.00	0.00	0.00	0.00	0.00	0.00	0.00	0.00	0.00	0.00	0.00	3.7	16.2	19.7	32.5	47.2	48.6	167.96	0.000	0.000	0.000	0.000	0.000	0.000	0.0001	1.0000	1.0000	1.0000	1.0000	1.0000	0.50	25.26	25.76	0.09	0.16	0.10	0.06	0.06	0.03	5.55	3.38	2.83	3.10	5.55	4.84	0.0000	0.0000	0.0000	0.0000	0.0000	0.0000	0.0000	0.0000	0.0000	0.0000	0.0000	0.0000	99.44	0.03
1991-03-22	Perennial Ryegrass	0.24	549.92	0.00	0.96	0.96	3.09	0	4	0.00	650.00	0.00	-0.22	0.00	0.00	0.00	0.00	0.00	0.00	0.00	0.00	0.00	0.00	0.00	0.00	0.00	0.00	0.00	0.00	0.00	0.00	0.00	0.00	0.00	0.00	0.00	0.00	0.00	3.6	16.2	19.7	32.4	47.2	48.6	167.64	0.000	0.000	0.000	0.000	0.000	0.000	0.0001	1.0000	1.0000	1.0000	1.0000	1.0000	0.51	25.37	25.88	0.09	0.16	0.10	0.07	0.06	0.03	5.60	3.41	2.85	3.11	5.55	4.85	0.0000	0.0000	0.0000	0.0000	0.0000	0.0000	0.0000	0.0000	0.0000	0.0000	0.0000	0.0000	99.22	0.03
1991-03-23	Perennial Ryegrass	0.24	555.59	0.00	0.96	0.96	3.09	0	4	0.00	650.00	0.00	-0.29	0.00	0.00	0.00	0.00	0.00	0.00	0.00	0.00	0.00	0.00	0.00	0.00	0.00	0.00	0.00	0.00	0.00	0.00	0.00	0.00	0.00	0.00	0.00	0.00	0.00	3.4	16.1	19.7	32.4	47.1	48.6	167.32	0.000	0.000	0.000	0.000	0.000	0.000	0.0001	1.0000	1.0000	1.0000	1.0000	1.0000	0.51	25.47	25.99	0.09	0.16	0.11	0.07	0.06	0.03	5.64	3.43	2.86	3.13	5.56	4.86	0.0000	0.0000	0.0000	0.0000	0.0000	0.0000	0.0000	0.0000	0.0000	0.0000	0.0000	0.0000	98.99	0.03
1991-03-24	Perennial Ryegrass	0.24	561.25	0.00	0.96	0.96	3.09	0	4	0.00	650.00	0.00	-0.26	0.00	0.00	0.00	0.00	0.00	0.00	0.00	0.00	0.00	0.00	0.00	0.00	0.00	0.00	0.00	0.00	0.00	0.00	0.00	0.00	0.00	0.00	0.00	0.00	0.00	3.3	16.1	19.6	32.3	47.1	48.6	167.01	0.000	0.000	0.000	0.000	0.000	0.000	0.0001	1.0000	1.0000	1.0000	1.0000	1.0000	0.52	25.56	26.09	0.09	0.16	0.11	0.07	0.07	0.03	5.68	3.44	2.88	3.14	5.57	4.86	0.0000	0.0000	0.0000	0.0000	0.0000	0.0000	0.0000	0.0000	0.0000	0.0000	0.0000	0.0000	98.77	0.03
1991-03-25	Perennial Ryegrass	0.25	566.90	0.00	0.95	0.95	3.09	0	4	0.00	650.00	0.00	-0.30	0.00	0.00	0.00	0.00	0.00	0.00	0.00	0.00	0.00	0.00	0.00	0.00	0.00	0.00	0.00	0.00	0.00	0.00	0.00	0.00	0.00	0.00	0.00	0.00	0.00	3.2	16.0	19.6	32.3	47.0	48.6	166.71	0.000	0.000	0.000	0.000	0.000	0.000	0.0001	1.0000	1.0000	1.0000	1.0000	1.0000	0.53	25.65	26.18	0.09	0.17	0.11	0.07	0.07	0.03	5.72	3.46	2.89	3.15	5.57	4.87	0.0000	0.0000	0.0000	0.0000	0.0000	0.0000	0.0000	0.0000	0.0000	0.0000	0.0000	0.0000	98.54	0.03
1991-03-26	Perennial Ryegrass	0.25	572.53	0.00	0.95	0.95	3.09	0	4	0.00	650.00	0.00	-0.31	0.00	0.00	0.00	0.00	0.00	0.00	0.00	0.00	0.00	0.00	0.00	0.00	0.00	0.00	0.00	0.00	0.00	0.00	0.00	0.00	0.00	0.00	0.00	0.00	0.00	3.1	16.0	19.6	32.2	47.0	48.6	166.41	0.000	0.000	0.000	0.000	0.000	0.000	0.0001	1.0000	1.0000	1.0000	1.0000	1.0000	0.53	25.75	26.28	0.09	0.17	0.11	0.07	0.07	0.03	5.76	3.47	2.90	3.16	5.58	4.87	0.0000	0.0000	0.0000	0.0000	0.0000	0.0000	0.0000	0.0000	0.0000	0.0000	0.0000	0.0000	98.32	0.03
1991-03-27	Perennial Ryegrass	0.25	578.15	0.00	0.95	0.95	3.09	0	4	0.00	650.00	0.00	-0.31	0.00	0.00	0.00	0.00	0.00	0.00	0.00	0.00	0.00	0.00	0.00	0.00	0.00	0.00	0.00	0.00	0.00	0.00	0.00	0.00	0.00	0.00	0.00	0.00	0.00	3.0	15.9	19.5	32.2	46.9	48.6	166.11	0.000	0.000	0.000	0.000	0.000	0.000	0.0001	1.0000	1.0000	1.0000	1.0000	1.0000	0.53	25.86	26.39	0.09	0.17	0.11	0.07	0.07	0.03	5.81	3.49	2.92	3.17	5.59	4.88	0.0000	0.0000	0.0000	0.0000	0.0000	0.0000	0.0000	0.0000	0.0000	0.0000	0.0000	0.0000	98.09	0.03
1991-03-28	Perennial Ryegrass	0.25	583.75	0.00	0.95	0.95	3.09	0	4	0.00	650.00	0.00	-0.29	0.00	0.00	0.00	0.00	0.00	0.00	0.00	0.00	0.00	0.00	0.00	0.00	0.00	0.00	0.00	0.00	0.00	0.00	0.00	0.00	0.00	0.00	0.00	0.00	0.00	2.9	15.9	19.5	32.1	46.9	48.5	165.82	0.000	0.000	0.000	0.000	0.000	0.000	0.0001	1.0000	1.0000	1.0000	1.0000	1.0000	0.53	25.97	26.50	0.09	0.17	0.11	0.07	0.07	0.03	5.85	3.51	2.94	3.19	5.60	4.89	0.0000	0.0000	0.0000	0.0000	0.0000	0.0000	0.0000	0.0000	0.0000	0.0000	0.0000	0.0000	97.87	0.03
1991-03-29	Perennial Ryegrass	0.29	684.08	0.00	0.96	0.96	3.09	0	4	0.00	650.00	0.00	-0.33	0.00	0.00	0.00	0.00	0.00	0.00	0.00	0.00	0.00	0.00	0.00	0.00	0.00	0.00	0.00	0.00	0.00	0.00	0.00	0.00	0.00	0.00	0.00	0.00	0.00	12.3	15.9	19.5	32.1	46.8	48.5	175.11	0.000	0.000	0.000	0.000	0.000	0.000	0.0001	1.0000	1.0000	1.0000	1.0000	1.0000	0.56	26.12	26.68	0.12	0.16	0.11	0.07	0.07	0.03	5.89	3.56	2.96	3.20	5.61	4.89	0.0000	0.0000	0.0000	0.0000	0.0000	0.0000	0.0000	0.0000	0.0000	0.0000	0.0000	0.0000	97.31	0.03
1991-03-30	Perennial Ryegrass	0.31	727.77	0.00	0.95	0.95	3.09	0	4	0.00	650.00	0.00	-0.29	0.00	0.00	0.00	0.00	0.00	0.00	0.00	0.00	0.00	0.00	0.00	0.00	0.00	0.00	0.00	0.00	0.00	0.00	0.00	0.00	0.00	0.00	0.00	0.00	0.00	16.8	16.1	19.4	32.1	46.8	48.5	179.70	0.000	0.000	0.000	0.000	0.000	0.000	0.0001	1.0000	1.0000	1.0000	1.0000	1.0000	0.64	26.28	26.92	0.20	0.17	0.11	0.07	0.07	0.03	5.91	3.66	2.98	3.22	5.62	4.90	0.0000	0.0000	0.0000	0.0000	0.0000	0.0000	0.0000	0.0000	0.0000	0.0000	0.0000	0.0000	94.19	0.03
1991-03-31	Perennial Ryegrass	0.29	688.88	0.00	0.94	0.94	0.00	0	4	0.00	650.00	0.00	-0.29	0.00	0.00	0.00	0.00	0.00	0.00	0.00	0.00	0.00	0.00	0.00	0.00	0.00	0.00	0.00	0.00	0.00	0.00	0.00	0.00	0.00	0.00	0.00	0.00	0.00	16.2	16.3	19.4	32.0	46.7	48.5	179.08	0.000	0.000	0.000	0.000	0.000	0.000	0.0001	1.0000	1.0000	1.0000	1.0000	1.0000	0.69	26.44	27.13	0.24	0.17	0.11	0.07	0.07	0.03	5.97	3.72	2.99	3.23	5.63	4.90	0.0000	0.0000	0.0000	0.0000	0.0000	0.0000	0.0000	0.0000	0.0000	0.0000	0.0000	0.0000	91.37	0.03
1991-04-01	Perennial Ryegrass	0.29	684.76	0.01	0.94	0.94	0.00	0	4	0.02	650.00	0.00	-9.09	9.37	0.00	0.00	0.00	0.00	0.00	0.00	0.00	0.00	0.00	0.00	0.00	0.00	0.00	0.00	0.00	0.00	0.00	0.00	0.00	0.00	0.00	0.00	0.00	0.00	17.2	16.8	19.4	32.0	46.7	48.5	180.62	0.000	0.000	0.000	0.000	0.000	0.000	0.0001	1.0000	0.9956	0.9999	0.9956	1.0000	0.73	26.59	27.32	0.28	0.17	0.11	0.07	0.07	0.03	5.87	3.92	3.01	3.24	5.64	4.91	0.0000	0.0000	0.0000	0.0000	0.0000	0.0000	0.0000	0.0000	0.0000	0.0000	0.0000	0.0000	90.47	0.02
1991-04-02	Perennial Ryegrass	0.28	666.61	0.02	0.94	0.93	0.02	0	4	0.03	650.00	0.00	-2.49	9.12	0.00	0.00	0.00	0.00	0.00	0.00	0.00	0.00	0.00	0.00	0.00	0.00	0.00	0.00	0.00	0.00	0.00	0.00	0.00	0.00	0.00	0.00	0.00	0.00	16.4	17.0	19.4	31.9	46.6	48.5	179.88	0.008	0.004	0.006	0.009	0.006	0.000	0.0139	1.0000	0.9979	0.9999	0.9979	1.0000	0.78	26.57	27.35	0.33	0.17	0.11	0.07	0.07	0.03	5.77	3.98	3.02	3.24	5.64	4.92	0.0078	0.0009	0.0003	0.0002	0.0000	0.0000	0.1314	0.0194	0.0077	0.0067	0.0023	0.0000	90.00	0.03
1991-04-03	Perennial Ryegrass	0.28	647.20	0.03	0.94	0.93	0.05	0	4	0.05	650.00	0.00	-1.06	10.29	0.00	0.00	0.00	0.00	0.00	0.00	0.00	0.00	0.00	0.00	0.00	0.00	0.00	0.00	0.00	0.00	0.00	0.00	0.00	0.00	0.00	0.00	0.00	0.00	15.8	17.1	19.4	31.9	46.5	48.5	179.12	0.019	0.012	0.016	0.024	0.015	0.000	0.0210	1.0000	0.9987	0.9999	0.9987	1.0000	0.83	26.59	27.43	0.37	0.17	0.11	0.07	0.07	0.03	5.76	4.00	3.02	3.25	5.65	4.92	0.0061	0.0007	0.0002	0.0001	0.0000	0.0000	0.0907	0.0161	0.0062	0.0054	0.0019	0.0000	89.72	0.03
1991-04-04	Perennial Ryegrass	0.27	617.45	0.04	0.94	0.93	0.07	0	4	0.07	650.00	0.00	0.76	11.88	0.00	0.00	0.00	0.00	0.00	0.00	0.00	0.00	0.00	0.00	0.00	0.00	0.00	0.00	0.00	0.00	0.00	0.00	0.00	0.00	0.00	0.00	0.00	0.00	15.4	17.1	19.3	31.8	46.5	48.5	178.56	0.028	0.019	0.026	0.038	0.023	0.000	0.0305	0.9962	0.9992	0.9999	0.9992	1.0000	0.86	26.59	27.45	0.39	0.18	0.12	0.07	0.07	0.03	5.73	4.01	3.03	3.25	5.65	4.93	0.0092	0.0012	0.0004	0.0002	0.0000	0.0000	0.1282	0.0260	0.0099	0.0085	0.0031	0.0000	89.86	0.03
1991-04-05	Perennial Ryegrass	0.25	588.18	0.05	0.94	0.93	0.09	0	4	0.08	650.00	0.00	0.78	11.70	0.00	0.00	0.00	0.00	0.00	0.00	0.00	0.00	0.00	0.00	0.00	0.00	0.00	0.00	0.00	0.00	0.00	0.00	0.00	0.00	0.00	0.00	0.00	0.00	15.3	17.1	19.3	31.7	46.4	48.5	178.27	0.026	0.020	0.026	0.039	0.024	0.000	0.0420	0.7357	0.9994	0.9999	0.9994	1.0000	0.90	26.63	27.52	0.43	0.18	0.12	0.07	0.07	0.03	5.72	4.02	3.04	3.25	5.66	4.93	0.0090	0.0012	0.0004	0.0002	0.0000	0.0000	0.1153	0.0252	0.0095	0.0082	0.0030	0.0000	90.02	0.03
1991-04-06	Perennial Ryegrass	0.24	552.10	0.07	0.94	0.93	0.09	0	4	0.11	650.00	0.00	4.12	14.73	0.00	0.00	0.00	0.00	0.00	0.00	0.00	0.00	0.00	0.00	0.00	0.00	0.00	0.00	0.00	0.00	0.00	0.00	0.00	0.00	0.00	0.00	0.00	0.00	15.2	17.0	19.2	31.6	46.3	48.5	177.84	0.050	0.039	0.050	0.075	0.046	0.000	0.0533	0.9484	0.9996	0.9999	0.9996	1.0000	0.92	26.59	27.51	0.45	0.18	0.12	0.07	0.07	0.03	5.67	4.02	3.05	3.26	5.66	4.94	0.0157	0.0020	0.0007	0.0003	0.0001	0.0000	0.1917	0.0433	0.0165	0.0143	0.0054	0.0000	90.24	0.03
1991-04-07	Perennial Ryegrass	0.23	533.34	0.09	0.94	0.93	0.11	0	4	0.14	650.00	0.00	5.96	16.19	0.00	0.00	0.00	0.00	0.00	0.00	0.00	0.00	0.00	0.00	0.00	0.00	0.00	0.00	0.00	0.00	0.00	0.00	0.00	0.00	0.00	0.00	0.00	0.00	15.0	17.0	19.2	31.5	46.2	48.5	177.46	0.044	0.034	0.044	0.066	0.040	0.000	0.0682	0.8904	0.9997	0.9999	0.9997	1.0000	0.97	26.56	27.53	0.49	0.18	0.12	0.07	0.07	0.03	5.62	4.02	3.06	3.26	5.67	4.94	0.0193	0.0023	0.0007	0.0004	0.0001	0.0000	0.2095	0.0486	0.0184	0.0158	0.0060	0.0000	90.51	0.03
1991-04-08	Perennial Ryegrass	0.23	517.71	0.10	0.94	0.93	0.12	0	4	0.17	650.00	0.00	8.08	17.99	0.00	0.00	0.00	0.00	0.00	0.00	0.00	0.00	0.00	0.00	0.00	0.00	0.00	0.00	0.00	0.00	0.00	0.00	0.00	0.00	0.00	0.00	0.00	0.00	14.9	17.0	19.1	31.4	46.1	48.5	177.07	0.042	0.034	0.044	0.065	0.040	0.000	0.0850	0.8316	0.9998	0.9999	0.9998	1.0000	1.01	26.47	27.48	0.53	0.19	0.12	0.07	0.07	0.03	5.53	4.00	3.06	3.26	5.67	4.95	0.0260	0.0030	0.0009	0.0005	0.0001	0.0000	0.2580	0.0613	0.0231	0.0199	0.0076	0.0000	90.84	0.03
1991-04-09	Perennial Ryegrass	0.22	503.59	0.12	0.94	0.93	0.13	0	4	0.20	650.00	0.00	8.69	18.34	0.00	0.00	0.00	0.00	0.00	0.00	0.00	0.00	0.00	0.00	0.00	0.00	0.00	0.00	0.00	0.00	0.00	0.00	0.00	0.00	0.00	0.00	0.00	0.00	14.8	17.0	19.1	31.3	46.1	48.4	176.67	0.046	0.038	0.048	0.072	0.044	0.000	0.1032	0.7060	0.9998	0.9999	0.9998	1.0000	1.05	26.37	27.42	0.56	0.19	0.12	0.08	0.07	0.03	5.45	3.98	3.06	3.25	5.68	4.96	0.0269	0.0030	0.0009	0.0005	0.0001	0.0000	0.2488	0.0609	0.0231	0.0200	0.0077	0.0000	91.19	0.03
1991-04-10	Perennial Ryegrass	0.22	492.06	0.14	0.94	0.93	0.15	0	4	0.23	650.00	0.00	10.98	20.28	0.00	0.00	0.00	0.00	0.00	0.00	0.00	0.00	0.00	0.00	0.00	0.00	0.00	0.00	0.00	0.00	0.00	0.00	0.00	0.00	0.00	0.00	0.00	0.00	14.7	16.9	19.0	31.2	46.0	48.4	176.18	0.063	0.052	0.066	0.098	0.060	0.000	0.1211	0.6225	0.9999	0.9999	0.9999	1.0000	1.07	26.18	27.26	0.58	0.19	0.12	0.08	0.07	0.03	5.31	3.94	3.05	3.24	5.68	4.96	0.0347	0.0038	0.0012	0.0006	0.0001	0.0000	0.3018	0.0763	0.0295	0.0256	0.0102	0.0000	91.60	0.03
1991-04-11	Perennial Ryegrass	0.22	487.23	0.16	0.94	0.93	0.17	0	4	0.27	650.00	0.00	9.72	18.85	0.00	0.00	0.00	0.00	0.00	0.00	0.00	0.00	0.00	0.00	0.00	0.00	0.00	0.00	0.00	0.00	0.00	0.00	0.00	0.00	0.00	0.00	0.00	0.00	14.6	16.9	18.9	31.1	45.9	48.4	175.74	0.055	0.046	0.059	0.088	0.053	0.000	0.1393	0.6448	0.9999	0.9999	0.9999	1.0000	1.10	26.05	27.14	0.60	0.19	0.12	0.08	0.07	0.03	5.21	3.91	3.05	3.23	5.68	4.97	0.0299	0.0033	0.0010	0.0005	0.0001	0.0000	0.2482	0.0646	0.0250	0.0217	0.0086	0.0000	91.94	0.03
1991-04-12	Perennial Ryegrass	0.21	474.57	0.18	0.94	0.93	0.18	0	4	0.30	650.00	0.00	10.79	19.63	0.00	0.00	0.00	0.00	0.00	0.00	0.00	0.00	0.00	0.00	0.00	0.00	0.00	0.00	0.00	0.00	0.00	0.00	0.00	0.00	0.00	0.00	0.00	0.00	14.4	16.8	18.9	31.0	45.8	48.4	175.26	0.060	0.051	0.065	0.096	0.059	0.000	0.1584	0.5242	0.9999	0.9999	0.9999	1.0000	1.11	25.85	26.96	0.61	0.19	0.12	0.08	0.07	0.03	5.07	3.87	3.04	3.22	5.68	4.97	0.0356	0.0039	0.0012	0.0006	0.0001	0.0000	0.2837	0.0755	0.0296	0.0257	0.0104	0.0000	92.21	0.03
1991-04-13	Perennial Ryegrass	0.21	459.33	0.20	0.94	0.93	0.19	0	4	0.34	650.00	0.00	12.95	21.44	0.00	0.00	0.00	0.00	0.00	0.00	0.00	0.00	0.00	0.00	0.00	0.00	0.00	0.00	0.00	0.00	0.00	0.00	0.00	0.00	0.00	0.00	0.00	0.00	14.3	16.7	18.8	30.8	45.6	48.4	174.60	0.091	0.078	0.100	0.149	0.091	0.000	0.1765	0.5712	0.9999	0.9999	0.9999	1.0000	1.12	25.67	26.78	0.62	0.20	0.12	0.08	0.07	0.03	4.95	3.83	3.03	3.21	5.67	4.98	0.0373	0.0042	0.0014	0.0007	0.0002	0.0000	0.2873	0.0796	0.0325	0.0285	0.0124	0.0000	92.57	0.03
1991-04-14	Perennial Ryegrass	0.22	504.19	0.21	0.95	0.93	0.20	0	4	0.37	650.00	0.00	3.94	12.79	0.00	0.00	0.00	0.00	0.00	0.00	0.00	0.00	0.00	0.00	0.00	0.00	0.00	0.00	0.00	0.00	0.00	0.00	0.00	0.00	0.00	0.00	0.00	0.00	17.1	17.0	18.7	30.7	45.5	48.4	177.52	0.042	0.036	0.046	0.069	0.042	0.000	0.1964	1.0000	0.9999	0.9998	0.9999	1.0000	1.16	25.69	26.84	0.65	0.20	0.13	0.08	0.07	0.03	4.87	3.91	3.03	3.21	5.68	4.98	0.0193	0.0021	0.0007	0.0003	0.0001	0.0000	0.1392	0.0404	0.0154	0.0134	0.0054	0.0000	92.61	0.03
1991-04-15	Perennial Ryegrass	0.22	491.64	0.23	0.94	0.92	0.21	0	4	0.40	650.00	0.00	8.55	16.85	0.00	0.00	0.00	0.00	0.00	0.00	0.00	0.00	0.00	0.00	0.00	0.00	0.00	0.00	0.00	0.00	0.00	0.00	0.00	0.00	0.00	0.00	0.00	0.00	16.4	17.1	18.7	30.6	45.5	48.4	176.65	0.063	0.035	0.042	0.062	0.038	0.000	0.2145	0.3288	1.0000	0.9998	1.0000	1.0000	1.17	25.60	26.77	0.65	0.20	0.13	0.08	0.07	0.03	4.75	3.93	3.04	3.22	5.68	4.99	0.0337	0.0024	0.0007	0.0004	0.0001	0.0000	0.2353	0.0442	0.0155	0.0135	0.0054	0.0000	91.99	0.03
1991-04-16	Perennial Ryegrass	0.22	485.16	0.25	0.94	0.92	0.24	0	4	0.45	650.00	0.00	26.54	33.23	0.00	0.00	0.00	0.00	0.00	0.00	0.00	0.00	0.00	0.00	0.00	0.00	0.00	0.00	0.00	0.00	0.00	0.00	0.00	0.00	0.00	0.00	0.00	0.00	15.7	17.0	18.6	30.5	45.3	48.4	175.41	0.151	0.096	0.110	0.164	0.100	0.000	0.2283	0.6366	1.0000	0.9997	1.0000	1.0000	1.12	24.96	26.08	0.61	0.20	0.13	0.08	0.07	0.03	4.28	3.82	3.01	3.18	5.67	4.99	0.0907	0.0076	0.0023	0.0012	0.0003	0.0000	0.6094	0.1377	0.0515	0.0453	0.0207	0.0000	92.19	0.03
1991-04-17	Perennial Ryegrass	0.21	480.27	0.28	0.94	0.92	0.29	1	4	0.51	650.00	0.00	36.06	41.58	0.00	0.00	0.00	0.00	0.00	0.00	0.00	0.00	0.00	0.00	0.00	0.00	0.00	0.00	0.00	0.00	0.00	0.00	0.00	0.00	0.00	0.00	0.00	0.00	15.0	16.8	18.4	30.2	45.1	48.3	173.82	0.223	0.156	0.179	0.267	0.164	0.000	0.2527	0.7771	1.0000	0.9996	1.0000	1.0000	1.09	24.29	25.38	0.58	0.20	0.13	0.08	0.07	0.03	3.85	3.70	2.96	3.14	5.65	5.00	0.0878	0.0088	0.0029	0.0015	0.0004	0.0000	0.5602	0.1569	0.0650	0.0579	0.0302	0.0000	93.20	0.03
1991-04-18	Perennial Ryegrass	0.21	471.31	0.30	0.95	0.92	0.30	1	4	0.56	650.00	0.00	22.88	29.10	0.00	0.00	0.00	0.00	0.00	0.00	0.00	0.00	0.00	0.00	0.00	0.00	0.00	0.00	0.00	0.00	0.00	0.00	0.00	0.00	0.00	0.00	0.00	0.00	14.7	16.7	18.3	30.0	45.0	48.3	173.02	0.131	0.101	0.116	0.174	0.108	0.000	0.2809	0.5500	1.0000	0.9996	1.0000	1.0000	1.07	23.79	24.86	0.56	0.20	0.13	0.08	0.07	0.03	3.54	3.59	2.93	3.11	5.63	5.00	0.0694	0.0078	0.0024	0.0013	0.0003	0.0000	0.4221	0.1362	0.0539	0.0482	0.0234	0.0000	93.94	0.03
1991-04-19	Perennial Ryegrass	0.21	459.22	0.35	0.95	0.92	0.31	1	4	0.66	650.00	0.00	53.53	56.36	0.00	0.00	0.00	0.00	0.00	0.00	0.00	0.00	0.00	0.00	0.00	0.00	0.00	0.00	0.00	0.00	0.00	0.00	0.00	0.00	0.00	0.00	0.00	0.00	14.4	16.5	18.1	29.7	44.8	48.3	171.70	0.238	0.186	0.216	0.324	0.201	0.000	0.3034	0.9815	1.0000	0.9996	1.0000	0.8808	1.05	23.30	24.35	0.54	0.20	0.13	0.08	0.07	0.03	3.27	3.47	2.88	3.06	5.60	5.00	0.0666	0.0083	0.0029	0.0016	0.0004	0.0000	0.3862	0.1402	0.0649	0.0590	0.0345	0.0000	95.29	0.03
1991-04-20	Perennial Ryegrass	0.20	453.93	0.36	0.95	0.92	0.34	1	4	0.70	650.00	0.00	21.30	26.92	0.00	0.00	0.00	0.00	0.00	0.00	0.00	0.00	0.00	0.00	0.00	0.00	0.00	0.00	0.00	0.00	0.00	0.00	0.00	0.00	0.00	0.00	0.00	0.00	14.2	16.4	18.0	29.5	44.6	48.3	170.88	0.133	0.105	0.123	0.186	0.117	0.000	0.3457	0.4018	1.0000	0.9995	1.0000	1.0000	1.06	22.94	24.00	0.55	0.20	0.13	0.08	0.07	0.03	3.07	3.38	2.85	3.03	5.59	5.01	0.0596	0.0072	0.0023	0.0012	0.0003	0.0000	0.3189	0.1178	0.0498	0.0454	0.0236	0.0000	96.10	0.03
1991-04-21	Perennial Ryegrass	0.20	444.88	0.40	0.95	0.92	0.36	1	4	0.79	650.00	0.00	42.30	45.03	0.00	0.00	0.00	0.00	0.00	0.00	0.00	0.00	0.00	0.00	0.00	0.00	0.00	0.00	0.00	0.00	0.00	0.00	0.00	0.00	0.00	0.00	0.00	0.00	13.8	16.1	17.7	29.1	44.3	48.3	169.41	0.257	0.207	0.243	0.368	0.232	0.000	0.3632	0.9835	1.0000	0.9995	1.0000	0.8654	1.06	22.55	23.61	0.55	0.20	0.13	0.08	0.07	0.03	2.89	3.29	2.81	2.99	5.56	5.01	0.0604	0.0078	0.0030	0.0017	0.0005	0.0000	0.3037	0.1258	0.0649	0.0601	0.0389	0.0000	97.10	0.03
1991-04-22	Perennial Ryegrass	0.20	445.09	0.42	0.95	0.92	0.40	1	4	0.84	650.00	0.00	32.34	35.77	0.00	0.00	0.00	0.00	0.00	0.00	0.00	0.00	0.00	0.00	0.00	0.00	0.00	0.00	0.00	0.00	0.00	0.00	0.00	0.00	0.00	0.00	0.00	0.00	13.6	16.0	17.6	28.9	44.2	48.3	168.49	0.148	0.120	0.143	0.218	0.139	0.000	0.3999	0.4641	1.0000	0.9992	1.0000	0.9150	1.08	22.26	23.35	0.57	0.20	0.13	0.08	0.07	0.03	2.76	3.21	2.78	2.96	5.54	5.02	0.0545	0.0067	0.0023	0.0013	0.0003	0.0000	0.2509	0.1037	0.0479	0.0446	0.0256	0.0000	98.13	0.03
1991-04-23	Perennial Ryegrass	0.20	445.16	0.44	0.96	0.92	0.47	1	4	0.89	650.00	0.00	39.31	40.37	0.00	0.00	0.00	0.00	0.00	0.00	0.00	0.00	0.00	0.00	0.00	0.00	0.00	0.00	0.00	0.00	0.00	0.00	0.00	0.00	0.00	0.00	0.00	0.00	13.3	15.8	17.3	28.5	43.9	48.2	167.07	0.239	0.198	0.237	0.364	0.234	0.000	0.4182	0.7010	1.0000	0.9989	1.0000	0.7159	1.10	21.94	23.04	0.59	0.20	0.13	0.08	0.07	0.03	2.63	3.13	2.74	2.92	5.51	5.02	0.0561	0.0072	0.0029	0.0016	0.0005	0.0000	0.2406	0.1094	0.0603	0.0570	0.0392	0.0000	99.12	0.03
1991-04-24	Perennial Ryegrass	0.20	441.94	0.46	0.96	0.92	0.50	1	4	0.95	650.00	0.00	34.93	37.24	0.00	0.00	0.00	0.00	0.00	0.00	0.00	0.00	0.00	0.00	0.00	0.00	0.00	0.00	0.00	0.00	0.00	0.00	0.00	0.00	0.00	0.00	0.00	0.00	13.0	15.6	17.1	28.2	43.7	48.2	165.73	0.217	0.183	0.221	0.343	0.224	0.000	0.4369	0.5766	1.0000	0.9989	1.0000	0.8360	1.09	21.66	22.75	0.58	0.20	0.13	0.08	0.07	0.03	2.52	3.05	2.70	2.88	5.48	5.02	0.0514	0.0067	0.0027	0.0015	0.0004	0.0000	0.2131	0.1001	0.0561	0.0536	0.0375	0.0000	100.05	0.03
1991-04-25	Perennial Ryegrass	0.23	519.31	0.48	0.96	0.92	0.51	1	4	1.02	650.00	0.00	36.66	35.36	0.00	0.00	0.00	0.00	0.00	0.00	0.00	0.00	0.00	0.00	0.00	0.00	0.00	0.00	0.00	0.00	0.00	0.00	0.00	0.00	0.00	0.00	0.00	0.00	17.7	16.4	16.9	27.9	43.4	48.2	170.51	0.208	0.179	0.218	0.342	0.227	0.000	0.4596	0.9738	1.0000	0.9986	1.0000	0.5027	1.08	21.40	22.48	0.58	0.20	0.13	0.08	0.06	0.03	2.29	3.13	2.67	2.84	5.45	5.02	0.0472	0.0064	0.0027	0.0015	0.0004	0.0000	0.1798	0.0977	0.0542	0.0524	0.0379	0.0000	100.74	0.02
1991-04-26	Perennial Ryegrass	0.25	570.84	0.50	0.96	0.91	0.53	1	3	1.07	650.00	0.00	18.40	22.87	0.00	0.00	0.00	0.00	0.00	0.00	0.00	0.00	0.00	0.00	0.00	0.00	0.00	0.00	0.00	0.00	0.00	0.00	0.00	0.00	0.00	0.00	0.00	0.00	19.0	18.2	16.8	27.6	43.2	48.2	172.95	0.536	0.241	0.205	0.322	0.217	0.000	0.4808	1.0000	1.0000	0.9979	1.0000	1.0000	1.01	20.90	21.91	0.50	0.20	0.13	0.08	0.06	0.03	1.77	3.23	2.65	2.80	5.42	5.03	0.1070	0.0081	0.0025	0.0014	0.0004	0.0000	0.3604	0.1277	0.0511	0.0494	0.0362	0.0000	99.34	0.03
1991-04-27	Perennial Ryegrass	0.24	554.44	0.53	0.95	0.90	0.54	1	3	1.16	650.00	0.00	50.19	47.99	0.00	0.00	0.00	0.00	0.00	0.00	0.00	0.00	0.00	0.00	0.00	0.00	0.00	0.00	0.00	0.00	0.00	0.00	0.00	0.00	0.00	0.00	0.00	0.00	17.3	18.6	16.8	27.3	43.0	48.2	171.24	0.516	0.301	0.162	0.249	0.170	0.000	0.4993	0.8602	1.0000	0.9977	1.0000	0.7392	0.92	20.39	21.31	0.42	0.19	0.13	0.08	0.06	0.03	1.41	3.14	2.65	2.78	5.39	5.03	0.1082	0.0111	0.0022	0.0012	0.0003	0.0000	0.3470	0.1733	0.0434	0.0409	0.0287	0.0000	98.65	0.02
1991-04-28	Perennial Ryegrass	0.24	541.94	0.55	0.96	0.90	0.56	1	3	1.22	650.00	0.00	39.96	39.42	0.00	0.00	0.00	0.00	0.00	0.00	0.00	0.00	0.00	0.00	0.00	0.00	0.00	0.00	0.00	0.00	0.00	0.00	0.00	0.00	0.00	0.00	0.00	0.00	16.6	18.3	16.8	27.2	42.9	48.1	169.86	0.285	0.219	0.109	0.161	0.111	0.000	0.5270	0.5398	1.0000	0.9974	1.0000	0.7716	0.89	20.04	20.93	0.39	0.19	0.13	0.08	0.06	0.03	1.26	2.97	2.65	2.76	5.38	5.03	0.0725	0.0111	0.0018	0.0009	0.0002	0.0000	0.2210	0.1652	0.0356	0.0323	0.0206	0.0000	99.22	0.02
1991-04-29	Perennial Ryegrass	0.23	528.31	0.56	0.96	0.90	0.58	1	3	1.28	650.00	0.00	35.34	35.40	0.00	0.00	0.00	0.00	0.00	0.00	0.00	0.00	0.00	0.00	0.00	0.00	0.00	0.00	0.00	0.00	0.00	0.00	0.00	0.00	0.00	0.00	0.00	0.00	16.0	17.9	16.8	27.1	42.7	48.1	168.65	0.227	0.184	0.097	0.139	0.096	0.000	0.5458	0.5005	1.0000	0.9972	1.0000	0.7810	0.87	19.75	20.62	0.38	0.19	0.13	0.08	0.06	0.03	1.15	2.82	2.64	2.74	5.36	5.03	0.0598	0.0100	0.0017	0.0009	0.0002	0.0000	0.1740	0.1436	0.0338	0.0299	0.0188	0.0000	100.11	0.02
1991-04-30	Perennial Ryegrass	0.23	516.53	0.58	0.96	0.90	0.60	1	3	1.35	650.00	0.00	37.12	35.48	0.00	0.00	0.00	0.00	0.00	0.00	0.00	0.00	0.00	0.00	0.00	0.00	0.00	0.00	0.00	0.00	0.00	0.00	0.00	0.00	0.00	0.00	0.00	0.00	15.4	17.4	16.6	26.8	42.5	48.1	166.93	0.420	0.346	0.195	0.274	0.190	0.000	0.5628	1.0000	0.9412	0.9969	1.0000	0.6663	0.86	19.44	20.29	0.37	0.19	0.13	0.08	0.06	0.03	1.06	2.67	2.62	2.71	5.34	5.04	0.0572	0.0106	0.0024	0.0012	0.0003	0.0000	0.1563	0.1465	0.0481	0.0419	0.0317	0.0000	100.97	0.02
1991-05-01	Perennial Ryegrass	0.22	500.70	0.60	0.96	0.90	0.61	2	3	1.43	650.00	0.00	33.52	32.51	0.00	0.00	0.00	0.00	0.00	0.00	0.00	0.00	0.00	0.00	0.00	0.00	0.00	0.00	0.00	0.00	0.00	0.00	0.00	0.00	0.00	0.00	0.00	0.00	14.9	17.0	16.5	26.6	42.4	48.1	165.51	0.335	0.275	0.164	0.229	0.161	0.000	0.5828	1.0000	1.0000	0.9970	1.0000	0.6832	0.85	19.20	20.05	0.37	0.19	0.13	0.07	0.06	0.03	1.00	2.55	2.60	2.69	5.32	5.04	0.0501	0.0092	0.0021	0.0010	0.0003	0.0000	0.1290	0.1214	0.0424	0.0368	0.0271	0.0000	101.77	0.02
1991-05-02	Perennial Ryegrass	0.22	489.70	0.61	0.96	0.90	0.63	2	3	1.48	650.00	0.00	31.77	29.79	0.00	0.00	0.00	0.00	0.00	0.00	0.00	0.00	0.00	0.00	0.00	0.00	0.00	0.00	0.00	0.00	0.00	0.00	0.00	0.00	0.00	0.00	0.00	0.00	14.3	16.7	16.4	26.4	42.2	48.1	164.10	0.284	0.233	0.146	0.203	0.144	0.000	0.6023	0.5827	1.0000	0.9968	1.0000	0.5596	0.87	19.01	19.88	0.39	0.19	0.13	0.07	0.05	0.03	0.96	2.46	2.58	2.67	5.30	5.04	0.0469	0.0083	0.0020	0.0009	0.0003	0.0000	0.1109	0.1047	0.0389	0.0338	0.0246	0.0000	102.57	0.02
1991-05-03	Perennial Ryegrass	0.22	487.86	0.62	0.96	0.90	0.68	2	3	1.51	650.00	0.00	30.46	27.54	0.00	0.00	0.00	0.00	0.00	0.00	0.00	0.00	0.00	0.00	0.00	0.00	0.00	0.00	0.00	0.00	0.00	0.00	0.00	0.00	0.00	0.00	0.00	0.00	13.8	16.3	16.3	26.2	42.0	48.0	162.62	0.302	0.258	0.169	0.235	0.168	0.000	0.6146	0.7166	1.0000	0.9953	1.0000	0.4403	0.89	18.83	19.72	0.42	0.19	0.13	0.07	0.05	0.03	0.93	2.37	2.56	2.64	5.27	5.04	0.0462	0.0081	0.0021	0.0010	0.0003	0.0000	0.0981	0.0987	0.0420	0.0364	0.0281	0.0000	103.25	0.02
1991-05-04	Perennial Ryegrass	0.22	485.06	0.63	0.96	0.90	0.74	2	3	1.55	650.00	0.00	27.12	25.84	0.00	0.00	0.00	0.00	0.00	0.00	0.00	0.00	0.00	0.00	0.00	0.00	0.00	0.00	0.00	0.00	0.00	0.00	0.00	0.00	0.00	0.00	0.00	0.00	13.3	16.0	16.1	26.0	41.8	48.0	161.26	0.263	0.234	0.159	0.222	0.161	0.000	0.6239	0.4749	1.0000	0.9941	1.0000	0.5547	0.91	18.67	19.58	0.45	0.19	0.12	0.07	0.05	0.03	0.91	2.30	2.54	2.62	5.25	5.04	0.0435	0.0075	0.0020	0.0009	0.0003	0.0000	0.0856	0.0879	0.0398	0.0347	0.0270	0.0000	103.86	0.02
1991-05-05	Perennial Ryegrass	0.21	479.70	0.64	0.96	0.90	0.80	2	3	1.58	650.00	0.00	24.83	24.75	0.00	0.00	0.00	0.00	0.00	0.00	0.00	0.00	0.00	0.00	0.00	0.00	0.00	0.00	0.00	0.00	0.00	0.00	0.00	0.00	0.00	0.00	0.00	0.00	12.8	15.7	16.0	25.8	41.7	48.0	160.00	0.228	0.211	0.149	0.210	0.154	0.000	0.6320	0.3926	1.0000	0.9940	1.0000	0.6437	0.91	18.54	19.45	0.45	0.19	0.12	0.07	0.05	0.03	0.91	2.23	2.52	2.60	5.23	5.05	0.0392	0.0070	0.0018	0.0008	0.0002	0.0000	0.0756	0.0787	0.0376	0.0331	0.0259	0.0000	104.44	0.02
1991-05-06	Perennial Ryegrass	0.21	473.40	0.65	0.96	0.90	0.85	2	3	1.62	650.00	0.00	22.69	23.79	0.00	0.00	0.00	0.00	0.00	0.00	0.00	0.00	0.00	0.00	0.00	0.00	0.00	0.00	0.00	0.00	0.00	0.00	0.00	0.00	0.00	0.00	0.00	0.00	12.4	15.5	15.9	25.6	41.5	48.0	158.83	0.195	0.191	0.140	0.199	0.147	0.000	0.6407	0.3971	0.9726	0.9944	1.0000	0.7371	0.89	18.43	19.32	0.44	0.19	0.12	0.06	0.05	0.03	0.91	2.18	2.50	2.58	5.21	5.05	0.0343	0.0064	0.0017	0.0008	0.0002	0.0000	0.0675	0.0710	0.0354	0.0315	0.0248	0.0000	104.97	0.02
1991-05-07	Perennial Ryegrass	0.21	462.84	0.66	0.97	0.90	0.88	2	3	1.67	650.00	0.00	21.71	23.39	0.00	0.00	0.00	0.00	0.00	0.00	0.00	0.00	0.00	0.00	0.00	0.00	0.00	0.00	0.00	0.00	0.00	0.00	0.00	0.00	0.00	0.00	0.00	0.00	12.0	15.2	15.7	25.5	41.4	47.9	157.75	0.165	0.174	0.131	0.188	0.141	0.000	0.6499	0.4568	0.7316	0.9955	1.0000	0.7946	0.86	18.33	19.19	0.42	0.19	0.11	0.06	0.05	0.03	0.91	2.13	2.48	2.56	5.19	5.05	0.0288	0.0058	0.0015	0.0007	0.0002	0.0000	0.0607	0.0643	0.0334	0.0300	0.0238	0.0000	105.51	0.02
1991-05-08	Perennial Ryegrass	0.22	485.03	0.67	0.97	0.90	0.90	2	3	1.71	650.00	0.00	21.60	22.34	0.00	0.00	0.00	0.00	0.00	0.00	0.00	0.00	0.00	0.00	0.00	0.00	0.00	0.00	0.00	0.00	0.00	0.00	0.00	0.00	0.00	0.00	0.00	0.00	13.6	15.1	15.6	25.3	41.2	47.9	158.77	0.138	0.157	0.122	0.178	0.135	0.000	0.6591	0.5085	0.9001	0.9956	1.0000	0.7036	0.88	18.27	19.16	0.46	0.18	0.11	0.06	0.04	0.03	0.93	2.10	2.47	2.55	5.18	5.05	0.0283	0.0053	0.0014	0.0007	0.0002	0.0000	0.0553	0.0588	0.0315	0.0286	0.0228	0.0000	105.95	0.02
1991-05-09	Perennial Ryegrass	0.22	497.19	0.68	0.97	0.89	0.92	2	3	1.76	650.00	0.00	21.33	22.18	0.00	0.00	0.00	0.00	0.00	0.00	0.00	0.00	0.00	0.00	0.00	0.00	0.00	0.00	0.00	0.00	0.00	0.00	0.00	0.00	0.00	0.00	0.00	0.00	14.3	14.9	15.5	25.2	41.1	47.9	158.89	0.234	0.133	0.106	0.155	0.119	0.000	0.6683	1.0000	1.0000	0.9926	1.0000	0.7258	0.90	18.19	19.09	0.49	0.18	0.10	0.06	0.04	0.03	0.92	2.07	2.46	2.53	5.16	5.05	0.0445	0.0047	0.0012	0.0006	0.0002	0.0000	0.0808	0.0533	0.0284	0.0261	0.0205	0.0000	105.69	0.02
1991-05-10	Perennial Ryegrass	0.22	493.54	0.69	0.97	0.89	0.95	2	3	1.79	650.00	0.00	23.83	21.80	0.00	0.00	0.00	0.00	0.00	0.00	0.00	0.00	0.00	0.00	0.00	0.00	0.00	0.00	0.00	0.00	0.00	0.00	0.00	0.00	0.00	0.00	0.00	0.00	13.6	14.8	15.4	25.0	41.0	47.9	157.66	0.299	0.135	0.107	0.160	0.124	0.000	0.6791	0.5074	1.0000	0.9900	1.0000	0.4826	0.90	18.08	18.98	0.50	0.17	0.10	0.05	0.04	0.03	0.89	2.03	2.44	2.52	5.14	5.06	0.0527	0.0045	0.0012	0.0006	0.0002	0.0000	0.0914	0.0512	0.0282	0.0261	0.0211	0.0000	105.68	0.02
1991-05-11	Perennial Ryegrass	0.22	491.56	0.69	0.97	0.89	1.00	2	3	1.82	650.00	0.00	21.15	20.18	0.00	0.00	0.00	0.00	0.00	0.00	0.00	0.00	0.00	0.00	0.00	0.00	0.00	0.00	0.00	0.00	0.00	0.00	0.00	0.00	0.00	0.00	0.00	0.00	13.0	14.6	15.3	24.9	40.8	47.8	156.52	0.251	0.124	0.100	0.152	0.119	0.000	0.6858	0.4370	1.0000	0.9872	1.0000	0.5330	0.89	17.99	18.87	0.50	0.17	0.10	0.05	0.04	0.03	0.88	2.00	2.43	2.50	5.13	5.06	0.0457	0.0041	0.0011	0.0005	0.0002	0.0000	0.0772	0.0480	0.0267	0.0250	0.0203	0.0000	106.02	0.02
1991-05-12	Perennial Ryegrass	0.22	488.40	0.70	0.97	0.89	1.00	2	3	1.85	650.00	0.00	19.81	19.04	0.00	0.00	0.00	0.00	0.00	0.00	0.00	0.00	0.00	0.00	0.00	0.00	0.00	0.00	0.00	0.00	0.00	0.00	0.00	0.00	0.00	0.00	0.00	0.00	12.4	14.5	15.2	24.8	40.7	47.8	155.45	0.208	0.114	0.094	0.144	0.114	0.000	0.6918	0.4887	0.8690	0.9848	1.0000	0.5251	0.86	17.90	18.75	0.48	0.16	0.09	0.05	0.04	0.03	0.86	1.97	2.41	2.48	5.11	5.06	0.0382	0.0038	0.0010	0.0005	0.0002	0.0000	0.0658	0.0449	0.0253	0.0240	0.0195	0.0000	106.44	0.02
1991-05-13	Perennial Ryegrass	0.22	484.67	0.70	0.97	0.89	1.00	2	3	1.88	650.00	0.00	18.09	18.20	0.00	0.00	0.00	0.00	0.00	0.00	0.00	0.00	0.00	0.00	0.00	0.00	0.00	0.00	0.00	0.00	0.00	0.00	0.00	0.00	0.00	0.00	0.00	0.00	11.9	14.4	15.2	24.6	40.6	47.8	154.46	0.168	0.104	0.087	0.136	0.109	0.000	0.6975	0.3806	1.0000	0.9830	1.0000	0.5833	0.82	17.81	18.62	0.45	0.16	0.09	0.05	0.04	0.03	0.85	1.94	2.40	2.47	5.10	5.06	0.0312	0.0035	0.0009	0.0005	0.0001	0.0000	0.0563	0.0420	0.0239	0.0230	0.0188	0.0000	106.82	0.02
1991-05-14	Perennial Ryegrass	0.21	480.98	0.71	0.97	0.89	1.00	2	3	1.91	650.00	0.00	16.87	17.36	0.00	0.00	0.00	0.00	0.00	0.00	0.00	0.00	0.00	0.00	0.00	0.00	0.00	0.00	0.00	0.00	0.00	0.00	0.00	0.00	0.00	0.00	0.00	0.00	11.4	14.2	15.1	24.5	40.5	47.8	153.57	0.132	0.095	0.081	0.129	0.105	0.000	0.7031	0.4744	0.8100	0.9812	1.0000	0.5983	0.77	17.74	18.51	0.42	0.15	0.09	0.05	0.04	0.03	0.84	1.91	2.38	2.45	5.08	5.06	0.0251	0.0032	0.0008	0.0004	0.0001	0.0000	0.0486	0.0393	0.0227	0.0220	0.0181	0.0000	107.18	0.02
1991-05-15	Perennial Ryegrass	0.21	475.91	0.71	0.97	0.89	1.00	2	3	1.93	650.00	0.00	16.38	16.85	0.00	0.00	0.00	0.00	0.00	0.00	0.00	0.00	0.00	0.00	0.00	0.00	0.00	0.00	0.00	0.00	0.00	0.00	0.00	0.00	0.00	0.00	0.00	0.00	11.1	14.1	15.0	24.4	40.4	47.7	152.78	0.101	0.086	0.076	0.122	0.100	0.000	0.7086	0.5420	0.6802	0.9805	1.0000	0.5896	0.72	17.67	18.39	0.38	0.14	0.08	0.05	0.04	0.03	0.85	1.89	2.37	2.44	5.07	5.06	0.0198	0.0029	0.0008	0.0004	0.0001	0.0000	0.0425	0.0368	0.0215	0.0211	0.0174	0.0000	107.52	0.02
1991-05-16	Perennial Ryegrass	0.21	472.20	0.72	0.97	0.89	1.00	2	3	1.96	650.00	0.00	14.98	13.45	0.00	0.00	0.00	0.00	0.00	0.00	0.00	0.00	0.00	0.00	0.00	0.00	0.00	0.00	0.00	0.00	0.00	0.00	0.00	0.00	0.00	0.00	0.00	0.00	10.8	14.0	14.9	24.3	40.3	47.7	152.11	0.076	0.078	0.071	0.116	0.096	0.000	0.7138	0.6625	0.8403	0.9779	1.0000	0.5394	0.67	17.61	18.28	0.34	0.14	0.08	0.04	0.03	0.03	0.85	1.86	2.36	2.43	5.06	5.06	0.0158	0.0026	0.0007	0.0004	0.0001	0.0000	0.0378	0.0346	0.0204	0.0203	0.0168	0.0000	107.77	0.02
1991-05-17	Perennial Ryegrass	0.21	468.65	0.72	0.97	0.89	1.00	2	3	1.98	650.00	0.00	13.31	10.59	0.00	0.00	0.00	0.00	0.00	0.00	0.00	0.00	0.00	0.00	0.00	0.00	0.00	0.00	0.00	0.00	0.00	0.00	0.00	0.00	0.00	0.00	0.00	0.00	10.5	13.9	14.9	24.2	40.2	47.7	151.39	0.056	0.071	0.066	0.110	0.092	0.000	0.7186	0.3617	0.8178	0.9765	1.0000	0.6098	0.61	17.56	18.17	0.30	0.13	0.08	0.04	0.03	0.03	0.85	1.84	2.35	2.42	5.04	5.06	0.0125	0.0024	0.0006	0.0003	0.0001	0.0000	0.0344	0.0327	0.0195	0.0196	0.0162	0.0000	107.95	0.02
1991-05-18	Perennial Ryegrass	0.21	465.23	0.72	0.97	0.89	1.00	2	3	1.99	650.00	0.00	12.28	8.80	0.00	0.00	0.00	0.00	0.00	0.00	0.00	0.00	0.00	0.00	0.00	0.00	0.00	0.00	0.00	0.00	0.00	0.00	0.00	0.00	0.00	0.00	0.00	0.00	10.2	13.8	14.8	24.2	40.1	47.7	150.77	0.032	0.064	0.061	0.104	0.088	0.000	0.7218	0.4141	0.7875	0.9743	1.0000	0.5822	0.56	17.49	18.05	0.26	0.12	0.07	0.04	0.03	0.03	0.84	1.82	2.34	2.41	5.03	5.07	0.0097	0.0022	0.0006	0.0003	0.0001	0.0000	0.0300	0.0311	0.0187	0.0189	0.0157	0.0000	108.05	0.02
1991-05-19	Perennial Ryegrass	0.21	460.09	0.73	0.97	0.89	1.00	2	3	2.01	650.00	0.00	12.14	8.67	0.00	0.00	0.00	0.00	0.00	0.00	0.00	0.00	0.00	0.00	0.00	0.00	0.00	0.00	0.00	0.00	0.00	0.00	0.00	0.00	0.00	0.00	0.00	0.00	10.0	13.7	14.8	24.1	40.0	47.6	150.20	0.014	0.057	0.057	0.099	0.085	0.000	0.7245	0.6245	0.4811	0.9749	1.0000	0.6881	0.51	17.42	17.93	0.23	0.12	0.07	0.04	0.03	0.03	0.82	1.80	2.32	2.39	5.02	5.07	0.0076	0.0020	0.0005	0.0003	0.0001	0.0000	0.0264	0.0297	0.0180	0.0184	0.0152	0.0000	108.15	0.02
1991-05-20	Perennial Ryegrass	0.23	516.70	0.73	0.97	0.89	1.00	2	3	2.03	650.00	0.00	12.23	8.72	0.00	0.00	0.00	0.00	0.00	0.00	0.00	0.00	0.00	0.00	0.00	0.00	0.00	0.00	0.00	0.00	0.00	0.00	0.00	0.00	0.00	0.00	0.00	0.00	14.9	13.7	14.7	24.0	39.9	47.6	154.93	0.000	0.051	0.053	0.094	0.081	0.000	0.7273	0.9047	0.6249	0.9742	1.0000	0.6123	0.55	17.37	17.92	0.28	0.11	0.07	0.04	0.03	0.03	0.81	1.78	2.31	2.38	5.01	5.07	0.0099	0.0018	0.0005	0.0003	0.0001	0.0000	0.0280	0.0286	0.0173	0.0180	0.0148	0.0000	108.13	0.02
1991-05-21	Perennial Ryegrass	0.27	621.64	0.74	0.97	0.88	1.00	2	3	2.06	650.00	0.00	15.12	10.78	0.00	0.00	0.00	0.00	0.00	0.00	0.00	0.00	0.00	0.00	0.00	0.00	0.00	0.00	0.00	0.00	0.00	0.00	0.00	0.00	0.00	0.00	0.00	0.00	22.9	18.8	14.8	23.9	39.9	47.6	168.03	0.231	0.034	0.033	0.060	0.052	0.000	0.7307	1.0000	1.0000	0.9716	1.0000	0.7913	0.56	17.28	17.84	0.28	0.12	0.06	0.04	0.03	0.03	0.62	1.90	2.32	2.37	5.00	5.07	0.0324	0.0020	0.0004	0.0002	0.0001	0.0000	0.0687	0.0291	0.0149	0.0153	0.0115	0.0000	106.61	0.02
1991-05-22	Perennial Ryegrass	0.29	687.81	0.74	0.96	0.86	1.01	2	3	2.10	650.00	0.00	29.18	20.79	0.00	0.00	0.00	0.00	0.00	0.00	0.00	0.00	0.00	0.00	0.00	0.00	0.00	0.00	0.00	0.00	0.00	0.00	0.00	0.00	0.00	0.00	0.00	0.00	25.2	21.8	17.6	23.9	39.8	47.6	175.85	0.695	0.313	0.044	0.067	0.058	0.000	0.7356	1.0000	1.0000	0.9746	1.0000	0.6298	0.48	17.01	17.49	0.19	0.13	0.07	0.03	0.03	0.03	0.35	1.70	2.53	2.37	4.99	5.07	0.0951	0.0082	0.0005	0.0002	0.0001	0.0000	0.1704	0.1056	0.0180	0.0158	0.0121	0.0000	103.92	0.02
1991-05-23	Perennial Ryegrass	0.29	671.67	0.75	0.96	0.84	1.01	2	3	2.15	650.00	0.00	29.60	21.08	0.00	0.00	0.00	0.00	0.00	0.00	0.00	0.00	0.00	0.00	0.00	0.00	0.00	0.00	0.00	0.00	0.00	0.00	0.00	0.00	0.00	0.00	0.00	0.00	21.4	22.4	19.8	24.0	39.8	47.5	175.02	0.303	0.175	0.071	0.025	0.021	0.000	0.7439	0.7664	1.0000	0.9741	1.0000	0.6224	0.42	16.72	17.13	0.12	0.12	0.08	0.03	0.03	0.03	0.19	1.44	2.66	2.38	4.98	5.07	0.0932	0.0130	0.0011	0.0002	0.0000	0.0000	0.1348	0.1436	0.0354	0.0130	0.0086	0.0000	101.81	0.02
1991-05-24	Perennial Ryegrass	0.28	657.83	0.76	0.96	0.84	1.01	2	3	2.18	650.00	0.00	24.54	17.46	0.00	0.00	0.00	0.00	0.00	0.00	0.00	0.00	0.00	0.00	0.00	0.00	0.00	0.00	0.00	0.00	0.00	0.00	0.00	0.00	0.00	0.00	0.00	0.00	18.9	21.8	20.8	24.9	39.8	47.5	173.74	0.377	0.313	0.193	0.044	0.034	0.000	0.7508	0.7787	1.0000	0.9745	1.0000	0.4214	0.41	16.47	16.89	0.12	0.12	0.08	0.03	0.03	0.03	0.14	1.20	2.61	2.48	4.97	5.07	0.0473	0.0151	0.0022	0.0002	0.0001	0.0000	0.0514	0.1438	0.0653	0.0152	0.0098	0.0000	101.64	0.02
1991-05-25	Perennial Ryegrass	0.28	643.25	0.76	0.96	0.84	1.01	2	3	2.21	650.00	0.00	21.12	15.03	0.00	0.00	0.00	0.00	0.00	0.00	0.00	0.00	0.00	0.00	0.00	0.00	0.00	0.00	0.00	0.00	0.00	0.00	0.00	0.00	0.00	0.00	0.00	0.00	17.7	20.9	21.0	26.0	39.8	47.5	172.82	0.215	0.212	0.163	0.050	0.025	0.000	0.7559	0.5911	1.0000	0.9764	1.0000	0.6057	0.43	16.29	16.72	0.13	0.12	0.09	0.04	0.03	0.03	0.12	1.03	2.50	2.60	4.97	5.07	0.0343	0.0132	0.0025	0.0003	0.0000	0.0000	0.0287	0.1084	0.0696	0.0181	0.0089	0.0000	101.96	0.02
1991-05-26	Perennial Ryegrass	0.27	627.55	0.76	0.96	0.84	1.01	2	3	2.23	650.00	0.00	19.94	14.17	0.00	0.00	0.00	0.00	0.00	0.00	0.00	0.00	0.00	0.00	0.00	0.00	0.00	0.00	0.00	0.00	0.00	0.00	0.00	0.00	0.00	0.00	0.00	0.00	16.8	20.1	20.8	26.8	39.7	47.5	171.74	0.211	0.218	0.192	0.081	0.028	0.000	0.7605	0.4561	1.0000	0.9793	1.0000	0.5798	0.46	16.13	16.59	0.16	0.12	0.09	0.04	0.02	0.03	0.11	0.92	2.37	2.69	4.96	5.07	0.0325	0.0116	0.0028	0.0004	0.0000	0.0000	0.0223	0.0836	0.0715	0.0233	0.0092	0.0000	102.26	0.02
1991-05-27	Perennial Ryegrass	0.27	618.45	0.77	0.96	0.84	1.01	2	3	2.26	650.00	0.00	19.98	14.20	0.00	0.00	0.00	0.00	0.00	0.00	0.00	0.00	0.00	0.00	0.00	0.00	0.00	0.00	0.00	0.00	0.00	0.00	0.00	0.00	0.00	0.00	0.00	0.00	16.4	19.0	20.3	27.2	39.7	47.4	170.06	0.363	0.376	0.359	0.195	0.053	0.000	0.7644	0.9821	1.0000	0.9778	1.0000	0.2625	0.51	15.97	16.47	0.19	0.12	0.09	0.04	0.02	0.03	0.13	0.83	2.25	2.73	4.96	5.07	0.0361	0.0110	0.0035	0.0006	0.0001	0.0000	0.0226	0.0708	0.0816	0.0350	0.0116	0.0000	102.55	0.02
1991-05-28	Perennial Ryegrass	0.26	606.65	0.77	0.96	0.84	1.01	2	3	2.28	650.00	0.00	17.76	12.61	0.00	0.00	0.00	0.00	0.00	0.00	0.00	0.00	0.00	0.00	0.00	0.00	0.00	0.00	0.00	0.00	0.00	0.00	0.00	0.00	0.00	0.00	0.00	0.00	16.1	18.6	19.9	27.3	39.7	47.4	168.94	0.233	0.218	0.227	0.146	0.035	0.000	0.7681	1.0000	1.0000	0.9761	1.0000	0.3132	0.54	15.85	16.39	0.21	0.13	0.10	0.05	0.02	0.03	0.14	0.78	2.18	2.72	4.95	5.07	0.0363	0.0087	0.0029	0.0006	0.0000	0.0000	0.0222	0.0511	0.0630	0.0319	0.0099	0.0000	102.79	0.02
1991-05-29	Perennial Ryegrass	0.26	594.06	0.78	0.96	0.84	1.01	2	3	2.31	650.00	0.00	18.59	13.19	0.00	0.00	0.00	0.00	0.00	0.00	0.00	0.00	0.00	0.00	0.00	0.00	0.00	0.00	0.00	0.00	0.00	0.00	0.00	0.00	0.00	0.00	0.00	0.00	15.9	18.2	19.4	27.1	39.6	47.4	167.68	0.318	0.290	0.304	0.212	0.050	0.000	0.7717	1.0000	1.0000	0.9760	1.0000	0.3956	0.56	15.73	16.29	0.23	0.13	0.10	0.05	0.02	0.03	0.15	0.75	2.11	2.70	4.94	5.08	0.0378	0.0088	0.0032	0.0007	0.0001	0.0000	0.0234	0.0480	0.0653	0.0374	0.0113	0.0000	103.04	0.02
1991-05-30	Perennial Ryegrass	0.25	583.48	0.78	0.96	0.84	1.01	3	3	2.33	650.00	0.00	16.76	11.89	0.00	0.00	0.00	0.00	0.00	0.00	0.00	0.00	0.00	0.00	0.00	0.00	0.00	0.00	0.00	0.00	0.00	0.00	0.00	0.00	0.00	0.00	0.00	0.00	15.5	17.9	19.1	27.0	39.6	47.4	166.53	0.222	0.197	0.204	0.150	0.035	0.000	0.7759	0.6593	1.0000	0.9737	1.0000	0.3500	0.58	15.63	16.22	0.24	0.14	0.10	0.05	0.02	0.03	0.16	0.72	2.06	2.68	4.94	5.08	0.0379	0.0080	0.0027	0.0006	0.0000	0.0000	0.0232	0.0409	0.0519	0.0319	0.0099	0.0000	103.25	0.02
1991-05-31	Perennial Ryegrass	0.25	579.74	0.78	0.96	0.84	1.01	3	3	2.35	650.00	0.00	15.59	11.05	0.00	0.00	0.00	0.00	0.00	0.00	0.00	0.00	0.00	0.00	0.00	0.00	0.00	0.00	0.00	0.00	0.00	0.00	0.00	0.00	0.00	0.00	0.00	0.00	15.0	17.6	18.8	26.9	39.6	47.3	165.29	0.252	0.227	0.234	0.179	0.042	0.000	0.7788	0.6365	1.0000	0.9685	1.0000	0.3498	0.61	15.53	16.15	0.27	0.14	0.10	0.05	0.02	0.03	0.16	0.70	2.01	2.66	4.93	5.08	0.0394	0.0080	0.0028	0.0007	0.0000	0.0000	0.0231	0.0387	0.0517	0.0340	0.0105	0.0000	103.44	0.02
1991-06-01	Perennial Ryegrass	0.25	576.79	0.78	0.96	0.83	1.01	3	3	2.36	650.00	0.00	15.47	10.96	0.00	0.00	0.00	0.00	0.00	0.00	0.00	0.00	0.00	0.00	0.00	0.00	0.00	0.00	0.00	0.00	0.00	0.00	0.00	0.00	0.00	0.00	0.00	0.00	14.6	17.3	18.4	26.7	39.5	47.3	163.79	0.313	0.288	0.296	0.235	0.056	0.000	0.7814	0.6492	1.0000	0.9643	1.0000	0.3342	0.64	15.43	16.07	0.29	0.14	0.11	0.05	0.02	0.03	0.17	0.68	1.95	2.63	4.92	5.08	0.0407	0.0081	0.0030	0.0008	0.0001	0.0000	0.0233	0.0374	0.0549	0.0385	0.0119	0.0000	103.63	0.02
1991-06-02	Perennial Ryegrass	0.25	567.96	0.79	0.96	0.83	1.01	3	3	2.39	650.00	0.00	14.18	10.04	0.00	0.00	0.00	0.00	0.00	0.00	0.00	0.00	0.00	0.00	0.00	0.00	0.00	0.00	0.00	0.00	0.00	0.00	0.00	0.00	0.00	0.00	0.00	0.00	14.3	17.0	18.2	26.6	39.5	47.3	162.91	0.177	0.166	0.171	0.141	0.034	0.000	0.7838	0.8802	1.0000	0.9653	1.0000	0.4149	0.65	15.36	16.01	0.30	0.14	0.11	0.06	0.02	0.03	0.18	0.66	1.92	2.61	4.91	5.08	0.0361	0.0070	0.0023	0.0006	0.0000	0.0000	0.0212	0.0308	0.0404	0.0300	0.0097	0.0000	103.79	0.02
1991-06-03	Perennial Ryegrass	0.24	555.27	0.79	0.97	0.83	1.01	3	3	2.41	650.00	0.00	14.86	10.52	0.00	0.00	0.00	0.00	0.00	0.00	0.00	0.00	0.00	0.00	0.00	0.00	0.00	0.00	0.00	0.00	0.00	0.00	0.00	0.00	0.00	0.00	0.00	0.00	14.3	16.8	18.0	26.5	39.5	47.3	162.36	0.160	0.150	0.155	0.132	0.032	0.000	0.7868	1.0000	1.0000	0.9680	1.0000	0.6767	0.65	15.29	15.94	0.29	0.15	0.11	0.06	0.02	0.03	0.19	0.64	1.88	2.59	4.91	5.08	0.0334	0.0067	0.0022	0.0006	0.0000	0.0000	0.0211	0.0284	0.0374	0.0289	0.0095	0.0000	103.95	0.02
1991-06-04	Perennial Ryegrass	0.24	549.75	0.79	0.97	0.83	1.01	3	3	2.43	650.00	0.00	14.15	10.01	0.00	0.00	0.00	0.00	0.00	0.00	0.00	0.00	0.00	0.00	0.00	0.00	0.00	0.00	0.00	0.00	0.00	0.00	0.00	0.00	0.00	0.00	0.00	0.00	13.9	16.6	17.7	26.4	39.5	47.3	161.32	0.200	0.177	0.183	0.160	0.039	0.000	0.7906	0.6863	1.0000	0.9646	1.0000	0.3432	0.67	15.23	15.89	0.30	0.15	0.11	0.06	0.02	0.03	0.20	0.63	1.85	2.57	4.90	5.08	0.0364	0.0068	0.0024	0.0007	0.0000	0.0000	0.0227	0.0276	0.0384	0.0308	0.0102	0.0000	104.08	0.02
1991-06-05	Perennial Ryegrass	0.24	546.30	0.80	0.97	0.83	1.01	3	3	2.45	650.00	0.00	13.08	9.25	0.00	0.00	0.00	0.00	0.00	0.00	0.00	0.00	0.00	0.00	0.00	0.00	0.00	0.00	0.00	0.00	0.00	0.00	0.00	0.00	0.00	0.00	0.00	0.00	13.6	16.4	17.5	26.3	39.4	47.2	160.38	0.177	0.163	0.169	0.151	0.038	0.000	0.7930	0.7289	1.0000	0.9592	1.0000	0.3533	0.69	15.17	15.86	0.33	0.15	0.11	0.06	0.02	0.03	0.21	0.62	1.82	2.55	4.89	5.08	0.0357	0.0065	0.0023	0.0007	0.0000	0.0000	0.0220	0.0257	0.0357	0.0297	0.0100	0.0000	104.21	0.02
1991-06-06	Perennial Ryegrass	0.25	574.75	0.80	0.97	0.83	1.01	3	3	2.47	650.00	0.00	13.37	9.45	0.00	0.00	0.00	0.00	0.00	0.00	0.00	0.00	0.00	0.00	0.00	0.00	0.00	0.00	0.00	0.00	0.00	0.00	0.00	0.00	0.00	0.00	0.00	0.00	16.7	16.3	17.3	26.1	39.4	47.2	163.11	0.157	0.148	0.154	0.141	0.036	0.000	0.7952	1.0000	1.0000	0.9591	1.0000	0.5285	0.69	15.11	15.80	0.32	0.15	0.11	0.06	0.02	0.03	0.21	0.61	1.80	2.53	4.88	5.08	0.0331	0.0063	0.0021	0.0006	0.0000	0.0000	0.0211	0.0240	0.0331	0.0286	0.0098	0.0000	104.27	0.02
1991-06-07	Perennial Ryegrass	0.29	673.87	0.80	0.97	0.83	1.01	3	2	2.50	650.00	0.00	13.64	9.64	0.00	0.00	0.00	0.00	0.00	0.00	0.00	0.00	0.00	0.00	0.00	0.00	0.00	0.00	0.00	0.00	0.00	0.00	0.00	0.00	0.00	0.00	0.00	0.00	30.4	22.7	19.8	26.1	39.4	47.2	185.49	0.323	0.160	0.160	0.150	0.038	0.000	0.7982	1.0000	1.0000	0.9615	1.0000	0.9615	0.63	15.04	15.67	0.26	0.15	0.11	0.06	0.02	0.03	0.16	0.58	1.83	2.51	4.88	5.08	0.0521	0.0063	0.0022	0.0007	0.0000	0.0000	0.0303	0.0230	0.0337	0.0290	0.0100	0.0000	103.32	0.02
1991-06-08	Perennial Ryegrass	0.30	701.37	0.81	0.96	0.80	1.01	3	2	2.53	650.00	0.00	16.13	11.39	0.00	0.00	0.00	0.00	0.00	0.00	0.00	0.00	0.00	0.00	0.00	0.00	0.00	0.00	0.00	0.00	0.00	0.00	0.00	0.00	0.00	0.00	0.00	0.00	28.0	25.6	22.2	28.0	39.4	47.2	190.38	0.264	0.125	0.074	0.040	0.010	0.000	0.8017	1.0000	1.0000	0.9640	1.0000	1.0000	0.39	14.84	15.23	0.04	0.14	0.11	0.06	0.02	0.03	0.03	0.47	1.74	2.65	4.87	5.08	0.2027	0.0199	0.0027	0.0005	0.0000	0.0000	0.1157	0.0644	0.0393	0.0223	0.0076	0.0000	100.57	0.02
1991-06-09	Perennial Ryegrass	0.32	760.48	0.81	0.96	0.79	1.01	3	2	2.57	650.00	0.00	23.31	16.45	0.00	0.00	0.00	0.00	0.00	0.00	0.00	0.00	0.00	0.00	0.00	0.00	0.00	0.00	0.00	0.00	0.00	0.00	0.00	0.00	0.00	0.00	0.00	0.00	28.6	27.5	24.0	31.7	39.4	47.1	198.27	0.680	0.477	0.311	0.179	0.030	0.000	0.8058	1.0000	1.0000	0.9672	1.0000	0.7874	0.35	14.65	15.00	0.02	0.11	0.11	0.06	0.02	0.03	0.00	0.32	1.51	2.86	4.87	5.08	0.0545	0.0303	0.0050	0.0009	0.0000	0.0000	0.0041	0.0815	0.0664	0.0405	0.0092	0.0000	98.92	0.02
1991-06-10	Perennial Ryegrass	0.34	821.83	0.81	0.96	0.77	1.02	3	2	2.60	650.00	0.00	13.89	9.80	0.00	0.00	0.00	0.00	0.00	0.00	0.00	0.00	0.00	0.00	0.00	0.00	0.00	0.00	0.00	0.00	0.00	0.00	0.00	0.00	0.00	0.00	0.00	0.00	29.0	28.8	26.3	35.1	40.1	47.1	206.38	0.257	0.200	0.138	0.108	0.011	0.000	0.8111	1.0000	1.0000	0.9637	1.0000	1.0000	0.32	14.47	14.80	0.02	0.09	0.11	0.06	0.02	0.03	0.00	0.20	1.29	2.98	4.93	5.08	0.0582	0.0323	0.0058	0.0011	0.0000	0.0000	0.0044	0.0696	0.0672	0.0517	0.0078	0.0000	97.09	0.02
1991-06-11	Perennial Ryegrass	0.36	896.38	0.82	0.96	0.75	1.02	3	2	2.63	650.00	0.00	16.67	11.75	0.00	0.00	0.00	0.00	0.00	0.00	0.00	0.00	0.00	0.00	0.00	0.00	0.00	0.00	0.00	0.00	0.00	0.00	0.00	0.00	0.00	0.00	0.00	0.00	31.2	30.3	28.1	37.7	42.8	47.1	217.17	0.711	0.592	0.460	0.407	0.045	0.000	0.8143	1.0000	1.0000	0.9645	1.0000	1.0000	0.29	14.25	14.54	0.02	0.06	0.10	0.06	0.02	0.03	0.00	0.11	1.03	2.90	5.13	5.08	0.0593	0.0319	0.0088	0.0020	0.0001	0.0000	0.0046	0.0533	0.0877	0.0877	0.0117	0.0000	95.26	0.02
1991-06-12	Perennial Ryegrass	0.39	982.10	0.82	0.95	0.73	1.02	3	2	2.66	650.00	0.00	20.06	14.14	0.00	0.00	0.00	0.00	0.00	0.00	0.00	0.00	0.00	0.00	0.00	0.00	0.00	0.00	0.00	0.00	0.00	0.00	0.00	0.00	0.00	0.00	0.00	0.00	37.1	32.6	31.7	40.6	47.6	47.1	236.79	0.203	0.166	0.135	0.124	0.026	0.000	0.8181	1.0000	1.0000	0.9527	1.0000	0.9979	0.25	14.06	14.31	0.00	0.04	0.09	0.06	0.03	0.03	0.00	0.05	0.77	2.69	5.45	5.09	0.0599	0.0285	0.0096	0.0020	0.0001	0.0000	0.0042	0.0337	0.0787	0.0831	0.0132	0.0000	93.28	0.02
1991-06-13	Perennial Ryegrass	0.39	983.46	0.83	0.95	0.69	1.02	3	2	2.70	650.00	0.00	27.10	19.10	0.00	0.00	0.00	0.00	0.00	0.00	0.00	0.00	0.00	0.00	0.00	0.00	0.00	0.00	0.00	0.00	0.00	0.00	0.00	0.00	0.00	0.00	0.00	0.00	28.6	31.9	32.1	42.4	53.7	47.2	235.89	0.209	0.151	0.136	0.119	0.042	0.000	0.8221	0.7412	1.0000	0.9548	1.0000	0.5901	0.22	13.83	14.05	0.00	0.02	0.08	0.06	0.03	0.03	0.00	0.02	0.53	2.39	5.79	5.10	0.0734	0.0282	0.0147	0.0026	0.0001	0.0000	0.0052	0.0239	0.0971	0.0956	0.0220	0.0000	91.37	0.02
1991-06-14	Perennial Ryegrass	0.39	985.84	0.83	0.95	0.69	1.02	3	2	2.73	650.00	0.00	23.85	16.80	0.00	0.00	0.00	0.00	0.00	0.00	0.00	0.00	0.00	0.00	0.00	0.00	0.00	0.00	0.00	0.00	0.00	0.00	0.00	0.00	0.00	0.00	0.00	0.00	23.6	29.3	31.3	43.7	57.3	49.8	234.94	0.166	0.168	0.161	0.152	0.080	0.000	0.8264	0.8819	1.0000	0.9557	1.0000	0.5211	0.22	13.62	13.84	0.02	0.02	0.07	0.06	0.04	0.03	0.00	0.01	0.36	2.08	5.80	5.36	0.0591	0.0177	0.0136	0.0030	0.0002	0.0000	0.0039	0.0097	0.0717	0.0995	0.0375	0.0000	91.12	0.02
1991-06-15	Perennial Ryegrass	0.39	982.55	0.83	0.95	0.69	1.02	3	2	2.77	650.00	0.00	20.31	14.30	0.00	0.00	0.00	0.00	0.00	0.00	0.00	0.00	0.00	0.00	0.00	0.00	0.00	0.00	0.00	0.00	0.00	0.00	0.00	0.00	0.00	0.00	0.00	0.00	20.6	26.4	29.5	43.6	59.3	53.8	233.31	0.272	0.327	0.346	0.363	0.221	0.000	0.8302	1.0000	1.0000	0.9470	1.0000	0.8155	0.25	13.41	13.66	0.04	0.02	0.06	0.06	0.04	0.03	0.00	0.01	0.26	1.78	5.61	5.75	0.0351	0.0111	0.0111	0.0034	0.0004	0.0000	0.0022	0.0039	0.0466	0.1012	0.0558	0.0000	91.46	0.02
1991-06-16	Perennial Ryegrass	0.38	972.11	0.84	0.95	0.69	1.02	3	2	2.79	650.00	0.00	19.28	13.57	0.00	0.00	0.00	0.00	0.00	0.00	0.00	0.00	0.00	0.00	0.00	0.00	0.00	0.00	0.00	0.00	0.00	0.00	0.00	0.00	0.00	0.00	0.00	0.00	18.5	23.9	27.4	42.5	60.2	58.2	230.74	0.333	0.424	0.490	0.570	0.384	0.000	0.8339	1.0000	1.0000	0.9524	1.0000	0.3481	0.26	13.21	13.48	0.06	0.02	0.05	0.06	0.04	0.03	0.00	0.01	0.19	1.51	5.36	6.14	0.0258	0.0082	0.0082	0.0035	0.0005	0.0000	0.0017	0.0021	0.0279	0.0917	0.0704	0.0000	91.80	0.02
1991-06-17	Perennial Ryegrass	0.38	957.61	0.84	0.95	0.69	1.02	3	2	2.81	650.00	0.00	15.84	11.14	0.00	0.00	0.00	0.00	0.00	0.00	0.00	0.00	0.00	0.00	0.00	0.00	0.00	0.00	0.00	0.00	0.00	0.00	0.00	0.00	0.00	0.00	0.00	0.00	17.6	22.2	25.6	41.4	60.4	60.7	227.91	0.100	0.128	0.157	0.202	0.149	0.000	0.8367	0.6182	1.0000	0.9530	1.0000	0.4731	0.29	12.89	13.17	0.07	0.03	0.05	0.06	0.04	0.03	0.01	0.01	0.16	1.32	5.08	6.32	0.0212	0.0065	0.0055	0.0029	0.0005	0.0000	0.0015	0.0015	0.0153	0.0666	0.0557	0.0000	92.06	0.02
1991-06-18	Perennial Ryegrass	0.38	950.01	0.84	0.95	0.69	1.02	3	2	2.83	650.00	0.00	12.81	9.01	0.00	0.00	0.00	0.00	0.00	0.00	0.00	0.00	0.00	0.00	0.00	0.00	0.00	0.00	0.00	0.00	0.00	0.00	0.00	0.00	0.00	0.00	0.00	0.00	17.0	20.9	24.0	40.1	60.0	62.1	224.27	0.088	0.107	0.136	0.190	0.150	0.000	0.8389	0.8174	1.0000	0.9376	1.0000	0.3135	0.33	12.49	12.81	0.09	0.04	0.06	0.05	0.05	0.03	0.01	0.01	0.14	1.17	4.80	6.36	0.0235	0.0058	0.0042	0.0026	0.0005	0.0000	0.0025	0.0013	0.0098	0.0539	0.0537	0.0000	92.25	0.02
1991-06-19	Perennial Ryegrass	0.38	946.12	0.84	0.95	0.69	1.02	3	2	2.84	650.00	0.00	10.64	7.48	0.00	0.00	0.00	0.00	0.00	0.00	0.00	0.00	0.00	0.00	0.00	0.00	0.00	0.00	0.00	0.00	0.00	0.00	0.00	0.00	0.00	0.00	0.00	0.00	16.9	20.0	22.8	38.9	59.3	62.6	220.49	0.072	0.081	0.102	0.154	0.129	0.000	0.8405	1.0000	1.0000	0.9087	1.0000	0.3429	0.36	12.08	12.43	0.11	0.05	0.06	0.05	0.05	0.04	0.02	0.01	0.12	1.05	4.55	6.32	0.0258	0.0052	0.0033	0.0024	0.0005	0.0000	0.0033	0.0011	0.0067	0.0433	0.0490	0.0000	92.39	0.02
1991-06-20	Perennial Ryegrass	0.37	933.09	0.84	0.95	0.69	1.02	3	2	2.86	650.00	0.00	10.63	7.47	0.00	0.00	0.00	0.00	0.00	0.00	0.00	0.00	0.00	0.00	0.00	0.00	0.00	0.00	0.00	0.00	0.00	0.00	0.00	0.00	0.00	0.00	0.00	0.00	16.9	19.2	21.8	37.7	58.4	62.6	216.52	0.105	0.105	0.133	0.213	0.185	0.000	0.8420	1.0000	1.0000	0.9021	1.0000	0.3630	0.36	11.69	12.04	0.10	0.05	0.06	0.05	0.05	0.04	0.02	0.01	0.11	0.96	4.34	6.24	0.0235	0.0049	0.0028	0.0022	0.0006	0.0000	0.0040	0.0011	0.0052	0.0368	0.0475	0.0000	92.51	0.02
1991-06-21	Perennial Ryegrass	0.37	911.62	0.85	0.95	0.69	1.02	3	2	2.87	650.00	0.00	10.48	7.36	0.00	0.00	0.00	0.00	0.00	0.00	0.00	0.00	0.00	0.00	0.00	0.00	0.00	0.00	0.00	0.00	0.00	0.00	0.00	0.00	0.00	0.00	0.00	0.00	16.8	18.9	21.0	36.7	57.4	62.2	212.85	0.102	0.092	0.115	0.193	0.172	0.000	0.8435	1.0000	1.0000	0.9089	1.0000	0.3236	0.34	11.33	11.67	0.07	0.06	0.06	0.06	0.05	0.04	0.02	0.01	0.11	0.90	4.16	6.13	0.0161	0.0047	0.0024	0.0020	0.0005	0.0000	0.0041	0.0011	0.0041	0.0309	0.0428	0.0000	92.64	0.02
1991-06-22	Perennial Ryegrass	0.36	903.50	0.85	0.95	0.68	1.02	3	2	2.88	650.00	0.00	9.20	6.46	0.00	0.00	0.00	0.00	0.00	0.00	0.00	0.00	0.00	0.00	0.00	0.00	0.00	0.00	0.00	0.00	0.00	0.00	0.00	0.00	0.00	0.00	0.00	0.00	16.6	18.7	20.3	35.8	56.4	61.6	209.40	0.139	0.120	0.144	0.249	0.227	0.000	0.8451	0.5932	1.0000	0.8945	1.0000	0.3014	0.35	11.03	11.39	0.08	0.06	0.06	0.06	0.05	0.04	0.02	0.02	0.11	0.85	4.02	6.02	0.0177	0.0048	0.0023	0.0019	0.0006	0.0000	0.0043	0.0013	0.0036	0.0279	0.0420	0.0000	92.76	0.02
1991-06-23	Perennial Ryegrass	0.36	906.79	0.85	0.95	0.69	1.02	3	2	2.90	650.00	0.00	9.77	6.86	0.00	0.00	0.00	0.00	0.00	0.00	0.00	0.00	0.00	0.00	0.00	0.00	0.00	0.00	0.00	0.00	0.00	0.00	0.00	0.00	0.00	0.00	0.00	0.00	17.5	19.0	20.0	34.9	55.4	60.9	207.73	0.254	0.219	0.243	0.437	0.404	0.000	0.8461	1.0000	1.0000	0.8884	1.0000	0.2968	0.36	10.78	11.13	0.07	0.07	0.07	0.06	0.05	0.04	0.02	0.02	0.11	0.81	3.90	5.92	0.0160	0.0052	0.0023	0.0020	0.0007	0.0000	0.0042	0.0015	0.0036	0.0281	0.0487	0.0000	92.82	0.02
1991-06-24	Perennial Ryegrass	0.36	888.00	0.85	0.95	0.68	1.02	3	2	2.91	650.00	0.00	8.88	6.23	0.00	0.00	0.00	0.00	0.00	0.00	0.00	0.00	0.00	0.00	0.00	0.00	0.00	0.00	0.00	0.00	0.00	0.00	0.00	0.00	0.00	0.00	0.00	0.00	17.1	19.0	20.0	34.6	54.8	60.1	205.68	0.101	0.081	0.082	0.144	0.134	0.000	0.8474	1.0000	1.0000	0.8851	1.0000	0.5396	0.35	10.59	10.95	0.06	0.07	0.07	0.06	0.06	0.04	0.02	0.02	0.11	0.79	3.83	5.82	0.0151	0.0055	0.0019	0.0016	0.0005	0.0000	0.0038	0.0017	0.0029	0.0210	0.0319	0.0000	92.56	0.02
1991-06-25	Perennial Ryegrass	0.35	869.58	0.85	0.95	0.68	1.02	3	2	2.93	650.00	0.00	10.86	7.61	0.00	0.00	0.00	0.00	0.00	0.00	0.00	0.00	0.00	0.00	0.00	0.00	0.00	0.00	0.00	0.00	0.00	0.00	0.00	0.00	0.00	0.00	0.00	0.00	16.8	18.7	19.8	34.2	54.2	59.5	203.12	0.246	0.209	0.208	0.361	0.334	0.000	0.8489	1.0000	1.0000	0.9082	1.0000	0.3377	0.37	10.44	10.81	0.07	0.08	0.07	0.06	0.06	0.04	0.00	0.03	0.11	0.77	3.77	5.75	0.0163	0.0064	0.0023	0.0018	0.0006	0.0000	0.0010	0.0021	0.0034	0.0235	0.0409	0.0000	92.57	0.02
1991-06-26	Perennial Ryegrass	0.35	852.17	0.85	0.95	0.68	1.02	3	2	2.94	650.00	0.00	11.12	7.79	0.00	0.00	0.00	0.00	0.00	0.00	0.00	0.00	0.00	0.00	0.00	0.00	0.00	0.00	0.00	0.00	0.00	0.00	0.00	0.00	0.00	0.00	0.00	0.00	16.4	18.4	19.7	34.0	53.5	58.9	200.91	0.233	0.195	0.200	0.346	0.319	0.000	0.8505	0.9998	1.0000	0.9251	1.0000	0.2568	0.39	10.33	10.72	0.07	0.08	0.08	0.06	0.06	0.04	0.01	0.03	0.12	0.77	3.71	5.70	0.0165	0.0063	0.0023	0.0018	0.0006	0.0000	0.0011	0.0023	0.0035	0.0226	0.0387	0.0000	92.72	0.02
1991-06-27	Perennial Ryegrass	0.35	847.32	0.85	0.95	0.67	1.02	3	2	2.95	650.00	0.00	8.94	6.26	0.00	0.00	0.00	0.00	0.00	0.00	0.00	0.00	0.00	0.00	0.00	0.00	0.00	0.00	0.00	0.00	0.00	0.00	0.00	0.00	0.00	0.00	0.00	0.00	16.0	18.2	19.7	33.8	53.0	58.4	199.09	0.204	0.172	0.184	0.315	0.283	0.000	0.8519	0.9047	1.0000	0.9025	1.0000	0.1841	0.44	10.27	10.70	0.11	0.09	0.08	0.06	0.06	0.04	0.01	0.04	0.12	0.77	3.67	5.65	0.0228	0.0062	0.0024	0.0017	0.0006	0.0000	0.0024	0.0025	0.0036	0.0217	0.0354	0.0000	92.84	0.02
1991-06-28	Perennial Ryegrass	0.35	864.09	0.85	0.95	0.68	1.02	3	2	2.96	650.00	0.00	9.22	6.46	0.00	0.00	0.00	0.00	0.00	0.00	0.00	0.00	0.00	0.00	0.00	0.00	0.00	0.00	0.00	0.00	0.00	0.00	0.00	0.00	0.00	0.00	0.00	0.00	18.1	19.0	19.8	33.5	52.6	58.1	201.10	0.211	0.180	0.199	0.338	0.301	0.000	0.8528	0.6733	1.0000	0.9052	1.0000	0.2908	0.46	10.22	10.68	0.12	0.09	0.08	0.06	0.06	0.05	0.02	0.04	0.13	0.77	3.64	5.63	0.0238	0.0063	0.0025	0.0018	0.0006	0.0000	0.0034	0.0027	0.0039	0.0217	0.0356	0.0000	92.88	0.02
1991-06-29	Perennial Ryegrass	0.35	875.25	0.86	0.95	0.67	1.02	3	2	2.98	650.00	0.00	9.64	6.75	0.00	0.00	0.00	0.00	0.00	0.00	0.00	0.00	0.00	0.00	0.00	0.00	0.00	0.00	0.00	0.00	0.00	0.00	0.00	0.00	0.00	0.00	0.00	0.00	19.1	19.8	20.1	33.6	52.2	57.9	202.75	0.251	0.184	0.178	0.291	0.257	0.000	0.8538	1.0000	1.0000	0.8865	1.0000	0.4027	0.46	10.19	10.65	0.11	0.09	0.08	0.06	0.06	0.05	0.02	0.04	0.13	0.77	3.60	5.62	0.0346	0.0076	0.0025	0.0017	0.0006	0.0000	0.0060	0.0035	0.0039	0.0206	0.0324	0.0000	92.34	0.02
1991-06-30	Perennial Ryegrass	0.35	857.16	0.86	0.95	0.65	1.02	3	2	2.99	650.00	0.00	9.97	6.98	0.00	0.00	0.00	0.00	0.00	0.00	0.00	0.00	0.00	0.00	0.00	0.00	0.00	0.00	0.00	0.00	0.00	0.00	0.00	0.00	0.00	0.00	0.00	0.00	17.9	19.9	20.3	33.9	52.0	57.8	201.70	0.220	0.164	0.147	0.231	0.197	0.000	0.8552	0.7279	1.0000	0.8916	1.0000	0.3051	0.43	10.16	10.59	0.08	0.09	0.08	0.06	0.06	0.05	0.02	0.05	0.13	0.77	3.58	5.61	0.0301	0.0089	0.0026	0.0016	0.0005	0.0000	0.0070	0.0043	0.0040	0.0199	0.0285	0.0000	91.79	0.02
1991-07-01	Perennial Ryegrass	0.35	850.65	0.86	0.95	0.65	1.02	3	2	3.00	650.00	0.00	8.06	5.63	0.00	0.00	0.00	0.00	0.00	0.00	0.00	0.00	0.00	0.00	0.00	0.00	0.00	0.00	0.00	0.00	0.00	0.00	0.00	0.00	0.00	0.00	0.00	0.00	17.2	19.6	20.4	34.3	51.8	57.7	200.99	0.097	0.085	0.078	0.121	0.099	0.000	0.8563	0.5201	1.0000	0.8721	1.0000	0.4154	0.45	10.13	10.58	0.09	0.09	0.08	0.06	0.07	0.05	0.02	0.05	0.13	0.77	3.56	5.60	0.0264	0.0087	0.0025	0.0016	0.0004	0.0000	0.0056	0.0043	0.0038	0.0187	0.0232	0.0000	91.68	0.02
1991-07-02	Perennial Ryegrass	0.34	843.64	0.86	0.95	0.65	1.02	3	2	3.01	650.00	0.00	7.75	5.42	0.00	0.00	0.00	0.00	0.00	0.00	0.00	0.00	0.00	0.00	0.00	0.00	0.00	0.00	0.00	0.00	0.00	0.00	0.00	0.00	0.00	0.00	0.00	0.00	16.9	19.2	20.3	34.4	51.9	57.5	200.25	0.090	0.083	0.080	0.127	0.099	0.000	0.8572	0.4634	1.0000	0.8578	1.0000	0.4361	0.46	10.11	10.57	0.10	0.09	0.09	0.06	0.07	0.05	0.02	0.05	0.14	0.76	3.55	5.59	0.0258	0.0083	0.0026	0.0016	0.0004	0.0000	0.0054	0.0042	0.0039	0.0192	0.0230	0.0000	91.75	0.02
1991-07-03	Perennial Ryegrass	0.34	830.24	0.86	0.95	0.65	1.03	3	2	3.02	650.00	0.00	8.36	5.84	0.00	0.00	0.00	0.00	0.00	0.00	0.00	0.00	0.00	0.00	0.00	0.00	0.00	0.00	0.00	0.00	0.00	0.00	0.00	0.00	0.00	0.00	0.00	0.00	16.9	18.9	20.2	34.4	51.9	57.4	199.55	0.114	0.102	0.104	0.168	0.130	0.000	0.8580	0.7013	1.0000	0.8638	1.0000	0.3051	0.45	10.08	10.53	0.09	0.09	0.09	0.06	0.07	0.05	0.02	0.05	0.14	0.74	3.55	5.58	0.0211	0.0077	0.0027	0.0017	0.0005	0.0000	0.0054	0.0039	0.0040	0.0196	0.0245	0.0000	91.83	0.02
1991-07-04	Perennial Ryegrass	0.35	857.55	0.86	0.95	0.66	1.03	3	1	3.03	650.00	0.00	7.81	5.45	0.00	0.00	0.00	0.00	0.00	0.00	0.00	0.00	0.00	0.00	0.00	0.00	0.00	0.00	0.00	0.00	0.00	0.00	0.00	0.00	0.00	0.00	0.00	0.00	19.8	20.0	20.4	34.4	51.9	57.3	203.82	0.153	0.131	0.137	0.227	0.177	0.000	0.8590	1.0000	1.0000	0.8369	1.0000	0.4641	0.46	10.05	10.50	0.10	0.09	0.09	0.06	0.07	0.05	0.02	0.05	0.14	0.73	3.54	5.57	0.0226	0.0073	0.0027	0.0018	0.0005	0.0000	0.0052	0.0039	0.0041	0.0201	0.0269	0.0000	91.79	0.02
1991-07-05	Perennial Ryegrass	0.35	858.79	0.86	0.95	0.64	1.03	3	1	3.04	650.00	0.00	8.66	6.04	0.00	0.00	0.00	0.00	0.00	0.00	0.00	0.00	0.00	0.00	0.00	0.00	0.00	0.00	0.00	0.00	0.00	0.00	0.00	0.00	0.00	0.00	0.00	0.00	19.1	20.4	20.7	34.6	52.0	57.2	204.02	0.228	0.163	0.149	0.238	0.185	0.000	0.8600	1.0000	1.0000	0.8099	1.0000	0.4368	0.44	10.01	10.45	0.08	0.09	0.09	0.06	0.07	0.05	0.02	0.05	0.14	0.71	3.53	5.56	0.0336	0.0091	0.0029	0.0018	0.0005	0.0000	0.0077	0.0049	0.0043	0.0199	0.0274	0.0000	91.13	0.02
1991-07-06	Perennial Ryegrass	0.35	849.11	0.86	0.95	0.63	1.03	3	1	3.05	650.00	0.00	7.88	5.50	0.00	0.00	0.00	0.00	0.00	0.00	0.00	0.00	0.00	0.00	0.00	0.00	0.00	0.00	0.00	0.00	0.00	0.00	0.00	0.00	0.00	0.00	0.00	0.00	18.0	20.3	20.9	34.8	52.3	57.1	203.49	0.105	0.086	0.078	0.120	0.093	0.000	0.8612	0.7701	1.0000	0.7866	1.0000	0.3116	0.42	9.98	10.40	0.06	0.09	0.09	0.06	0.07	0.05	0.02	0.05	0.13	0.69	3.53	5.56	0.0233	0.0094	0.0028	0.0017	0.0005	0.0000	0.0057	0.0050	0.0042	0.0180	0.0231	0.0000	90.76	0.02
1991-07-07	Perennial Ryegrass	0.34	845.67	0.86	0.95	0.63	1.03	3	1	3.06	650.00	0.00	6.86	4.78	0.00	0.00	0.00	0.00	0.00	0.00	0.00	0.00	0.00	0.00	0.00	0.00	0.00	0.00	0.00	0.00	0.00	0.00	0.00	0.00	0.00	0.00	0.00	0.00	17.3	19.9	20.9	34.9	52.7	57.0	202.65	0.121	0.111	0.105	0.160	0.124	0.000	0.8620	0.6467	1.0000	0.7496	1.0000	0.3550	0.43	9.94	10.37	0.08	0.09	0.09	0.06	0.07	0.05	0.02	0.05	0.13	0.67	3.52	5.55	0.0225	0.0090	0.0030	0.0018	0.0005	0.0000	0.0045	0.0048	0.0044	0.0185	0.0250	0.0000	90.72	0.02
1991-07-08	Perennial Ryegrass	0.36	900.07	0.86	0.95	0.64	1.03	3	1	3.07	650.00	0.00	6.03	4.20	0.00	0.00	0.00	0.00	0.00	0.00	0.00	0.00	0.00	0.00	0.00	0.00	0.00	0.00	0.00	0.00	0.00	0.00	0.00	0.00	0.00	0.00	0.00	0.00	24.3	22.5	21.9	35.4	53.4	56.9	214.34	0.075	0.071	0.071	0.110	0.087	0.000	0.8627	1.0000	1.0000	0.6985	1.0000	0.5370	0.43	9.91	10.34	0.08	0.08	0.09	0.06	0.07	0.05	0.01	0.04	0.13	0.65	3.52	5.55	0.0193	0.0079	0.0028	0.0017	0.0005	0.0000	0.0032	0.0041	0.0041	0.0175	0.0239	0.0000	90.63	0.02
1991-07-09	Perennial Ryegrass	0.38	948.12	0.86	0.95	0.62	1.03	3	1	3.08	650.00	0.00	8.49	5.92	0.00	0.00	0.00	0.00	0.00	0.00	0.00	0.00	0.00	0.00	0.00	0.00	0.00	0.00	0.00	0.00	0.00	0.00	0.00	0.00	0.00	0.00	0.00	0.00	29.2	25.9	23.8	36.4	54.3	57.2	226.93	0.288	0.191	0.158	0.223	0.177	0.000	0.8635	1.0000	1.0000	0.6803	1.0000	0.8959	0.37	9.86	10.23	0.03	0.07	0.08	0.06	0.07	0.05	0.01	0.04	0.12	0.63	3.50	5.57	0.0355	0.0124	0.0036	0.0019	0.0006	0.0000	0.0064	0.0059	0.0049	0.0189	0.0289	0.0000	89.38	0.02
1991-07-10	Perennial Ryegrass	0.40	1013.88	0.87	0.95	0.59	1.03	3	1	3.09	650.00	0.00	6.70	4.66	0.00	0.00	0.00	0.00	0.00	0.00	0.00	0.00	0.00	0.00	0.00	0.00	0.00	0.00	0.00	0.00	0.00	0.00	0.00	0.00	0.00	0.00	0.00	0.00	36.8	32.5	32.9	43.6	57.7	59.1	262.57	0.505	0.340	0.258	0.313	0.245	0.000	0.8647	1.0000	1.0000	0.6391	1.0000	1.0000	0.32	9.73	10.05	0.00	0.06	0.08	0.06	0.07	0.05	0.00	0.02	0.09	0.56	3.39	5.65	0.0279	0.0195	0.0050	0.0021	0.0007	0.0000	0.0009	0.0063	0.0057	0.0196	0.0326	0.0000	87.69	0.02
1991-07-11	Perennial Ryegrass	0.42	1073.64	0.87	0.94	0.56	1.03	3	1	3.10	650.00	0.00	7.16	4.98	0.00	0.00	0.00	0.00	0.00	0.00	0.00	0.00	0.00	0.00	0.00	0.00	0.00	0.00	0.00	0.00	0.00	0.00	0.00	0.00	0.00	0.00	0.00	0.00	37.2	32.7	33.1	50.9	62.7	62.2	278.74	0.157	0.114	0.111	0.106	0.066	0.000	0.8657	1.0000	1.0000	0.6243	1.0000	1.0000	0.27	9.39	9.66	0.00	0.03	0.06	0.06	0.07	0.05	0.00	0.01	0.05	0.47	3.17	5.69	0.0298	0.0367	0.0168	0.0034	0.0007	0.0000	0.0009	0.0083	0.0134	0.0268	0.0293	0.0000	85.73	0.02
1991-07-12	Perennial Ryegrass	0.43	1108.26	0.87	0.94	0.53	1.03	3	1	3.12	650.00	0.00	11.68	8.12	0.00	0.00	0.00	0.00	0.00	0.00	0.00	0.00	0.00	0.00	0.00	0.00	0.00	0.00	0.00	0.00	0.00	0.00	0.00	0.00	0.00	0.00	0.00	0.00	33.2	32.7	33.1	50.7	65.7	65.2	280.68	0.090	0.065	0.063	0.081	0.047	0.000	0.8667	1.0000	1.0000	0.6157	1.0000	0.8901	0.24	8.88	9.11	0.00	0.01	0.05	0.05	0.07	0.05	0.00	0.00	0.03	0.36	2.87	5.61	0.0327	0.0182	0.0138	0.0055	0.0009	0.0000	0.0010	0.0033	0.0089	0.0366	0.0366	0.0000	84.08	0.02
1991-07-13	Perennial Ryegrass	0.43	1113.42	0.87	0.94	0.51	1.03	3	1	3.13	650.00	0.00	9.75	6.78	0.00	0.00	0.00	0.00	0.00	0.00	0.00	0.00	0.00	0.00	0.00	0.00	0.00	0.00	0.00	0.00	0.00	0.00	0.00	0.00	0.00	0.00	0.00	0.00	26.9	31.2	32.7	49.2	66.9	67.5	274.23	0.142	0.121	0.117	0.148	0.097	0.000	0.8683	1.0000	1.0000	0.5522	1.0000	0.8597	0.21	8.27	8.49	0.00	0.01	0.04	0.05	0.07	0.05	0.00	0.00	0.02	0.28	2.55	5.42	0.0361	0.0104	0.0114	0.0050	0.0011	0.0000	0.0011	0.0014	0.0061	0.0283	0.0408	0.0000	83.12	0.02
1991-07-14	Perennial Ryegrass	0.43	1128.58	0.87	0.94	0.51	1.03	3	1	3.14	650.00	0.00	8.33	5.79	0.00	0.00	0.00	0.00	0.00	0.00	0.00	0.00	0.00	0.00	0.00	0.00	0.00	0.00	0.00	0.00	0.00	0.00	0.00	0.00	0.00	0.00	0.00	0.00	24.1	29.2	31.6	47.9	67.0	68.9	268.81	0.076	0.081	0.084	0.103	0.074	0.000	0.8695	0.6511	1.0000	0.5561	1.0000	0.6163	0.21	7.65	7.86	0.01	0.01	0.04	0.04	0.07	0.05	0.00	0.00	0.02	0.22	2.25	5.16	0.0282	0.0063	0.0089	0.0042	0.0012	0.0000	0.0009	0.0006	0.0040	0.0199	0.0384	0.0000	82.89	0.02
1991-07-15	Perennial Ryegrass	0.43	1127.32	0.87	0.94	0.50	1.03	3	1	3.15	650.00	0.00	7.06	4.91	0.00	0.00	0.00	0.00	0.00	0.00	0.00	0.00	0.00	0.00	0.00	0.00	0.00	0.00	0.00	0.00	0.00	0.00	0.00	0.00	0.00	0.00	0.00	0.00	20.9	26.7	30.0	46.5	66.6	69.6	260.30	0.080	0.091	0.100	0.123	0.094	0.000	0.8703	0.5444	1.0000	0.5449	1.0000	0.5311	0.22	7.04	7.25	0.02	0.01	0.03	0.04	0.07	0.05	0.00	0.00	0.01	0.18	1.99	4.86	0.0235	0.0051	0.0067	0.0036	0.0012	0.0000	0.0008	0.0004	0.0026	0.0146	0.0348	0.0000	82.69	0.02
1991-07-16	Perennial Ryegrass	0.43	1124.90	0.87	0.94	0.50	1.03	3	1	3.16	650.00	0.00	5.75	3.99	0.00	0.00	0.00	0.00	0.00	0.00	0.00	0.00	0.00	0.00	0.00	0.00	0.00	0.00	0.00	0.00	0.00	0.00	0.00	0.00	0.00	0.00	0.00	0.00	19.1	24.5	28.1	44.8	65.6	69.7	251.80	0.088	0.111	0.129	0.166	0.132	0.000	0.8709	0.6176	1.0000	0.5256	1.0000	0.3938	0.23	6.47	6.70	0.03	0.01	0.03	0.04	0.07	0.05	0.00	0.00	0.01	0.15	1.77	4.55	0.0168	0.0043	0.0050	0.0031	0.0012	0.0000	0.0006	0.0003	0.0016	0.0108	0.0307	0.0000	82.65	0.02
1991-07-17	Perennial Ryegrass	0.43	1122.74	0.87	0.94	0.50	1.03	3	1	3.16	650.00	0.00	4.58	3.18	0.00	0.00	0.00	0.00	0.00	0.00	0.00	0.00	0.00	0.00	0.00	0.00	0.00	0.00	0.00	0.00	0.00	0.00	0.00	0.00	0.00	0.00	0.00	0.00	17.8	22.6	26.1	42.8	64.1	69.2	242.60	0.200	0.254	0.311	0.421	0.347	0.000	0.8714	1.0000	1.0000	0.4670	1.0000	0.3053	0.24	5.96	6.20	0.04	0.01	0.03	0.04	0.06	0.05	0.00	0.00	0.01	0.12	1.58	4.25	0.0165	0.0037	0.0038	0.0028	0.0012	0.0000	0.0008	0.0003	0.0011	0.0085	0.0293	0.0000	82.66	0.02
1991-07-18	Perennial Ryegrass	0.43	1118.67	0.87	0.94	0.50	1.03	3	1	3.17	650.00	0.00	3.90	2.71	0.00	0.00	0.00	0.00	0.00	0.00	0.00	0.00	0.00	0.00	0.00	0.00	0.00	0.00	0.00	0.00	0.00	0.00	0.00	0.00	0.00	0.00	0.00	0.00	17.1	21.2	24.4	41.0	62.5	68.2	234.33	0.150	0.183	0.232	0.334	0.286	0.000	0.8718	1.0000	1.0000	0.4339	1.0000	0.2563	0.25	5.53	5.78	0.05	0.02	0.03	0.04	0.06	0.05	0.00	0.00	0.01	0.11	1.43	3.98	0.0153	0.0032	0.0028	0.0023	0.0011	0.0000	0.0010	0.0003	0.0007	0.0062	0.0237	0.0000	82.68	0.02
1991-07-19	Perennial Ryegrass	0.43	1107.21	0.87	0.94	0.49	1.03	3	1	3.17	650.00	0.00	4.28	2.97	0.00	0.00	0.00	0.00	0.00	0.00	0.00	0.00	0.00	0.00	0.00	0.00	0.00	0.00	0.00	0.00	0.00	0.00	0.00	0.00	0.00	0.00	0.00	0.00	16.8	19.8	22.9	39.2	60.8	67.0	226.48	0.196	0.226	0.287	0.439	0.388	0.000	0.8721	1.0000	1.0000	0.4773	1.0000	0.2544	0.25	5.16	5.41	0.04	0.02	0.03	0.04	0.06	0.05	0.00	0.00	0.01	0.09	1.31	3.74	0.0108	0.0032	0.0023	0.0021	0.0011	0.0000	0.0004	0.0003	0.0006	0.0050	0.0216	0.0000	82.70	0.02
1991-07-20	Perennial Ryegrass	0.42	1098.46	0.87	0.94	0.49	1.03	3	1	3.18	650.00	0.00	4.73	3.28	0.00	0.00	0.00	0.00	0.00	0.00	0.00	0.00	0.00	0.00	0.00	0.00	0.00	0.00	0.00	0.00	0.00	0.00	0.00	0.00	0.00	0.00	0.00	0.00	16.6	19.1	21.7	37.7	59.1	65.6	219.72	0.191	0.191	0.248	0.401	0.365	0.000	0.8725	1.0000	1.0000	0.5065	1.0000	0.2784	0.26	4.86	5.12	0.04	0.03	0.03	0.04	0.06	0.05	0.00	0.00	0.01	0.09	1.23	3.53	0.0110	0.0030	0.0019	0.0018	0.0010	0.0000	0.0004	0.0003	0.0005	0.0040	0.0183	0.0000	82.74	0.02
1991-07-21	Perennial Ryegrass	0.42	1092.35	0.87	0.94	0.49	1.03	3	1	3.18	650.00	0.00	3.83	2.66	0.00	0.00	0.00	0.00	0.00	0.00	0.00	0.00	0.00	0.00	0.00	0.00	0.00	0.00	0.00	0.00	0.00	0.00	0.00	0.00	0.00	0.00	0.00	0.00	16.4	18.7	20.8	36.4	57.6	64.2	214.02	0.202	0.186	0.236	0.401	0.372	0.000	0.8729	1.0000	1.0000	0.4869	1.0000	0.3470	0.28	4.63	4.91	0.05	0.04	0.04	0.04	0.06	0.05	0.00	0.00	0.01	0.08	1.16	3.37	0.0126	0.0030	0.0017	0.0016	0.0009	0.0000	0.0008	0.0004	0.0004	0.0034	0.0162	0.0000	82.76	0.02
1991-07-22	Perennial Ryegrass	0.42	1088.13	0.87	0.94	0.49	1.03	3	1	3.19	650.00	0.00	3.70	2.56	0.00	0.00	0.00	0.00	0.00	0.00	0.00	0.00	0.00	0.00	0.00	0.00	0.00	0.00	0.00	0.00	0.00	0.00	0.00	0.00	0.00	0.00	0.00	0.00	16.9	18.7	20.2	35.6	56.5	62.8	210.63	0.138	0.122	0.147	0.258	0.243	0.000	0.8733	1.0000	1.0000	0.4457	1.0000	0.8857	0.29	4.46	4.74	0.05	0.04	0.04	0.04	0.06	0.05	0.01	0.01	0.01	0.08	1.12	3.24	0.0116	0.0031	0.0014	0.0014	0.0007	0.0000	0.0011	0.0004	0.0004	0.0027	0.0128	0.0000	82.76	0.02
1991-07-23	Perennial Ryegrass	0.42	1084.43	0.87	0.94	0.49	1.03	3	1	3.19	650.00	0.00	3.31	2.29	0.00	0.00	0.00	0.00	0.00	0.00	0.00	0.00	0.00	0.00	0.00	0.00	0.00	0.00	0.00	0.00	0.00	0.00	0.00	0.00	0.00	0.00	0.00	0.00	16.5	18.5	19.8	34.9	55.5	61.6	206.76	0.201	0.167	0.182	0.328	0.309	0.000	0.8738	1.0000	1.0000	0.4000	1.0000	0.2461	0.31	4.33	4.64	0.07	0.04	0.04	0.04	0.06	0.05	0.01	0.01	0.01	0.08	1.08	3.14	0.0164	0.0035	0.0015	0.0014	0.0008	0.0000	0.0016	0.0006	0.0004	0.0026	0.0127	0.0000	82.69	0.02
1991-07-24	Perennial Ryegrass	0.42	1079.24	0.87	0.94	0.49	1.03	3	1	3.19	650.00	0.00	3.27	2.26	0.00	0.00	0.00	0.00	0.00	0.00	0.00	0.00	0.00	0.00	0.00	0.00	0.00	0.00	0.00	0.00	0.00	0.00	0.00	0.00	0.00	0.00	0.00	0.00	16.2	18.2	19.8	34.1	54.6	60.5	203.55	0.226	0.190	0.202	0.366	0.345	0.000	0.8740	1.0000	1.0000	0.3604	1.0000	0.4219	0.31	4.23	4.55	0.07	0.05	0.05	0.04	0.06	0.05	0.01	0.01	0.01	0.08	1.06	3.06	0.0153	0.0036	0.0015	0.0014	0.0008	0.0000	0.0017	0.0006	0.0005	0.0025	0.0124	0.0000	82.66	0.02
1991-07-25	Perennial Ryegrass	0.41	1071.89	0.87	0.94	0.49	1.03	3	1	3.20	650.00	0.00	3.16	2.19	0.00	0.00	0.00	0.00	0.00	0.00	0.00	0.00	0.00	0.00	0.00	0.00	0.00	0.00	0.00	0.00	0.00	0.00	0.00	0.00	0.00	0.00	0.00	0.00	15.9	18.1	19.8	34.0	53.8	59.7	201.28	0.143	0.120	0.132	0.227	0.217	0.000	0.8743	0.7504	1.0000	0.3450	1.0000	0.3825	0.31	4.17	4.48	0.05	0.05	0.05	0.04	0.06	0.05	0.01	0.01	0.02	0.08	1.04	3.01	0.0118	0.0034	0.0014	0.0012	0.0006	0.0000	0.0017	0.0006	0.0005	0.0023	0.0099	0.0000	82.67	0.02
1991-07-26	Perennial Ryegrass	0.41	1070.95	0.87	0.94	0.49	1.03	3	1	3.20	650.00	0.00	2.55	1.76	0.00	0.00	0.00	0.00	0.00	0.00	0.00	0.00	0.00	0.00	0.00	0.00	0.00	0.00	0.00	0.00	0.00	0.00	0.00	0.00	0.00	0.00	0.00	0.00	15.7	17.9	19.7	33.9	53.4	58.8	199.44	0.162	0.139	0.159	0.271	0.248	0.000	0.8746	0.9302	1.0000	0.3037	1.0000	0.3043	0.32	4.13	4.46	0.07	0.05	0.05	0.04	0.06	0.05	0.01	0.01	0.02	0.09	1.04	2.97	0.0135	0.0035	0.0015	0.0012	0.0006	0.0000	0.0017	0.0007	0.0005	0.0025	0.0099	0.0000	82.67	0.02
1991-07-27	Perennial Ryegrass	0.42	1073.73	0.87	0.94	0.49	1.03	3	1	3.20	650.00	0.00	2.50	1.73	0.00	0.00	0.00	0.00	0.00	0.00	0.00	0.00	0.00	0.00	0.00	0.00	0.00	0.00	0.00	0.00	0.00	0.00	0.00	0.00	0.00	0.00	0.00	0.00	16.0	17.7	19.6	33.6	52.9	58.4	198.25	0.205	0.177	0.207	0.352	0.318	0.000	0.8748	1.0000	1.0000	0.2592	1.0000	0.5062	0.34	4.11	4.45	0.08	0.05	0.05	0.04	0.06	0.05	0.01	0.01	0.02	0.09	1.03	2.95	0.0150	0.0035	0.0016	0.0013	0.0007	0.0000	0.0017	0.0007	0.0006	0.0027	0.0108	0.0000	82.65	0.02
1991-07-28	Perennial Ryegrass	0.41	1067.20	0.88	0.94	0.48	1.03	3	1	3.20	650.00	0.00	2.89	2.00	0.00	0.00	0.00	0.00	0.00	0.00	0.00	0.00	0.00	0.00	0.00	0.00	0.00	0.00	0.00	0.00	0.00	0.00	0.00	0.00	0.00	0.00	0.00	0.00	15.6	17.6	19.5	33.4	52.5	58.1	196.76	0.183	0.144	0.172	0.290	0.261	0.000	0.8750	1.0000	1.0000	0.2613	1.0000	0.4012	0.33	4.10	4.43	0.06	0.05	0.05	0.04	0.06	0.05	0.01	0.01	0.02	0.09	1.02	2.94	0.0134	0.0034	0.0015	0.0012	0.0006	0.0000	0.0019	0.0007	0.0006	0.0026	0.0097	0.0000	82.58	0.02
1991-07-29	Perennial Ryegrass	0.41	1055.06	0.88	0.94	0.48	1.03	3	1	3.21	650.00	0.00	3.70	2.56	0.00	0.00	0.00	0.00	0.00	0.00	0.00	0.00	0.00	0.00	0.00	0.00	0.00	0.00	0.00	0.00	0.00	0.00	0.00	0.00	0.00	0.00	0.00	0.00	15.1	17.3	19.3	33.0	52.0	57.9	194.62	0.306	0.250	0.302	0.509	0.453	0.000	0.8752	1.0000	1.0000	0.2938	1.0000	0.4473	0.31	4.09	4.40	0.04	0.06	0.05	0.04	0.07	0.05	0.01	0.01	0.02	0.10	1.02	2.93	0.0081	0.0037	0.0018	0.0014	0.0008	0.0000	0.0018	0.0008	0.0007	0.0031	0.0129	0.0000	82.57	0.02
1991-07-30	Perennial Ryegrass	0.41	1044.87	0.88	0.94	0.48	1.03	3	1	3.21	650.00	0.00	3.60	2.48	0.00	0.00	0.00	0.00	0.00	0.00	0.00	0.00	0.00	0.00	0.00	0.00	0.00	0.00	0.00	0.00	0.00	0.00	0.00	0.00	0.00	0.00	0.00	0.00	14.9	17.2	19.2	32.8	51.7	57.8	193.49	0.147	0.124	0.153	0.257	0.229	0.000	0.8755	1.0000	1.0000	0.3192	1.0000	0.5412	0.31	4.08	4.39	0.04	0.06	0.05	0.04	0.07	0.05	0.00	0.01	0.02	0.10	1.01	2.93	0.0066	0.0034	0.0015	0.0012	0.0006	0.0000	0.0002	0.0008	0.0006	0.0026	0.0087	0.0000	82.58	0.02
1991-07-31	Perennial Ryegrass	0.41	1040.90	0.88	0.94	0.48	1.03	3	1	3.22	650.00	0.00	2.72	1.88	0.00	0.00	0.00	0.00	0.00	0.00	0.00	0.00	0.00	0.00	0.00	0.00	0.00	0.00	0.00	0.00	0.00	0.00	0.00	0.00	0.00	0.00	0.00	0.00	15.5	17.1	19.2	32.7	51.5	57.6	193.59	0.077	0.067	0.083	0.140	0.124	0.000	0.8759	1.0000	1.0000	0.3032	1.0000	0.9827	0.32	4.08	4.40	0.04	0.06	0.06	0.04	0.07	0.05	0.00	0.02	0.03	0.10	1.01	2.92	0.0062	0.0033	0.0014	0.0011	0.0005	0.0000	0.0002	0.0008	0.0006	0.0023	0.0070	0.0000	82.58	0.02
1991-08-01	Perennial Ryegrass	0.40	1032.86	0.88	0.94	0.48	1.03	3	1	3.22	650.00	0.00	3.78	2.60	0.00	0.00	0.00	0.00	0.00	0.00	0.00	0.00	0.00	0.00	0.00	0.00	0.00	0.00	0.00	0.00	0.00	0.00	0.00	0.00	0.00	0.00	0.00	0.00	15.2	17.0	19.1	32.5	51.2	57.5	192.58	0.135	0.102	0.128	0.216	0.190	0.000	0.8762	1.0000	1.0000	0.3345	1.0000	0.4839	0.33	4.08	4.41	0.04	0.06	0.06	0.05	0.07	0.05	0.00	0.02	0.03	0.11	1.01	2.92	0.0081	0.0035	0.0015	0.0011	0.0005	0.0000	0.0003	0.0009	0.0007	0.0026	0.0079	0.0000	82.51	0.02
1991-08-02	Perennial Ryegrass	0.40	1027.69	0.88	0.94	0.48	1.03	3	1	3.22	650.00	0.00	3.22	2.22	0.00	0.00	0.00	0.00	0.00	0.00	0.00	0.00	0.00	0.00	0.00	0.00	0.00	0.00	0.00	0.00	0.00	0.00	0.00	0.00	0.00	0.00	0.00	0.00	14.8	16.9	19.0	32.3	50.9	57.4	191.42	0.143	0.112	0.141	0.237	0.209	0.000	0.8766	0.7882	1.0000	0.3336	1.0000	0.3702	0.35	4.09	4.44	0.06	0.07	0.06	0.05	0.07	0.05	0.00	0.02	0.03	0.11	1.01	2.92	0.0103	0.0036	0.0016	0.0012	0.0005	0.0000	0.0007	0.0010	0.0008	0.0026	0.0081	0.0000	82.50	0.02
1991-08-03	Perennial Ryegrass	0.40	1021.05	0.88	0.94	0.48	1.03	3	1	3.23	650.00	0.00	3.61	2.48	0.00	0.00	0.00	0.00	0.00	0.00	0.00	0.00	0.00	0.00	0.00	0.00	0.00	0.00	0.00	0.00	0.00	0.00	0.00	0.00	0.00	0.00	0.00	0.00	14.3	16.7	18.8	32.0	50.5	57.3	189.60	0.238	0.196	0.250	0.420	0.368	0.000	0.8768	1.0000	1.0000	0.3592	1.0000	0.2825	0.37	4.09	4.45	0.07	0.07	0.06	0.05	0.07	0.05	0.01	0.02	0.03	0.11	1.00	2.91	0.0114	0.0039	0.0019	0.0014	0.0007	0.0000	0.0010	0.0012	0.0009	0.0032	0.0108	0.0000	82.52	0.02
1991-08-04	Perennial Ryegrass	0.40	1025.73	0.88	0.94	0.48	1.03	3	1	3.23	650.00	0.00	4.90	3.37	0.00	0.00	0.00	0.00	0.00	0.00	0.00	0.00	0.00	0.00	0.00	0.00	0.00	0.00	0.00	0.00	0.00	0.00	0.00	0.00	0.00	0.00	0.00	0.00	17.4	17.3	18.5	31.5	50.0	57.1	191.77	0.300	0.261	0.337	0.569	0.501	0.000	0.8771	1.0000	1.0000	0.4563	1.0000	0.2848	0.36	4.08	4.44	0.06	0.07	0.06	0.05	0.07	0.05	0.00	0.02	0.03	0.11	1.00	2.91	0.0086	0.0042	0.0022	0.0016	0.0009	0.0000	0.0004	0.0014	0.0011	0.0036	0.0136	0.0000	82.51	0.02
1991-08-05	Perennial Ryegrass	0.41	1061.99	0.88	0.94	0.48	1.03	4	1	3.24	650.00	0.00	5.59	3.84	0.00	0.00	0.00	0.00	0.00	0.00	0.00	0.00	0.00	0.00	0.00	0.00	0.00	0.00	0.00	0.00	0.00	0.00	0.00	0.00	0.00	0.00	0.00	0.00	28.7	22.6	20.4	31.5	49.5	57.0	209.61	0.516	0.299	0.318	0.538	0.479	0.000	0.8775	1.0000	0.9517	0.5028	1.0000	0.8862	0.36	4.08	4.43	0.05	0.08	0.06	0.05	0.07	0.05	0.00	0.03	0.04	0.12	0.99	2.91	0.0136	0.0049	0.0021	0.0015	0.0009	0.0000	0.0007	0.0016	0.0012	0.0035	0.0130	0.0000	82.02	0.02
1991-08-06	Perennial Ryegrass	0.41	1052.36	0.88	0.93	0.44	1.03	4	1	3.25	650.00	0.00	8.00	5.50	0.00	0.00	0.00	0.00	0.00	0.00	0.00	0.00	0.00	0.00	0.00	0.00	0.00	0.00	0.00	0.00	0.00	0.00	0.00	0.00	0.00	0.00	0.00	0.00	23.0	23.5	21.9	32.8	49.2	56.9	207.31	0.777	0.399	0.265	0.322	0.273	0.000	0.8782	1.0000	1.0000	0.5049	1.0000	0.3634	0.32	4.08	4.39	0.01	0.07	0.07	0.05	0.07	0.05	0.00	0.02	0.04	0.12	0.99	2.90	0.0573	0.0126	0.0025	0.0013	0.0006	0.0000	0.0030	0.0040	0.0015	0.0030	0.0086	0.0000	81.00	0.02
1991-08-07	Perennial Ryegrass	0.42	1081.47	0.88	0.93	0.45	1.03	4	1	3.26	650.00	0.00	6.84	4.71	0.00	0.00	0.00	0.00	0.00	0.00	0.00	0.00	0.00	0.00	0.00	0.00	0.00	0.00	0.00	0.00	0.00	0.00	0.00	0.00	0.00	0.00	0.00	0.00	24.7	24.7	23.2	34.5	49.3	56.7	213.25	0.605	0.493	0.368	0.414	0.300	0.000	0.8790	1.0000	1.0000	0.5126	1.0000	0.3448	0.34	4.08	4.41	0.03	0.06	0.07	0.05	0.07	0.05	0.00	0.02	0.04	0.12	0.99	2.90	0.0306	0.0139	0.0034	0.0015	0.0006	0.0000	0.0016	0.0042	0.0021	0.0036	0.0091	0.0000	80.67	0.02
1991-08-08	Perennial Ryegrass	0.42	1078.01	0.88	0.93	0.43	1.03	4	1	3.26	650.00	0.00	5.91	4.06	0.00	0.00	0.00	0.00	0.00	0.00	0.00	0.00	0.00	0.00	0.00	0.00	0.00	0.00	0.00	0.00	0.00	0.00	0.00	0.00	0.00	0.00	0.00	0.00	21.2	24.0	23.8	35.9	50.4	56.6	211.95	0.376	0.298	0.235	0.263	0.165	0.000	0.8796	1.0000	1.0000	0.4392	1.0000	0.3132	0.32	4.08	4.40	0.03	0.05	0.07	0.05	0.07	0.05	0.00	0.02	0.04	0.12	1.00	2.90	0.0377	0.0145	0.0037	0.0015	0.0005	0.0000	0.0027	0.0042	0.0023	0.0036	0.0068	0.0000	80.14	0.02
1991-08-09	Perennial Ryegrass	0.42	1072.66	0.88	0.93	0.43	1.03	4	1	3.27	650.00	0.00	4.65	3.19	0.00	0.00	0.00	0.00	0.00	0.00	0.00	0.00	0.00	0.00	0.00	0.00	0.00	0.00	0.00	0.00	0.00	0.00	0.00	0.00	0.00	0.00	0.00	0.00	19.1	22.9	23.8	36.7	52.0	56.5	210.96	0.156	0.154	0.137	0.160	0.099	0.000	0.8800	0.6903	1.0000	0.4179	1.0000	0.4369	0.32	4.07	4.39	0.03	0.05	0.06	0.05	0.07	0.05	0.00	0.01	0.04	0.12	1.01	2.89	0.0186	0.0112	0.0039	0.0016	0.0004	0.0000	0.0007	0.0031	0.0023	0.0037	0.0062	0.0000	79.93	0.02
1991-08-10	Perennial Ryegrass	0.41	1066.60	0.88	0.93	0.42	1.03	4	1	3.27	650.00	0.00	3.85	2.64	0.00	0.00	0.00	0.00	0.00	0.00	0.00	0.00	0.00	0.00	0.00	0.00	0.00	0.00	0.00	0.00	0.00	0.00	0.00	0.00	0.00	0.00	0.00	0.00	17.7	21.7	23.2	37.0	53.7	56.5	209.84	0.144	0.156	0.155	0.193	0.127	0.000	0.8804	0.6529	1.0000	0.4160	1.0000	0.3647	0.32	4.07	4.39	0.03	0.05	0.06	0.05	0.07	0.05	0.00	0.01	0.04	0.12	1.01	2.89	0.0134	0.0085	0.0038	0.0018	0.0005	0.0000	0.0005	0.0023	0.0021	0.0039	0.0072	0.0000	79.96	0.02
1991-08-11	Perennial Ryegrass	0.41	1060.05	0.88	0.93	0.42	1.03	4	1	3.28	650.00	0.00	3.63	2.49	0.00	0.00	0.00	0.00	0.00	0.00	0.00	0.00	0.00	0.00	0.00	0.00	0.00	0.00	0.00	0.00	0.00	0.00	0.00	0.00	0.00	0.00	0.00	0.00	17.0	20.5	22.4	36.7	54.6	57.0	208.26	0.220	0.246	0.263	0.354	0.255	0.000	0.8807	1.0000	1.0000	0.4000	1.0000	0.3551	0.32	4.06	4.38	0.04	0.05	0.06	0.05	0.07	0.05	0.00	0.01	0.04	0.11	1.00	2.91	0.0108	0.0067	0.0036	0.0019	0.0007	0.0000	0.0006	0.0017	0.0020	0.0042	0.0097	0.0000	79.98	0.02
1991-08-12	Perennial Ryegrass	0.41	1052.72	0.88	0.93	0.42	1.03	4	1	3.28	650.00	0.00	4.23	2.90	0.00	0.00	0.00	0.00	0.00	0.00	0.00	0.00	0.00	0.00	0.00	0.00	0.00	0.00	0.00	0.00	0.00	0.00	0.00	0.00	0.00	0.00	0.00	0.00	16.5	19.1	21.3	35.8	54.6	57.8	204.99	0.453	0.488	0.544	0.790	0.615	0.000	0.8810	1.0000	1.0000	0.4080	1.0000	0.2389	0.32	4.05	4.37	0.04	0.05	0.06	0.05	0.07	0.06	0.00	0.01	0.03	0.11	0.97	2.92	0.0101	0.0059	0.0037	0.0023	0.0011	0.0000	0.0003	0.0015	0.0020	0.0049	0.0157	0.0000	80.02	0.02
1991-08-13	Perennial Ryegrass	0.41	1045.37	0.88	0.93	0.42	1.03	4	1	3.28	650.00	0.00	4.68	3.21	0.00	0.00	0.00	0.00	0.00	0.00	0.00	0.00	0.00	0.00	0.00	0.00	0.00	0.00	0.00	0.00	0.00	0.00	0.00	0.00	0.00	0.00	0.00	0.00	15.9	18.5	20.4	35.0	54.3	58.2	202.27	0.347	0.329	0.390	0.611	0.509	0.000	0.8813	1.0000	1.0000	0.4519	1.0000	0.2451	0.33	4.04	4.36	0.05	0.05	0.06	0.05	0.07	0.06	0.00	0.01	0.03	0.10	0.96	2.93	0.0110	0.0046	0.0029	0.0020	0.0010	0.0000	0.0004	0.0012	0.0016	0.0041	0.0135	0.0000	80.06	0.02
1991-08-14	Perennial Ryegrass	0.41	1040.13	0.88	0.93	0.42	1.03	4	1	3.29	650.00	0.00	4.40	3.01	0.00	0.00	0.00	0.00	0.00	0.00	0.00	0.00	0.00	0.00	0.00	0.00	0.00	0.00	0.00	0.00	0.00	0.00	0.00	0.00	0.00	0.00	0.00	0.00	16.2	18.2	19.7	34.2	53.7	58.2	200.24	0.375	0.351	0.406	0.677	0.589	0.000	0.8816	1.0000	1.0000	0.4454	1.0000	0.2348	0.34	4.02	4.36	0.05	0.05	0.06	0.05	0.07	0.06	0.00	0.01	0.04	0.10	0.94	2.92	0.0108	0.0044	0.0027	0.0020	0.0011	0.0000	0.0005	0.0012	0.0015	0.0040	0.0147	0.0000	80.10	0.02
1991-08-15	Perennial Ryegrass	0.40	1034.52	0.88	0.93	0.42	1.03	4	1	3.29	650.00	0.00	4.42	3.03	0.00	0.00	0.00	0.00	0.00	0.00	0.00	0.00	0.00	0.00	0.00	0.00	0.00	0.00	0.00	0.00	0.00	0.00	0.00	0.00	0.00	0.00	0.00	0.00	16.7	18.0	19.6	33.8	53.1	58.0	199.20	0.291	0.242	0.268	0.470	0.421	0.000	0.8819	1.0000	1.0000	0.4450	1.0000	0.3801	0.34	4.01	4.35	0.05	0.06	0.06	0.05	0.07	0.06	0.00	0.02	0.04	0.10	0.94	2.92	0.0109	0.0041	0.0022	0.0017	0.0009	0.0000	0.0005	0.0011	0.0013	0.0035	0.0116	0.0000	80.03	0.02
1991-08-16	Perennial Ryegrass	0.40	1030.71	0.88	0.93	0.42	1.03	4	1	3.30	650.00	0.00	3.35	2.29	0.00	0.00	0.00	0.00	0.00	0.00	0.00	0.00	0.00	0.00	0.00	0.00	0.00	0.00	0.00	0.00	0.00	0.00	0.00	0.00	0.00	0.00	0.00	0.00	16.2	17.8	19.5	33.6	52.7	57.9	197.83	0.186	0.139	0.155	0.269	0.240	0.000	0.8823	0.6526	1.0000	0.3960	1.0000	0.3129	0.36	4.01	4.37	0.07	0.06	0.06	0.05	0.07	0.06	0.00	0.02	0.04	0.11	0.93	2.91	0.0159	0.0039	0.0019	0.0014	0.0007	0.0000	0.0011	0.0011	0.0011	0.0030	0.0086	0.0000	79.94	0.02
1991-08-17	Perennial Ryegrass	0.40	1028.33	0.88	0.93	0.42	1.03	4	1	3.30	650.00	0.00	3.00	2.05	0.00	0.00	0.00	0.00	0.00	0.00	0.00	0.00	0.00	0.00	0.00	0.00	0.00	0.00	0.00	0.00	0.00	0.00	0.00	0.00	0.00	0.00	0.00	0.00	15.8	17.7	19.5	33.4	52.4	57.8	196.52	0.165	0.129	0.147	0.253	0.224	0.000	0.8825	0.5855	1.0000	0.3651	1.0000	0.3496	0.38	4.02	4.40	0.08	0.06	0.07	0.05	0.07	0.06	0.01	0.02	0.04	0.11	0.93	2.91	0.0184	0.0039	0.0019	0.0014	0.0006	0.0000	0.0015	0.0012	0.0012	0.0030	0.0082	0.0000	79.92	0.02
1991-08-18	Perennial Ryegrass	0.40	1022.55	0.88	0.93	0.41	1.03	4	1	3.30	650.00	0.00	3.61	2.47	0.00	0.00	0.00	0.00	0.00	0.00	0.00	0.00	0.00	0.00	0.00	0.00	0.00	0.00	0.00	0.00	0.00	0.00	0.00	0.00	0.00	0.00	0.00	0.00	15.1	17.4	19.3	32.9	51.8	57.6	194.20	0.328	0.267	0.313	0.532	0.467	0.000	0.8827	0.9750	1.0000	0.3654	1.0000	0.2283	0.39	4.01	4.40	0.08	0.06	0.07	0.05	0.07	0.06	0.01	0.02	0.04	0.11	0.92	2.91	0.0177	0.0043	0.0023	0.0017	0.0009	0.0000	0.0019	0.0014	0.0015	0.0037	0.0119	0.0000	79.94	0.02
1991-08-19	Perennial Ryegrass	0.40	1017.45	0.88	0.93	0.41	1.03	4	1	3.30	650.00	0.00	3.41	2.33	0.00	0.00	0.00	0.00	0.00	0.00	0.00	0.00	0.00	0.00	0.00	0.00	0.00	0.00	0.00	0.00	0.00	0.00	0.00	0.00	0.00	0.00	0.00	0.00	14.6	17.1	19.0	32.5	51.3	57.5	192.12	0.286	0.246	0.294	0.500	0.440	0.000	0.8830	0.9037	1.0000	0.3773	1.0000	0.2465	0.40	4.01	4.41	0.09	0.07	0.07	0.05	0.07	0.06	0.01	0.02	0.04	0.11	0.92	2.90	0.0167	0.0042	0.0022	0.0016	0.0009	0.0000	0.0021	0.0014	0.0015	0.0036	0.0113	0.0000	79.96	0.02
1991-08-20	Perennial Ryegrass	0.40	1023.65	0.88	0.93	0.42	1.03	4	1	3.31	650.00	0.00	4.14	2.83	0.00	0.00	0.00	0.00	0.00	0.00	0.00	0.00	0.00	0.00	0.00	0.00	0.00	0.00	0.00	0.00	0.00	0.00	0.00	0.00	0.00	0.00	0.00	0.00	18.1	18.1	18.8	32.0	50.7	57.4	194.97	0.325	0.290	0.353	0.600	0.531	0.000	0.8832	1.0000	1.0000	0.4330	1.0000	0.2706	0.38	4.01	4.39	0.07	0.07	0.07	0.05	0.07	0.06	0.01	0.02	0.05	0.12	0.91	2.90	0.0119	0.0043	0.0024	0.0017	0.0010	0.0000	0.0021	0.0015	0.0016	0.0039	0.0130	0.0000	79.95	0.02
1991-08-21	Perennial Ryegrass	0.40	1018.58	0.88	0.93	0.40	1.03	4	1	3.31	650.00	0.00	3.80	2.60	0.00	0.00	0.00	0.00	0.00	0.00	0.00	0.00	0.00	0.00	0.00	0.00	0.00	0.00	0.00	0.00	0.00	0.00	0.00	0.00	0.00	0.00	0.00	0.00	17.6	18.7	18.8	31.9	50.5	57.3	194.83	0.137	0.086	0.081	0.138	0.123	0.000	0.8835	1.0000	1.0000	0.3978	1.0000	0.3180	0.38	4.01	4.39	0.07	0.07	0.07	0.05	0.07	0.06	0.01	0.03	0.05	0.12	0.91	2.89	0.0208	0.0046	0.0016	0.0011	0.0005	0.0000	0.0037	0.0017	0.0011	0.0025	0.0060	0.0000	79.57	0.02
1991-08-22	Perennial Ryegrass	0.40	1016.98	0.88	0.93	0.40	1.03	4	1	3.32	650.00	0.00	4.30	2.94	0.00	0.00	0.00	0.00	0.00	0.00	0.00	0.00	0.00	0.00	0.00	0.00	0.00	0.00	0.00	0.00	0.00	0.00	0.00	0.00	0.00	0.00	0.00	0.00	18.0	19.2	19.0	31.5	50.1	57.1	194.92	0.405	0.301	0.256	0.426	0.379	0.000	0.8838	1.0000	1.0000	0.4012	1.0000	0.2870	0.37	4.01	4.38	0.06	0.07	0.07	0.05	0.07	0.06	0.01	0.03	0.05	0.12	0.91	2.89	0.0170	0.0060	0.0021	0.0015	0.0008	0.0000	0.0034	0.0023	0.0015	0.0034	0.0099	0.0000	79.38	0.02
1991-08-23	Perennial Ryegrass	0.40	1018.80	0.88	0.93	0.40	1.03	4	1	3.32	650.00	0.00	5.28	3.60	0.00	0.00	0.00	0.00	0.00	0.00	0.00	0.00	0.00	0.00	0.00	0.00	0.00	0.00	0.00	0.00	0.00	0.00	0.00	0.00	0.00	0.00	0.00	0.00	19.1	19.8	19.6	31.1	49.6	57.0	196.22	0.557	0.431	0.353	0.542	0.484	0.000	0.8841	1.0000	1.0000	0.4606	1.0000	0.3187	0.37	4.00	4.36	0.05	0.07	0.07	0.05	0.07	0.06	0.00	0.03	0.06	0.12	0.90	2.89	0.0161	0.0069	0.0025	0.0016	0.0009	0.0000	0.0008	0.0027	0.0019	0.0037	0.0120	0.0000	79.19	0.02
1991-08-24	Perennial Ryegrass	0.40	1013.60	0.88	0.93	0.39	1.03	4	1	3.32	650.00	0.00	4.05	2.77	0.00	0.00	0.00	0.00	0.00	0.00	0.00	0.00	0.00	0.00	0.00	0.00	0.00	0.00	0.00	0.00	0.00	0.00	0.00	0.00	0.00	0.00	0.00	0.00	17.6	19.8	20.0	31.1	49.3	56.9	194.66	0.308	0.230	0.191	0.250	0.224	0.000	0.8845	0.8138	1.0000	0.4108	1.0000	0.2810	0.37	4.00	4.37	0.06	0.07	0.07	0.05	0.07	0.06	0.00	0.03	0.06	0.12	0.90	2.88	0.0220	0.0071	0.0022	0.0012	0.0006	0.0000	0.0016	0.0028	0.0017	0.0028	0.0071	0.0000	78.85	0.02
1991-08-25	Perennial Ryegrass	0.39	1004.88	0.89	0.93	0.39	1.03	4	1	3.33	650.00	0.00	3.99	2.72	0.00	0.00	0.00	0.00	0.00	0.00	0.00	0.00	0.00	0.00	0.00	0.00	0.00	0.00	0.00	0.00	0.00	0.00	0.00	0.00	0.00	0.00	0.00	0.00	16.7	19.2	20.0	31.1	49.1	56.7	192.81	0.314	0.280	0.248	0.306	0.268	0.000	0.8848	0.7400	1.0000	0.4164	1.0000	0.2816	0.37	4.00	4.37	0.05	0.07	0.07	0.05	0.07	0.06	0.01	0.03	0.06	0.13	0.90	2.88	0.0149	0.0070	0.0025	0.0013	0.0006	0.0000	0.0015	0.0028	0.0020	0.0030	0.0077	0.0000	78.78	0.02
1991-08-26	Perennial Ryegrass	0.39	999.44	0.89	0.93	0.39	1.03	4	1	3.33	650.00	0.00	3.62	2.47	0.00	0.00	0.00	0.00	0.00	0.00	0.00	0.00	0.00	0.00	0.00	0.00	0.00	0.00	0.00	0.00	0.00	0.00	0.00	0.00	0.00	0.00	0.00	0.00	16.2	18.7	19.8	30.9	48.8	56.6	190.95	0.290	0.271	0.260	0.320	0.275	0.000	0.8850	0.5963	1.0000	0.4198	1.0000	0.3137	0.38	4.00	4.38	0.06	0.07	0.07	0.05	0.07	0.06	0.01	0.03	0.06	0.13	0.90	2.87	0.0160	0.0064	0.0025	0.0013	0.0006	0.0000	0.0018	0.0026	0.0021	0.0031	0.0078	0.0000	78.81	0.02
1991-08-27	Perennial Ryegrass	0.40	1027.01	0.89	0.93	0.39	1.03	4	1	3.33	650.00	0.00	3.78	2.57	0.00	0.00	0.00	0.00	0.00	0.00	0.00	0.00	0.00	0.00	0.00	0.00	0.00	0.00	0.00	0.00	0.00	0.00	0.00	0.00	0.00	0.00	0.00	0.00	23.8	21.5	20.6	31.2	48.4	56.5	201.96	0.432	0.396	0.405	0.506	0.432	0.000	0.8853	1.0000	1.0000	0.4177	1.0000	0.1975	0.39	4.00	4.39	0.07	0.07	0.07	0.05	0.07	0.06	0.01	0.03	0.06	0.13	0.90	2.87	0.0169	0.0061	0.0029	0.0016	0.0009	0.0000	0.0019	0.0024	0.0025	0.0038	0.0109	0.0000	78.77	0.02
1991-08-28	Perennial Ryegrass	0.40	1011.25	0.89	0.93	0.37	1.03	4	1	3.34	650.00	0.00	5.29	3.60	0.00	0.00	0.00	0.00	0.00	0.00	0.00	0.00	0.00	0.00	0.00	0.00	0.00	0.00	0.00	0.00	0.00	0.00	0.00	0.00	0.00	0.00	0.00	0.00	20.5	21.8	21.4	32.2	48.2	56.4	200.46	0.440	0.269	0.210	0.238	0.189	0.000	0.8855	1.0000	1.0000	0.4458	1.0000	0.6476	0.34	3.99	4.34	0.03	0.07	0.07	0.05	0.07	0.06	0.00	0.03	0.06	0.13	0.90	2.87	0.0298	0.0093	0.0026	0.0012	0.0005	0.0000	0.0019	0.0036	0.0022	0.0030	0.0062	0.0000	78.14	0.02
1991-08-29	Perennial Ryegrass	0.40	1016.54	0.89	0.93	0.37	1.03	4	1	3.35	650.00	0.00	4.47	3.04	0.00	0.00	0.00	0.00	0.00	0.00	0.00	0.00	0.00	0.00	0.00	0.00	0.00	0.00	0.00	0.00	0.00	0.00	0.00	0.00	0.00	0.00	0.00	0.00	20.1	21.9	21.8	33.3	48.0	56.2	201.39	0.401	0.338	0.281	0.317	0.223	0.000	0.8860	1.0000	1.0000	0.4295	1.0000	0.2862	0.35	3.99	4.34	0.04	0.06	0.07	0.05	0.07	0.06	0.00	0.02	0.06	0.14	0.90	2.86	0.0207	0.0097	0.0031	0.0014	0.0005	0.0000	0.0009	0.0036	0.0026	0.0036	0.0067	0.0000	77.93	0.02
1991-08-30	Perennial Ryegrass	0.40	1028.25	0.89	0.93	0.36	1.03	4	1	3.35	650.00	0.00	4.13	2.81	0.00	0.00	0.00	0.00	0.00	0.00	0.00	0.00	0.00	0.00	0.00	0.00	0.00	0.00	0.00	0.00	0.00	0.00	0.00	0.00	0.00	0.00	0.00	0.00	21.9	22.6	22.4	34.5	48.2	56.1	205.73	0.376	0.331	0.292	0.347	0.214	0.000	0.8864	1.0000	1.0000	0.3910	1.0000	0.3163	0.34	3.99	4.33	0.04	0.06	0.07	0.05	0.07	0.06	0.00	0.02	0.06	0.14	0.90	2.86	0.0173	0.0091	0.0034	0.0016	0.0005	0.0000	0.0007	0.0032	0.0027	0.0040	0.0066	0.0000	77.72	0.02
1991-08-31	Perennial Ryegrass	0.40	1021.54	0.89	0.93	0.35	1.03	4	1	3.35	650.00	0.00	4.39	2.98	0.00	0.00	0.00	0.00	0.00	0.00	0.00	0.00	0.00	0.00	0.00	0.00	0.00	0.00	0.00	0.00	0.00	0.00	0.00	0.00	0.00	0.00	0.00	0.00	19.1	22.0	22.4	35.2	48.8	56.0	203.55	0.458	0.371	0.323	0.397	0.225	0.000	0.8867	1.0000	1.0000	0.3726	1.0000	0.2479	0.33	3.98	4.31	0.03	0.05	0.07	0.05	0.07	0.06	0.00	0.02	0.06	0.14	0.91	2.86	0.0210	0.0098	0.0036	0.0018	0.0005	0.0000	0.0008	0.0033	0.0029	0.0045	0.0068	0.0000	77.30	0.02
1991-09-01	Perennial Ryegrass	0.40	1014.31	0.89	0.93	0.35	1.03	4	1	3.38	650.00	0.00	40.73	27.71	0.00	0.00	0.00	0.00	0.00	0.00	0.00	0.00	0.00	0.00	0.00	0.00	0.00	0.00	0.00	0.00	0.00	0.00	0.00	0.00	0.00	0.00	0.00	0.00	17.4	20.9	22.0	35.5	49.6	55.9	201.38	0.354	0.351	0.330	0.426	0.242	0.000	0.8869	0.9199	1.0000	0.3694	1.0000	1.0000	0.34	44.58	44.93	0.04	0.05	0.07	0.05	0.07	0.06	38.63	1.85	0.18	0.15	0.91	2.85	0.0099	0.0057	0.0025	0.0013	0.0004	0.0000	9.1806	0.1883	0.0066	0.0035	0.0051	0.0000	77.84	0.02
1991-09-02	Perennial Ryegrass	0.40	1009.22	0.89	0.93	0.35	1.03	4	1	3.41	650.00	0.00	26.44	18.00	0.00	0.00	0.00	0.00	0.00	0.00	0.00	0.00	0.00	0.00	0.00	0.00	0.00	0.00	0.00	0.00	0.00	0.00	0.00	0.00	0.00	0.00	0.00	0.00	16.8	19.8	21.5	35.4	50.3	55.8	199.58	0.244	0.261	0.264	0.365	0.218	0.000	0.8892	0.7142	1.0000	0.3690	1.0000	1.0000	0.37	44.04	44.41	0.06	0.06	0.07	0.05	0.07	0.06	37.74	2.10	0.26	0.16	0.92	2.85	0.0009	0.0004	0.0002	0.0001	0.0000	0.0000	0.5453	0.0153	0.0008	0.0003	0.0005	0.0000	78.39	0.02
1991-09-03	Perennial Ryegrass	0.39	993.76	0.89	0.93	0.35	1.03	4	1	3.45	650.00	0.00	46.79	31.88	0.00	0.00	0.00	0.00	0.00	0.00	0.00	0.00	0.00	0.00	0.00	0.00	0.00	0.00	0.00	0.00	0.00	0.00	0.00	0.00	0.00	0.00	0.00	0.00	16.1	18.8	20.5	34.7	50.6	55.8	196.41	0.473	0.476	0.523	0.774	0.493	0.000	0.8907	1.0000	1.0000	0.4433	1.0000	1.0000	0.38	42.34	42.72	0.06	0.06	0.07	0.05	0.07	0.06	36.11	2.00	0.28	0.17	0.93	2.85	0.0027	0.0014	0.0008	0.0005	0.0002	0.0000	1.6443	0.0424	0.0031	0.0015	0.0026	0.0000	79.22	0.02
1991-09-04	Perennial Ryegrass	0.39	978.83	0.90	0.93	0.35	1.04	4	1	3.48	650.00	0.00	38.22	26.08	0.00	0.00	0.00	0.00	0.00	0.00	0.00	0.00	0.00	0.00	0.00	0.00	0.00	0.00	0.00	0.00	0.00	0.00	0.00	0.00	0.00	0.00	0.00	0.00	15.5	18.4	19.9	34.3	50.5	55.7	194.16	0.291	0.274	0.312	0.498	0.342	0.000	0.8937	0.6436	1.0000	0.5237	1.0000	1.0000	0.41	42.15	42.57	0.08	0.07	0.08	0.06	0.07	0.06	35.93	1.98	0.28	0.17	0.94	2.85	0.0004	0.0002	0.0001	0.0001	0.0000	0.0000	0.1867	0.0043	0.0003	0.0002	0.0003	0.0000	80.00	0.02
1991-09-05	Perennial Ryegrass	0.38	957.78	0.90	0.93	0.35	1.04	4	1	3.51	650.00	0.00	34.82	23.78	0.00	0.00	0.00	0.00	0.00	0.00	0.00	0.00	0.00	0.00	0.00	0.00	0.00	0.00	0.00	0.00	0.00	0.00	0.00	0.00	0.00	0.00	0.00	0.00	14.9	18.1	19.7	33.7	50.1	55.6	192.03	0.266	0.262	0.287	0.489	0.346	0.000	0.8958	0.5751	1.0000	0.6361	1.0000	1.0000	0.44	40.36	40.80	0.09	0.08	0.08	0.06	0.07	0.06	34.18	1.92	0.29	0.18	0.95	2.85	0.0050	0.0018	0.0008	0.0006	0.0002	0.0000	1.7542	0.0421	0.0030	0.0018	0.0029	0.0000	80.67	0.02
1991-09-06	Perennial Ryegrass	0.37	935.24	0.90	0.94	0.35	1.04	4	1	3.56	650.00	0.00	53.64	36.65	0.00	0.00	0.00	0.00	0.00	0.00	0.00	0.00	0.00	0.00	0.00	0.00	0.00	0.00	0.00	0.00	0.00	0.00	0.00	0.00	0.00	0.00	0.00	0.00	14.1	17.6	19.4	33.0	49.5	55.5	189.20	0.343	0.354	0.400	0.672	0.483	0.000	0.8981	0.6070	1.0000	0.7366	1.0000	1.0000	0.48	40.07	40.56	0.12	0.09	0.08	0.06	0.07	0.06	33.89	1.91	0.29	0.18	0.95	2.85	0.0011	0.0004	0.0002	0.0001	0.0001	0.0000	0.2955	0.0077	0.0006	0.0004	0.0007	0.0000	81.68	0.02
1991-09-07	Perennial Ryegrass	0.37	915.63	0.90	0.94	0.35	1.04	4	1	3.61	650.00	0.00	57.37	39.25	0.00	0.00	0.00	0.00	0.00	0.00	0.00	0.00	0.00	0.00	0.00	0.00	0.00	0.00	0.00	0.00	0.00	0.00	0.00	0.00	0.00	0.00	0.00	0.00	13.4	17.2	19.1	32.3	49.1	55.4	186.54	0.290	0.324	0.378	0.628	0.462	0.000	0.9012	0.5714	1.0000	0.8085	1.0000	1.0000	0.52	37.55	38.07	0.15	0.10	0.09	0.06	0.07	0.06	31.42	1.84	0.30	0.19	0.96	2.85	0.0122	0.0038	0.0018	0.0012	0.0005	0.0000	2.5022	0.0690	0.0060	0.0036	0.0064	0.0000	82.81	0.02
1991-09-08	Perennial Ryegrass	0.36	894.17	0.91	0.94	0.34	1.04	4	1	3.66	650.00	0.00	41.32	28.31	0.00	0.00	0.00	0.00	0.00	0.00	0.00	0.00	0.00	0.00	0.00	0.00	0.00	0.00	0.00	0.00	0.00	0.00	0.00	0.00	0.00	0.00	0.00	0.00	13.3	17.0	18.9	32.0	48.8	55.3	185.46	0.126	0.157	0.188	0.310	0.233	0.000	0.9044	0.6800	1.0000	0.8528	1.0000	1.0000	0.57	37.61	38.18	0.18	0.11	0.09	0.06	0.08	0.06	31.46	1.84	0.31	0.19	0.97	2.85	0.0000	0.0000	0.0000	0.0000	0.0000	0.0000	0.0000	0.0000	0.0000	0.0000	0.0000	0.0000	83.63	0.02
1991-09-09	Perennial Ryegrass	0.35	873.91	0.91	0.94	0.34	1.04	4	1	3.73	650.00	0.00	78.02	53.49	0.00	0.00	0.00	0.00	0.00	0.00	0.00	0.00	0.00	0.00	0.00	0.00	0.00	0.00	0.00	0.00	0.00	0.00	0.00	0.00	0.00	0.00	0.00	0.00	12.8	16.7	18.6	31.4	48.4	55.2	183.17	0.228	0.275	0.337	0.554	0.420	0.000	0.9073	0.8395	1.0000	0.8844	1.0000	1.0000	0.58	34.66	35.23	0.18	0.11	0.09	0.06	0.08	0.06	28.58	1.75	0.31	0.20	0.97	2.85	0.0188	0.0058	0.0025	0.0017	0.0007	0.0000	2.9154	0.0861	0.0083	0.0050	0.0087	0.0000	85.07	0.02
1991-09-10	Perennial Ryegrass	0.36	901.47	0.91	0.94	0.35	1.04	4	1	3.77	650.00	0.00	32.68	22.45	0.00	0.00	0.00	0.00	0.00	0.00	0.00	0.00	0.00	0.00	0.00	0.00	0.00	0.00	0.00	0.00	0.00	0.00	0.00	0.00	0.00	0.00	0.00	0.00	26.1	21.2	19.9	31.2	48.0	55.1	201.47	0.172	0.231	0.288	0.475	0.367	0.000	0.9119	1.0000	1.0000	0.8526	1.0000	1.0000	0.65	34.60	35.26	0.24	0.12	0.09	0.07	0.08	0.06	22.99	6.75	0.82	0.21	0.98	2.85	0.0000	0.0000	0.0000	0.0000	0.0000	0.0000	0.0000	0.0000	0.0000	0.0000	0.0000	0.0000	85.77	0.02
1991-09-11	Perennial Ryegrass	0.36	895.79	0.92	0.94	0.33	1.04	4	1	3.84	650.00	0.00	59.42	40.83	0.00	0.00	0.00	0.00	0.00	0.00	0.00	0.00	0.00	0.00	0.00	0.00	0.00	0.00	0.00	0.00	0.00	0.00	0.00	0.00	0.00	0.00	0.00	0.00	22.6	22.5	21.2	31.9	47.7	55.1	200.82	0.953	0.484	0.347	0.439	0.337	0.000	0.9142	1.0000	1.0000	0.8305	1.0000	1.0000	0.65	32.37	33.02	0.23	0.12	0.10	0.07	0.08	0.06	17.25	9.16	1.82	0.30	0.98	2.85	0.0279	0.0024	0.0005	0.0003	0.0001	0.0000	2.0229	0.1724	0.0096	0.0012	0.0013	0.0000	86.11	0.02
1991-09-12	Perennial Ryegrass	0.36	889.22	0.92	0.95	0.32	1.04	4	1	3.88	650.00	0.00	55.32	38.05	0.00	0.00	0.00	0.00	0.00	0.00	0.00	0.00	0.00	0.00	0.00	0.00	0.00	0.00	0.00	0.00	0.00	0.00	0.00	0.00	0.00	0.00	0.00	0.00	19.4	22.1	21.8	33.0	47.5	55.0	198.89	0.431	0.328	0.246	0.275	0.189	0.000	0.9178	0.5917	1.0000	0.7940	1.0000	1.0000	0.68	31.73	32.41	0.25	0.13	0.10	0.07	0.08	0.06	15.02	9.73	2.66	0.48	0.99	2.85	0.0093	0.0015	0.0003	0.0001	0.0000	0.0000	0.5288	0.1085	0.0076	0.0008	0.0005	0.0000	86.92	0.02
1991-09-13	Perennial Ryegrass	0.36	884.71	0.92	0.95	0.32	1.04	4	1	3.94	650.00	0.00	80.63	55.51	0.00	0.00	0.00	0.00	0.00	0.00	0.00	0.00	0.00	0.00	0.00	0.00	0.00	0.00	0.00	0.00	0.00	0.00	0.00	0.00	0.00	0.00	0.00	0.00	17.5	21.1	21.7	34.0	47.3	54.9	196.56	0.425	0.411	0.352	0.407	0.244	0.000	0.9201	0.7807	1.0000	0.7539	1.0000	1.0000	0.66	28.78	29.44	0.24	0.12	0.10	0.07	0.08	0.06	12.08	9.05	3.13	0.67	1.00	2.85	0.0456	0.0096	0.0023	0.0010	0.0003	0.0000	2.1948	0.6859	0.0723	0.0095	0.0035	0.0000	88.45	0.02
1991-09-14	Perennial Ryegrass	0.35	872.89	0.93	0.95	0.32	1.04	4	1	4.01	650.00	0.00	74.55	51.40	0.00	0.00	0.00	0.00	0.00	0.00	0.00	0.00	0.00	0.00	0.00	0.00	0.00	0.00	0.00	0.00	0.00	0.00	0.00	0.00	0.00	0.00	0.00	0.00	16.6	19.8	21.1	34.3	47.3	54.8	193.91	0.434	0.463	0.444	0.569	0.306	0.000	0.9231	0.9228	1.0000	0.7706	1.0000	1.0000	0.64	27.91	28.55	0.22	0.12	0.10	0.07	0.08	0.06	11.37	8.53	3.33	0.83	1.01	2.85	0.0126	0.0034	0.0010	0.0005	0.0001	0.0000	0.6212	0.2294	0.0346	0.0060	0.0017	0.0000	89.93	0.02
1991-09-15	Perennial Ryegrass	0.35	854.31	0.93	0.95	0.32	1.04	4	1	4.07	650.00	0.00	63.54	43.86	0.00	0.00	0.00	0.00	0.00	0.00	0.00	0.00	0.00	0.00	0.00	0.00	0.00	0.00	0.00	0.00	0.00	0.00	0.00	0.00	0.00	0.00	0.00	0.00	17.2	19.4	20.5	34.1	47.2	54.7	193.18	0.460	0.476	0.499	0.707	0.374	0.000	0.9264	0.8552	1.0000	0.8289	1.0000	1.0000	0.55	25.32	25.87	0.14	0.12	0.10	0.07	0.08	0.06	9.16	8.03	3.36	0.92	1.01	2.84	0.0282	0.0101	0.0036	0.0020	0.0006	0.0000	1.7869	0.6724	0.1238	0.0264	0.0071	0.0000	91.21	0.02
1991-09-16	Perennial Ryegrass	0.34	835.24	0.93	0.95	0.31	2.00	5	1	4.17	650.00	0.00	98.82	68.27	0.00	0.00	0.00	0.00	0.00	0.00	0.00	0.00	0.00	0.00	0.00	0.00	0.00	0.00	0.00	0.00	0.00	0.00	0.00	0.00	0.00	0.00	0.00	0.00	17.2	19.3	20.2	33.8	47.0	54.6	192.01	0.503	0.450	0.458	0.695	0.370	0.000	0.9296	1.0000	1.0000	0.8550	1.0000	1.0000	0.51	23.92	24.42	0.09	0.12	0.10	0.07	0.08	0.06	7.80	7.85	3.43	0.97	1.02	2.84	0.0119	0.0056	0.0020	0.0012	0.0003	0.0000	0.9772	0.3648	0.0689	0.0167	0.0043	0.0000	92.97	0.02
1991-09-17	Perennial Ryegrass	0.34	841.59	0.94	0.96	0.31	2.00	5	1	4.23	650.00	0.00	56.28	39.70	0.00	0.00	0.00	0.00	0.00	0.00	0.00	0.00	0.00	0.00	0.00	0.00	0.00	0.00	0.00	0.00	0.00	0.00	0.00	0.00	0.00	0.00	0.00	0.00	20.4	20.5	20.5	33.9	46.8	54.5	196.59	0.343	0.300	0.294	0.462	0.244	0.000	0.9338	1.0000	1.0000	0.8280	1.0000	1.0000	0.48	20.56	21.04	0.08	0.11	0.09	0.07	0.08	0.06	4.76	7.28	3.63	1.03	1.02	2.84	0.0393	0.0150	0.0048	0.0030	0.0007	0.0000	2.1640	0.9776	0.1787	0.0449	0.0095	0.0000	94.03	0.02
1991-09-18	Perennial Ryegrass	0.34	826.06	0.94	0.96	0.30	2.00	5	1	4.30	650.00	0.00	63.35	44.72	0.00	0.00	0.00	0.00	0.00	0.00	0.00	0.00	0.00	0.00	0.00	0.00	0.00	0.00	0.00	0.00	0.00	0.00	0.00	0.00	0.00	0.00	0.00	0.00	18.3	20.3	20.6	33.9	46.6	54.4	194.18	0.656	0.472	0.411	0.616	0.317	0.000	0.9364	1.0000	1.0000	0.8289	1.0000	1.0000	0.43	16.90	17.32	0.04	0.10	0.09	0.06	0.08	0.06	2.13	6.10	3.70	1.11	1.02	2.84	0.0508	0.0182	0.0054	0.0032	0.0009	0.0000	2.2795	1.1191	0.2138	0.0534	0.0110	0.0000	94.89	0.03
1991-09-19	Perennial Ryegrass	0.33	813.14	0.94	0.96	0.30	2.00	5	1	4.38	650.00	0.00	92.98	65.73	0.00	0.00	0.00	0.00	0.00	0.00	0.00	0.00	0.00	0.00	0.00	0.00	0.00	0.00	0.00	0.00	0.00	0.00	0.00	0.00	0.00	0.00	0.00	0.00	17.1	19.8	20.5	34.0	46.4	54.4	192.22	0.405	0.358	0.323	0.478	0.240	0.000	0.9392	1.0000	1.0000	0.8116	1.0000	1.0000	0.49	16.89	17.38	0.09	0.10	0.09	0.06	0.08	0.06	2.03	5.94	3.84	1.21	1.03	2.84	0.0000	0.0000	0.0000	0.0000	0.0000	0.0000	0.0000	0.0000	0.0000	0.0000	0.0000	0.0000	96.67	0.02
1991-09-20	Perennial Ryegrass	0.33	803.86	0.95	0.96	0.30	2.00	5	1	4.45	650.00	0.00	82.96	58.74	0.00	0.00	0.00	0.00	0.00	0.00	0.00	0.00	0.00	0.00	0.00	0.00	0.00	0.00	0.00	0.00	0.00	0.00	0.00	0.00	0.00	0.00	0.00	0.00	16.4	18.8	20.1	33.7	46.2	54.3	189.32	0.497	0.477	0.456	0.690	0.337	0.000	0.9425	0.9075	0.9091	0.7876	1.0000	1.0000	0.45	15.06	15.52	0.07	0.09	0.09	0.06	0.08	0.06	1.39	4.94	3.65	1.22	1.02	2.84	0.0403	0.0163	0.0057	0.0034	0.0009	0.0000	0.7117	0.8423	0.2266	0.0639	0.0117	0.0000	98.41	0.03
1991-09-21	Perennial Ryegrass	0.33	805.26	0.95	0.96	0.30	2.00	5	1	4.52	650.00	0.00	80.50	57.06	0.00	0.00	0.00	0.00	0.00	0.00	0.00	0.00	0.00	0.00	0.00	0.00	0.00	0.00	0.00	0.00	0.00	0.00	0.00	0.00	0.00	0.00	0.00	0.00	20.0	20.0	20.2	33.5	46.0	54.2	193.93	0.385	0.351	0.367	0.580	0.283	0.000	0.9451	1.0000	1.0000	0.7893	1.0000	1.0000	0.41	13.84	14.25	0.05	0.08	0.09	0.06	0.08	0.06	0.86	4.28	3.60	1.23	1.02	2.84	0.0210	0.0121	0.0049	0.0031	0.0008	0.0000	0.3769	0.5860	0.2004	0.0611	0.0106	0.0000	100.05	0.02
1991-09-22	Perennial Ryegrass	0.33	793.42	0.95	0.96	0.29	2.00	5	0	4.58	650.00	0.00	74.17	52.66	0.00	0.00	0.00	0.00	0.00	0.00	0.00	0.00	0.00	0.00	0.00	0.00	0.00	0.00	0.00	0.00	0.00	0.00	0.00	0.00	0.00	0.00	0.00	0.00	17.6	19.9	20.3	33.3	45.8	54.1	190.99	0.631	0.445	0.393	0.594	0.288	0.000	0.9478	0.6551	1.0000	0.7950	1.0000	1.0000	0.39	12.47	12.85	0.03	0.08	0.08	0.06	0.08	0.06	0.36	3.50	3.50	1.25	1.02	2.84	0.0432	0.0149	0.0051	0.0031	0.0008	0.0000	0.4333	0.6557	0.2077	0.0630	0.0107	0.0000	101.24	0.02
1991-09-23	Perennial Ryegrass	0.32	785.54	0.95	0.97	0.29	2.00	5	0	4.65	650.00	0.00	91.18	64.81	0.00	0.00	0.00	0.00	0.00	0.00	0.00	0.00	0.00	0.00	0.00	0.00	0.00	0.00	0.00	0.00	0.00	0.00	0.00	0.00	0.00	0.00	0.00	0.00	16.5	19.0	20.0	33.0	45.5	54.0	188.03	0.531	0.483	0.440	0.650	0.311	0.000	0.9496	0.8287	1.0000	0.7928	1.0000	1.0000	0.39	11.51	11.90	0.05	0.07	0.08	0.06	0.08	0.06	0.23	2.86	3.33	1.24	1.02	2.84	0.0335	0.0137	0.0052	0.0031	0.0009	0.0000	0.1499	0.5382	0.2091	0.0647	0.0112	0.0000	103.04	0.02
1991-09-24	Perennial Ryegrass	0.32	769.60	0.95	0.97	0.29	2.00	5	0	4.70	650.00	0.00	73.67	52.42	0.00	0.00	0.00	0.00	0.00	0.00	0.00	0.00	0.00	0.00	0.00	0.00	0.00	0.00	0.00	0.00	0.00	0.00	0.00	0.00	0.00	0.00	0.00	0.00	15.7	18.4	19.6	32.4	45.3	54.0	185.26	0.453	0.421	0.420	0.629	0.301	0.000	0.9519	0.6460	1.0000	0.8298	1.0000	1.0000	0.40	10.77	11.17	0.06	0.07	0.08	0.06	0.08	0.06	0.15	2.44	3.14	1.19	1.01	2.83	0.0337	0.0111	0.0049	0.0030	0.0008	0.0000	0.0787	0.3870	0.1910	0.0610	0.0110	0.0000	104.61	0.02
1991-09-25	Perennial Ryegrass	0.31	749.27	0.96	0.97	0.29	2.00	5	0	4.75	650.00	0.00	48.53	34.59	0.00	0.00	0.00	0.00	0.00	0.00	0.00	0.00	0.00	0.00	0.00	0.00	0.00	0.00	0.00	0.00	0.00	0.00	0.00	0.00	0.00	0.00	0.00	0.00	16.1	18.0	19.3	31.8	45.1	53.9	184.13	0.340	0.322	0.335	0.507	0.250	0.000	0.9537	0.6180	1.0000	0.8817	1.0000	1.0000	0.41	10.19	10.61	0.08	0.07	0.08	0.06	0.08	0.06	0.08	2.15	2.98	1.14	1.01	2.83	0.0361	0.0098	0.0044	0.0027	0.0008	0.0000	0.0357	0.2948	0.1621	0.0532	0.0101	0.0000	105.64	0.02
1991-09-26	Perennial Ryegrass	0.32	759.34	0.96	0.97	0.29	2.00	5	0	4.81	650.00	0.00	52.46	37.49	0.00	0.00	0.00	0.00	0.00	0.00	0.00	0.00	0.00	0.00	0.00	0.00	0.00	0.00	0.00	0.00	0.00	0.00	0.00	0.00	0.00	0.00	0.00	0.00	25.9	21.9	20.5	31.8	44.9	53.8	198.86	0.426	0.349	0.370	0.557	0.284	0.000	0.9551	1.0000	1.0000	0.8796	1.0000	1.0000	0.40	9.74	10.15	0.07	0.07	0.08	0.06	0.07	0.06	0.05	1.75	2.93	1.17	1.01	2.83	0.0352	0.0093	0.0043	0.0026	0.0008	0.0000	0.0225	0.2266	0.1587	0.0546	0.0107	0.0000	106.59	0.02
1991-09-27	Perennial Ryegrass	0.31	741.78	0.96	0.97	0.27	2.00	5	0	4.91	650.00	0.00	105.23	75.33	0.00	0.00	0.00	0.00	0.00	0.00	0.00	0.00	0.00	0.00	0.00	0.00	0.00	0.00	0.00	0.00	0.00	0.00	0.00	0.00	0.00	0.00	0.00	0.00	20.8	22.3	21.4	32.5	44.7	53.7	195.38	1.100	0.614	0.449	0.551	0.271	0.000	0.9569	1.0000	1.0000	0.8958	1.0000	1.0000	0.32	9.08	9.40	0.00	0.06	0.08	0.05	0.07	0.06	0.00	1.20	2.76	1.28	1.01	2.83	0.1149	0.0199	0.0054	0.0027	0.0008	0.0000	0.0241	0.3849	0.1911	0.0605	0.0104	0.0000	108.06	0.02
1991-09-28	Perennial Ryegrass	0.31	742.55	0.96	0.97	0.27	2.01	5	0	4.98	650.00	0.00	98.73	70.85	0.00	0.00	0.00	0.00	0.00	0.00	0.00	0.00	0.00	0.00	0.00	0.00	0.00	0.00	0.00	0.00	0.00	0.00	0.00	0.00	0.00	0.00	0.00	0.00	17.9	21.2	21.5	33.2	44.5	53.6	191.97	0.754	0.649	0.518	0.601	0.267	0.000	0.9595	0.7652	1.0000	0.9111	1.0000	1.0000	0.34	8.52	8.87	0.03	0.05	0.07	0.05	0.07	0.06	0.00	0.81	2.48	1.38	1.01	2.84	0.0930	0.0196	0.0064	0.0029	0.0008	0.0000	0.0092	0.2952	0.2100	0.0717	0.0105	0.0000	110.10	0.02
1991-09-29	Perennial Ryegrass	0.31	734.94	0.96	0.97	0.27	2.01	6	0	5.05	650.00	0.00	77.41	55.72	0.00	0.00	0.00	0.00	0.00	0.00	0.00	0.00	0.00	0.00	0.00	0.00	0.00	0.00	0.00	0.00	0.00	0.00	0.00	0.00	0.00	0.00	0.00	0.00	16.4	19.9	21.0	33.6	44.4	53.6	188.77	0.552	0.576	0.523	0.644	0.261	0.000	0.9616	0.6018	0.9887	0.9314	1.0000	1.0000	0.37	8.09	8.46	0.07	0.05	0.07	0.05	0.07	0.06	0.01	0.60	2.22	1.41	1.01	2.84	0.0658	0.0152	0.0065	0.0032	0.0008	0.0000	0.0066	0.1766	0.1947	0.0807	0.0104	0.0000	111.78	0.02
1991-09-30	Perennial Ryegrass	0.30	719.50	0.96	0.97	0.27	2.01	6	0	5.09	650.00	0.00	55.34	39.98	0.00	0.00	0.00	0.00	0.00	0.00	0.00	0.00	0.00	0.00	0.00	0.00	0.00	0.00	0.00	0.00	0.00	0.00	0.00	0.00	0.00	0.00	0.00	0.00	15.6	18.8	20.4	33.5	44.3	53.5	186.05	0.387	0.412	0.419	0.568	0.218	0.000	0.9632	0.4617	1.0000	0.9529	1.0000	1.0000	0.38	7.76	8.14	0.08	0.05	0.07	0.05	0.07	0.06	0.01	0.48	2.03	1.39	1.01	2.84	0.0537	0.0117	0.0057	0.0032	0.0007	0.0000	0.0055	0.1046	0.1586	0.0802	0.0097	0.0000	112.98	0.02
1991-10-01	Perennial Ryegrass	0.30	702.17	0.97	0.97	0.28	2.01	6	0	5.14	650.00	0.00	65.75	47.74	0.00	0.00	0.00	0.00	0.00	0.00	0.00	0.00	0.00	0.00	0.00	0.00	0.00	0.00	0.00	0.00	0.00	0.00	0.00	0.00	0.00	0.00	0.00	0.00	14.8	18.3	19.7	33.0	44.1	53.4	183.24	0.394	0.408	0.446	0.659	0.250	0.000	0.9642	0.6588	0.7399	0.9636	1.0000	1.0000	0.41	7.49	7.90	0.10	0.06	0.07	0.05	0.07	0.06	0.02	0.42	1.87	1.33	1.02	2.84	0.0541	0.0104	0.0053	0.0033	0.0007	0.0000	0.0079	0.0739	0.1368	0.0801	0.0103	0.0000	114.38	0.02
1991-10-02	Perennial Ryegrass	0.29	679.54	0.97	0.98	0.28	2.01	6	0	5.17	650.00	0.00	43.93	32.01	0.00	0.00	0.00	0.00	0.00	0.00	0.00	0.00	0.00	0.00	0.00	0.00	0.00	0.00	0.00	0.00	0.00	0.00	0.00	0.00	0.00	0.00	0.00	0.00	14.0	17.8	19.3	32.2	43.9	53.3	180.64	0.335	0.371	0.397	0.627	0.244	0.000	0.9654	0.4735	0.9616	0.9792	1.0000	1.0000	0.44	7.28	7.71	0.12	0.06	0.07	0.05	0.07	0.06	0.02	0.37	1.77	1.26	1.02	2.84	0.0546	0.0104	0.0048	0.0031	0.0007	0.0000	0.0080	0.0591	0.1137	0.0728	0.0103	0.0000	115.33	0.02
1991-10-03	Perennial Ryegrass	0.28	651.73	0.97	0.98	0.28	2.01	6	0	5.20	650.00	0.00	42.31	31.02	0.00	0.00	0.00	0.00	0.00	0.00	0.00	0.00	0.00	0.00	0.00	0.00	0.00	0.00	0.00	0.00	0.00	0.00	0.00	0.00	0.00	0.00	0.00	0.00	13.2	17.4	19.0	31.5	43.8	53.3	178.09	0.281	0.338	0.374	0.581	0.237	0.000	0.9662	0.4060	0.9563	0.9874	1.0000	1.0000	0.47	7.10	7.57	0.15	0.07	0.07	0.05	0.07	0.06	0.03	0.34	1.67	1.20	1.02	2.84	0.0525	0.0105	0.0046	0.0029	0.0007	0.0000	0.0090	0.0487	0.1013	0.0645	0.0101	0.0000	116.24	0.02
1991-10-04	Perennial Ryegrass	0.27	621.16	0.97	0.98	0.29	2.01	6	0	5.23	650.00	0.00	34.22	31.35	0.00	0.00	0.00	0.00	0.00	0.00	0.00	0.00	0.00	0.00	0.00	0.00	0.00	0.00	0.00	0.00	0.00	0.00	0.00	0.00	0.00	0.00	0.00	0.00	12.3	17.0	18.7	30.9	43.6	53.2	175.68	0.221	0.308	0.350	0.540	0.231	0.000	0.9669	0.3624	1.0000	0.9930	1.0000	1.0000	0.45	6.97	7.42	0.13	0.08	0.08	0.05	0.07	0.06	0.04	0.32	1.60	1.15	1.02	2.85	0.0360	0.0106	0.0044	0.0028	0.0007	0.0000	0.0103	0.0415	0.0905	0.0578	0.0100	0.0000	117.15	0.02
1991-10-05	Perennial Ryegrass	0.26	593.12	0.97	0.98	0.29	2.01	6	0	5.26	650.00	0.00	30.74	36.04	0.00	0.00	0.00	0.00	0.00	0.00	0.00	0.00	0.00	0.00	0.00	0.00	0.00	0.00	0.00	0.00	0.00	0.00	0.00	0.00	0.00	0.00	0.00	0.00	11.5	16.7	18.4	30.3	43.4	53.1	173.40	0.162	0.282	0.327	0.503	0.224	0.000	0.9675	0.5425	0.6580	0.9960	1.0000	1.0000	0.43	6.85	7.28	0.09	0.09	0.08	0.05	0.06	0.06	0.04	0.31	1.53	1.11	1.03	2.85	0.0213	0.0106	0.0043	0.0027	0.0006	0.0000	0.0080	0.0363	0.0807	0.0519	0.0098	0.0000	118.19	0.02
1991-10-06	Perennial Ryegrass	0.25	575.48	0.97	0.98	0.30	2.01	6	1	5.30	650.00	0.00	32.35	40.43	0.00	0.00	0.00	0.00	0.00	0.00	0.00	0.00	0.00	0.00	0.00	0.00	0.00	0.00	0.00	0.00	0.00	0.00	0.00	0.00	0.00	0.00	0.00	0.00	13.6	16.4	18.1	29.8	43.2	53.0	174.13	0.105	0.258	0.305	0.470	0.217	0.000	0.9682	0.9418	0.5676	0.9974	1.0000	1.0000	0.57	6.78	7.35	0.22	0.09	0.08	0.06	0.06	0.06	0.06	0.30	1.47	1.07	1.03	2.85	0.0387	0.0104	0.0041	0.0025	0.0006	0.0000	0.0097	0.0324	0.0721	0.0468	0.0096	0.0000	119.33	0.02
1991-10-07	Perennial Ryegrass	0.24	551.40	0.97	0.98	0.30	2.01	6	1	5.32	650.00	0.00	40.44	30.46	0.00	0.00	0.00	0.00	0.00	0.00	0.00	0.00	0.00	0.00	0.00	0.00	0.00	0.00	0.00	0.00	0.00	0.00	0.00	0.00	0.00	0.00	0.00	0.00	12.7	16.1	17.8	29.4	43.1	53.0	171.98	0.250	0.237	0.284	0.439	0.210	0.000	0.9692	0.9317	0.4087	0.9978	1.0000	1.0000	0.57	6.75	7.31	0.21	0.10	0.08	0.06	0.06	0.06	0.10	0.30	1.42	1.03	1.03	2.86	0.0671	0.0101	0.0039	0.0024	0.0006	0.0000	0.0297	0.0295	0.0646	0.0425	0.0094	0.0000	120.07	0.02
1991-10-08	Perennial Ryegrass	0.24	535.82	0.97	0.98	0.31	2.01	6	1	5.34	650.00	0.00	40.16	30.58	0.00	0.00	0.00	0.00	0.00	0.00	0.00	0.00	0.00	0.00	0.00	0.00	0.00	0.00	0.00	0.00	0.00	0.00	0.00	0.00	0.00	0.00	0.00	0.00	11.8	15.9	17.5	28.9	42.9	52.9	169.96	0.187	0.218	0.264	0.411	0.203	0.000	0.9696	0.8212	0.4149	0.9977	1.0000	1.0000	0.55	6.70	7.25	0.19	0.10	0.08	0.06	0.06	0.06	0.13	0.30	1.38	1.00	1.03	2.86	0.0478	0.0098	0.0037	0.0023	0.0005	0.0000	0.0296	0.0274	0.0589	0.0392	0.0093	0.0000	120.93	0.02
1991-10-09	Perennial Ryegrass	0.23	528.25	0.97	0.98	0.31	2.02	6	1	5.38	650.00	0.00	38.71	48.77	0.00	0.00	0.00	0.00	0.00	0.00	0.00	0.00	0.00	0.00	0.00	0.00	0.00	0.00	0.00	0.00	0.00	0.00	0.00	0.00	0.00	0.00	0.00	0.00	11.3	15.6	17.3	28.5	42.8	52.8	168.29	0.129	0.200	0.246	0.385	0.197	0.000	0.9701	0.5936	0.5915	0.9971	1.0000	1.0000	0.53	6.64	7.18	0.18	0.10	0.09	0.06	0.06	0.06	0.14	0.29	1.34	0.98	1.04	2.86	0.0342	0.0093	0.0035	0.0022	0.0005	0.0000	0.0263	0.0253	0.0539	0.0363	0.0091	0.0000	122.34	0.02
1991-10-10	Perennial Ryegrass	0.23	515.84	0.97	0.98	0.32	2.02	6	1	5.40	650.00	0.00	38.18	29.32	0.00	0.00	0.00	0.00	0.00	0.00	0.00	0.00	0.00	0.00	0.00	0.00	0.00	0.00	0.00	0.00	0.00	0.00	0.00	0.00	0.00	0.00	0.00	0.00	10.8	15.4	17.0	28.2	42.6	52.8	166.78	0.089	0.183	0.229	0.361	0.190	0.000	0.9709	0.8925	0.3725	0.9970	1.0000	1.0000	0.48	6.58	7.06	0.12	0.10	0.09	0.06	0.06	0.06	0.14	0.29	1.30	0.95	1.04	2.87	0.0195	0.0085	0.0033	0.0021	0.0005	0.0000	0.0221	0.0230	0.0488	0.0332	0.0089	0.0000	123.22	0.02
1991-10-11	Perennial Ryegrass	0.22	506.16	0.97	0.98	0.32	2.02	6	1	5.43	650.00	0.00	24.93	38.63	0.00	0.00	0.00	0.00	0.00	0.00	0.00	0.00	0.00	0.00	0.00	0.00	0.00	0.00	0.00	0.00	0.00	0.00	0.00	0.00	0.00	0.00	0.00	0.00	10.4	15.2	16.8	27.8	42.5	52.7	165.41	0.057	0.168	0.213	0.339	0.184	0.000	0.9712	0.5388	0.5196	0.9970	1.0000	1.0000	0.43	6.51	6.93	0.07	0.10	0.09	0.06	0.05	0.06	0.14	0.28	1.26	0.92	1.03	2.87	0.0100	0.0079	0.0032	0.0020	0.0005	0.0000	0.0183	0.0213	0.0450	0.0310	0.0087	0.0000	124.33	0.02
1991-10-12	Perennial Ryegrass	0.22	492.91	0.97	0.98	0.33	2.02	6	1	5.42	650.00	0.00	17.84	13.86	0.00	0.00	0.00	0.00	0.00	0.00	0.00	0.00	0.00	0.00	0.00	0.00	0.00	0.00	0.00	0.00	0.00	0.00	0.00	0.00	0.00	0.00	0.00	0.00	10.1	15.0	16.6	27.5	42.3	52.6	164.15	0.029	0.154	0.198	0.319	0.178	0.000	0.9718	0.6500	0.3359	0.9978	1.0000	1.0000	0.36	6.44	6.80	0.01	0.10	0.09	0.06	0.05	0.06	0.12	0.28	1.23	0.90	1.03	2.87	0.0006	0.0072	0.0030	0.0019	0.0004	0.0000	0.0141	0.0195	0.0411	0.0286	0.0085	0.0000	124.75	0.02
1991-10-13	Perennial Ryegrass	0.21	477.30	0.97	0.98	0.34	2.02	6	1	5.42	650.00	0.00	16.88	13.27	0.00	0.00	0.00	0.00	0.00	0.00	0.00	0.00	0.00	0.00	0.00	0.00	0.00	0.00	0.00	0.00	0.00	0.00	0.00	0.00	0.00	0.00	0.00	0.00	9.8	14.8	16.4	27.2	42.2	52.6	163.00	0.005	0.141	0.184	0.300	0.173	0.000	0.9718	0.7566	0.3069	0.9984	1.0000	1.0000	0.35	6.31	6.66	0.00	0.10	0.09	0.06	0.05	0.06	0.04	0.28	1.21	0.88	1.03	2.87	0.0000	0.0066	0.0028	0.0018	0.0004	0.0000	0.0040	0.0184	0.0382	0.0268	0.0083	0.0000	125.11	0.02
1991-10-14	Perennial Ryegrass	0.21	470.23	0.97	0.98	0.35	2.02	6	1	5.41	650.00	0.00	19.19	15.29	0.00	0.00	0.00	0.00	0.00	0.00	0.00	0.00	0.00	0.00	0.00	0.00	0.00	0.00	0.00	0.00	0.00	0.00	0.00	0.00	0.00	0.00	0.00	0.00	9.5	14.7	16.3	26.9	42.0	52.5	161.91	0.000	0.128	0.171	0.282	0.167	0.000	0.9717	0.9339	0.2596	0.9988	1.0000	1.0000	0.34	6.23	6.57	0.00	0.09	0.09	0.06	0.05	0.06	0.00	0.28	1.18	0.87	1.04	2.87	0.0000	0.0061	0.0027	0.0017	0.0004	0.0000	0.0000	0.0176	0.0357	0.0253	0.0082	0.0000	125.53	0.02
1991-10-15	Perennial Ryegrass	0.21	470.92	0.97	0.98	0.36	2.02	6	1	5.40	650.00	0.00	14.07	11.37	0.00	0.00	0.00	0.00	0.00	0.00	0.00	0.00	0.00	0.00	0.00	0.00	0.00	0.00	0.00	0.00	0.00	0.00	0.00	0.00	0.00	0.00	0.00	0.00	9.2	14.5	16.1	26.7	41.9	52.4	160.89	0.000	0.117	0.159	0.265	0.162	0.000	0.9716	0.9170	0.2228	0.9991	1.0000	1.0000	0.33	6.21	6.54	0.00	0.09	0.08	0.05	0.05	0.06	0.00	0.28	1.16	0.85	1.04	2.88	0.0000	0.0055	0.0025	0.0016	0.0004	0.0000	0.0000	0.0170	0.0336	0.0240	0.0081	0.0000	125.85	0.02
1991-10-16	Perennial Ryegrass	0.21	471.63	0.97	0.98	0.37	2.02	6	1	5.38	650.00	0.00	8.95	7.33	0.00	0.00	0.00	0.00	0.00	0.00	0.00	0.00	0.00	0.00	0.00	0.00	0.00	0.00	0.00	0.00	0.00	0.00	0.00	0.00	0.00	0.00	0.00	0.00	9.0	14.4	16.0	26.4	41.8	52.4	159.93	0.000	0.106	0.148	0.250	0.156	0.000	0.9714	1.0000	0.2335	0.9991	1.0000	1.0000	0.32	6.18	6.50	0.00	0.08	0.08	0.05	0.05	0.06	0.00	0.28	1.15	0.84	1.04	2.88	0.0000	0.0050	0.0023	0.0015	0.0004	0.0000	0.0000	0.0163	0.0316	0.0228	0.0079	0.0000	126.03	0.02
1991-10-17	Perennial Ryegrass	0.21	472.37	0.97	0.98	0.37	2.02	6	1	5.38	650.00	0.00	19.16	15.89	0.00	0.00	0.00	0.00	0.00	0.00	0.00	0.00	0.00	0.00	0.00	0.00	0.00	0.00	0.00	0.00	0.00	0.00	0.00	0.00	0.00	0.00	0.00	0.00	8.8	14.2	15.8	26.2	41.7	52.3	159.02	0.000	0.096	0.138	0.235	0.151	0.000	0.9711	0.6051	0.2926	0.9987	1.0000	1.0000	0.31	6.15	6.46	0.00	0.08	0.08	0.05	0.05	0.06	0.00	0.28	1.13	0.82	1.04	2.88	0.0000	0.0045	0.0021	0.0014	0.0004	0.0000	0.0000	0.0156	0.0297	0.0216	0.0078	0.0000	126.47	0.02
1991-10-18	Perennial Ryegrass	0.21	473.11	0.97	0.98	0.38	2.02	6	1	5.38	650.00	0.00	15.63	13.01	0.00	0.00	0.00	0.00	0.00	0.00	0.00	0.00	0.00	0.00	0.00	0.00	0.00	0.00	0.00	0.00	0.00	0.00	0.00	0.00	0.00	0.00	0.00	0.00	8.6	14.1	15.7	26.0	41.5	52.3	158.16	0.000	0.087	0.128	0.222	0.147	0.000	0.9712	0.8636	0.2102	0.9986	1.0000	1.0000	0.30	6.12	6.42	0.00	0.07	0.08	0.05	0.05	0.06	0.00	0.28	1.11	0.81	1.04	2.88	0.0000	0.0041	0.0020	0.0013	0.0003	0.0000	0.0000	0.0148	0.0281	0.0205	0.0077	0.0000	126.82	0.02
1991-10-19	Perennial Ryegrass	0.21	473.87	0.97	0.98	0.39	2.02	6	1	5.37	650.00	0.00	11.05	9.26	0.00	0.00	0.00	0.00	0.00	0.00	0.00	0.00	0.00	0.00	0.00	0.00	0.00	0.00	0.00	0.00	0.00	0.00	0.00	0.00	0.00	0.00	0.00	0.00	8.3	14.0	15.6	25.8	41.4	52.2	157.34	0.000	0.078	0.119	0.209	0.142	0.000	0.9712	0.8081	0.2144	0.9987	1.0000	1.0000	0.29	6.09	6.38	0.00	0.07	0.07	0.05	0.04	0.06	0.00	0.28	1.10	0.79	1.04	2.88	0.0000	0.0037	0.0018	0.0012	0.0003	0.0000	0.0000	0.0141	0.0266	0.0196	0.0075	0.0000	127.07	0.02
1991-10-20	Perennial Ryegrass	0.21	474.64	0.97	0.98	0.40	2.02	6	1	5.35	650.00	0.00	3.76	3.18	0.00	0.00	0.00	0.00	0.00	0.00	0.00	0.00	0.00	0.00	0.00	0.00	0.00	0.00	0.00	0.00	0.00	0.00	0.00	0.00	0.00	0.00	0.00	0.00	8.2	13.9	15.5	25.6	41.3	52.1	156.57	0.000	0.070	0.111	0.197	0.137	0.000	0.9710	1.0000	0.1895	0.9990	1.0000	1.0000	0.28	6.06	6.34	0.00	0.06	0.07	0.05	0.04	0.06	0.00	0.28	1.08	0.78	1.04	2.89	0.0000	0.0033	0.0017	0.0012	0.0003	0.0000	0.0000	0.0134	0.0251	0.0186	0.0074	0.0000	127.13	0.02
1991-10-21	Perennial Ryegrass	0.21	477.08	0.97	0.98	0.41	2.03	6	1	5.27	650.00	0.00	-26.45	0.00	0.00	0.00	0.00	0.00	0.00	0.00	0.00	0.00	0.00	0.00	0.00	0.00	0.00	0.00	0.00	0.00	0.00	0.00	0.00	0.00	0.00	0.00	0.00	0.00	8.1	13.8	15.4	25.4	41.2	52.1	155.99	0.000	0.062	0.103	0.186	0.133	0.000	0.9706	1.0000	0.1747	0.9994	1.0000	1.0000	0.27	6.03	6.30	0.00	0.06	0.07	0.05	0.04	0.06	0.00	0.27	1.06	0.77	1.04	2.89	0.0000	0.0029	0.0016	0.0011	0.0003	0.0000	0.0000	0.0128	0.0238	0.0178	0.0073	0.0000	126.51	0.02
1991-10-22	Perennial Ryegrass	0.21	477.93	0.97	0.98	0.42	2.03	6	1	5.26	650.00	0.00	12.88	11.17	0.00	0.00	0.00	0.00	0.00	0.00	0.00	0.00	0.00	0.00	0.00	0.00	0.00	0.00	0.00	0.00	0.00	0.00	0.00	0.00	0.00	0.00	0.00	0.00	7.9	13.7	15.3	25.3	41.1	52.0	155.29	0.000	0.055	0.096	0.176	0.129	0.000	0.9691	0.9537	0.1951	0.9994	1.0000	1.0000	0.26	6.01	6.27	0.00	0.06	0.06	0.04	0.04	0.06	0.00	0.27	1.05	0.76	1.04	2.89	0.0000	0.0026	0.0014	0.0010	0.0003	0.0000	0.0000	0.0122	0.0225	0.0169	0.0071	0.0000	126.69	0.02
1991-10-23	Perennial Ryegrass	0.21	478.80	0.97	0.98	0.43	2.03	6	1	5.22	650.00	0.00	-1.84	0.00	0.00	0.00	0.00	0.00	0.00	0.00	0.00	0.00	0.00	0.00	0.00	0.00	0.00	0.00	0.00	0.00	0.00	0.00	0.00	0.00	0.00	0.00	0.00	0.00	7.7	13.6	15.2	25.1	41.0	52.0	154.62	0.000	0.048	0.089	0.166	0.125	0.000	0.9689	1.0000	0.1410	0.9994	1.0000	1.0000	0.25	5.99	6.24	0.00	0.05	0.06	0.04	0.04	0.06	0.00	0.27	1.04	0.75	1.04	2.89	0.0000	0.0023	0.0013	0.0009	0.0003	0.0000	0.0000	0.0117	0.0215	0.0162	0.0070	0.0000	126.61	0.02
1991-10-24	Perennial Ryegrass	0.22	502.25	0.97	0.98	0.45	2.03	6	1	5.21	650.00	0.00	10.78	9.50	0.00	0.00	0.00	0.00	0.00	0.00	0.00	0.00	0.00	0.00	0.00	0.00	0.00	0.00	0.00	0.00	0.00	0.00	0.00	0.00	0.00	0.00	0.00	0.00	13.7	13.6	15.1	25.0	40.9	51.9	160.22	0.000	0.042	0.083	0.157	0.121	0.000	0.9682	0.9126	0.2064	0.9994	1.0000	1.0000	0.46	6.01	6.47	0.22	0.05	0.06	0.04	0.04	0.06	0.05	0.27	1.03	0.74	1.04	2.90	0.0120	0.0020	0.0012	0.0009	0.0003	0.0000	0.0024	0.0112	0.0205	0.0155	0.0069	0.0000	126.81	0.02
1991-10-25	Perennial Ryegrass	0.22	495.07	0.97	0.98	0.45	2.03	6	1	5.20	650.00	0.00	22.12	19.63	0.00	0.00	0.00	0.00	0.00	0.00	0.00	0.00	0.00	0.00	0.00	0.00	0.00	0.00	0.00	0.00	0.00	0.00	0.00	0.00	0.00	0.00	0.00	0.00	16.8	14.3	15.0	24.8	40.8	51.8	163.72	0.261	0.041	0.077	0.149	0.117	0.000	0.9679	0.7005	0.3606	0.9994	1.0000	1.0000	0.46	6.03	6.49	0.22	0.05	0.05	0.04	0.04	0.06	0.08	0.27	1.02	0.73	1.04	2.90	0.0671	0.0022	0.0011	0.0008	0.0003	0.0000	0.0225	0.0111	0.0196	0.0149	0.0068	0.0000	126.76	0.02
1991-10-26	Perennial Ryegrass	0.22	486.99	0.97	0.98	0.44	2.03	6	1	5.20	650.00	0.00	32.37	28.91	0.00	0.00	0.00	0.00	0.00	0.00	0.00	0.00	0.00	0.00	0.00	0.00	0.00	0.00	0.00	0.00	0.00	0.00	0.00	0.00	0.00	0.00	0.00	0.00	16.8	15.0	15.0	24.7	40.8	51.8	164.10	0.479	0.093	0.072	0.141	0.114	0.000	0.9677	0.7779	0.4144	0.9992	1.0000	1.0000	0.42	6.01	6.43	0.18	0.06	0.05	0.04	0.04	0.06	0.08	0.27	1.01	0.72	1.04	2.90	0.1274	0.0032	0.0010	0.0008	0.0002	0.0000	0.0501	0.0143	0.0188	0.0144	0.0066	0.0000	127.04	0.02
1991-10-27	Perennial Ryegrass	0.21	472.38	0.97	0.98	0.44	2.03	6	1	5.20	650.00	0.00	27.89	25.00	0.00	0.00	0.00	0.00	0.00	0.00	0.00	0.00	0.00	0.00	0.00	0.00	0.00	0.00	0.00	0.00	0.00	0.00	0.00	0.00	0.00	0.00	0.00	0.00	15.5	14.9	14.9	24.6	40.7	51.7	162.34	0.477	0.143	0.068	0.133	0.110	0.000	0.9679	0.6940	0.3246	0.9990	1.0000	1.0000	0.40	5.98	6.38	0.16	0.06	0.05	0.04	0.04	0.06	0.07	0.26	0.99	0.71	1.04	2.90	0.1122	0.0044	0.0009	0.0007	0.0002	0.0000	0.0470	0.0175	0.0182	0.0138	0.0065	0.0000	127.50	0.02
1991-10-28	Perennial Ryegrass	0.21	461.09	0.97	0.98	0.45	2.03	6	1	5.20	650.00	0.00	25.20	22.67	0.00	0.00	0.00	0.00	0.00	0.00	0.00	0.00	0.00	0.00	0.00	0.00	0.00	0.00	0.00	0.00	0.00	0.00	0.00	0.00	0.00	0.00	0.00	0.00	14.4	14.8	14.9	24.5	40.6	51.7	160.88	0.383	0.136	0.065	0.126	0.107	0.000	0.9679	0.5793	0.3676	0.9988	1.0000	1.0000	0.42	5.95	6.37	0.18	0.07	0.05	0.03	0.03	0.06	0.08	0.25	0.98	0.70	1.04	2.90	0.0859	0.0044	0.0009	0.0007	0.0002	0.0000	0.0351	0.0164	0.0176	0.0133	0.0064	0.0000	128.11	0.02
1991-10-29	Perennial Ryegrass	0.20	441.84	0.97	0.98	0.46	2.03	6	1	5.19	650.00	0.00	17.43	15.72	0.00	0.00	0.00	0.00	0.00	0.00	0.00	0.00	0.00	0.00	0.00	0.00	0.00	0.00	0.00	0.00	0.00	0.00	0.00	0.00	0.00	0.00	0.00	0.00	13.4	14.7	14.8	24.4	40.5	51.6	159.36	0.311	0.126	0.061	0.120	0.104	0.000	0.9679	0.7906	0.2776	0.9990	1.0000	1.0000	0.42	5.94	6.36	0.18	0.07	0.05	0.03	0.03	0.06	0.09	0.25	0.97	0.69	1.04	2.90	0.0666	0.0043	0.0008	0.0006	0.0002	0.0000	0.0299	0.0154	0.0171	0.0128	0.0063	0.0000	128.52	0.02
1991-10-30	Perennial Ryegrass	0.19	428.94	0.97	0.98	0.48	2.03	6	1	5.16	650.00	0.00	9.86	8.93	0.00	0.00	0.00	0.00	0.00	0.00	0.00	0.00	0.00	0.00	0.00	0.00	0.00	0.00	0.00	0.00	0.00	0.00	0.00	0.00	0.00	0.00	0.00	0.00	16.4	15.0	14.8	24.3	40.4	51.6	162.39	0.236	0.116	0.058	0.113	0.101	0.000	0.9676	1.0000	0.2019	0.9993	1.0000	1.0000	0.41	5.93	6.34	0.17	0.07	0.04	0.03	0.03	0.06	0.10	0.25	0.96	0.69	1.03	2.91	0.0470	0.0044	0.0008	0.0006	0.0002	0.0000	0.0253	0.0146	0.0165	0.0124	0.0062	0.0000	128.73	0.02
1991-10-31	Perennial Ryegrass	0.18	399.84	0.97	0.98	0.48	2.04	6	1	5.13	650.00	0.00	13.66	12.44	0.00	0.00	0.00	0.00	0.00	0.00	0.00	0.00	0.00	0.00	0.00	0.00	0.00	0.00	0.00	0.00	0.00	0.00	0.00	0.00	0.00	0.00	0.00	0.00	15.5	14.9	14.8	24.2	40.4	51.5	161.23	0.445	0.137	0.055	0.108	0.098	0.000	0.9669	1.0000	0.3050	0.9995	1.0000	1.0000	0.37	5.91	6.28	0.14	0.07	0.04	0.03	0.03	0.06	0.09	0.24	0.95	0.68	1.03	2.91	0.0851	0.0049	0.0007	0.0006	0.0002	0.0000	0.0509	0.0158	0.0161	0.0120	0.0061	0.0000	128.60	0.02
1991-11-01	Perennial Ryegrass	0.18	390.24	0.97	0.98	0.49	2.04	6	1	5.14	650.00	0.00	32.58	29.81	0.00	0.00	0.00	0.00	0.00	0.00	0.00	0.00	0.00	0.00	0.00	0.00	0.00	0.00	0.00	0.00	0.00	0.00	0.00	0.00	0.00	0.00	0.00	0.00	14.5	14.7	14.7	24.1	40.3	51.4	159.83	0.388	0.130	0.053	0.102	0.095	0.000	0.9664	0.9357	0.3301	0.9992	1.0000	1.0000	0.42	5.90	6.32	0.19	0.07	0.04	0.03	0.03	0.06	0.10	0.24	0.94	0.67	1.03	2.91	0.0927	0.0048	0.0007	0.0005	0.0002	0.0000	0.0447	0.0152	0.0156	0.0116	0.0060	0.0000	129.33	0.02
1991-11-02	Perennial Ryegrass	0.17	374.12	0.97	0.98	0.50	2.04	6	1	5.13	650.00	0.00	22.61	20.71	0.00	0.00	0.00	0.00	0.00	0.00	0.00	0.00	0.00	0.00	0.00	0.00	0.00	0.00	0.00	0.00	0.00	0.00	0.00	0.00	0.00	0.00	0.00	0.00	13.6	14.6	14.7	24.0	40.2	51.4	158.52	0.317	0.121	0.050	0.097	0.092	0.000	0.9666	0.7515	0.3909	0.9992	1.0000	1.0000	0.44	5.90	6.34	0.22	0.07	0.04	0.03	0.03	0.06	0.11	0.24	0.93	0.66	1.03	2.91	0.0805	0.0046	0.0006	0.0005	0.0002	0.0000	0.0398	0.0145	0.0152	0.0113	0.0059	0.0000	129.90	0.02
1991-11-03	Perennial Ryegrass	0.17	384.47	0.97	0.98	0.53	2.04	6	1	5.08	650.00	0.00	-3.97	0.00	0.00	0.00	0.00	0.00	0.00	0.00	0.00	0.00	0.00	0.00	0.00	0.00	0.00	0.00	0.00	0.00	0.00	0.00	0.00	0.00	0.00	0.00	0.00	0.00	20.5	18.2	14.7	24.0	40.2	51.3	168.91	0.251	0.112	0.047	0.092	0.090	0.000	0.9664	1.0000	0.2376	0.9994	1.0000	1.0000	0.44	5.91	6.35	0.21	0.08	0.04	0.03	0.03	0.06	0.12	0.26	0.93	0.66	1.03	2.92	0.0603	0.0051	0.0006	0.0005	0.0002	0.0000	0.0319	0.0148	0.0148	0.0109	0.0059	0.0000	129.75	0.02
1991-11-04	Perennial Ryegrass	0.17	362.01	0.96	0.98	0.51	2.04	6	1	5.07	650.00	0.00	27.64	25.47	0.00	0.00	0.00	0.00	0.00	0.00	0.00	0.00	0.00	0.00	0.00	0.00	0.00	0.00	0.00	0.00	0.00	0.00	0.00	0.00	0.00	0.00	0.00	0.00	18.2	19.0	15.2	23.9	40.1	51.3	167.75	0.736	0.363	0.052	0.088	0.087	0.000	0.9653	1.0000	0.3715	0.9995	1.0000	1.0000	0.31	5.81	6.12	0.08	0.08	0.04	0.03	0.03	0.06	0.05	0.24	0.92	0.65	1.03	2.92	0.1799	0.0133	0.0006	0.0004	0.0002	0.0000	0.1017	0.0360	0.0151	0.0106	0.0058	0.0000	129.47	0.02
1991-11-05	Perennial Ryegrass	0.16	343.48	0.96	0.98	0.52	2.04	6	1	5.06	650.00	0.00	31.67	29.26	0.00	0.00	0.00	0.00	0.00	0.00	0.00	0.00	0.00	0.00	0.00	0.00	0.00	0.00	0.00	0.00	0.00	0.00	0.00	0.00	0.00	0.00	0.00	0.00	16.4	18.6	15.5	23.8	40.1	51.2	165.64	0.575	0.422	0.085	0.084	0.085	0.000	0.9650	0.7498	0.3353	0.9995	1.0000	1.0000	0.33	5.75	6.08	0.10	0.08	0.04	0.02	0.03	0.06	0.03	0.21	0.92	0.64	1.03	2.92	0.1017	0.0158	0.0008	0.0004	0.0002	0.0000	0.0290	0.0387	0.0182	0.0103	0.0057	0.0000	130.06	0.02
1991-11-06	Perennial Ryegrass	0.15	328.07	0.96	0.98	0.53	2.04	6	1	5.06	650.00	0.00	33.85	31.32	0.00	0.00	0.00	0.00	0.00	0.00	0.00	0.00	0.00	0.00	0.00	0.00	0.00	0.00	0.00	0.00	0.00	0.00	0.00	0.00	0.00	0.00	0.00	0.00	15.4	17.9	15.5	23.8	40.0	51.2	163.83	0.450	0.393	0.104	0.080	0.082	0.000	0.9647	0.8298	0.4106	0.9995	1.0000	1.0000	0.37	5.74	6.11	0.14	0.08	0.04	0.02	0.03	0.06	0.05	0.19	0.90	0.64	1.03	2.92	0.0876	0.0143	0.0009	0.0004	0.0001	0.0000	0.0281	0.0320	0.0199	0.0101	0.0056	0.0000	130.91	0.02
1991-11-07	Perennial Ryegrass	0.14	309.85	0.96	0.98	0.55	2.04	6	1	5.03	650.00	0.00	15.09	13.99	0.00	0.00	0.00	0.00	0.00	0.00	0.00	0.00	0.00	0.00	0.00	0.00	0.00	0.00	0.00	0.00	0.00	0.00	0.00	0.00	0.00	0.00	0.00	0.00	14.2	17.4	15.4	23.7	39.9	51.1	161.83	0.381	0.346	0.103	0.077	0.080	0.000	0.9647	1.0000	0.1829	0.9996	1.0000	1.0000	0.41	5.74	6.15	0.18	0.08	0.04	0.02	0.03	0.06	0.07	0.18	0.89	0.63	1.03	2.93	0.0846	0.0125	0.0010	0.0004	0.0001	0.0000	0.0322	0.0257	0.0195	0.0098	0.0055	0.0000	131.30	0.02
1991-11-08	Perennial Ryegrass	0.14	302.67	0.96	0.98	0.56	2.04	6	1	5.02	650.00	0.00	22.26	20.66	0.00	0.00	0.00	0.00	0.00	0.00	0.00	0.00	0.00	0.00	0.00	0.00	0.00	0.00	0.00	0.00	0.00	0.00	0.00	0.00	0.00	0.00	0.00	0.00	13.1	16.9	15.4	23.7	39.9	51.1	160.04	0.295	0.307	0.101	0.074	0.078	0.000	0.9640	0.7727	0.2260	0.9994	1.0000	1.0000	0.47	5.74	6.21	0.24	0.09	0.04	0.02	0.03	0.06	0.10	0.17	0.88	0.62	1.03	2.93	0.0808	0.0112	0.0010	0.0003	0.0001	0.0000	0.0321	0.0214	0.0190	0.0096	0.0055	0.0000	131.86	0.02
1991-11-09	Perennial Ryegrass	0.14	296.72	0.96	0.98	0.57	2.04	6	1	5.01	650.00	0.00	21.29	19.78	0.00	0.00	0.00	0.00	0.00	0.00	0.00	0.00	0.00	0.00	0.00	0.00	0.00	0.00	0.00	0.00	0.00	0.00	0.00	0.00	0.00	0.00	0.00	0.00	12.1	16.5	15.3	23.6	39.8	51.0	158.39	0.218	0.273	0.097	0.071	0.076	0.000	0.9637	0.8615	0.2000	0.9992	1.0000	1.0000	0.48	5.74	6.22	0.24	0.09	0.04	0.02	0.02	0.06	0.12	0.17	0.87	0.62	1.03	2.93	0.0611	0.0101	0.0010	0.0003	0.0001	0.0000	0.0296	0.0183	0.0184	0.0094	0.0054	0.0000	132.39	0.02
1991-11-10	Perennial Ryegrass	0.14	292.00	0.96	0.98	0.57	2.04	6	1	5.00	650.00	0.00	18.39	17.09	0.00	0.00	0.00	0.00	0.00	0.00	0.00	0.00	0.00	0.00	0.00	0.00	0.00	0.00	0.00	0.00	0.00	0.00	0.00	0.00	0.00	0.00	0.00	0.00	11.1	16.1	15.3	23.6	39.8	51.0	156.82	0.146	0.243	0.093	0.068	0.074	0.000	0.9635	0.9703	0.1585	0.9991	1.0000	1.0000	0.45	5.74	6.18	0.21	0.09	0.04	0.02	0.02	0.06	0.14	0.16	0.86	0.61	1.03	2.93	0.0398	0.0093	0.0009	0.0003	0.0001	0.0000	0.0252	0.0161	0.0177	0.0091	0.0053	0.0000	132.85	0.02
1991-11-11	Perennial Ryegrass	0.13	287.84	0.96	0.98	0.58	2.05	5	1	4.99	650.00	0.00	16.60	15.43	0.00	0.00	0.00	0.00	0.00	0.00	0.00	0.00	0.00	0.00	0.00	0.00	0.00	0.00	0.00	0.00	0.00	0.00	0.00	0.00	0.00	0.00	0.00	0.00	10.2	15.8	15.2	23.6	39.7	50.9	155.39	0.077	0.217	0.088	0.066	0.072	0.000	0.9632	0.9561	0.1580	0.9989	1.0000	1.0000	0.40	5.71	6.11	0.16	0.09	0.04	0.02	0.02	0.06	0.14	0.16	0.85	0.61	1.03	2.94	0.0228	0.0086	0.0009	0.0003	0.0001	0.0000	0.0183	0.0144	0.0170	0.0089	0.0052	0.0000	133.25	0.02
1991-11-12	Perennial Ryegrass	0.13	282.96	0.96	0.98	0.59	2.05	5	1	4.97	650.00	0.00	8.78	8.17	0.00	0.00	0.00	0.00	0.00	0.00	0.00	0.00	0.00	0.00	0.00	0.00	0.00	0.00	0.00	0.00	0.00	0.00	0.00	0.00	0.00	0.00	0.00	0.00	9.4	15.5	15.1	23.5	39.7	50.9	154.04	0.014	0.194	0.084	0.063	0.070	0.000	0.9629	1.0000	0.1271	0.9989	1.0000	1.0000	0.35	5.69	6.04	0.12	0.09	0.04	0.02	0.02	0.06	0.13	0.16	0.83	0.60	1.03	2.94	0.0122	0.0079	0.0009	0.0003	0.0001	0.0000	0.0124	0.0131	0.0163	0.0087	0.0052	0.0000	133.44	0.02
1991-11-13	Perennial Ryegrass	0.13	275.40	0.96	0.98	0.60	2.05	5	1	4.94	650.00	0.00	0.53	0.50	0.00	0.00	0.00	0.00	0.00	0.00	0.00	0.00	0.00	0.00	0.00	0.00	0.00	0.00	0.00	0.00	0.00	0.00	0.00	0.00	0.00	0.00	0.00	0.00	8.6	15.2	15.1	23.5	39.7	50.8	152.77	0.000	0.173	0.079	0.061	0.068	0.000	0.9624	1.0000	0.1218	0.9990	1.0000	1.0000	0.30	5.66	5.96	0.07	0.09	0.04	0.02	0.02	0.06	0.12	0.16	0.82	0.59	1.03	2.94	0.0063	0.0072	0.0008	0.0003	0.0001	0.0000	0.0105	0.0121	0.0157	0.0085	0.0051	0.0000	133.39	0.02
1991-11-14	Perennial Ryegrass	0.13	270.04	0.96	0.98	0.61	2.05	5	1	4.91	650.00	0.00	2.20	2.05	0.00	0.00	0.00	0.00	0.00	0.00	0.00	0.00	0.00	0.00	0.00	0.00	0.00	0.00	0.00	0.00	0.00	0.00	0.00	0.00	0.00	0.00	0.00	0.00	7.9	15.0	15.0	23.4	39.6	50.8	151.68	0.000	0.154	0.074	0.058	0.066	0.000	0.9614	1.0000	0.1394	0.9989	1.0000	1.0000	0.26	5.64	5.90	0.03	0.09	0.04	0.02	0.02	0.06	0.11	0.16	0.81	0.59	1.03	2.94	0.0021	0.0065	0.0008	0.0002	0.0001	0.0000	0.0076	0.0112	0.0150	0.0084	0.0050	0.0000	133.38	0.02
1991-11-15	Perennial Ryegrass	0.12	264.58	0.96	0.98	0.62	2.05	5	1	4.85	650.00	0.00	-14.00	0.00	0.00	0.00	0.00	0.00	0.00	0.00	0.00	0.00	0.00	0.00	0.00	0.00	0.00	0.00	0.00	0.00	0.00	0.00	0.00	0.00	0.00	0.00	0.00	0.00	7.4	14.7	14.9	23.4	39.6	50.7	150.73	0.000	0.137	0.069	0.056	0.064	0.000	0.9606	1.0000	0.1065	0.9991	1.0000	1.0000	0.22	5.62	5.84	0.00	0.09	0.04	0.02	0.02	0.06	0.10	0.17	0.81	0.58	1.03	2.94	0.0000	0.0058	0.0008	0.0002	0.0001	0.0000	0.0054	0.0105	0.0144	0.0082	0.0050	0.0000	133.01	0.02
1991-11-16	Perennial Ryegrass	0.12	256.40	0.96	0.98	0.63	2.05	5	1	4.78	650.00	0.00	-17.67	0.00	0.00	0.00	0.00	0.00	0.00	0.00	0.00	0.00	0.00	0.00	0.00	0.00	0.00	0.00	0.00	0.00	0.00	0.00	0.00	0.00	0.00	0.00	0.00	0.00	6.6	14.5	14.9	23.4	39.5	50.7	149.53	0.000	0.121	0.065	0.054	0.063	0.000	0.9590	1.0000	0.0938	0.9993	1.0000	1.0000	0.22	5.56	5.77	0.00	0.08	0.04	0.02	0.02	0.06	0.05	0.17	0.80	0.58	1.03	2.94	0.0000	0.0051	0.0007	0.0002	0.0001	0.0000	0.0021	0.0099	0.0138	0.0080	0.0049	0.0000	132.52	0.02
1991-11-17	Perennial Ryegrass	0.12	253.23	0.96	0.98	0.64	2.05	5	1	4.74	650.00	0.00	-4.21	0.00	0.00	0.00	0.00	0.00	0.00	0.00	0.00	0.00	0.00	0.00	0.00	0.00	0.00	0.00	0.00	0.00	0.00	0.00	0.00	0.00	0.00	0.00	0.00	0.00	5.7	14.3	14.8	23.3	39.5	50.6	148.26	0.000	0.106	0.060	0.052	0.061	0.000	0.9570	1.0000	0.0827	0.9994	1.0000	1.0000	0.21	5.53	5.73	0.00	0.08	0.04	0.01	0.02	0.06	0.02	0.17	0.79	0.57	1.02	2.95	0.0000	0.0045	0.0007	0.0002	0.0001	0.0000	0.0008	0.0094	0.0132	0.0078	0.0048	0.0000	132.32	0.02
1991-11-18	Perennial Ryegrass	0.12	251.88	0.95	0.98	0.65	2.05	5	2	4.69	650.00	0.00	-13.05	0.00	0.00	0.00	0.00	0.00	0.00	0.00	0.00	0.00	0.00	0.00	0.00	0.00	0.00	0.00	0.00	0.00	0.00	0.00	0.00	0.00	0.00	0.00	0.00	0.00	36.4	27.1	20.0	23.5	39.5	50.6	197.03	0.000	0.091	0.056	0.050	0.060	0.000	0.9558	1.0000	0.0788	0.9995	1.0000	1.0000	0.40	5.56	5.97	0.18	0.09	0.05	0.01	0.02	0.06	0.04	0.16	0.81	0.57	1.02	2.95	0.0038	0.0045	0.0008	0.0002	0.0001	0.0000	0.0009	0.0082	0.0132	0.0077	0.0048	0.0000	131.95	0.02
1991-11-19	Perennial Ryegrass	0.12	251.51	0.95	0.98	0.67	2.05	5	2	4.68	650.00	0.00	39.72	55.86	0.00	0.00	0.00	0.00	0.00	0.00	0.00	0.00	0.00	0.00	0.00	0.00	0.00	0.00	0.00	0.00	0.00	0.00	0.00	0.00	0.00	0.00	0.00	0.00	26.2	27.7	23.0	26.5	39.4	50.5	193.31	1.850	0.985	0.418	0.061	0.058	0.000	0.9539	0.4481	0.7092	0.9997	1.0000	1.0000	0.19	5.43	5.62	0.00	0.04	0.06	0.02	0.02	0.05	0.00	0.07	0.71	0.66	1.03	2.96	0.3508	0.0567	0.0038	0.0003	0.0001	0.0000	0.1395	0.0943	0.0470	0.0093	0.0047	0.0000	133.44	0.02
1991-11-20	Perennial Ryegrass	0.12	253.63	0.96	0.99	0.67	2.05	5	2	4.78	650.00	0.00	95.73	107.21	0.00	0.00	0.00	0.00	0.00	0.00	0.00	0.00	0.00	0.00	0.00	0.00	0.00	0.00	0.00	0.00	0.00	0.00	0.00	0.00	0.00	0.00	0.00	0.00	20.9	25.4	23.6	30.0	39.4	50.5	189.74	1.133	1.028	0.632	0.237	0.057	0.000	0.9538	1.0000	1.0000	0.9997	1.0000	1.0000	0.18	5.35	5.53	0.00	0.02	0.06	0.03	0.02	0.05	0.00	0.03	0.57	0.75	1.03	2.97	0.2657	0.0391	0.0068	0.0008	0.0001	0.0000	0.0779	0.0463	0.0659	0.0185	0.0046	0.0000	136.31	0.02
1991-11-21	Perennial Ryegrass	0.12	255.81	0.96	0.99	0.68	2.06	5	2	4.82	650.00	0.00	73.28	85.90	0.00	0.00	0.00	0.00	0.00	0.00	0.00	0.00	0.00	0.00	0.00	0.00	0.00	0.00	0.00	0.00	0.00	0.00	0.00	0.00	0.00	0.00	0.00	0.00	17.7	22.9	23.0	32.5	39.5	50.5	186.04	0.763	0.867	0.670	0.448	0.057	0.000	0.9568	0.4992	0.8582	0.9997	1.0000	1.0000	0.28	5.31	5.59	0.09	0.03	0.06	0.04	0.02	0.05	0.03	0.02	0.47	0.79	1.03	2.97	0.1866	0.0231	0.0076	0.0015	0.0001	0.0000	0.0495	0.0169	0.0583	0.0311	0.0046	0.0000	138.88	0.02
1991-11-22	Perennial Ryegrass	0.12	253.80	0.96	0.99	0.69	2.06	5	2	4.83	650.00	0.00	47.66	62.00	0.00	0.00	0.00	0.00	0.00	0.00	0.00	0.00	0.00	0.00	0.00	0.00	0.00	0.00	0.00	0.00	0.00	0.00	0.00	0.00	0.00	0.00	0.00	0.00	16.5	20.3	22.2	33.7	39.5	50.4	182.56	0.538	0.693	0.632	0.601	0.059	0.000	0.9580	0.3844	0.8707	0.9997	1.0000	1.0000	0.41	5.31	5.72	0.20	0.04	0.06	0.04	0.02	0.05	0.07	0.03	0.40	0.79	1.03	2.98	0.1430	0.0180	0.0071	0.0022	0.0001	0.0000	0.0496	0.0104	0.0451	0.0406	0.0046	0.0000	140.68	0.02
1991-11-23	Perennial Ryegrass	0.12	252.19	0.96	0.99	0.70	2.06	5	2	4.82	650.00	0.00	31.30	46.74	0.00	0.00	0.00	0.00	0.00	0.00	0.00	0.00	0.00	0.00	0.00	0.00	0.00	0.00	0.00	0.00	0.00	0.00	0.00	0.00	0.00	0.00	0.00	0.00	15.2	18.9	21.0	33.9	39.7	50.4	179.20	0.452	0.508	0.572	0.674	0.061	0.000	0.9583	0.4615	0.5488	0.9998	1.0000	1.0000	0.53	5.34	5.87	0.29	0.06	0.07	0.05	0.02	0.05	0.14	0.04	0.37	0.78	1.04	2.98	0.1470	0.0138	0.0064	0.0027	0.0001	0.0000	0.0655	0.0080	0.0346	0.0441	0.0046	0.0000	142.02	0.02
1991-11-24	Perennial Ryegrass	0.12	251.10	0.96	0.99	0.72	2.06	5	2	4.79	650.00	0.00	30.35	28.22	0.00	0.00	0.00	0.00	0.00	0.00	0.00	0.00	0.00	0.00	0.00	0.00	0.00	0.00	0.00	0.00	0.00	0.00	0.00	0.00	0.00	0.00	0.00	0.00	14.0	18.4	20.0	33.6	39.8	50.3	176.10	0.366	0.415	0.492	0.685	0.069	0.000	0.9579	0.5218	0.4910	0.9999	1.0000	1.0000	0.64	5.40	6.03	0.37	0.08	0.07	0.05	0.02	0.05	0.21	0.05	0.35	0.75	1.04	2.99	0.1355	0.0128	0.0055	0.0029	0.0001	0.0000	0.0728	0.0085	0.0263	0.0427	0.0047	0.0000	142.79	0.02
1991-11-25	Perennial Ryegrass	0.12	251.18	0.96	0.99	0.73	2.06	5	2	4.75	650.00	0.00	26.38	24.54	0.00	0.00	0.00	0.00	0.00	0.00	0.00	0.00	0.00	0.00	0.00	0.00	0.00	0.00	0.00	0.00	0.00	0.00	0.00	0.00	0.00	0.00	0.00	0.00	13.4	17.9	19.6	32.7	39.8	50.3	173.69	0.282	0.379	0.419	0.664	0.071	0.000	0.9569	0.7156	0.4236	0.9999	1.0000	1.0000	0.76	5.53	6.29	0.47	0.09	0.08	0.05	0.02	0.05	0.34	0.08	0.35	0.72	1.05	3.00	0.1263	0.0134	0.0049	0.0030	0.0001	0.0000	0.0868	0.0110	0.0218	0.0396	0.0048	0.0000	143.43	0.02
1991-11-26	Perennial Ryegrass	0.13	283.34	0.96	0.99	0.75	2.06	5	2	4.76	650.00	0.00	38.61	53.23	0.00	0.00	0.00	0.00	0.00	0.00	0.00	0.00	0.00	0.00	0.00	0.00	0.00	0.00	0.00	0.00	0.00	0.00	0.00	0.00	0.00	0.00	0.00	0.00	18.6	18.9	19.5	32.0	39.8	50.2	179.01	0.235	0.345	0.391	0.614	0.073	0.000	0.9558	0.6599	0.9675	1.0000	1.0000	1.0000	0.78	5.69	6.48	0.48	0.10	0.08	0.06	0.02	0.05	0.45	0.13	0.37	0.70	1.05	3.00	0.1082	0.0133	0.0047	0.0029	0.0001	0.0000	0.0968	0.0160	0.0207	0.0353	0.0048	0.0000	144.83	0.02
1991-11-27	Perennial Ryegrass	0.13	268.55	0.96	0.99	0.73	2.06	5	2	4.77	650.00	0.00	58.71	54.60	0.00	0.00	0.00	0.00	0.00	0.00	0.00	0.00	0.00	0.00	0.00	0.00	0.00	0.00	0.00	0.00	0.00	0.00	0.00	0.00	0.00	0.00	0.00	0.00	16.4	18.9	19.4	31.3	39.8	50.2	176.02	0.599	0.416	0.385	0.568	0.073	0.000	0.9561	0.7687	0.4483	1.0000	1.0000	1.0000	0.66	5.67	6.33	0.35	0.11	0.08	0.06	0.02	0.05	0.38	0.16	0.38	0.68	1.05	3.01	0.2841	0.0173	0.0048	0.0027	0.0001	0.0000	0.2945	0.0249	0.0207	0.0314	0.0048	0.0000	144.97	0.02
1991-11-28	Perennial Ryegrass	0.12	253.93	0.96	0.99	0.74	2.06	5	2	4.77	650.00	0.00	39.86	53.85	0.00	0.00	0.00	0.00	0.00	0.00	0.00	0.00	0.00	0.00	0.00	0.00	0.00	0.00	0.00	0.00	0.00	0.00	0.00	0.00	0.00	0.00	0.00	0.00	15.4	18.3	19.1	30.7	39.8	50.1	173.38	0.448	0.414	0.379	0.527	0.073	0.000	0.9562	0.5059	0.7016	1.0000	1.0000	1.0000	0.68	5.69	6.37	0.36	0.11	0.09	0.06	0.02	0.05	0.40	0.18	0.38	0.67	1.05	3.02	0.1683	0.0177	0.0048	0.0026	0.0001	0.0000	0.1769	0.0268	0.0207	0.0286	0.0048	0.0000	146.33	0.02
1991-11-29	Perennial Ryegrass	0.11	242.85	0.96	0.99	0.75	2.07	5	2	4.76	650.00	0.00	41.53	38.56	0.00	0.00	0.00	0.00	0.00	0.00	0.00	0.00	0.00	0.00	0.00	0.00	0.00	0.00	0.00	0.00	0.00	0.00	0.00	0.00	0.00	0.00	0.00	0.00	14.4	17.8	18.7	30.1	39.8	50.1	170.94	0.375	0.372	0.355	0.490	0.073	0.000	0.9564	0.9312	0.3019	1.0000	1.0000	1.0000	0.72	5.74	6.46	0.39	0.11	0.09	0.06	0.02	0.05	0.42	0.19	0.39	0.65	1.06	3.02	0.1388	0.0157	0.0046	0.0025	0.0001	0.0000	0.1437	0.0246	0.0193	0.0259	0.0047	0.0000	147.41	0.02
1991-11-30	Perennial Ryegrass	0.11	238.56	0.96	0.99	0.76	2.07	5	2	4.80	650.00	0.00	51.38	63.85	0.00	0.00	0.00	0.00	0.00	0.00	0.00	0.00	0.00	0.00	0.00	0.00	0.00	0.00	0.00	0.00	0.00	0.00	0.00	0.00	0.00	0.00	0.00	0.00	13.7	17.4	18.4	29.6	39.8	50.1	168.90	0.307	0.336	0.331	0.457	0.072	0.000	0.9560	0.6617	0.7390	0.9999	1.0000	1.0000	0.77	5.76	6.53	0.43	0.12	0.09	0.06	0.02	0.05	0.44	0.19	0.39	0.64	1.06	3.03	0.1216	0.0142	0.0043	0.0024	0.0001	0.0000	0.1188	0.0225	0.0180	0.0238	0.0047	0.0000	149.13	0.02
1991-12-01	Perennial Ryegrass	0.11	231.29	0.96	0.99	0.76	2.07	5	2	4.79	650.00	0.00	31.70	29.38	0.00	0.00	0.00	0.00	0.00	0.00	0.00	0.00	0.00	0.00	0.00	0.00	0.00	0.00	0.00	0.00	0.00	0.00	0.00	0.00	0.00	0.00	0.00	0.00	12.6	17.0	18.1	29.1	39.8	50.0	166.51	0.259	0.305	0.308	0.426	0.071	0.000	0.9572	0.5175	0.3991	0.9999	1.0000	1.0000	0.77	5.78	6.55	0.43	0.12	0.09	0.06	0.02	0.05	0.47	0.20	0.39	0.63	1.06	3.03	0.0981	0.0130	0.0041	0.0023	0.0001	0.0000	0.1023	0.0206	0.0167	0.0218	0.0046	0.0000	149.94	0.02
1991-12-02	Perennial Ryegrass	0.10	220.97	0.96	0.99	0.77	2.07	5	2	4.76	650.00	0.00	24.88	23.06	0.00	0.00	0.00	0.00	0.00	0.00	0.00	0.00	0.00	0.00	0.00	0.00	0.00	0.00	0.00	0.00	0.00	0.00	0.00	0.00	0.00	0.00	0.00	0.00	11.4	16.6	17.8	28.7	39.7	50.0	164.21	0.179	0.277	0.286	0.398	0.070	0.000	0.9568	0.6063	0.3227	0.9999	1.0000	1.0000	0.71	5.81	6.51	0.35	0.13	0.10	0.07	0.02	0.05	0.49	0.21	0.40	0.62	1.06	3.03	0.0606	0.0121	0.0039	0.0022	0.0001	0.0000	0.0794	0.0195	0.0157	0.0203	0.0046	0.0000	150.53	0.02
1991-12-03	Perennial Ryegrass	0.10	220.15	0.96	0.99	0.78	2.07	5	2	4.73	650.00	0.00	21.50	19.94	0.00	0.00	0.00	0.00	0.00	0.00	0.00	0.00	0.00	0.00	0.00	0.00	0.00	0.00	0.00	0.00	0.00	0.00	0.00	0.00	0.00	0.00	0.00	0.00	11.2	16.3	17.5	28.3	39.7	49.9	162.95	0.099	0.252	0.266	0.372	0.069	0.000	0.9559	0.7646	0.2823	0.9999	1.0000	1.0000	0.66	5.85	6.51	0.31	0.13	0.10	0.07	0.02	0.05	0.51	0.22	0.40	0.61	1.06	3.04	0.0377	0.0114	0.0037	0.0021	0.0001	0.0000	0.0604	0.0188	0.0149	0.0189	0.0046	0.0000	151.01	0.02
1991-12-04	Perennial Ryegrass	0.10	213.03	0.95	0.99	0.78	2.07	5	2	4.71	650.00	0.00	21.02	19.50	0.00	0.00	0.00	0.00	0.00	0.00	0.00	0.00	0.00	0.00	0.00	0.00	0.00	0.00	0.00	0.00	0.00	0.00	0.00	0.00	0.00	0.00	0.00	0.00	10.6	16.0	17.3	27.9	39.7	49.9	161.34	0.085	0.229	0.247	0.348	0.068	0.000	0.9551	1.0000	0.1846	0.9999	1.0000	1.0000	0.60	5.86	6.46	0.24	0.13	0.10	0.07	0.02	0.05	0.51	0.23	0.41	0.60	1.06	3.04	0.0278	0.0107	0.0035	0.0020	0.0001	0.0000	0.0569	0.0182	0.0141	0.0178	0.0045	0.0000	151.27	0.02
1991-12-05	Perennial Ryegrass	0.10	208.67	0.95	0.99	0.79	2.07	5	2	4.69	650.00	0.00	18.69	17.35	0.00	0.00	0.00	0.00	0.00	0.00	0.00	0.00	0.00	0.00	0.00	0.00	0.00	0.00	0.00	0.00	0.00	0.00	0.00	0.00	0.00	0.00	0.00	0.00	9.6	15.7	17.0	27.6	39.6	49.9	159.47	0.041	0.209	0.230	0.326	0.066	0.000	0.9542	0.5662	0.2863	0.9999	1.0000	1.0000	0.56	5.84	6.39	0.19	0.13	0.10	0.07	0.02	0.05	0.47	0.25	0.42	0.60	1.06	3.04	0.0179	0.0101	0.0033	0.0019	0.0001	0.0000	0.0426	0.0179	0.0135	0.0167	0.0045	0.0000	151.66	0.02
1991-12-06	Perennial Ryegrass	0.10	204.65	0.95	0.99	0.79	2.07	5	2	4.66	650.00	0.00	16.82	15.61	0.00	0.00	0.00	0.00	0.00	0.00	0.00	0.00	0.00	0.00	0.00	0.00	0.00	0.00	0.00	0.00	0.00	0.00	0.00	0.00	0.00	0.00	0.00	0.00	8.8	15.5	16.8	27.3	39.6	49.8	157.74	0.000	0.190	0.213	0.306	0.065	0.000	0.9535	0.7806	0.2130	0.9999	1.0000	1.0000	0.51	5.83	6.34	0.15	0.13	0.10	0.07	0.02	0.05	0.44	0.27	0.42	0.60	1.06	3.05	0.0121	0.0092	0.0032	0.0018	0.0001	0.0000	0.0348	0.0177	0.0130	0.0158	0.0044	0.0000	152.00	0.02
1991-12-07	Perennial Ryegrass	0.09	197.95	0.95	0.99	0.80	2.07	5	2	4.62	650.00	0.00	13.30	12.35	0.00	0.00	0.00	0.00	0.00	0.00	0.00	0.00	0.00	0.00	0.00	0.00	0.00	0.00	0.00	0.00	0.00	0.00	0.00	0.00	0.00	0.00	0.00	0.00	7.9	15.2	16.6	27.0	39.5	49.8	156.03	0.000	0.172	0.198	0.286	0.063	0.000	0.9526	1.0000	0.1775	0.9999	1.0000	1.0000	0.45	5.83	6.29	0.10	0.13	0.10	0.06	0.02	0.05	0.42	0.28	0.43	0.59	1.06	3.05	0.0060	0.0084	0.0030	0.0017	0.0001	0.0000	0.0248	0.0174	0.0125	0.0150	0.0044	0.0000	152.25	0.02
1991-12-08	Perennial Ryegrass	0.09	192.01	0.95	0.99	0.81	2.08	5	2	4.57	650.00	0.00	7.20	6.69	0.00	0.00	0.00	0.00	0.00	0.00	0.00	0.00	0.00	0.00	0.00	0.00	0.00	0.00	0.00	0.00	0.00	0.00	0.00	0.00	0.00	0.00	0.00	0.00	6.8	15.0	16.4	26.7	39.5	49.7	154.14	0.000	0.155	0.184	0.269	0.062	0.000	0.9513	1.0000	0.1427	1.0000	1.0000	1.0000	0.40	5.84	6.24	0.05	0.12	0.10	0.06	0.02	0.05	0.40	0.30	0.44	0.59	1.06	3.05	0.0024	0.0074	0.0028	0.0016	0.0001	0.0000	0.0173	0.0171	0.0121	0.0143	0.0043	0.0000	152.33	0.02
1991-12-09	Perennial Ryegrass	0.09	187.54	0.95	0.99	0.82	2.08	5	2	4.52	650.00	0.00	0.88	0.82	0.00	0.00	0.00	0.00	0.00	0.00	0.00	0.00	0.00	0.00	0.00	0.00	0.00	0.00	0.00	0.00	0.00	0.00	0.00	0.00	0.00	0.00	0.00	0.00	5.7	14.7	16.3	26.4	39.5	49.7	152.33	0.000	0.138	0.171	0.252	0.060	0.000	0.9495	1.0000	0.1217	1.0000	1.0000	1.0000	0.35	5.87	6.22	0.02	0.12	0.10	0.06	0.02	0.05	0.39	0.31	0.46	0.59	1.06	3.06	0.0005	0.0065	0.0025	0.0014	0.0001	0.0000	0.0108	0.0168	0.0117	0.0137	0.0043	0.0000	152.24	0.02
1991-12-10	Perennial Ryegrass	0.14	302.74	0.94	0.99	0.84	3.00	5	2	4.42	650.00	0.00	-28.02	0.00	0.00	0.00	0.00	0.00	0.00	0.00	0.00	0.00	0.00	0.00	0.00	0.00	0.00	0.00	0.00	0.00	0.00	0.00	0.00	0.00	0.00	0.00	0.00	0.00	29.7	21.2	18.2	26.2	39.4	49.7	184.40	0.000	0.122	0.158	0.237	0.059	0.000	0.9474	1.0000	0.2172	1.0000	1.0000	1.0000	0.63	5.98	6.61	0.30	0.12	0.10	0.06	0.02	0.05	0.35	0.40	0.51	0.59	1.06	3.07	0.0051	0.0064	0.0024	0.0013	0.0001	0.0000	0.0058	0.0198	0.0125	0.0132	0.0042	0.0000	151.37	0.02
1991-12-11	Perennial Ryegrass	0.14	293.55	0.93	0.99	0.85	3.00	4	3	4.10	650.00	0.00	46.17	30.40	0.00	0.00	0.00	0.00	0.00	0.00	0.00	0.00	0.00	0.00	0.00	0.00	0.00	0.00	0.00	0.00	0.00	0.00	0.00	0.00	0.00	0.00	0.00	0.00	22.7	22.8	20.2	26.6	39.4	49.6	181.39	1.377	0.575	0.292	0.225	0.058	0.000	0.9437	0.7651	0.9756	1.0000	1.0000	1.0000	0.32	5.67	5.99	0.00	0.11	0.10	0.05	0.02	0.04	0.00	0.36	0.56	0.61	1.06	3.07	0.4763	0.0267	0.0039	0.0012	0.0001	0.0000	0.4638	0.0869	0.0222	0.0131	0.0042	0.0000	148.52	0.02
1991-12-12	Perennial Ryegrass	0.17	374.44	0.92	0.99	0.88	3.00	4	3	3.85	650.00	0.00	41.44	28.12	0.00	0.00	0.00	0.00	0.00	0.00	0.00	0.00	0.00	0.00	0.00	0.00	0.00	0.00	0.00	0.00	0.00	0.00	0.00	0.00	0.00	0.00	0.00	0.00	24.0	23.9	21.8	28.2	39.4	49.6	186.90	0.602	0.463	0.295	0.166	0.038	0.000	0.9308	1.0000	1.0000	1.0000	1.0000	1.0000	0.51	5.76	6.27	0.19	0.11	0.10	0.06	0.02	0.04	0.06	0.32	0.57	0.67	1.07	3.08	0.0742	0.0118	0.0020	0.0005	0.0000	0.0000	0.0213	0.0331	0.0117	0.0051	0.0015	0.0000	148.86	0.02
1991-12-13	Perennial Ryegrass	0.21	471.65	0.90	0.99	0.90	3.00	4	3	3.57	650.00	0.00	37.55	26.15	0.00	0.00	0.00	0.00	0.00	0.00	0.00	0.00	0.00	0.00	0.00	0.00	0.00	0.00	0.00	0.00	0.00	0.00	0.00	0.00	0.00	0.00	0.00	0.00	27.3	25.9	23.3	31.1	39.4	49.5	196.54	0.669	0.523	0.372	0.233	0.038	0.000	0.9182	1.0000	1.0000	0.9999	1.0000	1.0000	0.33	5.64	5.97	0.04	0.08	0.09	0.06	0.02	0.04	0.02	0.21	0.53	0.73	1.07	3.08	0.2653	0.0372	0.0072	0.0016	0.0001	0.0000	0.0938	0.0913	0.0402	0.0190	0.0039	0.0000	147.34	0.02
1991-12-14	Perennial Ryegrass	0.21	461.41	0.88	0.99	0.91	3.00	3	4	3.21	650.00	0.00	33.64	24.06	0.00	0.00	0.00	0.00	0.00	0.00	0.00	0.00	0.00	0.00	0.00	0.00	0.00	0.00	0.00	0.00	0.00	0.00	0.00	0.00	0.00	0.00	0.00	0.00	22.0	25.1	23.9	34.1	39.5	49.5	194.14	0.682	0.509	0.365	0.289	0.032	0.000	0.9021	0.5776	1.0000	0.9999	1.0000	1.0000	0.36	5.59	5.94	0.08	0.07	0.09	0.06	0.02	0.04	0.01	0.15	0.48	0.79	1.07	3.09	0.1122	0.0240	0.0052	0.0014	0.0000	0.0000	0.0187	0.0482	0.0269	0.0166	0.0023	0.0000	144.74	0.02
1991-12-15	Perennial Ryegrass	0.20	443.58	0.84	0.99	0.94	3.01	3	4	2.80	650.00	0.00	29.00	21.43	0.00	0.00	0.00	0.00	0.00	0.00	0.00	0.00	0.00	0.00	0.00	0.00	0.00	0.00	0.00	0.00	0.00	0.00	0.00	0.00	0.00	0.00	0.00	0.00	18.1	23.0	23.6	35.2	40.6	49.5	189.96	0.839	0.849	0.692	0.698	0.061	0.000	0.8756	0.6028	0.6955	0.9999	1.0000	1.0000	0.31	5.47	5.78	0.06	0.05	0.08	0.06	0.02	0.04	0.01	0.09	0.41	0.78	1.10	3.09	0.1314	0.0331	0.0103	0.0036	0.0001	0.0000	0.0193	0.0538	0.0492	0.0443	0.0045	0.0000	144.96	0.02
1991-12-16	Perennial Ryegrass	0.19	431.98	0.81	0.99	0.95	3.01	3	4	2.55	650.00	0.00	24.32	18.62	0.00	0.00	0.00	0.00	0.00	0.00	0.00	0.00	0.00	0.00	0.00	0.00	0.00	0.00	0.00	0.00	0.00	0.00	0.00	0.00	0.00	0.00	0.00	0.00	16.6	21.2	22.7	35.5	41.8	49.4	187.26	0.421	0.520	0.497	0.563	0.077	0.000	0.8377	0.4623	1.0000	0.9999	1.0000	1.0000	0.37	5.41	5.77	0.12	0.05	0.08	0.06	0.02	0.04	0.02	0.07	0.35	0.75	1.12	3.09	0.0811	0.0194	0.0088	0.0036	0.0001	0.0000	0.0124	0.0247	0.0384	0.0438	0.0053	0.0000	145.34	0.02
1991-12-17	Perennial Ryegrass	0.19	425.09	0.79	0.99	0.96	3.01	3	4	2.37	650.00	0.00	21.54	16.87	0.00	0.00	0.00	0.00	0.00	0.00	0.00	0.00	0.00	0.00	0.00	0.00	0.00	0.00	0.00	0.00	0.00	0.00	0.00	0.00	0.00	0.00	0.00	0.00	16.2	19.4	21.5	35.1	42.8	49.4	184.37	0.464	0.571	0.611	0.780	0.153	0.000	0.8089	1.0000	1.0000	0.9999	1.0000	0.6692	0.42	5.37	5.79	0.17	0.05	0.07	0.06	0.02	0.04	0.04	0.06	0.31	0.71	1.14	3.09	0.0820	0.0146	0.0077	0.0039	0.0002	0.0000	0.0196	0.0149	0.0313	0.0463	0.0075	0.0000	145.64	0.02
1991-12-18	Perennial Ryegrass	0.22	492.27	0.77	0.99	0.96	3.01	2	5	2.25	650.00	0.00	19.62	15.62	0.00	0.00	0.00	0.00	0.00	0.00	0.00	0.00	0.00	0.00	0.00	0.00	0.00	0.00	0.00	0.00	0.00	0.00	0.00	0.00	0.00	0.00	0.00	0.00	18.0	19.6	20.9	34.7	43.3	49.4	185.87	0.325	0.332	0.395	0.564	0.143	0.000	0.7852	1.0000	1.0000	0.9998	1.0000	0.6877	0.48	5.35	5.83	0.21	0.06	0.07	0.06	0.03	0.04	0.06	0.06	0.29	0.68	1.16	3.10	0.0906	0.0109	0.0059	0.0035	0.0002	0.0000	0.0260	0.0100	0.0222	0.0396	0.0077	0.0000	145.72	0.02
1991-12-19	Perennial Ryegrass	0.21	476.86	0.74	0.99	0.96	0.00	2	5	2.09	650.00	0.00	18.31	14.74	0.00	0.00	0.00	0.00	0.00	0.00	0.00	0.00	0.00	0.00	0.00	0.00	0.00	0.00	0.00	0.00	0.00	0.00	0.00	0.00	0.00	0.00	0.00	0.00	16.3	18.9	20.3	34.1	43.5	49.3	182.41	0.559	0.461	0.483	0.733	0.213	0.000	0.7674	0.3151	0.8631	0.9998	1.0000	1.0000	0.47	5.33	5.79	0.19	0.07	0.08	0.06	0.03	0.04	0.07	0.06	0.28	0.65	1.16	3.10	0.1324	0.0129	0.0056	0.0036	0.0003	0.0000	0.0465	0.0112	0.0201	0.0394	0.0095	0.0000	143.89	0.02
1991-12-20	Perennial Ryegrass	0.20	457.46	0.70	0.99	0.97	0.01	2	5	1.88	650.00	0.00	-27.62	0.00	0.00	0.00	0.00	0.00	0.00	0.00	0.00	0.00	0.00	0.00	0.00	0.00	0.00	0.00	0.00	0.00	0.00	0.00	0.00	0.00	0.00	0.00	0.00	0.00	15.4	18.7	20.1	34.2	43.6	49.3	181.36	0.000	0.000	0.000	0.000	0.000	0.000	0.7413	1.0000	0.0105	0.9998	0.0105	1.0000	0.61	5.42	6.03	0.30	0.09	0.08	0.06	0.03	0.04	0.12	0.08	0.29	0.66	1.17	3.10	0.0000	0.0000	0.0000	0.0000	0.0000	0.0000	0.0000	0.0000	0.0000	0.0000	0.0000	0.0000	143.43	0.02
1991-12-21	Perennial Ryegrass	0.21	458.90	0.66	0.99	0.97	0.02	2	5	1.68	650.00	0.00	-24.30	0.00	0.00	0.00	0.00	0.00	0.00	0.00	0.00	0.00	0.00	0.00	0.00	0.00	0.00	0.00	0.00	0.00	0.00	0.00	0.00	0.00	0.00	0.00	0.00	0.00	15.7	18.6	20.0	34.1	43.6	49.3	181.44	0.004	0.005	0.005	0.008	0.003	0.000	0.7035	1.0000	0.0229	0.9998	0.0229	1.0000	0.65	5.48	6.13	0.33	0.10	0.09	0.06	0.04	0.04	0.17	0.09	0.29	0.65	1.17	3.11	0.0736	0.0092	0.0029	0.0020	0.0001	0.0000	0.0354	0.0081	0.0096	0.0200	0.0041	0.0000	143.10	0.02
1991-12-22	Perennial Ryegrass	0.20	437.18	0.62	0.99	0.97	0.03	2	5	1.49	650.00	0.00	-19.90	0.00	0.00	0.00	0.00	0.00	0.00	0.00	0.00	0.00	0.00	0.00	0.00	0.00	0.00	0.00	0.00	0.00	0.00	0.00	0.00	0.00	0.00	0.00	0.00	0.00	15.0	18.5	20.0	34.0	43.7	49.3	180.47	0.011	0.011	0.011	0.019	0.006	0.000	0.6624	1.0000	0.0378	0.9998	0.0378	1.0000	0.71	5.55	6.25	0.36	0.11	0.09	0.06	0.04	0.04	0.22	0.10	0.30	0.64	1.17	3.11	0.0862	0.0098	0.0030	0.0020	0.0001	0.0000	0.0488	0.0091	0.0097	0.0195	0.0041	0.0000	142.19	0.02
1991-12-23	Perennial Ryegrass	0.19	410.44	0.57	0.99	0.98	0.03	1	5	1.30	650.00	0.00	-17.28	0.00	0.00	0.00	0.00	0.00	0.00	0.00	0.00	0.00	0.00	0.00	0.00	0.00	0.00	0.00	0.00	0.00	0.00	0.00	0.00	0.00	0.00	0.00	0.00	0.00	14.1	18.4	20.0	33.8	43.8	49.2	179.26	0.017	0.019	0.020	0.033	0.011	0.000	0.6194	1.0000	0.0573	0.9999	0.0573	1.0000	0.86	5.76	6.63	0.49	0.13	0.10	0.07	0.04	0.04	0.35	0.14	0.33	0.65	1.18	3.12	0.0165	0.0021	0.0006	0.0004	0.0000	0.0000	0.0114	0.0021	0.0020	0.0037	0.0008	0.0000	141.82	0.02
1991-12-24	Perennial Ryegrass	0.18	387.08	0.52	0.99	0.98	0.04	1	6	1.13	650.00	0.00	-13.85	1.49	0.00	0.00	0.00	0.00	0.00	0.00	0.00	0.00	0.00	0.00	0.00	0.00	0.00	0.00	0.00	0.00	0.00	0.00	0.00	0.00	0.00	0.00	0.00	0.00	13.2	18.3	20.0	33.6	43.8	49.2	178.01	0.023	0.030	0.034	0.055	0.019	0.000	0.5680	1.0000	0.0840	0.9999	0.0840	1.0000	0.91	5.96	6.87	0.52	0.14	0.10	0.07	0.05	0.04	0.48	0.17	0.34	0.65	1.19	3.12	0.0814	0.0114	0.0032	0.0021	0.0002	0.0000	0.0722	0.0136	0.0108	0.0187	0.0042	0.0000	141.58	0.02
1991-12-25	Perennial Ryegrass	0.17	368.00	0.47	0.99	0.98	0.04	1	6	0.97	650.00	0.00	-11.66	3.37	0.00	0.00	0.00	0.00	0.00	0.00	0.00	0.00	0.00	0.00	0.00	0.00	0.00	0.00	0.00	0.00	0.00	0.00	0.00	0.00	0.00	0.00	0.00	0.00	12.4	18.1	19.9	33.4	43.8	49.2	176.84	0.029	0.048	0.054	0.087	0.030	0.000	0.5173	0.9824	0.1198	1.0000	0.1198	1.0000	0.93	6.22	7.15	0.52	0.15	0.10	0.07	0.05	0.04	0.65	0.21	0.37	0.65	1.20	3.13	0.0456	0.0084	0.0024	0.0015	0.0001	0.0000	0.0543	0.0117	0.0084	0.0133	0.0032	0.0000	141.39	0.02
1991-12-26	Perennial Ryegrass	0.16	352.47	0.42	0.99	0.98	0.05	1	6	0.83	650.00	0.00	-10.11	4.64	0.00	0.00	0.00	0.00	0.00	0.00	0.00	0.00	0.00	0.00	0.00	0.00	0.00	0.00	0.00	0.00	0.00	0.00	0.00	0.00	0.00	0.00	0.00	0.00	11.5	18.0	19.9	33.1	43.8	49.1	175.44	0.026	0.054	0.063	0.098	0.035	0.000	0.4652	0.9604	0.1635	1.0000	0.1635	1.0000	0.83	6.44	7.27	0.42	0.15	0.10	0.07	0.05	0.04	0.78	0.26	0.40	0.65	1.22	3.14	0.0537	0.0144	0.0041	0.0025	0.0002	0.0000	0.0954	0.0239	0.0153	0.0222	0.0055	0.0000	141.23	0.02
1991-12-27	Perennial Ryegrass	0.17	365.63	0.36	0.99	0.99	0.05	1	6	0.70	650.00	0.00	-8.20	6.28	0.00	0.00	0.00	0.00	0.00	0.00	0.00	0.00	0.00	0.00	0.00	0.00	0.00	0.00	0.00	0.00	0.00	0.00	0.00	0.00	0.00	0.00	0.00	0.00	11.2	17.8	19.8	32.8	43.8	49.1	174.61	0.028	0.095	0.113	0.172	0.063	0.000	0.4171	0.9635	0.2270	1.0000	0.2270	1.0000	0.78	6.67	7.45	0.37	0.15	0.10	0.07	0.05	0.04	0.89	0.32	0.43	0.65	1.23	3.15	0.0365	0.0141	0.0042	0.0025	0.0003	0.0000	0.0838	0.0286	0.0171	0.0224	0.0060	0.0000	141.09	0.02
1991-12-28	Perennial Ryegrass	0.16	352.51	0.34	0.99	0.99	0.05	1	6	0.64	650.00	0.00	-0.47	13.31	0.00	0.00	0.00	0.00	0.00	0.00	0.00	0.00	0.00	0.00	0.00	0.00	0.00	0.00	0.00	0.00	0.00	0.00	0.00	0.00	0.00	0.00	0.00	0.00	10.7	17.7	19.8	32.5	43.8	49.1	173.55	0.017	0.068	0.082	0.123	0.046	0.000	0.3646	1.0000	0.2905	1.0000	0.2905	1.0000	0.75	6.78	7.53	0.33	0.15	0.10	0.07	0.05	0.04	0.89	0.37	0.46	0.66	1.24	3.16	0.0303	0.0133	0.0039	0.0024	0.0002	0.0000	0.0770	0.0311	0.0172	0.0209	0.0057	0.0000	140.45	0.02
1991-12-29	Perennial Ryegrass	0.16	346.29	0.33	0.99	0.99	0.05	1	6	0.62	650.00	0.00	2.50	15.80	0.00	0.00	0.00	0.00	0.00	0.00	0.00	0.00	0.00	0.00	0.00	0.00	0.00	0.00	0.00	0.00	0.00	0.00	0.00	0.00	0.00	0.00	0.00	0.00	10.3	17.6	19.7	32.3	43.8	49.1	172.66	0.010	0.073	0.089	0.132	0.051	0.000	0.3399	1.0000	0.3500	1.0000	0.3500	1.0000	0.72	6.84	7.55	0.30	0.15	0.10	0.07	0.05	0.04	0.86	0.41	0.49	0.66	1.25	3.16	0.0221	0.0130	0.0039	0.0023	0.0003	0.0000	0.0611	0.0328	0.0176	0.0201	0.0057	0.0000	140.54	0.02
1991-12-30	Perennial Ryegrass	0.16	343.64	0.33	0.99	0.99	0.06	1	6	0.61	650.00	0.00	1.04	14.12	0.00	0.00	0.00	0.00	0.00	0.00	0.00	0.00	0.00	0.00	0.00	0.00	0.00	0.00	0.00	0.00	0.00	0.00	0.00	0.00	0.00	0.00	0.00	0.00	10.1	17.5	19.6	32.1	43.7	49.0	172.02	0.004	0.063	0.077	0.114	0.045	0.000	0.3300	1.0000	0.4020	1.0000	0.4020	1.0000	0.69	6.85	7.54	0.26	0.16	0.11	0.07	0.05	0.04	0.82	0.43	0.51	0.66	1.26	3.17	0.0166	0.0126	0.0038	0.0022	0.0002	0.0000	0.0504	0.0329	0.0173	0.0190	0.0055	0.0000	140.64	0.02
1991-12-31	Perennial Ryegrass	0.27	632.87	0.33	0.99	0.99	0.06	1	6	0.61	650.00	0.00	3.84	16.51	0.00	0.00	0.00	0.00	0.00	0.00	0.00	0.00	0.00	0.00	0.00	0.00	0.00	0.00	0.00	0.00	0.00	0.00	0.00	0.00	0.00	0.00	0.00	0.00	29.5	23.1	21.3	32.8	43.7	49.0	199.46	0.002	0.104	0.130	0.190	0.076	0.000	0.3271	1.0000	0.4600	1.0000	0.4600	0.9829	0.83	6.95	7.78	0.39	0.16	0.11	0.08	0.06	0.04	0.71	0.55	0.56	0.69	1.27	3.18	0.0233	0.0123	0.0039	0.0023	0.0003	0.0000	0.0401	0.0409	0.0193	0.0199	0.0060	0.0000	140.62	0.02
1992-01-01	Perennial Ryegrass	0.25	580.00	0.32	0.99	0.98	0.06	1	6	0.60	650.00	0.00	16.08	27.87	0.00	0.00	0.00	0.00	0.00	0.00	0.00	0.00	0.00	0.00	0.00	0.00	0.00	0.00	0.00	0.00	0.00	0.00	0.00	0.00	0.00	0.00	0.00	0.00	23.3	24.3	22.9	34.5	43.9	49.0	197.89	0.254	0.132	0.096	0.115	0.042	0.000	0.3263	0.8054	0.5416	1.0000	0.5416	1.0000	0.41	6.28	6.69	0.00	0.14	0.11	0.08	0.06	0.04	0.00	0.50	0.59	0.73	1.28	3.18	0.5003	0.0347	0.0051	0.0023	0.0002	0.0000	0.7009	0.1213	0.0269	0.0211	0.0053	0.0000	132.92	0.03
1992-01-02	Perennial Ryegrass	0.25	587.53	0.32	0.99	0.98	0.07	1	6	0.60	650.00	0.00	25.03	35.98	0.00	0.00	0.00	0.00	0.00	0.00	0.00	0.00	0.00	0.00	0.00	0.00	0.00	0.00	0.00	0.00	0.00	0.00	0.00	0.00	0.00	0.00	0.00	0.00	19.4	23.5	23.4	35.6	44.9	49.0	195.74	0.297	0.253	0.198	0.230	0.075	0.000	0.3217	0.7501	0.6193	1.0000	0.6193	1.0000	0.51	6.21	6.73	0.12	0.11	0.10	0.08	0.06	0.04	0.03	0.36	0.57	0.75	1.31	3.19	0.1638	0.0375	0.0069	0.0028	0.0003	0.0000	0.0370	0.1119	0.0362	0.0270	0.0061	0.0000	132.95	0.03
1992-01-03	Perennial Ryegrass	0.25	580.15	0.33	0.99	0.98	0.07	1	6	0.61	650.00	0.00	18.09	29.07	0.00	0.00	0.00	0.00	0.00	0.00	0.00	0.00	0.00	0.00	0.00	0.00	0.00	0.00	0.00	0.00	0.00	0.00	0.00	0.00	0.00	0.00	0.00	0.00	18.2	22.4	23.3	36.3	46.3	49.0	195.45	0.178	0.198	0.179	0.214	0.074	0.000	0.3241	0.7126	0.6851	1.0000	0.6851	0.9297	0.61	6.22	6.83	0.22	0.11	0.10	0.08	0.06	0.04	0.08	0.29	0.54	0.76	1.35	3.19	0.1137	0.0288	0.0072	0.0031	0.0003	0.0000	0.0383	0.0727	0.0365	0.0295	0.0066	0.0000	133.49	0.03
1992-01-04	Perennial Ryegrass	0.28	664.19	0.34	0.99	0.98	0.07	1	6	0.65	650.00	0.00	23.37	31.60	0.00	0.00	0.00	0.00	0.00	0.00	0.00	0.00	0.00	0.00	0.00	0.00	0.00	0.00	0.00	0.00	0.00	0.00	0.00	0.00	0.00	0.00	0.00	0.00	20.0	22.3	23.2	36.6	47.9	49.0	198.84	0.175	0.199	0.197	0.250	0.100	0.000	0.3272	1.0000	0.7327	1.0000	0.7327	0.7737	0.71	6.27	6.98	0.32	0.11	0.10	0.08	0.07	0.04	0.14	0.26	0.51	0.77	1.39	3.20	0.1234	0.0230	0.0069	0.0032	0.0004	0.0000	0.0524	0.0503	0.0335	0.0311	0.0079	0.0000	132.99	0.03
1992-01-05	Perennial Ryegrass	0.32	763.22	0.36	0.99	0.98	0.08	1	5	0.69	650.00	0.00	25.74	34.62	0.00	0.00	0.00	0.00	0.00	0.00	0.00	0.00	0.00	0.00	0.00	0.00	0.00	0.00	0.00	0.00	0.00	0.00	0.00	0.00	0.00	0.00	0.00	0.00	21.6	23.0	23.4	37.0	49.6	49.0	203.58	0.146	0.136	0.135	0.177	0.083	0.000	0.3434	0.7649	0.7737	1.0000	0.7737	0.8248	0.73	6.32	7.05	0.33	0.11	0.10	0.08	0.07	0.04	0.18	0.24	0.49	0.77	1.44	3.21	0.1802	0.0223	0.0064	0.0031	0.0004	0.0000	0.0909	0.0444	0.0298	0.0305	0.0085	0.0000	130.51	0.02
1992-01-06	Perennial Ryegrass	0.30	721.84	0.37	0.98	0.97	0.09	1	5	0.72	650.00	0.00	34.36	38.63	0.00	0.00	0.00	0.00	0.00	0.00	0.00	0.00	0.00	0.00	0.00	0.00	0.00	0.00	0.00	0.00	0.00	0.00	0.00	0.00	0.00	0.00	0.00	0.00	18.3	22.1	23.1	36.9	51.2	49.0	200.73	0.422	0.362	0.341	0.450	0.240	0.000	0.3601	0.7298	0.8115	1.0000	0.8115	0.6047	0.70	6.31	7.00	0.30	0.11	0.10	0.08	0.07	0.04	0.18	0.22	0.46	0.75	1.48	3.22	0.2330	0.0259	0.0071	0.0036	0.0007	0.0000	0.1303	0.0479	0.0319	0.0345	0.0132	0.0000	127.67	0.02
1992-01-07	Perennial Ryegrass	0.29	683.57	0.38	0.98	0.97	0.10	1	5	0.74	650.00	0.00	26.17	31.37	0.00	0.00	0.00	0.00	0.00	0.00	0.00	0.00	0.00	0.00	0.00	0.00	0.00	0.00	0.00	0.00	0.00	0.00	0.00	0.00	0.00	0.00	0.00	0.00	16.8	20.9	22.5	36.7	52.6	49.1	198.50	0.244	0.267	0.267	0.362	0.221	0.000	0.3714	0.6348	0.8411	1.0000	0.8411	0.6280	0.77	6.34	7.11	0.37	0.12	0.10	0.07	0.07	0.04	0.22	0.21	0.44	0.74	1.51	3.22	0.1371	0.0219	0.0065	0.0034	0.0007	0.0000	0.0792	0.0370	0.0274	0.0321	0.0140	0.0000	127.89	0.02
1992-01-08	Perennial Ryegrass	0.33	810.78	0.40	0.99	0.98	0.10	1	5	0.78	650.00	0.00	25.57	28.79	0.00	0.00	0.00	0.00	0.00	0.00	0.00	0.00	0.00	0.00	0.00	0.00	0.00	0.00	0.00	0.00	0.00	0.00	0.00	0.00	0.00	0.00	0.00	0.00	21.5	22.0	22.5	36.5	53.8	49.3	205.49	0.236	0.275	0.297	0.426	0.293	0.000	0.3818	1.0000	0.8655	1.0000	0.8655	0.5035	0.82	6.38	7.20	0.41	0.12	0.10	0.07	0.08	0.04	0.24	0.22	0.42	0.73	1.54	3.24	0.1091	0.0175	0.0059	0.0034	0.0008	0.0000	0.0622	0.0297	0.0240	0.0315	0.0167	0.0000	128.30	0.02
1992-01-09	Perennial Ryegrass	0.40	1020.72	0.42	0.98	0.97	0.11	1	5	0.83	650.00	0.00	30.84	34.80	0.00	0.00	0.00	0.00	0.00	0.00	0.00	0.00	0.00	0.00	0.00	0.00	0.00	0.00	0.00	0.00	0.00	0.00	0.00	0.00	0.00	0.00	0.00	0.00	33.5	27.4	24.7	37.4	54.8	50.1	227.87	0.313	0.244	0.231	0.327	0.245	0.000	0.3957	1.0000	0.8846	0.9999	0.8846	0.5901	0.70	6.35	7.05	0.30	0.12	0.10	0.07	0.08	0.04	0.18	0.22	0.41	0.72	1.55	3.27	0.2105	0.0205	0.0056	0.0031	0.0008	0.0000	0.1153	0.0369	0.0224	0.0293	0.0166	0.0000	124.52	0.02
1992-01-10	Perennial Ryegrass	0.41	1050.34	0.45	0.98	0.96	0.12	1	4	0.92	650.00	0.00	43.40	49.42	0.00	0.00	0.00	0.00	0.00	0.00	0.00	0.00	0.00	0.00	0.00	0.00	0.00	0.00	0.00	0.00	0.00	0.00	0.00	0.00	0.00	0.00	0.00	0.00	28.4	28.7	26.6	38.8	56.0	51.7	230.16	0.320	0.197	0.146	0.174	0.131	0.000	0.4161	1.0000	0.9034	0.9999	0.9034	0.8624	0.37	6.14	6.51	0.00	0.09	0.10	0.07	0.08	0.04	0.00	0.16	0.38	0.72	1.56	3.32	0.4275	0.0452	0.0076	0.0031	0.0008	0.0000	0.2240	0.0775	0.0288	0.0288	0.0151	0.0000	118.95	0.02
1992-01-11	Perennial Ryegrass	0.41	1056.31	0.46	0.97	0.95	0.13	1	4	0.95	650.00	0.00	32.84	35.34	0.00	0.00	0.00	0.00	0.00	0.00	0.00	0.00	0.00	0.00	0.00	0.00	0.00	0.00	0.00	0.00	0.00	0.00	0.00	0.00	0.00	0.00	0.00	0.00	22.3	27.1	27.1	39.6	57.0	54.1	227.28	0.488	0.416	0.336	0.370	0.273	0.000	0.4491	0.5055	0.9188	0.9999	0.9188	0.5403	0.38	6.07	6.45	0.03	0.06	0.09	0.07	0.08	0.04	0.01	0.09	0.33	0.69	1.55	3.39	0.2227	0.0441	0.0102	0.0037	0.0010	0.0000	0.0445	0.0594	0.0356	0.0335	0.0188	0.0000	117.09	0.02
1992-01-12	Perennial Ryegrass	0.40	1028.05	0.47	0.98	0.95	0.13	1	4	0.98	650.00	0.00	27.55	29.32	0.00	0.00	0.00	0.00	0.00	0.00	0.00	0.00	0.00	0.00	0.00	0.00	0.00	0.00	0.00	0.00	0.00	0.00	0.00	0.00	0.00	0.00	0.00	0.00	18.9	24.7	26.2	39.8	57.6	56.9	224.12	0.429	0.490	0.454	0.511	0.377	0.000	0.4599	0.5986	0.9328	0.9999	0.9328	0.4543	0.49	6.05	6.54	0.15	0.06	0.09	0.07	0.08	0.04	0.03	0.07	0.28	0.66	1.53	3.47	0.1246	0.0304	0.0105	0.0040	0.0011	0.0000	0.0262	0.0314	0.0330	0.0355	0.0216	0.0000	117.38	0.02
1992-01-13	Perennial Ryegrass	0.38	953.70	0.48	0.98	0.95	0.14	1	4	1.00	650.00	0.00	27.50	28.15	0.00	0.00	0.00	0.00	0.00	0.00	0.00	0.00	0.00	0.00	0.00	0.00	0.00	0.00	0.00	0.00	0.00	0.00	0.00	0.00	0.00	0.00	0.00	0.00	16.5	22.2	24.6	38.9	57.6	59.1	218.91	0.517	0.679	0.713	0.862	0.654	0.000	0.4692	0.5963	0.9444	1.0000	0.9444	0.3781	0.61	6.03	6.64	0.26	0.07	0.08	0.07	0.08	0.04	0.09	0.07	0.25	0.61	1.50	3.51	0.1050	0.0225	0.0097	0.0044	0.0014	0.0000	0.0350	0.0194	0.0275	0.0375	0.0278	0.0000	118.00	0.02
1992-01-14	Perennial Ryegrass	0.36	883.44	0.49	0.98	0.95	0.14	1	4	1.03	650.00	0.00	25.44	27.46	0.00	0.00	0.00	0.00	0.00	0.00	0.00	0.00	0.00	0.00	0.00	0.00	0.00	0.00	0.00	0.00	0.00	0.00	0.00	0.00	0.00	0.00	0.00	0.00	15.7	20.0	23.0	37.8	57.2	60.2	213.85	0.324	0.454	0.523	0.696	0.556	0.000	0.4771	0.4676	0.9548	1.0000	0.9548	0.4684	0.76	6.06	6.82	0.39	0.09	0.09	0.07	0.07	0.05	0.20	0.08	0.23	0.58	1.47	3.50	0.0958	0.0170	0.0074	0.0039	0.0013	0.0000	0.0460	0.0140	0.0194	0.0316	0.0249	0.0000	118.58	0.02
1992-01-15	Perennial Ryegrass	0.34	823.07	0.49	0.98	0.95	0.14	1	4	1.05	650.00	0.00	27.00	28.06	0.00	0.00	0.00	0.00	0.00	0.00	0.00	0.00	0.00	0.00	0.00	0.00	0.00	0.00	0.00	0.00	0.00	0.00	0.00	0.00	0.00	0.00	0.00	0.00	14.7	18.9	21.5	36.6	56.4	60.5	208.57	0.324	0.399	0.515	0.755	0.631	0.000	0.4850	0.5560	0.9630	1.0000	0.9630	0.4200	0.91	6.17	7.07	0.51	0.11	0.09	0.07	0.07	0.05	0.36	0.11	0.24	0.56	1.44	3.46	0.1050	0.0136	0.0061	0.0037	0.0013	0.0000	0.0696	0.0125	0.0157	0.0290	0.0257	0.0000	119.18	0.02
1992-01-16	Perennial Ryegrass	0.32	774.08	0.50	0.98	0.95	0.15	1	4	1.08	650.00	0.00	28.32	28.46	0.00	0.00	0.00	0.00	0.00	0.00	0.00	0.00	0.00	0.00	0.00	0.00	0.00	0.00	0.00	0.00	0.00	0.00	0.00	0.00	0.00	0.00	0.00	0.00	13.7	18.4	20.2	35.3	55.4	60.4	203.30	0.326	0.411	0.525	0.844	0.738	0.000	0.4943	0.6203	0.9695	1.0000	0.9695	0.3732	1.03	6.33	7.37	0.62	0.13	0.09	0.07	0.07	0.05	0.56	0.15	0.25	0.55	1.41	3.42	0.1041	0.0128	0.0053	0.0036	0.0014	0.0000	0.0891	0.0141	0.0139	0.0274	0.0275	0.0000	119.79	0.02
1992-01-17	Perennial Ryegrass	0.31	736.55	0.51	0.98	0.95	0.15	1	4	1.11	650.00	0.00	26.91	27.54	0.00	0.00	0.00	0.00	0.00	0.00	0.00	0.00	0.00	0.00	0.00	0.00	0.00	0.00	0.00	0.00	0.00	0.00	0.00	0.00	0.00	0.00	0.00	0.00	12.7	17.9	19.6	34.2	54.3	59.8	198.56	0.261	0.377	0.435	0.765	0.695	0.000	0.5040	0.5100	0.9746	1.0000	0.9746	0.4054	1.09	6.53	7.61	0.66	0.14	0.10	0.07	0.07	0.05	0.75	0.19	0.27	0.54	1.40	3.37	0.0886	0.0125	0.0045	0.0032	0.0014	0.0000	0.0969	0.0162	0.0122	0.0244	0.0257	0.0000	120.39	0.02
1992-01-18	Perennial Ryegrass	0.30	705.30	0.52	0.98	0.95	0.16	1	4	1.14	650.00	0.00	24.42	25.86	0.00	0.00	0.00	0.00	0.00	0.00	0.00	0.00	0.00	0.00	0.00	0.00	0.00	0.00	0.00	0.00	0.00	0.00	0.00	0.00	0.00	0.00	0.00	0.00	11.7	17.5	19.3	33.6	53.2	59.2	194.51	0.187	0.345	0.390	0.704	0.653	0.000	0.5132	0.4221	0.9788	1.0000	0.9788	0.4497	1.03	6.71	7.75	0.59	0.15	0.10	0.07	0.07	0.05	0.91	0.23	0.30	0.55	1.38	3.34	0.0615	0.0119	0.0041	0.0030	0.0013	0.0000	0.0905	0.0177	0.0119	0.0226	0.0241	0.0000	120.93	0.02
1992-01-19	Perennial Ryegrass	0.29	672.53	0.53	0.98	0.95	0.16	1	4	1.17	650.00	0.00	21.95	24.46	0.00	0.00	0.00	0.00	0.00	0.00	0.00	0.00	0.00	0.00	0.00	0.00	0.00	0.00	0.00	0.00	0.00	0.00	0.00	0.00	0.00	0.00	0.00	0.00	10.6	17.1	19.1	33.1	52.5	58.6	190.87	0.117	0.315	0.373	0.668	0.608	0.000	0.5219	0.3470	0.9807	1.0000	0.9827	0.5142	0.95	6.82	7.77	0.50	0.16	0.10	0.07	0.07	0.05	0.96	0.28	0.33	0.55	1.38	3.32	0.0394	0.0112	0.0040	0.0029	0.0012	0.0000	0.0721	0.0190	0.0124	0.0216	0.0226	0.0000	121.43	0.02
1992-01-20	Perennial Ryegrass	0.28	645.13	0.54	0.98	0.95	0.17	1	4	1.19	650.00	0.00	18.76	23.63	0.00	0.00	0.00	0.00	0.00	0.00	0.00	0.00	0.00	0.00	0.00	0.00	0.00	0.00	0.00	0.00	0.00	0.00	0.00	0.00	0.00	0.00	0.00	0.00	9.6	16.8	18.8	32.5	51.8	58.2	187.68	0.042	0.289	0.354	0.633	0.579	0.000	0.5297	0.3349	0.8138	1.0000	0.9864	0.6753	0.90	6.86	7.76	0.44	0.16	0.10	0.07	0.07	0.05	0.91	0.33	0.36	0.56	1.39	3.31	0.0243	0.0105	0.0038	0.0027	0.0012	0.0000	0.0484	0.0206	0.0129	0.0208	0.0217	0.0000	121.90	0.02
1992-01-21	Perennial Ryegrass	0.27	625.11	0.55	0.98	0.95	0.17	1	4	1.22	650.00	0.00	16.77	23.60	0.00	0.00	0.00	0.00	0.00	0.00	0.00	0.00	0.00	0.00	0.00	0.00	0.00	0.00	0.00	0.00	0.00	0.00	0.00	0.00	0.00	0.00	0.00	0.00	8.6	16.5	18.5	32.0	51.2	58.0	184.72	0.000	0.265	0.335	0.600	0.552	0.000	0.5375	0.3163	0.7216	1.0000	0.9896	0.8253	0.85	6.95	7.80	0.39	0.16	0.10	0.07	0.07	0.05	0.87	0.39	0.40	0.58	1.40	3.32	0.0179	0.0097	0.0036	0.0025	0.0011	0.0000	0.0386	0.0224	0.0134	0.0202	0.0210	0.0000	122.37	0.02
1992-01-22	Perennial Ryegrass	0.32	758.82	0.55	0.98	0.96	0.17	1	4	1.24	650.00	0.00	18.75	15.31	0.00	0.00	0.00	0.00	0.00	0.00	0.00	0.00	0.00	0.00	0.00	0.00	0.00	0.00	0.00	0.00	0.00	0.00	0.00	0.00	0.00	0.00	0.00	0.00	20.8	19.1	18.7	31.5	50.6	57.8	198.45	0.000	0.242	0.317	0.568	0.527	0.000	0.5454	0.5050	0.4850	1.0000	0.9921	0.8268	1.10	7.50	8.60	0.65	0.16	0.10	0.07	0.07	0.05	1.14	0.57	0.45	0.60	1.41	3.33	0.0212	0.0086	0.0033	0.0024	0.0010	0.0000	0.0354	0.0299	0.0145	0.0199	0.0204	0.0000	122.31	0.02
1992-01-23	Perennial Ryegrass	0.29	693.29	0.57	0.97	0.94	0.17	1	4	1.31	650.00	0.00	54.66	54.41	0.00	0.00	0.00	0.00	0.00	0.00	0.00	0.00	0.00	0.00	0.00	0.00	0.00	0.00	0.00	0.00	0.00	0.00	0.00	0.00	0.00	0.00	0.00	0.00	17.8	19.5	19.1	31.1	50.1	57.7	195.19	0.754	0.429	0.326	0.539	0.504	0.000	0.5506	0.5389	0.9941	1.0000	0.9941	0.8483	1.00	7.67	8.67	0.58	0.15	0.10	0.07	0.07	0.04	1.06	0.68	0.53	0.63	1.43	3.34	0.3029	0.0146	0.0033	0.0022	0.0010	0.0000	0.5271	0.0653	0.0174	0.0198	0.0200	0.0000	119.01	0.02
1992-01-24	Perennial Ryegrass	0.35	860.80	0.60	0.98	0.94	0.18	2	4	1.40	650.00	0.00	34.24	36.06	0.00	0.00	0.00	0.00	0.00	0.00	0.00	0.00	0.00	0.00	0.00	0.00	0.00	0.00	0.00	0.00	0.00	0.00	0.00	0.00	0.00	0.00	0.00	0.00	33.8	26.0	22.1	32.6	49.9	57.5	221.97	0.231	0.194	0.153	0.218	0.205	0.000	0.5730	1.0000	0.9950	1.0000	0.9950	0.7267	1.10	7.77	8.88	0.68	0.15	0.09	0.07	0.07	0.04	0.82	0.80	0.66	0.70	1.45	3.35	0.1841	0.0144	0.0026	0.0016	0.0006	0.0000	0.2096	0.0732	0.0179	0.0156	0.0118	0.0000	118.61	0.02
1992-01-25	Perennial Ryegrass	0.33	789.08	0.62	0.97	0.92	0.18	2	4	1.51	650.00	0.00	103.31	92.02	0.00	0.00	0.00	0.00	0.00	0.00	0.00	0.00	0.00	0.00	0.00	0.00	0.00	0.00	0.00	0.00	0.00	0.00	0.00	0.00	0.00	0.00	0.00	0.00	25.0	26.6	24.2	34.8	50.2	57.4	218.22	1.101	0.603	0.376	0.403	0.314	0.000	0.5958	0.6086	0.9961	1.0000	0.9961	0.8893	0.39	7.00	7.39	0.00	0.12	0.09	0.07	0.07	0.04	0.00	0.64	0.74	0.78	1.49	3.36	0.8085	0.0436	0.0049	0.0021	0.0007	0.0000	1.0304	0.2197	0.0386	0.0233	0.0147	0.0000	116.25	0.02
1992-01-26	Perennial Ryegrass	0.33	794.09	0.64	0.97	0.92	0.19	2	4	1.56	650.00	0.00	44.78	39.93	0.00	0.00	0.00	0.00	0.00	0.00	0.00	0.00	0.00	0.00	0.00	0.00	0.00	0.00	0.00	0.00	0.00	0.00	0.00	0.00	0.00	0.00	0.00	0.00	20.2	24.8	24.6	36.2	51.4	57.3	214.35	0.821	0.746	0.558	0.577	0.380	0.000	0.6241	0.6912	0.9967	1.0000	0.9967	0.4054	0.53	6.94	7.47	0.17	0.09	0.09	0.07	0.07	0.05	0.07	0.42	0.71	0.84	1.53	3.36	0.2193	0.0406	0.0070	0.0027	0.0008	0.0000	0.0852	0.1716	0.0551	0.0327	0.0174	0.0000	116.29	0.02
1992-01-27	Perennial Ryegrass	0.31	738.11	0.65	0.97	0.92	0.19	2	4	1.60	650.00	0.00	37.49	33.70	0.00	0.00	0.00	0.00	0.00	0.00	0.00	0.00	0.00	0.00	0.00	0.00	0.00	0.00	0.00	0.00	0.00	0.00	0.00	0.00	0.00	0.00	0.00	0.00	17.1	22.4	23.7	36.4	52.8	57.2	209.65	0.714	0.823	0.739	0.819	0.536	0.000	0.6369	0.5156	0.9973	1.0000	0.9973	0.3789	0.66	6.91	7.57	0.30	0.09	0.08	0.07	0.07	0.05	0.15	0.32	0.64	0.86	1.58	3.37	0.1417	0.0277	0.0077	0.0033	0.0010	0.0000	0.0658	0.0942	0.0569	0.0412	0.0233	0.0000	117.14	0.02
1992-01-28	Perennial Ryegrass	0.29	687.58	0.65	0.97	0.92	0.20	2	4	1.64	650.00	0.00	32.46	30.23	0.00	0.00	0.00	0.00	0.00	0.00	0.00	0.00	0.00	0.00	0.00	0.00	0.00	0.00	0.00	0.00	0.00	0.00	0.00	0.00	0.00	0.00	0.00	0.00	16.1	19.9	22.4	36.0	53.6	57.3	205.35	0.500	0.658	0.678	0.837	0.592	0.000	0.6456	0.4297	0.9977	1.0000	0.9977	0.4307	0.79	6.95	7.74	0.42	0.10	0.08	0.07	0.07	0.05	0.25	0.28	0.59	0.85	1.60	3.38	0.1106	0.0190	0.0068	0.0034	0.0011	0.0000	0.0625	0.0519	0.0457	0.0419	0.0258	0.0000	117.85	0.02
1992-01-29	Perennial Ryegrass	0.28	657.73	0.66	0.97	0.92	0.20	2	4	1.67	650.00	0.00	31.69	28.30	0.00	0.00	0.00	0.00	0.00	0.00	0.00	0.00	0.00	0.00	0.00	0.00	0.00	0.00	0.00	0.00	0.00	0.00	0.00	0.00	0.00	0.00	0.00	0.00	15.0	18.8	21.1	35.3	53.8	57.6	201.63	0.408	0.464	0.563	0.781	0.601	0.000	0.6536	0.5614	0.9981	1.0000	0.9981	0.3297	0.92	7.06	7.99	0.54	0.11	0.09	0.07	0.07	0.05	0.39	0.28	0.56	0.83	1.61	3.40	0.1137	0.0131	0.0056	0.0032	0.0012	0.0000	0.0774	0.0313	0.0347	0.0391	0.0264	0.0000	118.50	0.02
1992-01-30	Perennial Ryegrass	0.27	625.05	0.67	0.97	0.92	0.21	2	4	1.71	650.00	0.00	30.16	28.30	0.00	0.00	0.00	0.00	0.00	0.00	0.00	0.00	0.00	0.00	0.00	0.00	0.00	0.00	0.00	0.00	0.00	0.00	0.00	0.00	0.00	0.00	0.00	0.00	14.0	18.3	20.0	34.5	53.6	57.7	198.02	0.351	0.403	0.492	0.764	0.629	0.000	0.6613	0.4124	0.9984	1.0000	0.9984	0.4391	1.03	7.22	8.25	0.64	0.12	0.09	0.07	0.07	0.05	0.54	0.29	0.54	0.81	1.61	3.42	0.1088	0.0115	0.0047	0.0031	0.0012	0.0000	0.0889	0.0266	0.0279	0.0366	0.0274	0.0000	119.15	0.02
1992-01-31	Perennial Ryegrass	0.28	655.86	0.68	0.97	0.92	0.21	2	4	1.74	650.00	0.00	28.50	28.38	0.00	0.00	0.00	0.00	0.00	0.00	0.00	0.00	0.00	0.00	0.00	0.00	0.00	0.00	0.00	0.00	0.00	0.00	0.00	0.00	0.00	0.00	0.00	0.00	17.5	18.9	19.7	33.8	53.1	57.6	200.56	0.277	0.371	0.421	0.718	0.622	0.000	0.6687	0.3774	0.9327	1.0000	0.9987	0.5658	1.11	7.44	8.56	0.71	0.13	0.09	0.07	0.07	0.05	0.71	0.34	0.55	0.80	1.61	3.43	0.0947	0.0112	0.0041	0.0029	0.0012	0.0000	0.0913	0.0281	0.0237	0.0338	0.0271	0.0000	119.67	0.02
1992-02-01	Perennial Ryegrass	0.26	597.44	0.69	0.97	0.91	0.22	2	3	1.80	650.00	0.00	39.91	36.82	0.00	0.00	0.00	0.00	0.00	0.00	0.00	0.00	0.00	0.00	0.00	0.00	0.00	0.00	0.00	0.00	0.00	0.00	0.00	0.00	0.00	0.00	0.00	0.00	16.2	18.5	19.5	33.2	52.3	57.5	197.21	0.524	0.413	0.398	0.679	0.602	0.000	0.6764	0.5712	0.9989	1.0000	0.9989	0.5612	1.08	7.57	8.65	0.67	0.14	0.09	0.07	0.07	0.05	0.80	0.36	0.57	0.80	1.60	3.43	0.1860	0.0131	0.0039	0.0027	0.0012	0.0000	0.2136	0.0340	0.0229	0.0316	0.0262	0.0000	118.49	0.02
1992-02-02	Perennial Ryegrass	0.24	547.50	0.70	0.97	0.91	0.22	2	3	1.84	650.00	0.00	36.58	35.20	0.00	0.00	0.00	0.00	0.00	0.00	0.00	0.00	0.00	0.00	0.00	0.00	0.00	0.00	0.00	0.00	0.00	0.00	0.00	0.00	0.00	0.00	0.00	0.00	15.0	18.0	19.2	32.6	51.6	57.4	193.83	0.436	0.385	0.383	0.642	0.572	0.000	0.6878	0.3994	0.9513	1.0000	0.9991	0.6542	1.11	7.74	8.85	0.69	0.14	0.10	0.07	0.07	0.05	0.94	0.39	0.58	0.80	1.60	3.44	0.1493	0.0125	0.0038	0.0026	0.0011	0.0000	0.1941	0.0332	0.0227	0.0299	0.0251	0.0000	118.90	0.02
1992-02-03	Perennial Ryegrass	0.22	504.13	0.71	0.97	0.91	0.22	2	3	1.89	650.00	0.00	34.86	33.54	0.00	0.00	0.00	0.00	0.00	0.00	0.00	0.00	0.00	0.00	0.00	0.00	0.00	0.00	0.00	0.00	0.00	0.00	0.00	0.00	0.00	0.00	0.00	0.00	14.1	17.5	18.9	32.1	51.0	57.3	190.89	0.350	0.349	0.363	0.608	0.544	0.000	0.6969	0.5352	0.9013	1.0000	0.9993	0.6405	1.17	8.00	9.16	0.74	0.14	0.10	0.07	0.07	0.05	1.14	0.42	0.60	0.80	1.60	3.45	0.1245	0.0114	0.0037	0.0025	0.0011	0.0000	0.1827	0.0322	0.0222	0.0284	0.0241	0.0000	119.71	0.02
